0,1,2,3,4,5,6,7,8,9,10,11,12,13,14,15,16,17,18,Exited
1.7638272715837735,-0.0878969399084596,1.03290776479748,-1.2258476714090278,0.8077365626180215,-1.5477679860172513,0.9702425509371356,0.4547425433821506,-0.721130416342303,1.626661667201546,-1.002803930999114,-0.5787359118286177,1.7427397119690018,1.0959875190286648,-1.0959875190286648,-0.5784279906300535,-0.5776581893550843,1.7343632929879855,-0.5767344287272242,1
-1.5574877316448743,-0.8507256655188732,-1.0417596792253108,0.7854846082840531,0.8077365626180215,0.646091668153197,0.9702425509371356,-0.5439761094724411,-0.009816137054176,-1.4630158779348093,-1.002803930999114,1.7279038324066065,-0.5738091541336192,-0.9124191495230388,0.9124191495230392,-0.5784279906300535,-0.5776581893550843,-0.5765804684883443,1.733900301750437,0
-1.3919393202689916,-0.3739577120123647,1.7244635794717436,-0.3063786885311926,-0.9115834940401768,0.646091668153197,0.9702425509371356,0.0279881204747189,1.412812421522078,0.7280878252779356,0.9972039090469852,-0.5787359118286177,-0.5738091541336192,-0.9124191495230388,0.9124191495230392,-0.5784279906300535,-0.5776581893550843,1.7343632929879855,-0.5767344287272242,0
-1.4022860959799843,-0.9460792562201747,-0.3502038645510472,1.1944469018029606,0.8077365626180215,0.646091668153197,-1.0306701134001208,-1.5705618532871184,-1.43244469563043,1.454029254221148,-1.002803930999114,-0.5787359118286177,1.7427397119690018,-0.9124191495230388,0.9124191495230392,-0.5784279906300535,-0.5776581893550843,1.7343632929879855,-0.5767344287272242,0
0.0876496064029606,0.9609925578058588,-1.3875375865624426,-1.2258476714090278,-0.9115834940401768,0.646091668153197,-1.0306701134001208,0.2809972121928316,0.7014981422339509,-1.7153247892138526,0.9972039090469852,-0.5787359118286177,-0.5738091541336192,1.0959875190286648,-1.0959875190286648,-0.5784279906300535,-0.5776581893550843,1.7343632929879855,-0.5767344287272242,1
-0.5538504876785851,0.3888710135980487,-1.0417596792253108,0.1390571376314684,-0.9115834940401768,-1.5477679860172513,0.9702425509371356,-1.6517144070792855,-1.43244469563043,-0.4405008164355283,-1.002803930999114,-0.5787359118286177,1.7427397119690018,-0.9124191495230388,0.9124191495230392,-0.5784279906300535,-0.5776581893550843,-0.5765804684883443,1.733900301750437,1
1.567238533074913,1.1516997392084622,0.6871298574603482,-1.2258476714090278,-0.9115834940401768,-1.5477679860172513,0.9702425509371356,-1.030027894447327,-0.009816137054176,-0.0731036298362196,-1.002803930999114,-0.5787359118286177,1.7427397119690018,-0.9124191495230388,0.9124191495230392,-0.5784279906300535,-0.5776581893550843,-0.5765804684883443,1.733900301750437,0
0.2738915692008288,-1.23214002832408,-0.695981771888179,0.415260798428442,-0.9115834940401768,0.646091668153197,-1.0306701134001208,0.3352382006170914,-0.009816137054176,0.6528377991069928,-1.002803930999114,1.7279038324066065,-0.5738091541336192,1.0959875190286648,-1.0959875190286648,-0.5784279906300535,1.731127539482183,-0.5765804684883443,-0.5767344287272242,0
-2.1369071714604644,0.5795781950006521,0.3413519501232164,-1.2258476714090278,-0.9115834940401768,0.646091668153197,-1.0306701134001208,0.520272123324702,0.7014981422339509,0.276587668252279,0.9972039090469852,-0.5787359118286177,-0.5738091541336192,-0.9124191495230388,0.9124191495230392,-0.5784279906300535,1.731127539482183,-0.5765804684883443,-0.5767344287272242,1
-1.2056973574711236,-1.1367864376227783,1.378685672134612,-1.2258476714090278,0.8077365626180215,0.646091668153197,-1.0306701134001208,1.0651439422959716,-0.721130416342303,1.4097645329441229,0.9972039090469852,-0.5787359118286177,-0.5738091541336192,-0.9124191495230388,0.9124191495230392,-0.5784279906300535,-0.5776581893550843,1.7343632929879855,-0.5767344287272242,0
-0.905640861852336,-0.4693113027136664,0.3413519501232164,1.01490786302121,-0.9115834940401768,0.646091668153197,0.9702425509371356,0.9099238091843764,1.412812421522078,-1.560398264744265,0.9972039090469852,-0.5787359118286177,-0.5738091541336192,1.0959875190286648,-1.0959875190286648,1.7288236672481017,-0.5776581893550843,-0.5765804684883443,-0.5767344287272242,0
-0.2744875434817829,-0.278604121311063,-1.7333154938995745,-1.2258476714090278,0.8077365626180215,0.646091668153197,-1.0306701134001208,0.2002458226483721,-0.009816137054176,-1.1221775241017156,-1.002803930999114,-0.5787359118286177,1.7427397119690018,1.0959875190286648,-1.0959875190286648,-0.5784279906300535,1.731127539482183,-0.5765804684883443,-0.5767344287272242,0
0.7912303547504624,-0.3739577120123647,-0.0044259572139154,0.959680369253707,-0.9115834940401768,-1.5477679860172513,-1.0306701134001208,0.7418925036472807,-1.43244469563043,-0.2545889870720227,0.9972039090469852,-0.5787359118286177,-0.5738091541336192,-0.9124191495230388,0.9124191495230392,-0.5784279906300535,-0.5776581893550843,1.7343632929879855,-0.5767344287272242,0
-1.1746570303381456,-0.8507256655188732,-1.3875375865624426,0.4271590034800163,-0.9115834940401768,0.646091668153197,0.9702425509371356,-0.0614669856239326,0.7014981422339509,-0.480339065584851,-1.002803930999114,-0.5787359118286177,1.7427397119690018,-0.9124191495230388,0.9124191495230392,-0.5784279906300535,-0.5776581893550843,-0.5765804684883443,1.733900301750437,0
1.308569140300096,0.3888710135980487,-1.3875375865624426,-1.2258476714090278,0.8077365626180215,0.646091668153197,-1.0306701134001208,-1.3616340524048047,-0.721130416342303,1.6709263884785712,0.9972039090469852,-0.5787359118286177,-0.5738091541336192,-0.9124191495230388,0.9124191495230392,-0.5784279906300535,1.731127539482183,-0.5765804684883443,-0.5767344287272242,0
-0.1089391321059001,1.0563461485071606,1.378685672134612,0.6583798587432982,0.8077365626180215,-1.5477679860172513,-1.0306701134001208,-0.3048373542165809,0.7014981422339509,-0.635265590054439,0.9972039090469852,-0.5787359118286177,-0.5738091541336192,1.0959875190286648,-1.0959875190286648,-0.5784279906300535,1.731127539482183,-0.5765804684883443,-0.5767344287272242,0
1.3913433459880375,1.533114102013669,-0.0044259572139154,-1.2258476714090278,0.8077365626180215,0.646091668153197,0.9702425509371356,-1.618595837887394,-0.721130416342303,-1.520560015594942,0.9972039090469852,-0.5787359118286177,-0.5738091541336192,-0.9124191495230388,0.9124191495230392,1.7288236672481017,-0.5776581893550843,-0.5765804684883443,-0.5767344287272242,0
-0.0675520292619294,0.4842246042993504,1.03290776479748,0.4733901605203045,0.8077365626180215,-1.5477679860172513,-1.0306701134001208,0.8457519624217571,-1.43244469563043,1.4496027820934454,-1.002803930999114,1.7279038324066065,-0.5738091541336192,1.0959875190286648,-1.0959875190286648,1.7288236672481017,-0.5776581893550843,-0.5765804684883443,-0.5767344287272242,0
0.2945851206228141,0.4842246042993504,-0.695981771888179,0.6772551450808741,0.8077365626180215,0.646091668153197,-1.0306701134001208,-1.713187480922778,-1.43244469563043,-1.6533541794260174,0.9972039090469852,-0.5787359118286177,-0.5738091541336192,1.0959875190286648,-1.0959875190286648,1.7288236672481017,-0.5776581893550843,-0.5765804684883443,-0.5767344287272242,0
-1.1436167032051676,0.1981638321954454,-0.695981771888179,-1.2258476714090278,0.8077365626180215,0.646091668153197,-1.0306701134001208,0.3653152596847273,-0.721130416342303,0.7723525465549607,0.9972039090469852,-0.5787359118286177,-0.5738091541336192,-0.9124191495230388,0.9124191495230392,-0.5784279906300535,1.731127539482183,-0.5765804684883443,-0.5767344287272242,0
-0.5745440391005705,-1.518200800427985,0.6871298574603482,-1.2258476714090278,0.8077365626180215,0.646091668153197,0.9702425509371356,1.1823778032308094,1.412812421522078,-0.5290302589895787,-1.002803930999114,-0.5787359118286177,1.7427397119690018,-0.9124191495230388,0.9124191495230392,-0.5784279906300535,-0.5776581893550843,1.7343632929879855,-0.5767344287272242,0
-0.2124068892158268,-1.23214002832408,0.6871298574603482,-1.2258476714090278,0.8077365626180215,0.646091668153197,0.9702425509371356,-1.6247169400475865,-0.721130416342303,0.7502201859164481,-1.002803930999114,-0.5787359118286177,1.7427397119690018,-0.9124191495230388,0.9124191495230392,1.7288236672481017,-0.5776581893550843,-0.5765804684883443,-0.5767344287272242,0
-2.4783507699232223,-0.3739577120123647,-1.0417596792253108,-1.2258476714090278,0.8077365626180215,0.646091668153197,0.9702425509371356,-0.1089326976791238,-0.009816137054176,0.1437935044212036,0.9972039090469852,-0.5787359118286177,-0.5738091541336192,1.0959875190286648,-1.0959875190286648,-0.5784279906300535,-0.5776581893550843,1.7343632929879855,-0.5767344287272242,0
-0.8539069832973727,-0.0878969399084596,-0.695981771888179,0.904987219294523,-0.9115834940401768,-1.5477679860172513,0.9702425509371356,0.4242227603549723,-0.721130416342303,0.7812054908103657,0.9972039090469852,-0.5787359118286177,-0.5738091541336192,1.0959875190286648,-1.0959875190286648,1.7288236672481017,-0.5776581893550843,-0.5765804684883443,-0.5767344287272242,0
-1.2574312360260869,2.677357190429289,1.03290776479748,0.4265722510258309,0.8077365626180215,0.646091668153197,0.9702425509371356,0.9374719858703842,1.412812421522078,-0.1527801281348648,0.9972039090469852,-0.5787359118286177,-0.5738091541336192,-0.9124191495230388,0.9124191495230392,-0.5784279906300535,-0.5776581893550843,1.7343632929879855,-0.5767344287272242,1
-1.9920523115065667,-0.3739577120123647,1.378685672134612,1.126619696430491,0.8077365626180215,0.646091668153197,0.9702425509371356,-1.6800184836286602,-0.009816137054176,0.7856319629380683,-1.002803930999114,1.7279038324066065,-0.5738091541336192,-0.9124191495230388,0.9124191495230392,-0.5784279906300535,-0.5776581893550843,1.7343632929879855,-0.5767344287272242,0
-0.1296326835278854,0.3888710135980487,-0.695981771888179,1.111882128778986,-0.9115834940401768,0.646091668153197,0.9702425509371356,0.7420455268540356,-0.009816137054176,-0.1262212953686498,0.9972039090469852,-0.5787359118286177,-0.5738091541336192,1.0959875190286648,-1.0959875190286648,-0.5784279906300535,1.731127539482183,-0.5765804684883443,-0.5767344287272242,1
0.9774723175483306,-0.7553720748175714,-0.695981771888179,0.7667841777037884,-0.9115834940401768,0.646091668153197,0.9702425509371356,0.7018423309694198,1.412812421522078,1.4053380608164203,-1.002803930999114,-0.5787359118286177,1.7427397119690018,1.0959875190286648,-1.0959875190286648,-0.5784279906300535,1.731127539482183,-0.5765804684883443,-0.5767344287272242,0
-1.2884715631590649,-0.3739577120123647,-0.0044259572139154,-1.2258476714090278,0.8077365626180215,0.646091668153197,0.9702425509371356,0.0961246594123441,-0.009816137054176,-0.2191772100504026,-1.002803930999114,-0.5787359118286177,1.7427397119690018,-0.9124191495230388,0.9124191495230392,-0.5784279906300535,-0.5776581893550843,1.7343632929879855,-0.5767344287272242,0
-2.209334601437413,0.9609925578058588,1.378685672134612,0.5633272433339744,0.8077365626180215,-1.5477679860172513,0.9702425509371356,1.1537615941176569,-0.009816137054176,0.878587877619821,0.9972039090469852,-0.5787359118286177,-0.5738091541336192,-0.9124191495230388,0.9124191495230392,1.7288236672481017,-0.5776581893550843,-0.5765804684883443,-0.5767344287272242,0
1.2568352617451328,-0.4693113027136664,0.6871298574603482,0.5622313096323303,-0.9115834940401768,0.646091668153197,0.9702425509371356,0.3648732312852156,-1.43244469563043,1.2415585920914272,-1.002803930999114,1.7279038324066065,-0.5738091541336192,-0.9124191495230388,0.9124191495230392,-0.5784279906300535,1.731127539482183,-0.5765804684883443,-0.5767344287272242,0
2.063883767202561,0.6749317857019538,-1.0417596792253108,1.3043002316725714,-0.9115834940401768,0.646091668153197,0.9702425509371356,-1.410319602863841,-0.009816137054176,-0.5511626196280912,0.9972039090469852,-0.5787359118286177,-0.5738091541336192,1.0959875190286648,-1.0959875190286648,-0.5784279906300535,1.731127539482183,-0.5765804684883443,-0.5767344287272242,0
-0.1399794592388781,2.009882055520177,-0.695981771888179,-1.2258476714090278,0.8077365626180215,0.646091668153197,0.9702425509371356,-0.52021299658351,-0.009816137054176,-1.666633595809125,0.9972039090469852,-0.5787359118286177,-0.5738091541336192,-0.9124191495230388,0.9124191495230392,-0.5784279906300535,-0.5776581893550843,1.7343632929879855,-0.5767344287272242,0
0.6774158219295431,-0.3739577120123647,-0.3502038645510472,1.0889295459556203,-0.9115834940401768,0.646091668153197,-1.0306701134001208,0.5919634956892416,-0.721130416342303,-0.4936184819679585,0.9972039090469852,-0.5787359118286177,-0.5738091541336192,-0.9124191495230388,0.9124191495230392,-0.5784279906300535,-0.5776581893550843,1.7343632929879855,-0.5767344287272242,0
0.2842383449118215,-1.1367864376227783,-0.0044259572139154,0.1701111034251051,0.8077365626180215,0.646091668153197,-1.0306701134001208,0.8600723262238744,-0.721130416342303,1.5514116410306034,-1.002803930999114,-0.5787359118286177,1.7427397119690018,1.0959875190286648,-1.0959875190286648,-0.5784279906300535,-0.5776581893550843,-0.5765804684883443,1.733900301750437,0
-0.6469714690775192,-0.1832505306097613,0.6871298574603482,-0.0998009555304314,0.8077365626180215,0.646091668153197,-1.0306701134001208,0.6871675793316593,-0.721130416342303,-1.5426923762334546,-1.002803930999114,1.7279038324066065,-0.5738091541336192,1.0959875190286648,-1.0959875190286648,1.7288236672481017,-0.5776581893550843,-0.5765804684883443,-0.5767344287272242,0
0.9567787661263452,2.4866500090266856,-1.0417596792253108,0.8886971056108695,-0.9115834940401768,0.646091668153197,0.9702425509371356,-0.0641753224934817,-0.009816137054176,-0.9185598062274,-1.002803930999114,1.7279038324066065,-0.5738091541336192,-0.9124191495230388,0.9124191495230392,-0.5784279906300535,-0.5776581893550843,-0.5765804684883443,1.733900301750437,1
-1.6195683859108303,-1.1367864376227783,-1.0417596792253108,-1.2258476714090278,0.8077365626180215,0.646091668153197,-1.0306701134001208,-1.3508749559598858,-0.721130416342303,-0.5246037868618761,-1.002803930999114,-0.5787359118286177,1.7427397119690018,-0.9124191495230388,0.9124191495230392,1.7288236672481017,-0.5776581893550843,-0.5765804684883443,-0.5767344287272242,0
1.4534240002539935,-0.1832505306097613,-1.0417596792253108,1.3992243096690962,0.8077365626180215,0.646091668153197,-1.0306701134001208,-0.4218173357402122,-0.009816137054176,-1.1797216617618482,0.9972039090469852,-0.5787359118286177,-0.5738091541336192,-0.9124191495230388,0.9124191495230392,-0.5784279906300535,1.731127539482183,-0.5765804684883443,-0.5767344287272242,0
-0.2124068892158268,-0.7553720748175714,-1.3875375865624426,-1.2258476714090278,0.8077365626180215,0.646091668153197,0.9702425509371356,1.212230544188544,0.7014981422339509,-0.9052803898442924,-1.002803930999114,-0.5787359118286177,1.7427397119690018,1.0959875190286648,-1.0959875190286648,-0.5784279906300535,-0.5776581893550843,1.7343632929879855,-0.5767344287272242,0
-0.1192859078168928,-0.9460792562201747,-0.3502038645510472,0.9127227033702554,0.8077365626180215,0.646091668153197,-1.0306701134001208,-0.0366351447478264,-0.009816137054176,-1.3877658517638665,-1.002803930999114,-0.5787359118286177,1.7427397119690018,-0.9124191495230388,0.9124191495230392,-0.5784279906300535,-0.5776581893550843,1.7343632929879855,-0.5767344287272242,0
-0.99876184325127,0.1028102414941437,-0.3502038645510472,-1.2258476714090278,-0.9115834940401768,-1.5477679860172513,0.9702425509371356,1.1944469869935572,1.412812421522078,-0.2767213477105353,0.9972039090469852,-0.5787359118286177,-0.5738091541336192,-0.9124191495230388,0.9124191495230392,-0.5784279906300535,-0.5776581893550843,-0.5765804684883443,1.733900301750437,0
-0.9470279646963068,-0.9460792562201747,-0.695981771888179,0.0517590785573824,-0.9115834940401768,0.646091668153197,-1.0306701134001208,-0.3101842980626013,-0.009816137054176,1.5469851689029008,0.9972039090469852,-0.5787359118286177,-0.5738091541336192,1.0959875190286648,-1.0959875190286648,-0.5784279906300535,1.731127539482183,-0.5765804684883443,-0.5767344287272242,0
-0.2331004406378122,-1.0414328469214764,-0.695981771888179,1.2349246473162494,0.8077365626180215,0.646091668153197,-1.0306701134001208,0.185814864801373,0.7014981422339509,-0.1217948232409472,-1.002803930999114,1.7279038324066065,-0.5738091541336192,1.0959875190286648,-1.0959875190286648,-0.5784279906300535,1.731127539482183,-0.5765804684883443,-0.5767344287272242,0
-2.405923339946274,0.6749317857019538,1.378685672134612,-1.2258476714090278,-0.9115834940401768,0.646091668153197,0.9702425509371356,-0.3317080554326847,-0.721130416342303,0.714808408894828,0.9972039090469852,-0.5787359118286177,-0.5738091541336192,1.0959875190286648,-1.0959875190286648,-0.5784279906300535,1.731127539482183,-0.5765804684883443,-0.5767344287272242,1
1.0395529718142866,-0.8507256655188732,0.3413519501232164,-1.2258476714090278,0.8077365626180215,0.646091668153197,-1.0306701134001208,-1.4663125331154334,-0.721130416342303,0.1172346716549885,0.9972039090469852,-0.5787359118286177,-0.5738091541336192,1.0959875190286648,-1.0959875190286648,1.7288236672481017,-0.5776581893550843,-0.5765804684883443,-0.5767344287272242,0
-0.99876184325127,-0.7553720748175714,-1.3875375865624426,-1.2258476714090278,0.8077365626180215,-1.5477679860172513,0.9702425509371356,1.6097051937135325,-0.721130416342303,0.6749701597455053,0.9972039090469852,-0.5787359118286177,-0.5738091541336192,-0.9124191495230388,0.9124191495230392,-0.5784279906300535,-0.5776581893550843,1.7343632929879855,-0.5767344287272242,0
0.5118674105536603,-0.8507256655188732,-0.3502038645510472,0.6393468656548569,-0.9115834940401768,0.646091668153197,0.9702425509371356,0.5969134486477382,-1.43244469563043,0.1260876159103935,-1.002803930999114,1.7279038324066065,-0.5738091541336192,1.0959875190286648,-1.0959875190286648,-0.5784279906300535,-0.5776581893550843,-0.5765804684883443,1.733900301750437,0
-0.0675520292619294,0.4842246042993504,-0.0044259572139154,-0.0502823179273871,-0.9115834940401768,0.646091668153197,-1.0306701134001208,0.9925041738295688,1.412812421522078,-1.117751051974013,0.9972039090469852,-0.5787359118286177,-0.5738091541336192,-0.9124191495230388,0.9124191495230392,-0.5784279906300535,1.731127539482183,-0.5765804684883443,-0.5767344287272242,1
-2.147253947171457,-0.3739577120123647,0.3413519501232164,1.3563030711439237,-0.9115834940401768,-1.5477679860172513,-1.0306701134001208,-1.497950776671982,1.412812421522078,0.7015289925117204,0.9972039090469852,-0.5787359118286177,-0.5738091541336192,-0.9124191495230388,0.9124191495230392,-0.5784279906300535,-0.5776581893550843,-0.5765804684883443,1.733900301750437,0
-0.367608524880717,-0.6600184841162697,-0.3502038645510472,-1.2258476714090278,0.8077365626180215,0.646091668153197,0.9702425509371356,-1.632211773268417,0.7014981422339509,-1.383339379636164,0.9972039090469852,-0.5787359118286177,-0.5738091541336192,-0.9124191495230388,0.9124191495230392,-0.5784279906300535,1.731127539482183,-0.5765804684883443,-0.5767344287272242,0
-0.3469149734587316,2.105235646221479,-0.695981771888179,0.5989821112588044,-0.9115834940401768,0.646091668153197,0.9702425509371356,-1.0774402222701616,-1.43244469563043,-0.8167509472902421,-1.002803930999114,-0.5787359118286177,1.7427397119690018,-0.9124191495230388,0.9124191495230392,-0.5784279906300535,1.731127539482183,-0.5765804684883443,-0.5767344287272242,0
0.8533110090164185,-0.278604121311063,-1.3875375865624426,-1.2258476714090278,0.8077365626180215,-1.5477679860172513,0.9702425509371356,0.1441127370505933,-0.721130416342303,1.4407498378380403,-1.002803930999114,-0.5787359118286177,1.7427397119690018,-0.9124191495230388,0.9124191495230392,-0.5784279906300535,-0.5776581893550843,-0.5765804684883443,1.733900301750437,0
0.6049883919525944,-1.613554391129287,-1.7333154938995745,0.5844096228282253,-0.9115834940401768,-1.5477679860172513,-1.0306701134001208,0.9588522839841352,-1.43244469563043,1.4097645329441229,-1.002803930999114,1.7279038324066065,-0.5738091541336192,-0.9124191495230388,0.9124191495230392,-0.5784279906300535,-0.5776581893550843,-0.5765804684883443,1.733900301750437,0
-0.8021731047424093,0.4842246042993504,-0.3502038645510472,-1.2258476714090278,-0.9115834940401768,0.646091668153197,0.9702425509371356,-0.0908976955330381,0.7014981422339509,1.3876321723056102,-1.002803930999114,-0.5787359118286177,1.7427397119690018,1.0959875190286648,-1.0959875190286648,-0.5784279906300535,-0.5776581893550843,1.7343632929879855,-0.5767344287272242,0
0.6256819433745797,-1.3274936190253817,-0.0044259572139154,1.82036944969236,-0.9115834940401768,-1.5477679860172513,-1.0306701134001208,-0.847624231995819,1.412812421522078,-1.3435011304868414,0.9972039090469852,-0.5787359118286177,-0.5738091541336192,1.0959875190286648,-1.0959875190286648,-0.5784279906300535,1.731127539482183,-0.5765804684883443,-0.5767344287272242,1
0.5015206348426676,-0.6600184841162697,-1.3875375865624426,0.7600108009709882,2.52705661927622,0.646091668153197,0.9702425509371356,0.475651425685093,-1.43244469563043,1.28139684124075,-1.002803930999114,1.7279038324066065,-0.5738091541336192,-0.9124191495230388,0.9124191495230392,-0.5784279906300535,-0.5776581893550843,-0.5765804684883443,1.733900301750437,1
1.122327177502228,0.1981638321954454,1.378685672134612,-1.2258476714090278,0.8077365626180215,-1.5477679860172513,0.9702425509371356,1.5685553406271306,0.7014981422339509,-0.480339065584851,0.9972039090469852,-0.5787359118286177,-0.5738091541336192,-0.9124191495230388,0.9124191495230392,-0.5784279906300535,1.731127539482183,-0.5765804684883443,-0.5767344287272242,0
0.998165868970316,-0.9460792562201747,0.6871298574603482,0.6609650313972206,-0.9115834940401768,0.646091668153197,0.9702425509371356,1.309532610773569,1.412812421522078,1.4850145591150656,-1.002803930999114,1.7279038324066065,-0.5738091541336192,-0.9124191495230388,0.9124191495230392,-0.5784279906300535,1.731127539482183,-0.5765804684883443,-0.5767344287272242,0
0.7188029247735137,-0.9460792562201747,0.6871298574603482,0.476726844307162,-0.9115834940401768,0.646091668153197,0.9702425509371356,-0.5249097656908309,-1.43244469563043,0.6218524942130752,-1.002803930999114,1.7279038324066065,-0.5738091541336192,1.0959875190286648,-1.0959875190286648,-0.5784279906300535,-0.5776581893550843,-0.5765804684883443,1.733900301750437,1
-0.3883020763027023,-0.6600184841162697,-1.7333154938995745,-1.2258476714090278,0.8077365626180215,-1.5477679860172513,0.9702425509371356,0.4622931952954451,1.412812421522078,1.5779704737968183,-1.002803930999114,-0.5787359118286177,1.7427397119690018,1.0959875190286648,-1.0959875190286648,1.7288236672481017,-0.5776581893550843,-0.5765804684883443,-0.5767344287272242,0
1.7017466173178175,-0.1832505306097613,-1.3875375865624426,1.4365022429049168,-0.9115834940401768,0.646091668153197,-1.0306701134001208,-0.5717840778299169,-0.009816137054176,-1.2018540224003609,0.9972039090469852,-0.5787359118286177,-0.5738091541336192,-0.9124191495230388,0.9124191495230392,-0.5784279906300535,-0.5776581893550843,1.7343632929879855,-0.5767344287272242,0
1.7224401687398032,-0.1832505306097613,0.3413519501232164,0.0734754904768604,0.8077365626180215,0.646091668153197,-1.0306701134001208,-0.3322057286346525,1.412812421522078,-0.3918096230308007,0.9972039090469852,-0.5787359118286177,-0.5738091541336192,1.0959875190286648,-1.0959875190286648,-0.5784279906300535,-0.5776581893550843,1.7343632929879855,-0.5767344287272242,0
1.0395529718142866,-1.0414328469214764,1.7244635794717436,0.9046702030819092,0.8077365626180215,0.646091668153197,0.9702425509371356,-0.9296119794948526,1.412812421522078,-0.8654421406949698,-1.002803930999114,1.7279038324066065,-0.5738091541336192,1.0959875190286648,-1.0959875190286648,1.7288236672481017,-0.5776581893550843,-0.5765804684883443,-0.5767344287272242,0
-0.2641407677707902,-1.422847209726683,-1.3875375865624426,-1.2258476714090278,0.8077365626180215,0.646091668153197,0.9702425509371356,1.406410385739865,-0.721130416342303,-0.1616330723902699,0.9972039090469852,-0.5787359118286177,-0.5738091541336192,1.0959875190286648,-1.0959875190286648,1.7288236672481017,-0.5776581893550843,-0.5765804684883443,-0.5767344287272242,0
1.505157878808957,0.1028102414941437,-1.3875375865624426,0.3727915243722126,-0.9115834940401768,0.646091668153197,-1.0306701134001208,1.346499018055309,-0.721130416342303,-0.2634419313274277,-1.002803930999114,1.7279038324066065,-0.5738091541336192,1.0959875190286648,-1.0959875190286648,1.7288236672481017,-0.5776581893550843,-0.5765804684883443,-0.5767344287272242,0
-0.7193988990544679,0.3888710135980487,1.378685672134612,0.0246291900891419,-0.9115834940401768,-1.5477679860172513,0.9702425509371356,-1.207271892591081,0.7014981422339509,1.3610733395393952,-1.002803930999114,-0.5787359118286177,1.7427397119690018,-0.9124191495230388,0.9124191495230392,-0.5784279906300535,-0.5776581893550843,1.7343632929879855,-0.5767344287272242,0
1.1016336260802426,0.9609925578058588,-1.0417596792253108,-1.2258476714090278,0.8077365626180215,-1.5477679860172513,-1.0306701134001208,1.1197243640152146,-1.43244469563043,-1.5117070713395369,0.9972039090469852,-0.5787359118286177,-0.5738091541336192,1.0959875190286648,-1.0959875190286648,-0.5784279906300535,-0.5776581893550843,1.7343632929879855,-0.5767344287272242,0
-2.1265603957494714,-0.5646648934149681,0.6871298574603482,-1.2258476714090278,0.8077365626180215,0.646091668153197,-1.0306701134001208,0.3918687855268304,-1.43244469563043,1.2725438969853449,0.9972039090469852,-0.5787359118286177,-0.5738091541336192,1.0959875190286648,-1.0959875190286648,1.7288236672481017,-0.5776581893550843,-0.5765804684883443,-0.5767344287272242,0
-0.4814230577016364,-0.4693113027136664,-0.695981771888179,-1.2258476714090278,0.8077365626180215,0.646091668153197,-1.0306701134001208,-1.069467713198246,-1.43244469563043,-0.8831480292057798,-1.002803930999114,-0.5787359118286177,1.7427397119690018,1.0959875190286648,-1.0959875190286648,1.7288236672481017,-0.5776581893550843,-0.5765804684883443,-0.5767344287272242,0
-0.7918263290314166,-0.5646648934149681,-0.695981771888179,0.8550267143010962,-0.9115834940401768,0.646091668153197,-1.0306701134001208,1.617893152504959,1.412812421522078,-0.6042802851605215,-1.002803930999114,1.7279038324066065,-0.5738091541336192,-0.9124191495230388,0.9124191495230392,-0.5784279906300535,-0.5776581893550843,-0.5765804684883443,1.733900301750437,0
0.1911173635128873,0.5795781950006521,0.6871298574603482,1.1680347072680286,-0.9115834940401768,-1.5477679860172513,0.9702425509371356,1.2757236982512048,1.412812421522078,-1.520560015594942,0.9972039090469852,-0.5787359118286177,-0.5738091541336192,-0.9124191495230388,0.9124191495230392,-0.5784279906300535,-0.5776581893550843,-0.5765804684883443,1.733900301750437,0
0.0462625035589899,-0.9460792562201747,1.378685672134612,-1.2258476714090278,0.8077365626180215,-1.5477679860172513,0.9702425509371356,-0.249601367168401,1.412812421522078,0.3518376944232217,-1.002803930999114,-0.5787359118286177,1.7427397119690018,1.0959875190286648,-1.0959875190286648,1.7288236672481017,-0.5776581893550843,-0.5765804684883443,-0.5767344287272242,0
-0.1813665620828488,-0.9460792562201747,0.6871298574603482,-1.2258476714090278,-0.9115834940401768,0.646091668153197,0.9702425509371356,0.5240086718096373,0.7014981422339509,0.2367494191029564,0.9972039090469852,-0.5787359118286177,-0.5738091541336192,-0.9124191495230388,0.9124191495230392,1.7288236672481017,-0.5776581893550843,-0.5765804684883443,-0.5767344287272242,0
-0.4814230577016364,-0.7553720748175714,0.3413519501232164,0.9352088973267318,-0.9115834940401768,0.646091668153197,-1.0306701134001208,1.5987264741889191,-0.009816137054176,-1.0956186913355006,0.9972039090469852,-0.5787359118286177,-0.5738091541336192,-0.9124191495230388,0.9124191495230392,-0.5784279906300535,1.731127539482183,-0.5765804684883443,-0.5767344287272242,0
1.4844643273869715,-0.8507256655188732,1.03290776479748,-1.2258476714090278,0.8077365626180215,0.646091668153197,0.9702425509371356,-1.3211524586179004,-0.009816137054176,-1.0557804421861778,0.9972039090469852,-0.5787359118286177,-0.5738091541336192,-0.9124191495230388,0.9124191495230392,1.7288236672481017,-0.5776581893550843,-0.5765804684883443,-0.5767344287272242,0
0.4704803077096895,-0.278604121311063,-0.695981771888179,-1.2258476714090278,2.52705661927622,0.646091668153197,-1.0306701134001208,-0.6094903870943168,-1.43244469563043,-1.1398834126125257,-1.002803930999114,-0.5787359118286177,1.7427397119690018,1.0959875190286648,-1.0959875190286648,-0.5784279906300535,-0.5776581893550843,1.7343632929879855,-0.5767344287272242,0
0.5015206348426676,-0.1832505306097613,1.7244635794717436,-1.2258476714090278,0.8077365626180215,-1.5477679860172513,-1.0306701134001208,-0.2926081916467718,-1.43244469563043,-0.9672509996321276,0.9972039090469852,-0.5787359118286177,-0.5738091541336192,-0.9124191495230388,0.9124191495230392,1.7288236672481017,-0.5776581893550843,-0.5765804684883443,-0.5767344287272242,0
-1.4229796474019698,0.3888710135980487,1.378685672134612,-1.2258476714090278,0.8077365626180215,0.646091668153197,-1.0306701134001208,0.9113498811373244,-1.43244469563043,-1.3523540747422464,0.9972039090469852,-0.5787359118286177,-0.5738091541336192,1.0959875190286648,-1.0959875190286648,-0.5784279906300535,-0.5776581893550843,-0.5765804684883443,1.733900301750437,0
-1.3608989931360136,0.007456650792842,-1.3875375865624426,0.3400011816081735,-0.9115834940401768,0.646091668153197,0.9702425509371356,-1.2064699118756808,-0.009816137054176,1.5646910574137107,0.9972039090469852,-0.5787359118286177,-0.5738091541336192,-0.9124191495230388,0.9124191495230392,-0.5784279906300535,-0.5776581893550843,-0.5765804684883443,1.733900301750437,0
0.170423812090902,-1.422847209726683,-0.3502038645510472,-1.2258476714090278,0.8077365626180215,-1.5477679860172513,-1.0306701134001208,1.395286294168835,-0.009816137054176,-0.9495451111213176,0.9972039090469852,-0.5787359118286177,-0.5738091541336192,-0.9124191495230388,0.9124191495230392,-0.5784279906300535,-0.5776581893550843,-0.5765804684883443,1.733900301750437,0
-1.0504957218062334,0.007456650792842,0.6871298574603482,-1.2258476714090278,-0.9115834940401768,-1.5477679860172513,-1.0306701134001208,-0.3274520974948218,-0.721130416342303,0.4846318582542972,-1.002803930999114,-0.5787359118286177,1.7427397119690018,1.0959875190286648,-1.0959875190286648,-0.5784279906300535,1.731127539482183,-0.5765804684883443,-0.5767344287272242,1
-1.350552217425021,0.3888710135980487,-0.695981771888179,1.1911231999742542,2.52705661927622,-1.5477679860172513,0.9702425509371356,-1.29995318000214,-0.721130416342303,1.1087644282603517,-1.002803930999114,1.7279038324066065,-0.5738091541336192,-0.9124191495230388,0.9124191495230392,-0.5784279906300535,1.731127539482183,-0.5765804684883443,-0.5767344287272242,1
0.7084561490625211,1.4377605113123673,0.6871298574603482,-1.2258476714090278,0.8077365626180215,0.646091668153197,0.9702425509371356,0.4338778291411582,0.7014981422339509,0.0552640618671533,0.9972039090469852,-0.5787359118286177,-0.5738091541336192,1.0959875190286648,-1.0959875190286648,1.7288236672481017,-0.5776581893550843,-0.5765804684883443,-0.5767344287272242,0
-0.4089956277246876,1.8191748741175744,1.03290776479748,-1.2258476714090278,0.8077365626180215,-1.5477679860172513,0.9702425509371356,0.1317293340439754,1.412812421522078,-1.383339379636164,0.9972039090469852,-0.5787359118286177,-0.5738091541336192,-0.9124191495230388,0.9124191495230392,-0.5784279906300535,-0.5776581893550843,1.7343632929879855,-0.5767344287272242,1
0.9567787661263452,0.1981638321954454,0.6871298574603482,-1.2258476714090278,-0.9115834940401768,0.646091668153197,-1.0306701134001208,1.1067377365719695,-0.721130416342303,0.9981026250677888,-1.002803930999114,-0.5787359118286177,1.7427397119690018,-0.9124191495230388,0.9124191495230392,-0.5784279906300535,-0.5776581893550843,1.7343632929879855,-0.5767344287272242,1
0.7394964761954991,0.6749317857019538,-0.0044259572139154,-1.2258476714090278,0.8077365626180215,0.646091668153197,-1.0306701134001208,1.387963438165596,-0.721130416342303,-1.3125158255929237,0.9972039090469852,-0.5787359118286177,-0.5738091541336192,-0.9124191495230388,0.9124191495230392,-0.5784279906300535,-0.5776581893550843,1.7343632929879855,-0.5767344287272242,0
0.0566092792699826,2.772710781130591,0.6871298574603482,1.235036516535867,-0.9115834940401768,0.646091668153197,0.9702425509371356,1.503877995612198,-0.721130416342303,-0.781339170268622,-1.002803930999114,1.7279038324066065,-0.5738091541336192,-0.9124191495230388,0.9124191495230392,1.7288236672481017,-0.5776581893550843,-0.5765804684883443,-0.5767344287272242,0
0.2531980177788434,-0.7553720748175714,-1.0417596792253108,0.229834842303156,0.8077365626180215,0.646091668153197,-1.0306701134001208,-0.6924190534248836,-0.009816137054176,0.2411758912306589,-1.002803930999114,-0.5787359118286177,1.7427397119690018,-0.9124191495230388,0.9124191495230392,-0.5784279906300535,-0.5776581893550843,-0.5765804684883443,1.733900301750437,0
-0.3779553005917097,-1.3274936190253817,1.7244635794717436,-0.0204122746628594,-0.9115834940401768,0.646091668153197,-1.0306701134001208,-0.7151261322972003,1.412812421522078,-0.9761039438875326,-1.002803930999114,-0.5787359118286177,1.7427397119690018,1.0959875190286648,-1.0959875190286648,-0.5784279906300535,-0.5776581893550843,1.7343632929879855,-0.5767344287272242,0
-0.2331004406378122,-1.0414328469214764,-0.3502038645510472,-1.2258476714090278,0.8077365626180215,0.646091668153197,0.9702425509371356,1.333050712641685,-0.009816137054176,1.728470526138704,-1.002803930999114,-0.5787359118286177,1.7427397119690018,-0.9124191495230388,0.9124191495230392,1.7288236672481017,-0.5776581893550843,-0.5765804684883443,-0.5767344287272242,0
-0.2124068892158268,0.007456650792842,0.6871298574603482,0.9455558385148648,-0.9115834940401768,0.646091668153197,-1.0306701134001208,0.7093140368192299,-1.43244469563043,-1.3169422977206262,-1.002803930999114,-0.5787359118286177,1.7427397119690018,1.0959875190286648,-1.0959875190286648,-0.5784279906300535,-0.5776581893550843,-0.5765804684883443,1.733900301750437,1
-0.2331004406378122,0.1028102414941437,-0.0044259572139154,1.6873729746754216,0.8077365626180215,0.646091668153197,0.9702425509371356,0.5045893313124453,-0.721130416342303,-1.3257952419760313,-1.002803930999114,1.7279038324066065,-0.5738091541336192,-0.9124191495230388,0.9124191495230392,-0.5784279906300535,-0.5776581893550843,-0.5765804684883443,1.733900301750437,0
0.0773028306919679,-0.6600184841162697,-0.0044259572139154,1.1069472216998213,-0.9115834940401768,0.646091668153197,0.9702425509371356,-1.1929807423102534,1.412812421522078,-0.3475449017537755,-1.002803930999114,-0.5787359118286177,1.7427397119690018,1.0959875190286648,-1.0959875190286648,1.7288236672481017,-0.5776581893550843,-0.5765804684883443,-0.5767344287272242,0
-0.1917133377938415,-0.0878969399084596,-0.3502038645510472,-1.2258476714090278,0.8077365626180215,-1.5477679860172513,-1.0306701134001208,1.6070111158246128,1.412812421522078,0.3872494714448419,0.9972039090469852,-0.5787359118286177,-0.5738091541336192,-0.9124191495230388,0.9124191495230392,1.7288236672481017,-0.5776581893550843,-0.5765804684883443,-0.5767344287272242,0
-0.2434472163488049,-0.3739577120123647,-1.0417596792253108,0.9835367207438716,-0.9115834940401768,0.646091668153197,0.9702425509371356,1.2551201668017409,-0.009816137054176,0.869734933364416,-1.002803930999114,1.7279038324066065,-0.5738091541336192,1.0959875190286648,-1.0959875190286648,-0.5784279906300535,-0.5776581893550843,-0.5765804684883443,1.733900301750437,1
-0.1813665620828488,0.4842246042993504,0.6871298574603482,-1.2258476714090278,0.8077365626180215,0.646091668153197,-1.0306701134001208,-1.222950163463138,-0.721130416342303,0.0906758388887734,0.9972039090469852,-0.5787359118286177,-0.5738091541336192,1.0959875190286648,-1.0959875190286648,-0.5784279906300535,-0.5776581893550843,-0.5765804684883443,1.733900301750437,0
-1.1125763760721894,-0.278604121311063,-0.3502038645510472,-1.2258476714090278,0.8077365626180215,0.646091668153197,0.9702425509371356,0.7150402347719906,-1.43244469563043,-1.117751051974013,0.9972039090469852,-0.5787359118286177,-0.5738091541336192,-0.9124191495230388,0.9124191495230392,-0.5784279906300535,1.731127539482183,-0.5765804684883443,-0.5767344287272242,0
-0.7400924504764532,0.3888710135980487,-1.0417596792253108,1.111607103591501,-0.9115834940401768,0.646091668153197,0.9702425509371356,1.7095497061007845,-0.721130416342303,0.7812054908103657,-1.002803930999114,-0.5787359118286177,1.7427397119690018,-0.9124191495230388,0.9124191495230392,-0.5784279906300535,1.731127539482183,-0.5765804684883443,-0.5767344287272242,1
-1.443673198823955,-0.8507256655188732,-0.0044259572139154,-1.2258476714090278,0.8077365626180215,0.646091668153197,-1.0306701134001208,0.7634574729491831,0.7014981422339509,-1.5869570975104796,0.9972039090469852,-0.5787359118286177,-0.5738091541336192,1.0959875190286648,-1.0959875190286648,-0.5784279906300535,-0.5776581893550843,-0.5765804684883443,1.733900301750437,0
-1.040148946095241,-0.7553720748175714,-0.0044259572139154,1.0532102490533026,0.8077365626180215,0.646091668153197,0.9702425509371356,0.3848441508867552,0.7014981422339509,1.2017203429421046,0.9972039090469852,-0.5787359118286177,-0.5738091541336192,-0.9124191495230388,0.9124191495230392,-0.5784279906300535,-0.5776581893550843,1.7343632929879855,-0.5767344287272242,0
-0.6055843662335485,-0.9460792562201747,0.6871298574603482,-1.2258476714090278,0.8077365626180215,0.646091668153197,0.9702425509371356,-0.1546502934871511,1.412812421522078,0.0773964225056658,0.9972039090469852,-0.5787359118286177,-0.5738091541336192,-0.9124191495230388,0.9124191495230392,-0.5784279906300535,1.731127539482183,-0.5765804684883443,-0.5767344287272242,0
1.3706497945660523,-0.0878969399084596,-1.3875375865624426,-1.2258476714090278,2.52705661927622,0.646091668153197,0.9702425509371356,-0.3462445645143431,-0.009816137054176,-0.3209860689875604,-1.002803930999114,-0.5787359118286177,1.7427397119690018,-0.9124191495230388,0.9124191495230392,-0.5784279906300535,-0.5776581893550843,-0.5765804684883443,1.733900301750437,1
-1.8989313301076327,0.007456650792842,-0.0044259572139154,-1.2258476714090278,0.8077365626180215,0.646091668153197,0.9702425509371356,-1.6115131239847549,1.412812421522078,1.7151911097555963,-1.002803930999114,-0.5787359118286177,1.7427397119690018,-0.9124191495230388,0.9124191495230392,-0.5784279906300535,-0.5776581893550843,-0.5765804684883443,1.733900301750437,0
0.1807705878018947,-0.0878969399084596,1.7244635794717436,0.1681575591300858,-0.9115834940401768,-1.5477679860172513,0.9702425509371356,-1.0954286218941902,-1.43244469563043,0.0951023110164759,0.9972039090469852,-0.5787359118286177,-0.5738091541336192,-0.9124191495230388,0.9124191495230392,1.7288236672481017,-0.5776581893550843,-0.5765804684883443,-0.5767344287272242,0
-1.73338291873175,-1.1367864376227783,-1.3875375865624426,0.021152108828953,-0.9115834940401768,0.646091668153197,0.9702425509371356,-1.7039194912936784,-0.721130416342303,-1.4497364615517017,0.9972039090469852,-0.5787359118286177,-0.5738091541336192,-0.9124191495230388,0.9124191495230392,-0.5784279906300535,-0.5776581893550843,1.7343632929879855,-0.5767344287272242,0
-1.2884715631590649,-0.1832505306097613,-0.0044259572139154,-0.3672244852982771,-0.9115834940401768,0.646091668153197,-1.0306701134001208,-0.6479014725598263,0.7014981422339509,1.1663085659204846,0.9972039090469852,-0.5787359118286177,-0.5738091541336192,1.0959875190286648,-1.0959875190286648,-0.5784279906300535,1.731127539482183,-0.5765804684883443,-0.5767344287272242,0
-0.4917698334126291,1.1516997392084622,1.03290776479748,1.7684260707947594,-0.9115834940401768,0.646091668153197,-1.0306701134001208,-0.1104293689751884,-0.721130416342303,0.1703523371874186,0.9972039090469852,-0.5787359118286177,-0.5738091541336192,-0.9124191495230388,0.9124191495230392,-0.5784279906300535,-0.5776581893550843,1.7343632929879855,-0.5767344287272242,1
0.6256819433745797,-1.0414328469214764,1.03290776479748,-1.2258476714090278,0.8077365626180215,0.646091668153197,0.9702425509371356,-0.6225931730626889,-0.721130416342303,1.728470526138704,0.9972039090469852,-0.5787359118286177,-0.5738091541336192,-0.9124191495230388,0.9124191495230392,-0.5784279906300535,1.731127539482183,-0.5765804684883443,-0.5767344287272242,0
0.2945851206228141,2.009882055520177,1.03290776479748,-1.2258476714090278,0.8077365626180215,0.646091668153197,0.9702425509371356,-0.8470067485785626,0.7014981422339509,0.8431761005982009,0.9972039090469852,-0.5787359118286177,-0.5738091541336192,-0.9124191495230388,0.9124191495230392,-0.5784279906300535,-0.5776581893550843,-0.5765804684883443,1.733900301750437,0
-0.1192859078168928,-0.0878969399084596,1.378685672134612,0.8614130363557054,-0.9115834940401768,0.646091668153197,0.9702425509371356,-0.3169865273828594,0.7014981422339509,-1.1575893011233358,-1.002803930999114,-0.5787359118286177,1.7427397119690018,-0.9124191495230388,0.9124191495230392,-0.5784279906300535,-0.5776581893550843,1.7343632929879855,-0.5767344287272242,0
-1.3608989931360136,0.007456650792842,-1.0417596792253108,0.5845306274998749,0.8077365626180215,0.646091668153197,-1.0306701134001208,-0.0434217239673938,-0.009816137054176,-1.6976189007030424,0.9972039090469852,-0.5787359118286177,-0.5738091541336192,-0.9124191495230388,0.9124191495230392,-0.5784279906300535,-0.5776581893550843,-0.5765804684883443,1.733900301750437,0
-0.2124068892158268,0.007456650792842,1.7244635794717436,0.4645914380449366,-0.9115834940401768,-1.5477679860172513,-1.0306701134001208,-0.717041704621756,1.412812421522078,0.7989113793211757,-1.002803930999114,-0.5787359118286177,1.7427397119690018,-0.9124191495230388,0.9124191495230392,-0.5784279906300535,-0.5776581893550843,1.7343632929879855,-0.5767344287272242,1
1.6396659630518615,1.0563461485071606,1.7244635794717436,0.6669317637427183,-0.9115834940401768,0.646091668153197,0.9702425509371356,0.0109512469726917,0.7014981422339509,1.0025290971954914,-1.002803930999114,1.7279038324066065,-0.5738091541336192,-0.9124191495230388,0.9124191495230392,1.7288236672481017,-0.5776581893550843,-0.5765804684883443,-0.5767344287272242,1
0.4601335319986969,-0.9460792562201747,1.378685672134612,-1.2258476714090278,0.8077365626180215,0.646091668153197,-1.0306701134001208,0.1995424375673239,-0.721130416342303,1.3123821461346674,0.9972039090469852,-0.5787359118286177,-0.5738091541336192,1.0959875190286648,-1.0959875190286648,1.7288236672481017,-0.5776581893550843,-0.5765804684883443,-0.5767344287272242,0
1.9397224586706487,2.677357190429289,-0.3502038645510472,0.4292365975973627,-0.9115834940401768,0.646091668153197,0.9702425509371356,-0.3787359124485486,1.412812421522078,-1.6179424024043974,-1.002803930999114,-0.5787359118286177,1.7427397119690018,1.0959875190286648,-1.0959875190286648,-0.5784279906300535,1.731127539482183,-0.5765804684883443,-0.5767344287272242,0
-0.5641972633895778,-0.9460792562201747,0.3413519501232164,-1.2258476714090278,0.8077365626180215,0.646091668153197,-1.0306701134001208,0.2887709649859741,-0.721130416342303,-0.7060891440976792,-1.002803930999114,-0.5787359118286177,1.7427397119690018,1.0959875190286648,-1.0959875190286648,-0.5784279906300535,-0.5776581893550843,-0.5765804684883443,1.733900301750437,0
0.2635447934898361,0.1028102414941437,1.03290776479748,0.6013353716479888,-0.9115834940401768,0.646091668153197,0.9702425509371356,-0.5580441588734211,-0.009816137054176,-1.2505452158050885,0.9972039090469852,-0.5787359118286177,-0.5738091541336192,-0.9124191495230388,0.9124191495230392,-0.5784279906300535,-0.5776581893550843,1.7343632929879855,-0.5767344287272242,0
-0.1296326835278854,0.1981638321954454,1.378685672134612,1.0872822797103,-0.9115834940401768,0.646091668153197,-1.0306701134001208,-0.4540335896822746,-0.721130416342303,-0.351971373881478,-1.002803930999114,1.7279038324066065,-0.5738091541336192,1.0959875190286648,-1.0959875190286648,-0.5784279906300535,1.731127539482183,-0.5765804684883443,-0.5767344287272242,1
1.0188594203923014,-0.278604121311063,0.6871298574603482,-1.2258476714090278,0.8077365626180215,-1.5477679860172513,-1.0306701134001208,-0.3470077677580317,-0.009816137054176,1.4584557263488505,-1.002803930999114,-0.5787359118286177,1.7427397119690018,-0.9124191495230388,0.9124191495230392,1.7288236672481017,-0.5776581893550843,-0.5765804684883443,-0.5767344287272242,0
0.4394399805767116,-0.3739577120123647,-0.0044259572139154,0.7639353591096488,-0.9115834940401768,0.646091668153197,-1.0306701134001208,-0.1979755105695761,1.412812421522078,1.0954850118772443,0.9972039090469852,-0.5787359118286177,-0.5738091541336192,1.0959875190286648,-1.0959875190286648,1.7288236672481017,-0.5776581893550843,-0.5765804684883443,-0.5767344287272242,1
1.0498997475252794,0.8656389671045572,-0.0044259572139154,0.6342598613129166,-0.9115834940401768,0.646091668153197,-1.0306701134001208,0.9829678719186252,1.412812421522078,-1.5117070713395369,-1.002803930999114,-0.5787359118286177,1.7427397119690018,-0.9124191495230388,0.9124191495230392,-0.5784279906300535,-0.5776581893550843,1.7343632929879855,-0.5767344287272242,1
1.5155046545199495,-1.422847209726683,-0.0044259572139154,-1.2258476714090278,0.8077365626180215,0.646091668153197,-1.0306701134001208,1.4288084620685422,-0.009816137054176,0.4447936091049746,0.9972039090469852,-0.5787359118286177,-0.5738091541336192,-0.9124191495230388,0.9124191495230392,1.7288236672481017,-0.5776581893550843,-0.5765804684883443,-0.5767344287272242,0
1.0395529718142866,0.8656389671045572,1.378685672134612,-1.2258476714090278,-0.9115834940401768,0.646091668153197,-1.0306701134001208,0.6506647628103834,-0.009816137054176,0.422661248466462,0.9972039090469852,-0.5787359118286177,-0.5738091541336192,1.0959875190286648,-1.0959875190286648,-0.5784279906300535,-0.5776581893550843,-0.5765804684883443,1.733900301750437,1
0.3980528777327409,-0.8507256655188732,-0.0044259572139154,0.9642710140352512,-0.9115834940401768,0.646091668153197,0.9702425509371356,-1.0124662209021345,-1.43244469563043,-0.7724862260132169,-1.002803930999114,1.7279038324066065,-0.5738091541336192,1.0959875190286648,-1.0959875190286648,-0.5784279906300535,-0.5776581893550843,1.7343632929879855,-0.5767344287272242,1
-0.8228666561643946,-0.5646648934149681,1.378685672134612,0.4091938966527707,0.8077365626180215,-1.5477679860172513,-1.0306701134001208,0.4957647612029187,0.7014981422339509,0.8476025727259034,0.9972039090469852,-0.5787359118286177,-0.5738091541336192,1.0959875190286648,-1.0959875190286648,-0.5784279906300535,1.731127539482183,-0.5765804684883443,-0.5767344287272242,0
-0.9470279646963068,0.3888710135980487,-1.3875375865624426,-1.2258476714090278,-0.9115834940401768,-1.5477679860172513,0.9702425509371356,-0.2339853489190918,1.412812421522078,0.989249680812384,0.9972039090469852,-0.5787359118286177,-0.5738091541336192,1.0959875190286648,-1.0959875190286648,-0.5784279906300535,-0.5776581893550843,1.7343632929879855,-0.5767344287272242,0
1.0705932989472646,0.8656389671045572,0.6871298574603482,1.047101195981414,-0.9115834940401768,0.646091668153197,-1.0306701134001208,-0.1137190201403976,1.412812421522078,0.285440612507684,-1.002803930999114,1.7279038324066065,-0.5738091541336192,1.0959875190286648,-1.0959875190286648,1.7288236672481017,-0.5776581893550843,-0.5765804684883443,-0.5767344287272242,1
-1.9610119843735887,0.1028102414941437,0.6871298574603482,-1.2258476714090278,0.8077365626180215,0.646091668153197,-1.0306701134001208,1.3295205715958605,-0.009816137054176,-1.5692512089996695,0.9972039090469852,-0.5787359118286177,-0.5738091541336192,1.0959875190286648,-1.0959875190286648,1.7288236672481017,-0.5776581893550843,-0.5765804684883443,-0.5767344287272242,0
-0.1503262349498708,2.009882055520177,0.6871298574603482,0.7686896406723243,-0.9115834940401768,0.646091668153197,0.9702425509371356,0.7177202275702885,-0.721130416342303,-1.0956186913355006,-1.002803930999114,-0.5787359118286177,1.7427397119690018,-0.9124191495230388,0.9124191495230392,1.7288236672481017,-0.5776581893550843,-0.5765804684883443,-0.5767344287272242,1
1.122327177502228,0.2935174228967471,-0.3502038645510472,0.4637330260961199,-0.9115834940401768,-1.5477679860172513,0.9702425509371356,0.3707129794129889,-0.009816137054176,-0.7592068096301094,0.9972039090469852,-0.5787359118286177,-0.5738091541336192,-0.9124191495230388,0.9124191495230392,-0.5784279906300535,1.731127539482183,-0.5765804684883443,-0.5767344287272242,0
-0.1503262349498708,-0.9460792562201747,0.3413519501232164,1.2996475619798644,0.8077365626180215,0.646091668153197,0.9702425509371356,0.0176002791961875,-1.43244469563043,-1.2151334387834685,-1.002803930999114,-0.5787359118286177,1.7427397119690018,1.0959875190286648,-1.0959875190286648,-0.5784279906300535,-0.5776581893550843,1.7343632929879855,-0.5767344287272242,0
0.7808835790394698,-1.23214002832408,-1.3875375865624426,0.0688247440372126,-0.9115834940401768,0.646091668153197,0.9702425509371356,-1.4061509377098314,-0.721130416342303,-0.6618244228206541,-1.002803930999114,-0.5787359118286177,1.7427397119690018,1.0959875190286648,-1.0959875190286648,-0.5784279906300535,-0.5776581893550843,-0.5765804684883443,1.733900301750437,0
1.0188594203923014,0.6749317857019538,1.7244635794717436,0.0264522737183029,0.8077365626180215,0.646091668153197,0.9702425509371356,-0.4628823305028684,1.412812421522078,1.2415585920914272,-1.002803930999114,1.7279038324066065,-0.5738091541336192,-0.9124191495230388,0.9124191495230392,-0.5784279906300535,-0.5776581893550843,-0.5765804684883443,1.733900301750437,0
0.6877625976405357,-1.613554391129287,0.3413519501232164,0.3938559535045762,-0.9115834940401768,-1.5477679860172513,0.9702425509371356,-0.2676285442641413,-0.721130416342303,0.2633082518691715,-1.002803930999114,-0.5787359118286177,1.7427397119690018,1.0959875190286648,-1.0959875190286648,-0.5784279906300535,1.731127539482183,-0.5765804684883443,-0.5767344287272242,0
-1.1436167032051676,0.8656389671045572,-1.0417596792253108,0.5267052996624756,-0.9115834940401768,0.646091668153197,-1.0306701134001208,-0.1980120274711881,1.412812421522078,-0.3785302066476931,0.9972039090469852,-0.5787359118286177,-0.5738091541336192,-0.9124191495230388,0.9124191495230392,1.7288236672481017,-0.5776581893550843,-0.5765804684883443,-0.5767344287272242,1
0.6567222705075577,0.9609925578058588,-0.3502038645510472,0.2656244982132276,-0.9115834940401768,0.646091668153197,-1.0306701134001208,-1.6088082649153592,0.7014981422339509,-0.9982363045260452,-1.002803930999114,1.7279038324066065,-0.5738091541336192,1.0959875190286648,-1.0959875190286648,-0.5784279906300535,-0.5776581893550843,1.7343632929879855,-0.5767344287272242,1
1.4223836731210155,0.1981638321954454,0.3413519501232164,-1.2258476714090278,-0.9115834940401768,0.646091668153197,0.9702425509371356,-1.2958086855591973,-0.721130416342303,0.4934848025097023,0.9972039090469852,-0.5787359118286177,-0.5738091541336192,1.0959875190286648,-1.0959875190286648,-0.5784279906300535,-0.5776581893550843,-0.5765804684883443,1.733900301750437,0
-0.5228101605456071,-0.3739577120123647,-0.3502038645510472,1.0779654008065294,0.8077365626180215,0.646091668153197,-1.0306701134001208,0.0693172541590343,0.7014981422339509,0.8431761005982009,0.9972039090469852,-0.5787359118286177,-0.5738091541336192,-0.9124191495230388,0.9124191495230392,-0.5784279906300535,1.731127539482183,-0.5765804684883443,-0.5767344287272242,0
0.3359722234667848,-0.8507256655188732,1.7244635794717436,-0.3017648044418486,-0.9115834940401768,-1.5477679860172513,-1.0306701134001208,-0.3625491871940479,-0.009816137054176,1.3212350903900725,0.9972039090469852,-0.5787359118286177,-0.5738091541336192,-0.9124191495230388,0.9124191495230392,-0.5784279906300535,1.731127539482183,-0.5765804684883443,-0.5767344287272242,0
-1.2574312360260869,-0.7553720748175714,-1.0417596792253108,1.402647059030359,0.8077365626180215,0.646091668153197,0.9702425509371356,-0.6798579348304215,-0.009816137054176,-0.8831480292057798,0.9972039090469852,-0.5787359118286177,-0.5738091541336192,1.0959875190286648,-1.0959875190286648,-0.5784279906300535,-0.5776581893550843,-0.5765804684883443,1.733900301750437,0
0.553254513397631,-0.1832505306097613,-0.3502038645510472,-1.2258476714090278,0.8077365626180215,-1.5477679860172513,-1.0306701134001208,-1.2938339906320315,1.412812421522078,-0.7415009211192993,-1.002803930999114,-0.5787359118286177,1.7427397119690018,-0.9124191495230388,0.9124191495230392,-0.5784279906300535,-0.5776581893550843,-0.5765804684883443,1.733900301750437,0
0.0255689521370046,0.1028102414941437,-1.7333154938995745,-1.2258476714090278,0.8077365626180215,0.646091668153197,-1.0306701134001208,-1.1180151949911876,1.412812421522078,0.9582643759184664,0.9972039090469852,-0.5787359118286177,-0.5738091541336192,1.0959875190286648,-1.0959875190286648,-0.5784279906300535,1.731127539482183,-0.5765804684883443,-0.5767344287272242,0
1.215448158901162,-0.8507256655188732,0.3413519501232164,-1.2258476714090278,0.8077365626180215,0.646091668153197,0.9702425509371356,1.7278429349082685,-0.721130416342303,-1.3700599632530566,0.9972039090469852,-0.5787359118286177,-0.5738091541336192,-0.9124191495230388,0.9124191495230392,-0.5784279906300535,1.731127539482183,-0.5765804684883443,-0.5767344287272242,0
-1.091882824650204,0.7702853764032556,1.03290776479748,0.4697000789837944,-0.9115834940401768,-1.5477679860172513,0.9702425509371356,-0.5609698582525648,1.412812421522078,0.989249680812384,0.9972039090469852,-0.5787359118286177,-0.5738091541336192,-0.9124191495230388,0.9124191495230392,-0.5784279906300535,-0.5776581893550843,-0.5765804684883443,1.733900301750437,1
-1.8058103487086987,-0.4693113027136664,1.03290776479748,0.5676728336215412,-0.9115834940401768,-1.5477679860172513,0.9702425509371356,1.6890209473546214,-0.009816137054176,0.9981026250677888,-1.002803930999114,1.7279038324066065,-0.5738091541336192,1.0959875190286648,-1.0959875190286648,-0.5784279906300535,-0.5776581893550843,1.7343632929879855,-0.5767344287272242,1
0.4497867562877042,-0.8507256655188732,1.7244635794717436,1.093019023044119,-0.9115834940401768,0.646091668153197,0.9702425509371356,-1.1874035680940702,1.412812421522078,-0.8610156685672673,0.9972039090469852,-0.5787359118286177,-0.5738091541336192,-0.9124191495230388,0.9124191495230392,1.7288236672481017,-0.5776581893550843,-0.5765804684883443,-0.5767344287272242,0
2.063883767202561,0.9609925578058588,-0.0044259572139154,0.7372563132127341,-0.9115834940401768,-1.5477679860172513,0.9702425509371356,-0.7015079363460774,-0.009816137054176,1.0866320676218393,0.9972039090469852,-0.5787359118286177,-0.5738091541336192,-0.9124191495230388,0.9124191495230392,1.7288236672481017,-0.5776581893550843,-0.5765804684883443,-0.5767344287272242,0
1.2982223645891036,-0.1832505306097613,-1.0417596792253108,-1.2258476714090278,-0.9115834940401768,-1.5477679860172513,0.9702425509371356,-1.6002269669265707,-0.009816137054176,1.060073234855624,0.9972039090469852,-0.5787359118286177,-0.5738091541336192,-0.9124191495230388,0.9124191495230392,-0.5784279906300535,-0.5776581893550843,-0.5765804684883443,1.733900301750437,0
1.898335355826679,2.772710781130591,1.378685672134612,0.8603893849148746,0.8077365626180215,-1.5477679860172513,0.9702425509371356,-0.1213411408468468,1.412812421522078,1.2194262314529147,-1.002803930999114,1.7279038324066065,-0.5738091541336192,1.0959875190286648,-1.0959875190286648,-0.5784279906300535,1.731127539482183,-0.5765804684883443,-0.5767344287272242,0
-1.8368506758416767,-0.6600184841162697,-0.0044259572139154,1.1237625437397614,0.8077365626180215,0.646091668153197,0.9702425509371356,-0.4719946885750983,-1.43244469563043,0.0951023110164759,-1.002803930999114,1.7279038324066065,-0.5738091541336192,1.0959875190286648,-1.0959875190286648,-0.5784279906300535,-0.5776581893550843,1.7343632929879855,-0.5767344287272242,0
-0.84356020758638,-0.3739577120123647,-0.695981771888179,0.6488328305567607,-0.9115834940401768,-1.5477679860172513,-1.0306701134001208,-0.0974030946101937,-1.43244469563043,-0.8565891964395648,-1.002803930999114,-0.5787359118286177,1.7427397119690018,-0.9124191495230388,0.9124191495230392,-0.5784279906300535,1.731127539482183,-0.5765804684883443,-0.5767344287272242,0
0.6463754947965651,0.6749317857019538,-0.0044259572139154,-1.2258476714090278,-0.9115834940401768,0.646091668153197,0.9702425509371356,-0.7718737451821053,1.412812421522078,1.5691175295414133,0.9972039090469852,-0.5787359118286177,-0.5738091541336192,-0.9124191495230388,0.9124191495230392,-0.5784279906300535,1.731127539482183,-0.5765804684883443,-0.5767344287272242,0
0.3152786720447995,0.2935174228967471,-0.695981771888179,0.6685561112224149,0.8077365626180215,0.646091668153197,-1.0306701134001208,-1.576093120541275,-0.721130416342303,-1.7153247892138526,-1.002803930999114,1.7279038324066065,-0.5738091541336192,-0.9124191495230388,0.9124191495230392,-0.5784279906300535,-0.5776581893550843,1.7343632929879855,-0.5767344287272242,1
0.3359722234667848,-0.5646648934149681,1.03290776479748,-1.2258476714090278,-0.9115834940401768,-1.5477679860172513,-1.0306701134001208,-0.4612571544911311,0.7014981422339509,-0.1350742396240548,0.9972039090469852,-0.5787359118286177,-0.5738091541336192,-0.9124191495230388,0.9124191495230392,-0.5784279906300535,-0.5776581893550843,1.7343632929879855,-0.5767344287272242,0
-0.0778988049729221,-0.5646648934149681,-0.3502038645510472,-1.2258476714090278,0.8077365626180215,0.646091668153197,0.9702425509371356,0.9199094428751536,-0.721130416342303,0.5023377467651073,0.9972039090469852,-0.5787359118286177,-0.5738091541336192,-0.9124191495230388,0.9124191495230392,-0.5784279906300535,-0.5776581893550843,1.7343632929879855,-0.5767344287272242,0
-0.0675520292619294,-1.23214002832408,1.03290776479748,0.3233268981259178,0.8077365626180215,0.646091668153197,0.9702425509371356,0.6727013218131023,-1.43244469563043,-0.9849568881429376,-1.002803930999114,-0.5787359118286177,1.7427397119690018,-0.9124191495230388,0.9124191495230392,-0.5784279906300535,1.731127539482183,-0.5765804684883443,-0.5767344287272242,0
-1.857544227263662,-1.0414328469214764,-0.0044259572139154,-1.2258476714090278,0.8077365626180215,0.646091668153197,0.9702425509371356,-1.351703889626476,-1.43244469563043,-0.1040889347301372,-1.002803930999114,-0.5787359118286177,1.7427397119690018,1.0959875190286648,-1.0959875190286648,-0.5784279906300535,-0.5776581893550843,1.7343632929879855,-0.5767344287272242,0
-1.060842497517226,0.6749317857019538,-1.3875375865624426,-1.2258476714090278,-0.9115834940401768,0.646091668153197,0.9702425509371356,0.0761433064103442,0.7014981422339509,1.042367346344814,0.9972039090469852,-0.5787359118286177,-0.5738091541336192,1.0959875190286648,-1.0959875190286648,-0.5784279906300535,-0.5776581893550843,-0.5765804684883443,1.733900301750437,1
-1.1436167032051676,0.007456650792842,-0.3502038645510472,0.8140556543780885,-0.9115834940401768,0.646091668153197,0.9702425509371356,-1.459630983460502,-0.009816137054176,-0.1527801281348648,-1.002803930999114,1.7279038324066065,-0.5738091541336192,-0.9124191495230388,0.9124191495230392,1.7288236672481017,-0.5776581893550843,-0.5765804684883443,-0.5767344287272242,0
0.6256819433745797,-0.3739577120123647,1.03290776479748,-1.2258476714090278,-0.9115834940401768,0.646091668153197,0.9702425509371356,-0.5665724204098684,0.7014981422339509,0.7679260744272581,0.9972039090469852,-0.5787359118286177,-0.5738091541336192,1.0959875190286648,-1.0959875190286648,1.7288236672481017,-0.5776581893550843,-0.5765804684883443,-0.5767344287272242,0
-0.9884150675402774,2.200589236922781,1.7244635794717436,0.6144272757650568,-0.9115834940401768,-1.5477679860172513,0.9702425509371356,-1.5936278411352778,-0.009816137054176,-1.3966187960192715,-1.002803930999114,1.7279038324066065,-0.5738091541336192,1.0959875190286648,-1.0959875190286648,-0.5784279906300535,1.731127539482183,-0.5765804684883443,-0.5767344287272242,0
-0.6573182447885119,0.7702853764032556,0.3413519501232164,-0.0874938989326602,-0.9115834940401768,0.646091668153197,-1.0306701134001208,-0.7325608661367895,-1.43244469563043,0.3164259174016017,0.9972039090469852,-0.5787359118286177,-0.5738091541336192,-0.9124191495230388,0.9124191495230392,-0.5784279906300535,-0.5776581893550843,1.7343632929879855,-0.5767344287272242,0
-0.6987053476324826,-1.1367864376227783,-0.3502038645510472,-1.2258476714090278,2.52705661927622,0.646091668153197,-1.0306701134001208,1.0959099535740189,-1.43244469563043,-0.5423096753726862,0.9972039090469852,-0.5787359118286177,-0.5738091541336192,1.0959875190286648,-1.0959875190286648,1.7288236672481017,-0.5776581893550843,-0.5765804684883443,-0.5767344287272242,0
1.443077224543001,-0.1832505306097613,0.3413519501232164,-1.2258476714090278,0.8077365626180215,0.646091668153197,0.9702425509371356,0.3372382834853772,0.7014981422339509,-0.8565891964395648,-1.002803930999114,-0.5787359118286177,1.7427397119690018,-0.9124191495230388,0.9124191495230392,-0.5784279906300535,1.731127539482183,-0.5765804684883443,-0.5767344287272242,0
0.3773593263107555,-0.3739577120123647,-0.695981771888179,-1.2258476714090278,0.8077365626180215,0.646091668153197,0.9702425509371356,1.3278232312309382,-0.721130416342303,-0.4360743443078258,-1.002803930999114,-0.5787359118286177,1.7427397119690018,-0.9124191495230388,0.9124191495230392,-0.5784279906300535,-0.5776581893550843,-0.5765804684883443,1.733900301750437,0
-0.1606730106608635,-0.1832505306097613,1.378685672134612,1.1260996167490296,-0.9115834940401768,-1.5477679860172513,0.9702425509371356,-1.542102840740905,-1.43244469563043,-1.7153247892138526,-1.002803930999114,1.7279038324066065,-0.5738091541336192,1.0959875190286648,-1.0959875190286648,-0.5784279906300535,-0.5776581893550843,-0.5765804684883443,1.733900301750437,0
0.5739480648196164,-1.518200800427985,-0.0044259572139154,-1.2258476714090278,-0.9115834940401768,-1.5477679860172513,-1.0306701134001208,1.1135597893531028,-0.721130416342303,0.0596905339948558,0.9972039090469852,-0.5787359118286177,-0.5738091541336192,1.0959875190286648,-1.0959875190286648,-0.5784279906300535,1.731127539482183,-0.5765804684883443,-0.5767344287272242,1
-0.0572052535509367,-1.0414328469214764,0.6871298574603482,0.6567931749693471,0.8077365626180215,0.646091668153197,0.9702425509371356,-1.1407215783034736,0.7014981422339509,-0.2324566264335101,-1.002803930999114,1.7279038324066065,-0.5738091541336192,-0.9124191495230388,0.9124191495230392,1.7288236672481017,-0.5776581893550843,-0.5765804684883443,-0.5767344287272242,0
1.215448158901162,0.1028102414941437,1.03290776479748,-1.2258476714090278,0.8077365626180215,-1.5477679860172513,0.9702425509371356,-0.539229086152902,1.412812421522078,-1.2062804945280634,0.9972039090469852,-0.5787359118286177,-0.5738091541336192,1.0959875190286648,-1.0959875190286648,-0.5784279906300535,1.731127539482183,-0.5765804684883443,-0.5767344287272242,0
-0.2951810949037682,0.6749317857019538,-0.3502038645510472,0.4902272794282505,0.8077365626180215,0.646091668153197,0.9702425509371356,-1.2016781988241692,-0.009816137054176,-1.3612070189976515,-1.002803930999114,-0.5787359118286177,1.7427397119690018,1.0959875190286648,-1.0959875190286648,-0.5784279906300535,1.731127539482183,-0.5765804684883443,-0.5767344287272242,1
-0.3779553005917097,1.0563461485071606,-0.3502038645510472,0.9715405900573596,-0.9115834940401768,0.646091668153197,-1.0306701134001208,0.4708289341022226,-1.43244469563043,1.555838113158306,0.9972039090469852,-0.5787359118286177,-0.5738091541336192,-0.9124191495230388,0.9124191495230392,1.7288236672481017,-0.5776581893550843,-0.5765804684883443,-0.5767344287272242,1
-0.336568197747739,-0.9460792562201747,1.7244635794717436,0.381913353361549,0.8077365626180215,0.646091668153197,0.9702425509371356,-1.1748634901905368,-1.43244469563043,0.9095731825137386,-1.002803930999114,1.7279038324066065,-0.5738091541336192,1.0959875190286648,-1.0959875190286648,-0.5784279906300535,-0.5776581893550843,-0.5765804684883443,1.733900301750437,0
-0.460729506279651,0.1028102414941437,0.3413519501232164,0.6894219644764022,0.8077365626180215,0.646091668153197,-1.0306701134001208,-0.9270997905539616,-0.009816137054176,-1.2992364092098163,0.9972039090469852,-0.5787359118286177,-0.5738091541336192,-0.9124191495230388,0.9124191495230392,-0.5784279906300535,-0.5776581893550843,-0.5765804684883443,1.733900301750437,0
-0.5538504876785851,0.6749317857019538,-0.3502038645510472,-1.2258476714090278,0.8077365626180215,0.646091668153197,-1.0306701134001208,-0.7203059678458442,1.412812421522078,0.2633082518691715,-1.002803930999114,-0.5787359118286177,1.7427397119690018,1.0959875190286648,-1.0959875190286648,-0.5784279906300535,-0.5776581893550843,-0.5765804684883443,1.733900301750437,1
1.7017466173178175,-1.3274936190253817,1.03290776479748,0.9404031230267306,-0.9115834940401768,0.646091668153197,0.9702425509371356,0.6256703347771001,-0.009816137054176,0.7856319629380683,-1.002803930999114,1.7279038324066065,-0.5738091541336192,1.0959875190286648,-1.0959875190286648,1.7288236672481017,-0.5776581893550843,-0.5765804684883443,-0.5767344287272242,0
1.9397224586706487,-0.3739577120123647,-1.7333154938995745,-1.2258476714090278,0.8077365626180215,-1.5477679860172513,0.9702425509371356,1.6904833623191742,-1.43244469563043,-0.4626331770740409,-1.002803930999114,-0.5787359118286177,1.7427397119690018,-0.9124191495230388,0.9124191495230392,-0.5784279906300535,-0.5776581893550843,-0.5765804684883443,1.733900301750437,0
-0.1813665620828488,-0.3739577120123647,-0.695981771888179,-1.2258476714090278,0.8077365626180215,0.646091668153197,0.9702425509371356,-1.1101221536527797,-0.721130416342303,-1.0203686651645578,0.9972039090469852,-0.5787359118286177,-0.5738091541336192,-0.9124191495230388,0.9124191495230392,-0.5784279906300535,1.731127539482183,-0.5765804684883443,-0.5767344287272242,0
0.108343157824946,0.1981638321954454,-1.3875375865624426,-1.2258476714090278,0.8077365626180215,-1.5477679860172513,0.9702425509371356,0.5427183671855048,-1.43244469563043,0.285440612507684,0.9972039090469852,-0.5787359118286177,-0.5738091541336192,1.0959875190286648,-1.0959875190286648,-0.5784279906300535,-0.5776581893550843,1.7343632929879855,-0.5767344287272242,0
1.2257949346121548,0.007456650792842,1.378685672134612,-1.2258476714090278,-0.9115834940401768,0.646091668153197,0.9702425509371356,-0.91061762617642,-0.009816137054176,1.0822055954941368,-1.002803930999114,-0.5787359118286177,1.7427397119690018,-0.9124191495230388,0.9124191495230392,-0.5784279906300535,-0.5776581893550843,1.7343632929879855,-0.5767344287272242,0
-1.1953505817601309,0.4842246042993504,-1.0417596792253108,0.6081000937420221,-0.9115834940401768,0.646091668153197,0.9702425509371356,0.6301777376660624,-1.43244469563043,1.5115733918812806,0.9972039090469852,-0.5787359118286177,-0.5738091541336192,1.0959875190286648,-1.0959875190286648,-0.5784279906300535,-0.5776581893550843,1.7343632929879855,-0.5767344287272242,0
-0.99876184325127,1.4377605113123673,0.3413519501232164,0.5171805491572087,-0.9115834940401768,0.646091668153197,-1.0306701134001208,-1.029010116232401,-1.43244469563043,-0.8477362521841597,-1.002803930999114,1.7279038324066065,-0.5738091541336192,1.0959875190286648,-1.0959875190286648,1.7288236672481017,-0.5776581893550843,-0.5765804684883443,-0.5767344287272242,1
1.09128685036925,-0.4693113027136664,-1.0417596792253108,1.1493813963877175,-0.9115834940401768,-1.5477679860172513,-1.0306701134001208,1.643160413960285,-0.009816137054176,1.0822055954941368,-1.002803930999114,1.7279038324066065,-0.5738091541336192,1.0959875190286648,-1.0959875190286648,-0.5784279906300535,-0.5776581893550843,-0.5765804684883443,1.733900301750437,0
0.1497302606689167,-0.6600184841162697,-1.3875375865624426,0.8925942573934348,-0.9115834940401768,-1.5477679860172513,-1.0306701134001208,-1.5341355483692196,-1.43244469563043,-1.4718688221902143,-1.002803930999114,1.7279038324066065,-0.5738091541336192,-0.9124191495230388,0.9124191495230392,-0.5784279906300535,1.731127539482183,-0.5765804684883443,-0.5767344287272242,0
1.2878755888781108,3.344832325338401,-1.7333154938995745,1.36047092079459,-0.9115834940401768,0.646091668153197,0.9702425509371356,0.6047840581751559,1.412812421522078,-1.2593981600604935,-1.002803930999114,1.7279038324066065,-0.5738091541336192,1.0959875190286648,-1.0959875190286648,-0.5784279906300535,-0.5776581893550843,1.7343632929879855,-0.5767344287272242,0
1.567238533074913,0.1981638321954454,-0.0044259572139154,-1.2258476714090278,0.8077365626180215,0.646091668153197,0.9702425509371356,0.6005475759181526,-0.721130416342303,-1.1398834126125257,-1.002803930999114,-0.5787359118286177,1.7427397119690018,-0.9124191495230388,0.9124191495230392,-0.5784279906300535,-0.5776581893550843,1.7343632929879855,-0.5767344287272242,0
1.5155046545199495,-0.8507256655188732,1.7244635794717436,-0.1133509144177977,-0.9115834940401768,0.646091668153197,0.9702425509371356,-0.4425964960974281,0.7014981422339509,1.1043379561326494,0.9972039090469852,-0.5787359118286177,-0.5738091541336192,-0.9124191495230388,0.9124191495230392,-0.5784279906300535,1.731127539482183,-0.5765804684883443,-0.5767344287272242,0
-0.905640861852336,-0.278604121311063,-0.3502038645510472,1.0769348577089028,0.8077365626180215,0.646091668153197,0.9702425509371356,-0.6357253464423581,-1.43244469563043,0.5687348286806451,-1.002803930999114,-0.5787359118286177,1.7427397119690018,1.0959875190286648,-1.0959875190286648,-0.5784279906300535,1.731127539482183,-0.5765804684883443,-0.5767344287272242,0
1.1637142803461988,-1.518200800427985,-1.0417596792253108,-1.2258476714090278,0.8077365626180215,0.646091668153197,-1.0306701134001208,0.937158462186545,0.7014981422339509,-0.3386919574983705,0.9972039090469852,-0.5787359118286177,-0.5738091541336192,1.0959875190286648,-1.0959875190286648,1.7288236672481017,-0.5776581893550843,-0.5765804684883443,-0.5767344287272242,0
-0.7297456747654606,2.4866500090266856,1.378685672134612,0.4859158268824867,2.52705661927622,0.646091668153197,-1.0306701134001208,0.1356420331066866,-0.009816137054176,1.5204263361366857,0.9972039090469852,-0.5787359118286177,-0.5738091541336192,1.0959875190286648,-1.0959875190286648,-0.5784279906300535,1.731127539482183,-0.5765804684883443,-0.5767344287272242,1
-1.702342591598772,2.2959428276240823,1.378685672134612,0.3289285329323184,-0.9115834940401768,0.646091668153197,0.9702425509371356,-0.2606479037960078,-1.43244469563043,-0.1395007117517573,0.9972039090469852,-0.5787359118286177,-0.5738091541336192,-0.9124191495230388,0.9124191495230392,-0.5784279906300535,1.731127539482183,-0.5765804684883443,-0.5767344287272242,0
-1.3402054417140283,0.9609925578058588,-1.0417596792253108,0.8247979843410027,-0.9115834940401768,0.646091668153197,0.9702425509371356,1.437633901628108,-0.721130416342303,-0.0465447970700045,-1.002803930999114,1.7279038324066065,-0.5738091541336192,1.0959875190286648,-1.0959875190286648,-0.5784279906300535,1.731127539482183,-0.5765804684883443,-0.5767344287272242,0
1.9604160100926349,0.3888710135980487,0.6871298574603482,-1.2258476714090278,0.8077365626180215,0.646091668153197,-1.0306701134001208,-0.1596534567879965,-0.721130416342303,0.1703523371874186,0.9972039090469852,-0.5787359118286177,-0.5738091541336192,1.0959875190286648,-1.0959875190286648,-0.5784279906300535,-0.5776581893550843,-0.5765804684883443,1.733900301750437,0
-0.6469714690775192,0.8656389671045572,-1.3875375865624426,1.07050975005093,0.8077365626180215,0.646091668153197,-1.0306701134001208,-1.1913107026765355,-0.721130416342303,1.3610733395393952,-1.002803930999114,1.7279038324066065,-0.5738091541336192,1.0959875190286648,-1.0959875190286648,-0.5784279906300535,-0.5776581893550843,1.7343632929879855,-0.5767344287272242,1
1.24648848603414,0.007456650792842,-0.0044259572139154,-1.2258476714090278,0.8077365626180215,0.646091668153197,-1.0306701134001208,-0.0664190252625213,-1.43244469563043,-1.356780546869949,0.9972039090469852,-0.5787359118286177,-0.5738091541336192,-0.9124191495230388,0.9124191495230392,1.7288236672481017,-0.5776581893550843,-0.5765804684883443,-0.5767344287272242,0
-0.4710762819906437,0.3888710135980487,1.03290776479748,0.7829709165355027,0.8077365626180215,0.646091668153197,-1.0306701134001208,-1.3236526491482616,-0.721130416342303,1.7328969982664064,-1.002803930999114,1.7279038324066065,-0.5738091541336192,1.0959875190286648,-1.0959875190286648,-0.5784279906300535,-0.5776581893550843,-0.5765804684883443,1.733900301750437,0
1.691399841606825,0.8656389671045572,1.378685672134612,0.9634049090741972,-0.9115834940401768,0.646091668153197,0.9702425509371356,1.4902662335913592,-0.009816137054176,1.454029254221148,0.9972039090469852,-0.5787359118286177,-0.5738091541336192,-0.9124191495230388,0.9124191495230392,-0.5784279906300535,1.731127539482183,-0.5765804684883443,-0.5767344287272242,0
0.93608521470436,-0.278604121311063,-0.695981771888179,-1.2258476714090278,0.8077365626180215,0.646091668153197,0.9702425509371356,-0.1788530003154864,-1.43244469563043,1.29910272975156,0.9972039090469852,-0.5787359118286177,-0.5738091541336192,1.0959875190286648,-1.0959875190286648,-0.5784279906300535,-0.5776581893550843,-0.5765804684883443,1.733900301750437,0
-0.6055843662335485,-1.0414328469214764,-0.0044259572139154,0.973436597031687,-0.9115834940401768,-1.5477679860172513,-1.0306701134001208,-1.0517156300946484,0.7014981422339509,-1.436457045168594,0.9972039090469852,-0.5787359118286177,-0.5738091541336192,-0.9124191495230388,0.9124191495230392,1.7288236672481017,-0.5776581893550843,-0.5765804684883443,-0.5767344287272242,0
-0.6573182447885119,1.533114102013669,1.378685672134612,-1.2258476714090278,-0.9115834940401768,0.646091668153197,-1.0306701134001208,-0.6172603143072903,-1.43244469563043,1.3699262837948,0.9972039090469852,-0.5787359118286177,-0.5738091541336192,-0.9124191495230388,0.9124191495230392,-0.5784279906300535,1.731127539482183,-0.5765804684883443,-0.5767344287272242,0
-1.0504957218062334,0.5795781950006521,0.3413519501232164,0.7653752345667374,-0.9115834940401768,0.646091668153197,0.9702425509371356,0.8048024306241975,0.7014981422339509,-0.9805304160152352,-1.002803930999114,1.7279038324066065,-0.5738091541336192,-0.9124191495230388,0.9124191495230392,1.7288236672481017,-0.5776581893550843,-0.5765804684883443,-0.5767344287272242,0
1.505157878808957,1.1516997392084622,0.3413519501232164,-1.2258476714090278,0.8077365626180215,-1.5477679860172513,0.9702425509371356,1.645747897274499,-1.43244469563043,0.8741614054921185,0.9972039090469852,-0.5787359118286177,-0.5738091541336192,-0.9124191495230388,0.9124191495230392,-0.5784279906300535,-0.5776581893550843,1.7343632929879855,-0.5767344287272242,0
-0.4400359548576657,-1.1367864376227783,-0.3502038645510472,1.2315103923226651,-0.9115834940401768,0.646091668153197,0.9702425509371356,1.7365193507312553,-0.009816137054176,0.7590731301718532,-1.002803930999114,-0.5787359118286177,1.7427397119690018,-0.9124191495230388,0.9124191495230392,-0.5784279906300535,-0.5776581893550843,-0.5765804684883443,1.733900301750437,0
0.2945851206228141,1.247053329909764,1.378685672134612,0.9517557652938068,0.8077365626180215,-1.5477679860172513,-1.0306701134001208,-0.8007916534585751,-0.721130416342303,-0.4272214000524208,-1.002803930999114,1.7279038324066065,-0.5738091541336192,-0.9124191495230388,0.9124191495230392,-0.5784279906300535,1.731127539482183,-0.5765804684883443,-0.5767344287272242,0
-1.1643102546271529,2.772710781130591,1.378685672134612,-1.2258476714090278,0.8077365626180215,0.646091668153197,-1.0306701134001208,0.1799806811538455,-0.009816137054176,-1.5692512089996695,-1.002803930999114,-0.5787359118286177,1.7427397119690018,-0.9124191495230388,0.9124191495230392,-0.5784279906300535,-0.5776581893550843,-0.5765804684883443,1.733900301750437,1
0.0979963821139533,-0.7553720748175714,0.3413519501232164,1.536034595502696,-0.9115834940401768,-1.5477679860172513,0.9702425509371356,-0.950341233419866,0.7014981422339509,-1.6976189007030424,0.9972039090469852,-0.5787359118286177,-0.5738091541336192,1.0959875190286648,-1.0959875190286648,-0.5784279906300535,-0.5776581893550843,1.7343632929879855,-0.5767344287272242,0
0.8222706818834405,-1.1367864376227783,-0.0044259572139154,-1.2258476714090278,0.8077365626180215,0.646091668153197,0.9702425509371356,0.2780795117540408,-0.009816137054176,-0.5600155638834963,0.9972039090469852,-0.5787359118286177,-0.5738091541336192,-0.9124191495230388,0.9124191495230392,-0.5784279906300535,1.731127539482183,-0.5765804684883443,-0.5767344287272242,0
0.1600770363799093,0.1028102414941437,-1.0417596792253108,-1.2258476714090278,0.8077365626180215,-1.5477679860172513,-1.0306701134001208,-1.1080092161695123,-0.721130416342303,1.2061468150698071,0.9972039090469852,-0.5787359118286177,-0.5738091541336192,1.0959875190286648,-1.0959875190286648,-0.5784279906300535,-0.5776581893550843,-0.5765804684883443,1.733900301750437,0
0.3463189991777775,1.914528464818876,1.378685672134612,0.7370098162789627,-0.9115834940401768,-1.5477679860172513,0.9702425509371356,-1.4656001057539862,-0.009816137054176,-0.0067065479206819,-1.002803930999114,1.7279038324066065,-0.5738091541336192,-0.9124191495230388,0.9124191495230392,-0.5784279906300535,-0.5776581893550843,1.7343632929879855,-0.5767344287272242,0
1.0395529718142866,-0.9460792562201747,1.7244635794717436,1.141959402560657,-0.9115834940401768,-1.5477679860172513,0.9702425509371356,-0.0893615512052307,0.7014981422339509,-1.365633491125354,0.9972039090469852,-0.5787359118286177,-0.5738091541336192,-0.9124191495230388,0.9124191495230392,-0.5784279906300535,-0.5776581893550843,1.7343632929879855,-0.5767344287272242,0
1.474117551675979,-0.0878969399084596,1.378685672134612,-1.2258476714090278,0.8077365626180215,0.646091668153197,-1.0306701134001208,-0.206324317618102,-1.43244469563043,0.3695435829340318,-1.002803930999114,-0.5787359118286177,1.7427397119690018,-0.9124191495230388,0.9124191495230392,-0.5784279906300535,-0.5776581893550843,-0.5765804684883443,1.733900301750437,0
0.0462625035589899,-0.3739577120123647,-1.3875375865624426,0.4795173242251684,-0.9115834940401768,0.646091668153197,0.9702425509371356,-0.2989167472352386,-0.009816137054176,-0.1173683511132447,-1.002803930999114,-0.5787359118286177,1.7427397119690018,1.0959875190286648,-1.0959875190286648,1.7288236672481017,-0.5776581893550843,-0.5765804684883443,-0.5767344287272242,0
-1.0711892732282189,0.1981638321954454,-0.695981771888179,1.1973119077770165,-0.9115834940401768,0.646091668153197,-1.0306701134001208,1.3077511076449315,-0.721130416342303,1.4982939754981732,-1.002803930999114,1.7279038324066065,-0.5738091541336192,-0.9124191495230388,0.9124191495230392,-0.5784279906300535,-0.5776581893550843,-0.5765804684883443,1.733900301750437,1
2.063883767202561,-0.0878969399084596,-1.3875375865624426,1.1196232223428082,-0.9115834940401768,-1.5477679860172513,0.9702425509371356,0.0662846124251701,0.7014981422339509,1.6222351950738436,-1.002803930999114,-0.5787359118286177,1.7427397119690018,-0.9124191495230388,0.9124191495230392,-0.5784279906300535,1.731127539482183,-0.5765804684883443,-0.5767344287272242,0
0.170423812090902,-0.4693113027136664,-0.0044259572139154,-1.2258476714090278,0.8077365626180215,0.646091668153197,0.9702425509371356,0.0490089879426042,0.7014981422339509,1.418617477199528,0.9972039090469852,-0.5787359118286177,-0.5738091541336192,-0.9124191495230388,0.9124191495230392,-0.5784279906300535,-0.5776581893550843,1.7343632929879855,-0.5767344287272242,0
0.2635447934898361,-1.1367864376227783,-0.3502038645510472,-1.2258476714090278,-0.9115834940401768,-1.5477679860172513,0.9702425509371356,0.1367719703765632,-1.43244469563043,-0.5157508426064711,-1.002803930999114,-0.5787359118286177,1.7427397119690018,-0.9124191495230388,0.9124191495230392,-0.5784279906300535,-0.5776581893550843,1.7343632929879855,-0.5767344287272242,0
0.2945851206228141,1.0563461485071606,0.3413519501232164,0.8993209952395461,0.8077365626180215,0.646091668153197,0.9702425509371356,1.4594195373497507,-0.721130416342303,1.7417499425218117,-1.002803930999114,1.7279038324066065,-0.5738091541336192,1.0959875190286648,-1.0959875190286648,-0.5784279906300535,-0.5776581893550843,-0.5765804684883443,1.733900301750437,0
-1.671302264465794,0.1028102414941437,-0.695981771888179,2.3246826231158764,-0.9115834940401768,0.646091668153197,-1.0306701134001208,1.2481275279230777,1.412812421522078,0.130514088038096,-1.002803930999114,-0.5787359118286177,1.7427397119690018,-0.9124191495230388,0.9124191495230392,1.7288236672481017,-0.5776581893550843,-0.5765804684883443,-0.5767344287272242,0
-0.2951810949037682,1.914528464818876,-0.0044259572139154,0.6874745104827373,-0.9115834940401768,0.646091668153197,0.9702425509371356,-0.6896618534631778,-1.43244469563043,0.1924846978259312,0.9972039090469852,-0.5787359118286177,-0.5738091541336192,-0.9124191495230388,0.9124191495230392,-0.5784279906300535,-0.5776581893550843,1.7343632929879855,-0.5767344287272242,0
-0.3572617491697243,0.007456650792842,-1.0417596792253108,0.7247207100430787,0.8077365626180215,0.646091668153197,-1.0306701134001208,-0.7744007147736486,0.7014981422339509,-1.1531628289956333,-1.002803930999114,1.7279038324066065,-0.5738091541336192,-0.9124191495230388,0.9124191495230392,-0.5784279906300535,-0.5776581893550843,1.7343632929879855,-0.5767344287272242,0
0.8740045604384039,0.3888710135980487,1.378685672134612,0.822527584104458,-0.9115834940401768,0.646091668153197,0.9702425509371356,-0.4698621015209635,-0.721130416342303,1.2769703691130474,0.9972039090469852,-0.5787359118286177,-0.5738091541336192,-0.9124191495230388,0.9124191495230392,-0.5784279906300535,1.731127539482183,-0.5765804684883443,-0.5767344287272242,0
-0.4814230577016364,-1.23214002832408,-0.695981771888179,-1.2258476714090278,0.8077365626180215,0.646091668153197,-1.0306701134001208,0.9591491142272376,0.7014981422339509,0.3208523895293041,-1.002803930999114,-0.5787359118286177,1.7427397119690018,1.0959875190286648,-1.0959875190286648,-0.5784279906300535,-0.5776581893550843,-0.5765804684883443,1.733900301750437,0
-0.6573182447885119,0.5795781950006521,0.3413519501232164,-1.2258476714090278,-0.9115834940401768,-1.5477679860172513,-1.0306701134001208,1.018901024774756,-0.009816137054176,0.5554554122975375,-1.002803930999114,-0.5787359118286177,1.7427397119690018,-0.9124191495230388,0.9124191495230392,-0.5784279906300535,-0.5776581893550843,1.7343632929879855,-0.5767344287272242,0
0.1497302606689167,2.2959428276240823,0.6871298574603482,0.4484976564444235,-0.9115834940401768,0.646091668153197,0.9702425509371356,-1.3028687937608383,-0.721130416342303,1.480588086987363,-1.002803930999114,1.7279038324066065,-0.5738091541336192,-0.9124191495230388,0.9124191495230392,-0.5784279906300535,-0.5776581893550843,1.7343632929879855,-0.5767344287272242,1
-2.2610684799923764,-1.1367864376227783,0.3413519501232164,-0.2267207522353137,0.8077365626180215,-1.5477679860172513,-1.0306701134001208,-0.8036425801344184,-1.43244469563043,-0.3741037345199906,0.9972039090469852,-0.5787359118286177,-0.5738091541336192,1.0959875190286648,-1.0959875190286648,-0.5784279906300535,1.731127539482183,-0.5765804684883443,-0.5767344287272242,0
1.0188594203923014,0.7702853764032556,1.378685672134612,0.5374987561025506,-0.9115834940401768,-1.5477679860172513,0.9702425509371356,0.6184406838179753,-0.009816137054176,0.121661143782691,-1.002803930999114,1.7279038324066065,-0.5738091541336192,-0.9124191495230388,0.9124191495230392,-0.5784279906300535,1.731127539482183,-0.5765804684883443,-0.5767344287272242,1
-2.033439414350537,0.8656389671045572,-0.0044259572139154,1.0954833512974802,-0.9115834940401768,0.646091668153197,0.9702425509371356,-0.1206530580864739,-0.721130416342303,-1.246118743677386,-1.002803930999114,-0.5787359118286177,1.7427397119690018,1.0959875190286648,-1.0959875190286648,1.7288236672481017,-0.5776581893550843,-0.5765804684883443,-0.5767344287272242,0
1.0498997475252794,0.9609925578058588,-1.0417596792253108,0.0347459819945073,-0.9115834940401768,0.646091668153197,-1.0306701134001208,-1.6065982968078083,-0.721130416342303,1.693058749117084,0.9972039090469852,-0.5787359118286177,-0.5738091541336192,-0.9124191495230388,0.9124191495230392,-0.5784279906300535,-0.5776581893550843,-0.5765804684883443,1.733900301750437,0
-0.6055843662335485,1.533114102013669,1.03290776479748,0.1500063775693493,0.8077365626180215,0.646091668153197,0.9702425509371356,0.5012932462169524,-0.721130416342303,-0.188191905156485,-1.002803930999114,-0.5787359118286177,1.7427397119690018,-0.9124191495230388,0.9124191495230392,-0.5784279906300535,-0.5776581893550843,1.7343632929879855,-0.5767344287272242,0
-1.1332699274941749,-0.1832505306097613,1.378685672134612,0.6755591564247174,-0.9115834940401768,0.646091668153197,0.9702425509371356,-0.4614832115011095,-0.721130416342303,0.7280878252779356,0.9972039090469852,-0.5787359118286177,-0.5738091541336192,-0.9124191495230388,0.9124191495230392,-0.5784279906300535,1.731127539482183,-0.5765804684883443,-0.5767344287272242,0
-0.1917133377938415,-1.1367864376227783,-0.695981771888179,0.4950762812040982,-0.9115834940401768,0.646091668153197,0.9702425509371356,-0.6501201351677608,-0.721130416342303,0.0906758388887734,0.9972039090469852,-0.5787359118286177,-0.5738091541336192,1.0959875190286648,-1.0959875190286648,-0.5784279906300535,-0.5776581893550843,1.7343632929879855,-0.5767344287272242,0
0.3877061020217482,0.5795781950006521,1.378685672134612,0.4313532978602488,-0.9115834940401768,-1.5477679860172513,-1.0306701134001208,0.5178564433380708,-1.43244469563043,0.1128081995272859,-1.002803930999114,1.7279038324066065,-0.5738091541336192,-0.9124191495230388,0.9124191495230392,-0.5784279906300535,-0.5776581893550843,1.7343632929879855,-0.5767344287272242,0
-1.702342591598772,-0.1832505306097613,-1.3875375865624426,0.3999101938642737,-0.9115834940401768,-1.5477679860172513,-1.0306701134001208,-0.8472908848511048,-0.009816137054176,-0.4183684557970157,-1.002803930999114,1.7279038324066065,-0.5738091541336192,-0.9124191495230388,0.9124191495230392,-0.5784279906300535,-0.5776581893550843,1.7343632929879855,-0.5767344287272242,0
1.24648848603414,2.677357190429289,1.03290776479748,-1.2258476714090278,0.8077365626180215,0.646091668153197,0.9702425509371356,-0.8498081166022182,-1.43244469563043,-1.126603996229418,-1.002803930999114,-0.5787359118286177,1.7427397119690018,1.0959875190286648,-1.0959875190286648,-0.5784279906300535,1.731127539482183,-0.5765804684883443,-0.5767344287272242,0
-0.1606730106608635,0.6749317857019538,1.03290776479748,-1.2258476714090278,0.8077365626180215,0.646091668153197,0.9702425509371356,-0.6842759582554381,-1.43244469563043,0.1260876159103935,-1.002803930999114,-0.5787359118286177,1.7427397119690018,-0.9124191495230388,0.9124191495230392,-0.5784279906300535,1.731127539482183,-0.5765804684883443,-0.5767344287272242,0
0.905044887571382,-0.1832505306097613,0.6871298574603482,1.0331880628080103,0.8077365626180215,0.646091668153197,-1.0306701134001208,1.656193470035579,1.412812421522078,1.144176205281972,-1.002803930999114,1.7279038324066065,-0.5738091541336192,-0.9124191495230388,0.9124191495230392,-0.5784279906300535,-0.5776581893550843,-0.5765804684883443,1.733900301750437,0
1.09128685036925,-0.9460792562201747,-1.0417596792253108,0.6559302754300589,0.8077365626180215,0.646091668153197,-1.0306701134001208,-1.655455998374444,-1.43244469563043,-0.1837654330287825,-1.002803930999114,-0.5787359118286177,1.7427397119690018,-0.9124191495230388,0.9124191495230392,1.7288236672481017,-0.5776581893550843,-0.5765804684883443,-0.5767344287272242,0
1.3809965702770448,0.2935174228967471,-1.0417596792253108,0.5219412415634151,0.8077365626180215,0.646091668153197,-1.0306701134001208,-1.6290135882472454,1.412812421522078,1.6753528606062738,-1.002803930999114,-0.5787359118286177,1.7427397119690018,1.0959875190286648,-1.0959875190286648,-0.5784279906300535,1.731127539482183,-0.5765804684883443,-0.5767344287272242,0
-0.2641407677707902,-0.1832505306097613,-1.3875375865624426,1.6120603081249325,0.8077365626180215,0.646091668153197,0.9702425509371356,-0.069585562302296,1.412812421522078,-0.7105156162253817,0.9972039090469852,-0.5787359118286177,-0.5738091541336192,-0.9124191495230388,0.9124191495230392,-0.5784279906300535,1.731127539482183,-0.5765804684883443,-0.5767344287272242,0
0.5636012891086236,0.1981638321954454,-0.3502038645510472,-0.0678467470339381,0.8077365626180215,0.646091668153197,0.9702425509371356,0.7377182740130255,-0.721130416342303,0.4580730254880821,-1.002803930999114,1.7279038324066065,-0.5738091541336192,-0.9124191495230388,0.9124191495230392,-0.5784279906300535,1.731127539482183,-0.5765804684883443,-0.5767344287272242,0
0.3566657748887701,-0.3739577120123647,-0.3502038645510472,0.9850681109923672,-0.9115834940401768,0.646091668153197,-1.0306701134001208,0.2356105290694111,-1.43244469563043,-0.8964274455888874,-1.002803930999114,-0.5787359118286177,1.7427397119690018,-0.9124191495230388,0.9124191495230392,-0.5784279906300535,-0.5776581893550843,1.7343632929879855,-0.5767344287272242,0
-0.5538504876785851,3.1541251439357976,0.3413519501232164,0.7771913808211136,0.8077365626180215,0.646091668153197,0.9702425509371356,-1.61623423769315,-0.721130416342303,-1.0292216094199629,-1.002803930999114,1.7279038324066065,-0.5738091541336192,1.0959875190286648,-1.0959875190286648,-0.5784279906300535,-0.5776581893550843,1.7343632929879855,-0.5767344287272242,0
0.139383484957924,1.7238212834162725,0.3413519501232164,-1.2258476714090278,0.8077365626180215,0.646091668153197,0.9702425509371356,-1.4743465992500664,1.412812421522078,-0.188191905156485,0.9972039090469852,-0.5787359118286177,-0.5738091541336192,-0.9124191495230388,0.9124191495230392,-0.5784279906300535,-0.5776581893550843,-0.5765804684883443,1.733900301750437,0
-0.0882455806839148,0.1028102414941437,0.6871298574603482,-1.2258476714090278,0.8077365626180215,0.646091668153197,-1.0306701134001208,-1.5541840229141823,0.7014981422339509,0.4934848025097023,0.9972039090469852,-0.5787359118286177,-0.5738091541336192,1.0959875190286648,-1.0959875190286648,-0.5784279906300535,-0.5776581893550843,1.7343632929879855,-0.5767344287272242,0
-0.5124633848346144,0.2935174228967471,-1.3875375865624426,0.3527539521024455,-0.9115834940401768,0.646091668153197,-1.0306701134001208,-1.044652565762877,-0.721130416342303,-1.6887659564476376,-1.002803930999114,1.7279038324066065,-0.5738091541336192,-0.9124191495230388,0.9124191495230392,1.7288236672481017,-0.5776581893550843,-0.5765804684883443,-0.5767344287272242,1
-0.3572617491697243,0.3888710135980487,-0.695981771888179,0.7113037761589829,-0.9115834940401768,0.646091668153197,-1.0306701134001208,-1.4142182168359303,0.7014981422339509,-0.9761039438875326,-1.002803930999114,-0.5787359118286177,1.7427397119690018,1.0959875190286648,-1.0959875190286648,1.7288236672481017,-0.5776581893550843,-0.5765804684883443,-0.5767344287272242,1
-0.398648852013695,0.1981638321954454,-0.0044259572139154,-1.2258476714090278,2.52705661927622,-1.5477679860172513,-1.0306701134001208,0.8897252675627892,0.7014981422339509,-1.2372657994219811,0.9972039090469852,-0.5787359118286177,-0.5738091541336192,-0.9124191495230388,0.9124191495230392,1.7288236672481017,-0.5776581893550843,-0.5765804684883443,-0.5767344287272242,0
0.4911738591316749,0.7702853764032556,-0.0044259572139154,1.27863345796922,0.8077365626180215,-1.5477679860172513,-1.0306701134001208,-1.7221123855667335,-1.43244469563043,0.1039552552718809,0.9972039090469852,-0.5787359118286177,-0.5738091541336192,-0.9124191495230388,0.9124191495230392,-0.5784279906300535,-0.5776581893550843,-0.5765804684883443,1.733900301750437,0
-1.319511890292043,-0.3739577120123647,1.03290776479748,0.9984387265319504,-0.9115834940401768,0.646091668153197,0.9702425509371356,1.495952958512378,0.7014981422339509,-1.5825306253827771,-1.002803930999114,1.7279038324066065,-0.5738091541336192,-0.9124191495230388,0.9124191495230392,1.7288236672481017,-0.5776581893550843,-0.5765804684883443,-0.5767344287272242,0
0.1807705878018947,-0.4693113027136664,-0.0044259572139154,0.0602055251807156,0.8077365626180215,-1.5477679860172513,-1.0306701134001208,-0.7531049272036281,-0.009816137054176,1.1751615101758894,-1.002803930999114,1.7279038324066065,-0.5738091541336192,-0.9124191495230388,0.9124191495230392,-0.5784279906300535,1.731127539482183,-0.5765804684883443,-0.5767344287272242,0
-0.6676650204995045,-0.5646648934149681,0.6871298574603482,-1.2258476714090278,0.8077365626180215,0.646091668153197,0.9702425509371356,1.185428355635464,0.7014981422339509,-0.2324566264335101,-1.002803930999114,-0.5787359118286177,1.7427397119690018,1.0959875190286648,-1.0959875190286648,-0.5784279906300535,-0.5776581893550843,-0.5765804684883443,1.733900301750437,0
-0.6366246933665265,0.8656389671045572,-0.0044259572139154,0.7953568265087065,-0.9115834940401768,-1.5477679860172513,0.9702425509371356,0.588981977617634,-0.721130416342303,-1.5825306253827771,-1.002803930999114,1.7279038324066065,-0.5738091541336192,-0.9124191495230388,0.9124191495230392,-0.5784279906300535,1.731127539482183,-0.5765804684883443,-0.5767344287272242,0
-2.074826517194508,-1.3274936190253817,1.378685672134612,-0.0360399879386604,0.8077365626180215,-1.5477679860172513,0.9702425509371356,1.6584430850648797,-0.009816137054176,-0.2634419313274277,-1.002803930999114,-0.5787359118286177,1.7427397119690018,-0.9124191495230388,0.9124191495230392,-0.5784279906300535,-0.5776581893550843,-0.5765804684883443,1.733900301750437,0
2.063883767202561,0.5795781950006521,-0.3502038645510472,0.6068177647647108,0.8077365626180215,0.646091668153197,0.9702425509371356,0.1564801421765046,0.7014981422339509,0.6085730778299676,-1.002803930999114,-0.5787359118286177,1.7427397119690018,1.0959875190286648,-1.0959875190286648,-0.5784279906300535,-0.5776581893550843,-0.5765804684883443,1.733900301750437,0
-1.7747700215757207,-1.422847209726683,0.3413519501232164,0.4992777877833032,0.8077365626180215,-1.5477679860172513,0.9702425509371356,1.2070677498606517,1.412812421522078,-0.6662508949483567,-1.002803930999114,1.7279038324066065,-0.5738091541336192,-0.9124191495230388,0.9124191495230392,-0.5784279906300535,-0.5776581893550843,1.7343632929879855,-0.5767344287272242,0
-1.4333264231129623,0.1028102414941437,-0.0044259572139154,-1.2258476714090278,0.8077365626180215,0.646091668153197,0.9702425509371356,0.8062860601696863,-0.009816137054176,-0.7592068096301094,0.9972039090469852,-0.5787359118286177,-0.5738091541336192,-0.9124191495230388,0.9124191495230392,1.7288236672481017,-0.5776581893550843,-0.5765804684883443,-0.5767344287272242,0
-0.5952375905225558,-0.7553720748175714,1.378685672134612,-1.2258476714090278,0.8077365626180215,-1.5477679860172513,0.9702425509371356,-1.384131072147849,-0.721130416342303,-0.1704860166456749,0.9972039090469852,-0.5787359118286177,-0.5738091541336192,-0.9124191495230388,0.9124191495230392,1.7288236672481017,-0.5776581893550843,-0.5765804684883443,-0.5767344287272242,0
1.887988580115686,1.914528464818876,-1.3875375865624426,0.8713730831367351,-0.9115834940401768,0.646091668153197,0.9702425509371356,-1.2062353342553265,-0.721130416342303,-0.4537802328186359,-1.002803930999114,1.7279038324066065,-0.5738091541336192,-0.9124191495230388,0.9124191495230392,-0.5784279906300535,-0.5776581893550843,-0.5765804684883443,1.733900301750437,1
0.8326174575944332,-0.1832505306097613,-0.695981771888179,0.6474093027506763,-0.9115834940401768,-1.5477679860172513,-1.0306701134001208,1.2629302626064878,1.412812421522078,0.7767790186826632,-1.002803930999114,1.7279038324066065,-0.5738091541336192,-0.9124191495230388,0.9124191495230392,-0.5784279906300535,-0.5776581893550843,-0.5765804684883443,1.733900301750437,1
1.6707062901848395,0.4842246042993504,-0.3502038645510472,0.6180575761856393,0.8077365626180215,0.646091668153197,-1.0306701134001208,1.1293837800515922,-0.721130416342303,-1.6976189007030424,0.9972039090469852,-0.5787359118286177,-0.5738091541336192,-0.9124191495230388,0.9124191495230392,1.7288236672481017,-0.5776581893550843,-0.5765804684883443,-0.5767344287272242,0
0.4394399805767116,0.007456650792842,-1.7333154938995745,-1.2258476714090278,0.8077365626180215,-1.5477679860172513,-1.0306701134001208,-0.3162822728517728,-1.43244469563043,-0.6928097277145717,-1.002803930999114,-0.5787359118286177,1.7427397119690018,1.0959875190286648,-1.0959875190286648,-0.5784279906300535,-0.5776581893550843,-0.5765804684883443,1.733900301750437,0
1.2568352617451328,0.7702853764032556,1.378685672134612,1.2158344374492929,-0.9115834940401768,-1.5477679860172513,0.9702425509371356,-1.4331746621326895,-1.43244469563043,1.3079556740069649,0.9972039090469852,-0.5787359118286177,-0.5738091541336192,-0.9124191495230388,0.9124191495230392,-0.5784279906300535,-0.5776581893550843,-0.5765804684883443,1.733900301750437,0
-0.7400924504764532,-0.9460792562201747,1.7244635794717436,-0.0527511337712197,0.8077365626180215,0.646091668153197,0.9702425509371356,0.506347707070062,-1.43244469563043,1.0910585397495418,0.9972039090469852,-0.5787359118286177,-0.5738091541336192,1.0959875190286648,-1.0959875190286648,-0.5784279906300535,-0.5776581893550843,1.7343632929879855,-0.5767344287272242,0
0.0048754007150192,-0.0878969399084596,-1.0417596792253108,-1.2258476714090278,2.52705661927622,0.646091668153197,-1.0306701134001208,-0.5748876666869128,-0.721130416342303,-0.7769126981409195,-1.002803930999114,-0.5787359118286177,1.7427397119690018,-0.9124191495230388,0.9124191495230392,-0.5784279906300535,-0.5776581893550843,1.7343632929879855,-0.5767344287272242,1
-1.919624881529618,-1.3274936190253817,-1.0417596792253108,0.0282304814427461,0.8077365626180215,0.646091668153197,0.9702425509371356,-1.5583662514887906,-0.721130416342303,1.4982939754981732,0.9972039090469852,-0.5787359118286177,-0.5738091541336192,-0.9124191495230388,0.9124191495230392,-0.5784279906300535,1.731127539482183,-0.5765804684883443,-0.5767344287272242,0
0.170423812090902,0.007456650792842,-0.3502038645510472,0.1166687090388413,0.8077365626180215,0.646091668153197,-1.0306701134001208,0.3176674847914996,-0.009816137054176,0.0109993405901281,-1.002803930999114,1.7279038324066065,-0.5738091541336192,1.0959875190286648,-1.0959875190286648,-0.5784279906300535,-0.5776581893550843,1.7343632929879855,-0.5767344287272242,0
1.4223836731210155,0.007456650792842,-0.695981771888179,0.9400450774155172,-0.9115834940401768,-1.5477679860172513,0.9702425509371356,0.2259846738045148,-1.43244469563043,-0.7193685604807868,0.9972039090469852,-0.5787359118286177,-0.5738091541336192,1.0959875190286648,-1.0959875190286648,-0.5784279906300535,-0.5776581893550843,-0.5765804684883443,1.733900301750437,0
-1.0504957218062334,0.1981638321954454,1.378685672134612,0.2970610310945835,2.52705661927622,0.646091668153197,0.9702425509371356,0.5498462924901397,1.412812421522078,0.8254702120873909,-1.002803930999114,1.7279038324066065,-0.5738091541336192,-0.9124191495230388,0.9124191495230392,1.7288236672481017,-0.5776581893550843,-0.5765804684883443,-0.5767344287272242,1
2.063883767202561,-0.3739577120123647,0.3413519501232164,0.0833262323756847,-0.9115834940401768,0.646091668153197,-1.0306701134001208,-1.726140721484549,1.412812421522078,-0.1350742396240548,0.9972039090469852,-0.5787359118286177,-0.5738091541336192,1.0959875190286648,-1.0959875190286648,-0.5784279906300535,-0.5776581893550843,-0.5765804684883443,1.733900301750437,0
0.8636577847274112,0.3888710135980487,-0.695981771888179,-0.3306802731045931,0.8077365626180215,-1.5477679860172513,0.9702425509371356,-0.0917859256922454,-1.43244469563043,-1.520560015594942,-1.002803930999114,-0.5787359118286177,1.7427397119690018,1.0959875190286648,-1.0959875190286648,-0.5784279906300535,-0.5776581893550843,1.7343632929879855,-0.5767344287272242,1
0.2738915692008288,-0.9460792562201747,-0.695981771888179,0.1623619963068689,-0.9115834940401768,-1.5477679860172513,-1.0306701134001208,-0.1423522704743023,1.412812421522078,-0.0775301019639221,0.9972039090469852,-0.5787359118286177,-0.5738091541336192,1.0959875190286648,-1.0959875190286648,1.7288236672481017,-0.5776581893550843,-0.5765804684883443,-0.5767344287272242,1
-0.1813665620828488,0.1028102414941437,-0.3502038645510472,1.187482321661845,-0.9115834940401768,-1.5477679860172513,0.9702425509371356,-1.137581820324881,-0.721130416342303,0.3385582780401142,0.9972039090469852,-0.5787359118286177,-0.5738091541336192,-0.9124191495230388,0.9124191495230392,-0.5784279906300535,-0.5776581893550843,1.7343632929879855,-0.5767344287272242,1
0.8843513361493965,-1.0414328469214764,-1.0417596792253108,-1.2258476714090278,0.8077365626180215,0.646091668153197,0.9702425509371356,0.3015402299196242,-0.009816137054176,-0.6618244228206541,-1.002803930999114,-0.5787359118286177,1.7427397119690018,1.0959875190286648,-1.0959875190286648,-0.5784279906300535,-0.5776581893550843,1.7343632929879855,-0.5767344287272242,0
-0.8746005347193581,0.2935174228967471,0.3413519501232164,-1.2258476714090278,-0.9115834940401768,0.646091668153197,-1.0306701134001208,1.4017600452645942,-0.009816137054176,-0.8256038915456472,0.9972039090469852,-0.5787359118286177,-0.5738091541336192,1.0959875190286648,-1.0959875190286648,-0.5784279906300535,1.731127539482183,-0.5765804684883443,-0.5767344287272242,1
0.1911173635128873,-0.9460792562201747,0.6871298574603482,1.1142929264888617,-0.9115834940401768,-1.5477679860172513,-1.0306701134001208,-0.8666865763072529,-1.43244469563043,-0.9982363045260452,0.9972039090469852,-0.5787359118286177,-0.5738091541336192,1.0959875190286648,-1.0959875190286648,1.7288236672481017,-0.5776581893550843,-0.5765804684883443,-0.5767344287272242,0
0.9774723175483306,-0.3739577120123647,1.03290776479748,-1.2258476714090278,0.8077365626180215,0.646091668153197,0.9702425509371356,0.2867595792671892,-1.43244469563043,1.2061468150698071,-1.002803930999114,-0.5787359118286177,1.7427397119690018,1.0959875190286648,-1.0959875190286648,-0.5784279906300535,-0.5776581893550843,1.7343632929879855,-0.5767344287272242,0
1.1637142803461988,0.007456650792842,0.6871298574603482,-1.2258476714090278,0.8077365626180215,0.646091668153197,-1.0306701134001208,-1.402101039431064,-0.721130416342303,-1.3080893534652211,-1.002803930999114,-0.5787359118286177,1.7427397119690018,1.0959875190286648,-1.0959875190286648,-0.5784279906300535,-0.5776581893550843,1.7343632929879855,-0.5767344287272242,0
0.20146413922388,-0.3739577120123647,-0.695981771888179,0.4323974640003794,0.8077365626180215,0.646091668153197,0.9702425509371356,1.2961208222615572,-0.009816137054176,0.285440612507684,0.9972039090469852,-0.5787359118286177,-0.5738091541336192,1.0959875190286648,-1.0959875190286648,-0.5784279906300535,-0.5776581893550843,-0.5765804684883443,1.733900301750437,0
1.474117551675979,2.2959428276240823,1.378685672134612,0.6376358115164021,-0.9115834940401768,0.646091668153197,0.9702425509371356,1.4633367575526612,-0.009816137054176,-1.6400747630429098,0.9972039090469852,-0.5787359118286177,-0.5738091541336192,1.0959875190286648,-1.0959875190286648,1.7288236672481017,-0.5776581893550843,-0.5765804684883443,-0.5767344287272242,0
0.3980528777327409,-1.23214002832408,-0.3502038645510472,0.7090726423390664,-0.9115834940401768,-1.5477679860172513,0.9702425509371356,0.8517765556276895,1.412812421522078,1.3654998116670978,-1.002803930999114,1.7279038324066065,-0.5738091541336192,-0.9124191495230388,0.9124191495230392,-0.5784279906300535,-0.5776581893550843,1.7343632929879855,-0.5767344287272242,0
-1.2470844603150943,0.5795781950006521,-1.3875375865624426,-1.2258476714090278,-0.9115834940401768,-1.5477679860172513,0.9702425509371356,1.5749852714409556,-0.721130416342303,0.3916759435725444,0.9972039090469852,-0.5787359118286177,-0.5738091541336192,1.0959875190286648,-1.0959875190286648,-0.5784279906300535,-0.5776581893550843,1.7343632929879855,-0.5767344287272242,1
-0.5538504876785851,2.009882055520177,-1.7333154938995745,0.0329188915881393,-0.9115834940401768,-1.5477679860172513,0.9702425509371356,-0.897052640567646,-1.43244469563043,0.7944849071934733,-1.002803930999114,1.7279038324066065,-0.5738091541336192,1.0959875190286648,-1.0959875190286648,1.7288236672481017,-0.5776581893550843,-0.5765804684883443,-0.5767344287272242,0
1.2361417103231471,-0.8507256655188732,1.03290776479748,-1.2258476714090278,0.8077365626180215,-1.5477679860172513,0.9702425509371356,-0.8564150674438568,-0.009816137054176,-0.042118324942302,-1.002803930999114,-0.5787359118286177,1.7427397119690018,-0.9124191495230388,0.9124191495230392,-0.5784279906300535,1.731127539482183,-0.5765804684883443,-0.5767344287272242,0
-1.6195683859108303,-0.0878969399084596,0.6871298574603482,-1.2258476714090278,0.8077365626180215,0.646091668153197,0.9702425509371356,-1.6325938096152806,-0.009816137054176,-0.351971373881478,-1.002803930999114,-0.5787359118286177,1.7427397119690018,-0.9124191495230388,0.9124191495230392,-0.5784279906300535,-0.5776581893550843,1.7343632929879855,-0.5767344287272242,0
-1.0711892732282189,-0.8507256655188732,0.3413519501232164,-1.2258476714090278,0.8077365626180215,0.646091668153197,0.9702425509371356,-1.419262070398572,1.412812421522078,-0.6573979506929516,0.9972039090469852,-0.5787359118286177,-0.5738091541336192,-0.9124191495230388,0.9124191495230392,-0.5784279906300535,-0.5776581893550843,1.7343632929879855,-0.5767344287272242,0
-1.6609554887548013,-0.0878969399084596,-0.695981771888179,0.3330466985456191,-0.9115834940401768,0.646091668153197,0.9702425509371356,-0.1268181544186085,0.7014981422339509,0.6882495761286129,-1.002803930999114,-0.5787359118286177,1.7427397119690018,1.0959875190286648,-1.0959875190286648,1.7288236672481017,-0.5776581893550843,-0.5765804684883443,-0.5767344287272242,0
-1.8058103487086987,0.1028102414941437,0.3413519501232164,-1.2258476714090278,-0.9115834940401768,0.646091668153197,0.9702425509371356,-1.3451225006159655,0.7014981422339509,-0.4405008164355283,0.9972039090469852,-0.5787359118286177,-0.5738091541336192,-0.9124191495230388,0.9124191495230392,-0.5784279906300535,-0.5776581893550843,1.7343632929879855,-0.5767344287272242,0
0.6567222705075577,-1.0414328469214764,0.6871298574603482,0.0206829953535636,-0.9115834940401768,0.646091668153197,-1.0306701134001208,1.3502007885387093,-0.009816137054176,-1.5161335434672394,-1.002803930999114,1.7279038324066065,-0.5738091541336192,-0.9124191495230388,0.9124191495230392,1.7288236672481017,-0.5776581893550843,-0.5765804684883443,-0.5767344287272242,0
-0.750439226187446,1.914528464818876,1.7244635794717436,1.7546599062093065,-0.9115834940401768,-1.5477679860172513,-1.0306701134001208,-1.576222842487001,-0.721130416342303,-0.8167509472902421,0.9972039090469852,-0.5787359118286177,-0.5738091541336192,-0.9124191495230388,0.9124191495230392,-0.5784279906300535,1.731127539482183,-0.5765804684883443,-0.5767344287272242,1
0.967125541837338,0.3888710135980487,1.7244635794717436,1.1434742848870594,-0.9115834940401768,-1.5477679860172513,0.9702425509371356,-1.3190623007256386,-0.009816137054176,1.6620734442231662,0.9972039090469852,-0.5787359118286177,-0.5738091541336192,1.0959875190286648,-1.0959875190286648,-0.5784279906300535,-0.5776581893550843,-0.5765804684883443,1.733900301750437,0
-0.1089391321059001,0.6749317857019538,-0.0044259572139154,0.5047338964415474,0.8077365626180215,0.646091668153197,-1.0306701134001208,0.9700596688688422,-0.009816137054176,-1.4497364615517017,-1.002803930999114,1.7279038324066065,-0.5738091541336192,1.0959875190286648,-1.0959875190286648,-0.5784279906300535,-0.5776581893550843,1.7343632929879855,-0.5767344287272242,0
-0.3572617491697243,-1.518200800427985,1.03290776479748,-0.0540584650383026,-0.9115834940401768,0.646091668153197,0.9702425509371356,-0.6496042035149868,-1.43244469563043,-0.0022800757929793,0.9972039090469852,-0.5787359118286177,-0.5738091541336192,-0.9124191495230388,0.9124191495230392,-0.5784279906300535,1.731127539482183,-0.5765804684883443,-0.5767344287272242,0
0.4394399805767116,0.007456650792842,-0.3502038645510472,-1.2258476714090278,0.8077365626180215,-1.5477679860172513,0.9702425509371356,0.734531391842353,-1.43244469563043,-0.2501625149443202,0.9972039090469852,-0.5787359118286177,-0.5738091541336192,1.0959875190286648,-1.0959875190286648,-0.5784279906300535,-0.5776581893550843,1.7343632929879855,-0.5767344287272242,0
0.553254513397631,1.4377605113123673,0.3413519501232164,0.916286170747026,2.52705661927622,0.646091668153197,-1.0306701134001208,0.7821762106054497,-1.43244469563043,-1.228412855166576,-1.002803930999114,1.7279038324066065,-0.5738091541336192,1.0959875190286648,-1.0959875190286648,-0.5784279906300535,-0.5776581893550843,1.7343632929879855,-0.5767344287272242,1
-0.3883020763027023,-0.4693113027136664,-0.695981771888179,-1.2258476714090278,-0.9115834940401768,0.646091668153197,0.9702425509371356,-1.0149180700103615,-0.721130416342303,-0.5865743966497113,-1.002803930999114,-0.5787359118286177,1.7427397119690018,-0.9124191495230388,0.9124191495230392,-0.5784279906300535,1.731127539482183,-0.5765804684883443,-0.5767344287272242,0
-0.99876184325127,-0.8507256655188732,1.378685672134612,-1.2258476714090278,0.8077365626180215,0.646091668153197,0.9702425509371356,-1.0393395304683533,1.412812421522078,-0.4272214000524208,0.9972039090469852,-0.5787359118286177,-0.5738091541336192,1.0959875190286648,-1.0959875190286648,-0.5784279906300535,-0.5776581893550843,1.7343632929879855,-0.5767344287272242,0
-0.0778988049729221,0.5795781950006521,-1.0417596792253108,1.191728383603591,-0.9115834940401768,-1.5477679860172513,0.9702425509371356,-1.700127471896294,1.412812421522078,-0.3077066526044529,-1.002803930999114,1.7279038324066065,-0.5738091541336192,1.0959875190286648,-1.0959875190286648,-0.5784279906300535,-0.5776581893550843,1.7343632929879855,-0.5767344287272242,1
0.2945851206228141,0.007456650792842,-0.3502038645510472,-1.2258476714090278,-0.9115834940401768,-1.5477679860172513,-1.0306701134001208,1.2667723623260825,1.412812421522078,1.591249890179926,0.9972039090469852,-0.5787359118286177,-0.5738091541336192,1.0959875190286648,-1.0959875190286648,-0.5784279906300535,1.731127539482183,-0.5765804684883443,-0.5767344287272242,1
0.3670125505997628,2.009882055520177,1.378685672134612,-1.2258476714090278,2.52705661927622,0.646091668153197,0.9702425509371356,-0.4320128546702539,0.7014981422339509,-1.3789129075084614,0.9972039090469852,-0.5787359118286177,-0.5738091541336192,-0.9124191495230388,0.9124191495230392,-0.5784279906300535,1.731127539482183,-0.5765804684883443,-0.5767344287272242,1
0.1600770363799093,-0.1832505306097613,-1.0417596792253108,1.3139483909158127,-0.9115834940401768,-1.5477679860172513,0.9702425509371356,-0.1186665386387868,-0.009816137054176,0.1039552552718809,-1.002803930999114,1.7279038324066065,-0.5738091541336192,1.0959875190286648,-1.0959875190286648,1.7288236672481017,-0.5776581893550843,-0.5765804684883443,-0.5767344287272242,0
-0.5952375905225558,1.0563461485071606,0.3413519501232164,1.5266590573806156,-0.9115834940401768,-1.5477679860172513,-1.0306701134001208,-1.377150257789708,0.7014981422339509,-0.0199859643037894,0.9972039090469852,-0.5787359118286177,-0.5738091541336192,-0.9124191495230388,0.9124191495230392,-0.5784279906300535,-0.5776581893550843,-0.5765804684883443,1.733900301750437,0
-1.88858455439664,-1.613554391129287,-1.0417596792253108,-1.2258476714090278,0.8077365626180215,0.646091668153197,-1.0306701134001208,-1.251421174419881,1.412812421522078,-1.6179424024043974,0.9972039090469852,-0.5787359118286177,-0.5738091541336192,-0.9124191495230388,0.9124191495230392,-0.5784279906300535,-0.5776581893550843,1.7343632929879855,-0.5767344287272242,0
1.4223836731210155,-0.5646648934149681,-0.0044259572139154,-1.2258476714090278,0.8077365626180215,-1.5477679860172513,-1.0306701134001208,0.2936645775819838,-0.009816137054176,1.6620734442231662,0.9972039090469852,-0.5787359118286177,-0.5738091541336192,1.0959875190286648,-1.0959875190286648,-0.5784279906300535,1.731127539482183,-0.5765804684883443,-0.5767344287272242,0
0.0048754007150192,-0.4693113027136664,-0.3502038645510472,0.2416423339187651,-0.9115834940401768,0.646091668153197,0.9702425509371356,0.4149695513765249,1.412812421522078,0.0109993405901281,0.9972039090469852,-0.5787359118286177,-0.5738091541336192,-0.9124191495230388,0.9124191495230392,1.7288236672481017,-0.5776581893550843,-0.5765804684883443,-0.5767344287272242,0
0.6774158219295431,-1.613554391129287,1.03290776479748,-1.2258476714090278,0.8077365626180215,0.646091668153197,0.9702425509371356,-0.1301264118146388,-0.721130416342303,0.2146170584644438,0.9972039090469852,-0.5787359118286177,-0.5738091541336192,1.0959875190286648,-1.0959875190286648,-0.5784279906300535,-0.5776581893550843,-0.5765804684883443,1.733900301750437,0
0.584294840530609,1.8191748741175744,-0.695981771888179,0.4144765919934983,-0.9115834940401768,0.646091668153197,0.9702425509371356,0.2535733668623115,1.412812421522078,1.2415585920914272,0.9972039090469852,-0.5787359118286177,-0.5738091541336192,1.0959875190286648,-1.0959875190286648,-0.5784279906300535,-0.5776581893550843,1.7343632929879855,-0.5767344287272242,0
1.09128685036925,-0.0878969399084596,0.3413519501232164,0.6847255407765951,-0.9115834940401768,0.646091668153197,-1.0306701134001208,1.2115551553987314,-1.43244469563043,-1.547118848361157,-1.002803930999114,-0.5787359118286177,1.7427397119690018,-0.9124191495230388,0.9124191495230392,1.7288236672481017,-0.5776581893550843,-0.5765804684883443,-0.5767344287272242,1
-0.460729506279651,0.1028102414941437,1.378685672134612,0.3014373934310997,0.8077365626180215,-1.5477679860172513,0.9702425509371356,-0.0539869330537544,0.7014981422339509,-0.8787215570780773,-1.002803930999114,1.7279038324066065,-0.5738091541336192,-0.9124191495230388,0.9124191495230392,-0.5784279906300535,-0.5776581893550843,1.7343632929879855,-0.5767344287272242,0
-0.015818150706966,0.9609925578058588,-1.0417596792253108,-1.2258476714090278,-0.9115834940401768,0.646091668153197,-1.0306701134001208,-0.264771705328037,-0.009816137054176,-1.684339484319935,-1.002803930999114,-0.5787359118286177,1.7427397119690018,1.0959875190286648,-1.0959875190286648,1.7288236672481017,-0.5776581893550843,-0.5765804684883443,-0.5767344287272242,1
1.4016901216990303,-0.6600184841162697,-1.0417596792253108,0.4463636469040032,0.8077365626180215,-1.5477679860172513,-1.0306701134001208,-0.7047836763106724,-0.009816137054176,-1.6223688745321,-1.002803930999114,1.7279038324066065,-0.5738091541336192,1.0959875190286648,-1.0959875190286648,-0.5784279906300535,1.731127539482183,-0.5765804684883443,-0.5767344287272242,0
0.998165868970316,0.5795781950006521,-1.3875375865624426,0.6166146555778734,-0.9115834940401768,0.646091668153197,-1.0306701134001208,1.5523534869419624,-1.43244469563043,0.5333230516590249,0.9972039090469852,-0.5787359118286177,-0.5738091541336192,1.0959875190286648,-1.0959875190286648,1.7288236672481017,-0.5776581893550843,-0.5765804684883443,-0.5767344287272242,1
0.0566092792699826,1.0563461485071606,0.6871298574603482,-1.2258476714090278,0.8077365626180215,-1.5477679860172513,0.9702425509371356,-0.4859669245818488,-1.43244469563043,0.9848232086846814,0.9972039090469852,-0.5787359118286177,-0.5738091541336192,-0.9124191495230388,0.9124191495230392,-0.5784279906300535,1.731127539482183,-0.5765804684883443,-0.5767344287272242,0
0.9257384389933672,0.1028102414941437,-0.3502038645510472,0.6063518567110868,0.8077365626180215,0.646091668153197,-1.0306701134001208,0.5085143765657014,1.412812421522078,-1.3435011304868414,-1.002803930999114,1.7279038324066065,-0.5738091541336192,-0.9124191495230388,0.9124191495230392,-0.5784279906300535,-0.5776581893550843,1.7343632929879855,-0.5767344287272242,1
-1.185003806049138,-1.613554391129287,-0.0044259572139154,0.2084602886149746,-0.9115834940401768,-1.5477679860172513,-1.0306701134001208,-0.993882421891824,-0.721130416342303,-1.6622071236814224,0.9972039090469852,-0.5787359118286177,-0.5738091541336192,1.0959875190286648,-1.0959875190286648,1.7288236672481017,-0.5776581893550843,-0.5765804684883443,-0.5767344287272242,0
0.6049883919525944,0.5795781950006521,-0.695981771888179,0.4428708590771631,-0.9115834940401768,-1.5477679860172513,0.9702425509371356,1.2857733234648068,-0.721130416342303,-0.1660595445179724,0.9972039090469852,-0.5787359118286177,-0.5738091541336192,1.0959875190286648,-1.0959875190286648,-0.5784279906300535,-0.5776581893550843,-0.5765804684883443,1.733900301750437,0
-0.1296326835278854,-0.278604121311063,0.3413519501232164,1.7945441678827017,-0.9115834940401768,-1.5477679860172513,-1.0306701134001208,-0.9226402074171106,-0.721130416342303,0.1570729208043111,0.9972039090469852,-0.5787359118286177,-0.5738091541336192,-0.9124191495230388,0.9124191495230392,1.7288236672481017,-0.5776581893550843,-0.5765804684883443,-0.5767344287272242,1
1.1430207289242134,-0.6600184841162697,-0.3502038645510472,0.4332047494720351,0.8077365626180215,0.646091668153197,0.9702425509371356,1.348206444040677,-0.721130416342303,-1.3080893534652211,-1.002803930999114,-0.5787359118286177,1.7427397119690018,1.0959875190286648,-1.0959875190286648,-0.5784279906300535,-0.5776581893550843,-0.5765804684883443,1.733900301750437,0
-0.1192859078168928,-0.1832505306097613,-0.0044259572139154,1.1981320149357346,-0.9115834940401768,-1.5477679860172513,0.9702425509371356,-0.87732012416663,-0.009816137054176,0.7502201859164481,-1.002803930999114,1.7279038324066065,-0.5738091541336192,1.0959875190286648,-1.0959875190286648,-0.5784279906300535,1.731127539482183,-0.5765804684883443,-0.5767344287272242,0
-0.1813665620828488,-0.9460792562201747,0.3413519501232164,0.6559328397674714,-0.9115834940401768,-1.5477679860172513,-1.0306701134001208,-1.212905407169751,0.7014981422339509,-1.175295189634146,-1.002803930999114,1.7279038324066065,-0.5738091541336192,-0.9124191495230388,0.9124191495230392,-0.5784279906300535,-0.5776581893550843,-0.5765804684883443,1.733900301750437,0
-0.5228101605456071,-1.1367864376227783,-0.695981771888179,-1.2258476714090278,0.8077365626180215,-1.5477679860172513,0.9702425509371356,0.4453102276957974,-0.009816137054176,-1.1841481338895508,0.9972039090469852,-0.5787359118286177,-0.5738091541336192,1.0959875190286648,-1.0959875190286648,-0.5784279906300535,-0.5776581893550843,1.7343632929879855,-0.5767344287272242,0
-1.8989313301076327,-1.0414328469214764,1.7244635794717436,0.7986207472214858,-0.9115834940401768,0.646091668153197,-1.0306701134001208,-1.1779474294766656,0.7014981422339509,-0.6087067572882239,-1.002803930999114,1.7279038324066065,-0.5738091541336192,-0.9124191495230388,0.9124191495230392,-0.5784279906300535,-0.5776581893550843,1.7343632929879855,-0.5767344287272242,1
0.139383484957924,0.1981638321954454,0.6871298574603482,0.7523573756924539,-0.9115834940401768,0.646091668153197,0.9702425509371356,1.1273962172638583,-0.721130416342303,-1.2903834649544113,-1.002803930999114,-0.5787359118286177,1.7427397119690018,-0.9124191495230388,0.9124191495230392,-0.5784279906300535,-0.5776581893550843,1.7343632929879855,-0.5767344287272242,0
0.4497867562877042,-0.1832505306097613,-0.695981771888179,-1.2258476714090278,0.8077365626180215,0.646091668153197,0.9702425509371356,0.8159263483052199,-0.009816137054176,-1.6002365138935872,-1.002803930999114,-0.5787359118286177,1.7427397119690018,1.0959875190286648,-1.0959875190286648,1.7288236672481017,-0.5776581893550843,-0.5765804684883443,-0.5767344287272242,0
0.20146413922388,0.1028102414941437,-1.0417596792253108,1.41780758208383,2.52705661927622,-1.5477679860172513,-1.0306701134001208,1.337870769764448,-0.009816137054176,1.5425586967751983,-1.002803930999114,1.7279038324066065,-0.5738091541336192,-0.9124191495230388,0.9124191495230392,-0.5784279906300535,-0.5776581893550843,-0.5765804684883443,1.733900301750437,1
-0.336568197747739,-0.7553720748175714,-0.3502038645510472,-1.2258476714090278,0.8077365626180215,0.646091668153197,-1.0306701134001208,-1.2331270761623587,-1.43244469563043,0.3695435829340318,0.9972039090469852,-0.5787359118286177,-0.5738091541336192,1.0959875190286648,-1.0959875190286648,1.7288236672481017,-0.5776581893550843,-0.5765804684883443,-0.5767344287272242,0
-0.6780117962104972,0.007456650792842,0.6871298574603482,1.428408392675795,0.8077365626180215,-1.5477679860172513,-1.0306701134001208,0.5523054449786897,-1.43244469563043,0.8166172678319858,-1.002803930999114,1.7279038324066065,-0.5738091541336192,1.0959875190286648,-1.0959875190286648,-0.5784279906300535,1.731127539482183,-0.5765804684883443,-0.5767344287272242,0
-0.5124633848346144,-0.4693113027136664,-0.0044259572139154,-1.2258476714090278,0.8077365626180215,0.646091668153197,-1.0306701134001208,-1.270573767645299,-0.009816137054176,-0.480339065584851,0.9972039090469852,-0.5787359118286177,-0.5738091541336192,1.0959875190286648,-1.0959875190286648,-0.5784279906300535,-0.5776581893550843,1.7343632929879855,-0.5767344287272242,0
1.09128685036925,-1.23214002832408,-0.0044259572139154,0.4031659407515507,0.8077365626180215,-1.5477679860172513,0.9702425509371356,0.9454476249624382,1.412812421522078,-1.1310304683571206,0.9972039090469852,-0.5787359118286177,-0.5738091541336192,1.0959875190286648,-1.0959875190286648,-0.5784279906300535,1.731127539482183,-0.5765804684883443,-0.5767344287272242,0
-0.6883585719214899,-0.3739577120123647,-1.0417596792253108,0.6063919244831563,0.8077365626180215,-1.5477679860172513,-1.0306701134001208,-1.4629580209773614,-0.009816137054176,1.0999114840049469,0.9972039090469852,-0.5787359118286177,-0.5738091541336192,1.0959875190286648,-1.0959875190286648,1.7288236672481017,-0.5776581893550843,-0.5765804684883443,-0.5767344287272242,0
-0.1399794592388781,0.4842246042993504,-1.7333154938995745,1.3003865719679135,-0.9115834940401768,0.646091668153197,0.9702425509371356,0.3541089181400665,-1.43244469563043,1.2061468150698071,-1.002803930999114,-0.5787359118286177,1.7427397119690018,1.0959875190286648,-1.0959875190286648,-0.5784279906300535,-0.5776581893550843,1.7343632929879855,-0.5767344287272242,0
-0.6055843662335485,-0.0878969399084596,-0.3502038645510472,-1.2258476714090278,0.8077365626180215,0.646091668153197,-1.0306701134001208,-1.125960055551883,0.7014981422339509,-1.3346481862314363,0.9972039090469852,-0.5787359118286177,-0.5738091541336192,1.0959875190286648,-1.0959875190286648,-0.5784279906300535,-0.5776581893550843,-0.5765804684883443,1.733900301750437,0
-0.5021166091236218,-0.0878969399084596,0.6871298574603482,0.5665591098290983,0.8077365626180215,0.646091668153197,-1.0306701134001208,0.4225417656507713,-0.009816137054176,1.0999114840049469,0.9972039090469852,-0.5787359118286177,-0.5738091541336192,-0.9124191495230388,0.9124191495230392,-0.5784279906300535,-0.5776581893550843,-0.5765804684883443,1.733900301750437,0
1.8362547015607225,-0.1832505306097613,-0.3502038645510472,-1.2258476714090278,0.8077365626180215,0.646091668153197,-1.0306701134001208,-0.0912016552664552,0.7014981422339509,0.2013376420813362,0.9972039090469852,-0.5787359118286177,-0.5738091541336192,-0.9124191495230388,0.9124191495230392,-0.5784279906300535,-0.5776581893550843,1.7343632929879855,-0.5767344287272242,0
-0.4503827305686584,-0.6600184841162697,0.6871298574603482,-1.2258476714090278,2.52705661927622,-1.5477679860172513,0.9702425509371356,-1.5548482827435035,0.7014981422339509,0.4182347763387595,-1.002803930999114,-0.5787359118286177,1.7427397119690018,1.0959875190286648,-1.0959875190286648,1.7288236672481017,-0.5776581893550843,-0.5765804684883443,-0.5767344287272242,0
0.3566657748887701,0.1028102414941437,-1.0417596792253108,1.4667280879854212,0.8077365626180215,0.646091668153197,0.9702425509371356,1.1704545131845017,-0.721130416342303,-1.4807217664456194,0.9972039090469852,-0.5787359118286177,-0.5738091541336192,-0.9124191495230388,0.9124191495230392,-0.5784279906300535,1.731127539482183,-0.5765804684883443,-0.5767344287272242,0
0.2842383449118215,-0.6600184841162697,-0.3502038645510472,1.0119535860509838,-0.9115834940401768,0.646091668153197,0.9702425509371356,0.3155282899170732,-0.009816137054176,-1.4143246845300816,-1.002803930999114,1.7279038324066065,-0.5738091541336192,-0.9124191495230388,0.9124191495230392,-0.5784279906300535,-0.5776581893550843,1.7343632929879855,-0.5767344287272242,1
-1.122923151783182,0.3888710135980487,0.3413519501232164,0.5943180623188296,-0.9115834940401768,0.646091668153197,-1.0306701134001208,-0.1834016151362676,1.412812421522078,-1.6356482909152072,-1.002803930999114,-0.5787359118286177,1.7427397119690018,-0.9124191495230388,0.9124191495230392,-0.5784279906300535,-0.5776581893550843,-0.5765804684883443,1.733900301750437,0
1.598278860207891,0.007456650792842,-1.0417596792253108,-1.2258476714090278,-0.9115834940401768,-1.5477679860172513,-1.0306701134001208,1.1574132842788467,-1.43244469563043,-0.8388833079287547,0.9972039090469852,-0.5787359118286177,-0.5738091541336192,-0.9124191495230388,0.9124191495230392,-0.5784279906300535,-0.5776581893550843,1.7343632929879855,-0.5767344287272242,0
-0.2848343191927756,-1.0414328469214764,-0.3502038645510472,-1.2258476714090278,0.8077365626180215,0.646091668153197,-1.0306701134001208,-1.0235612728418828,-0.009816137054176,-1.3700599632530566,0.9972039090469852,-0.5787359118286177,-0.5738091541336192,1.0959875190286648,-1.0959875190286648,-0.5784279906300535,1.731127539482183,-0.5765804684883443,-0.5767344287272242,0
1.4637707759649865,-1.0414328469214764,-0.3502038645510472,0.8599649870731145,-0.9115834940401768,0.646091668153197,-1.0306701134001208,-1.07636975538291,-0.009816137054176,1.3477939231562877,0.9972039090469852,-0.5787359118286177,-0.5738091541336192,1.0959875190286648,-1.0959875190286648,1.7288236672481017,-0.5776581893550843,-0.5765804684883443,-0.5767344287272242,0
-0.9470279646963068,-0.278604121311063,-1.3875375865624426,0.4466923629060613,0.8077365626180215,-1.5477679860172513,0.9702425509371356,-0.7982625971869397,1.412812421522078,1.6045293065630335,-1.002803930999114,1.7279038324066065,-0.5738091541336192,1.0959875190286648,-1.0959875190286648,-0.5784279906300535,1.731127539482183,-0.5765804684883443,-0.5767344287272242,0
0.139383484957924,0.1981638321954454,-0.0044259572139154,-1.2258476714090278,-0.9115834940401768,0.646091668153197,0.9702425509371356,0.9036036029653948,1.412812421522078,-0.2501625149443202,0.9972039090469852,-0.5787359118286177,-0.5738091541336192,1.0959875190286648,-1.0959875190286648,-0.5784279906300535,-0.5776581893550843,1.7343632929879855,-0.5767344287272242,0
-1.2884715631590649,2.5820035997279875,0.6871298574603482,0.8904455029128929,0.8077365626180215,0.646091668153197,0.9702425509371356,1.0133553246499627,0.7014981422339509,0.8077643235765808,-1.002803930999114,-0.5787359118286177,1.7427397119690018,-0.9124191495230388,0.9124191495230392,-0.5784279906300535,-0.5776581893550843,1.7343632929879855,-0.5767344287272242,0
0.4704803077096895,-0.5646648934149681,-1.0417596792253108,1.388803162967091,-0.9115834940401768,0.646091668153197,0.9702425509371356,-1.6181313776768922,-1.43244469563043,-0.4095155115416107,0.9972039090469852,-0.5787359118286177,-0.5738091541336192,-0.9124191495230388,0.9124191495230392,1.7288236672481017,-0.5776581893550843,-0.5765804684883443,-0.5767344287272242,0
-0.6055843662335485,-0.0878969399084596,-1.7333154938995745,-1.2258476714090278,-0.9115834940401768,0.646091668153197,-1.0306701134001208,-0.59303030674775,-1.43244469563043,-1.117751051974013,-1.002803930999114,-0.5787359118286177,1.7427397119690018,-0.9124191495230388,0.9124191495230392,-0.5784279906300535,1.731127539482183,-0.5765804684883443,-0.5767344287272242,1
0.5429077376866382,-0.1832505306097613,-1.3875375865624426,1.174405483027075,-0.9115834940401768,0.646091668153197,-1.0306701134001208,-1.3817446056825076,-0.009816137054176,-1.0425010258030705,0.9972039090469852,-0.5787359118286177,-0.5738091541336192,-0.9124191495230388,0.9124191495230392,1.7288236672481017,-0.5776581893550843,-0.5765804684883443,-0.5767344287272242,1
1.4016901216990303,-0.5646648934149681,-1.7333154938995745,0.7346777116734311,-0.9115834940401768,-1.5477679860172513,-1.0306701134001208,-1.136856351212858,1.412812421522078,0.0995287831441784,-1.002803930999114,1.7279038324066065,-0.5738091541336192,1.0959875190286648,-1.0959875190286648,-0.5784279906300535,-0.5776581893550843,1.7343632929879855,-0.5767344287272242,1
0.0462625035589899,0.5795781950006521,-1.7333154938995745,-1.2258476714090278,0.8077365626180215,0.646091668153197,-1.0306701134001208,1.1605500861273086,-0.721130416342303,-0.763633281757812,0.9972039090469852,-0.5787359118286177,-0.5738091541336192,1.0959875190286648,-1.0959875190286648,-0.5784279906300535,1.731127539482183,-0.5765804684883443,-0.5767344287272242,0
0.522214186264653,-0.0878969399084596,-0.695981771888179,0.7837192222466722,0.8077365626180215,-1.5477679860172513,0.9702425509371356,-0.83546462542908,-0.721130416342303,0.878587877619821,-1.002803930999114,1.7279038324066065,-0.5738091541336192,-0.9124191495230388,0.9124191495230392,1.7288236672481017,-0.5776581893550843,-0.5765804684883443,-0.5767344287272242,0
-1.4022860959799843,-0.3739577120123647,1.7244635794717436,1.5993141087452802,-0.9115834940401768,-1.5477679860172513,0.9702425509371356,0.3684301513922223,-1.43244469563043,-1.6622071236814224,-1.002803930999114,-0.5787359118286177,1.7427397119690018,-0.9124191495230388,0.9124191495230392,-0.5784279906300535,1.731127539482183,-0.5765804684883443,-0.5767344287272242,0
1.9707627858036272,1.247053329909764,-0.695981771888179,0.5753273807976935,-0.9115834940401768,0.646091668153197,-1.0306701134001208,-0.253425034547182,0.7014981422339509,0.7590731301718532,-1.002803930999114,1.7279038324066065,-0.5738091541336192,1.0959875190286648,-1.0959875190286648,-0.5784279906300535,-0.5776581893550843,1.7343632929879855,-0.5767344287272242,1
0.584294840530609,1.3424069206110656,0.3413519501232164,0.5317406967139906,-0.9115834940401768,0.646091668153197,0.9702425509371356,-0.8343206030685816,-1.43244469563043,-0.8433097800564572,-1.002803930999114,-0.5787359118286177,1.7427397119690018,1.0959875190286648,-1.0959875190286648,-0.5784279906300535,-0.5776581893550843,-0.5765804684883443,1.733900301750437,0
-1.319511890292043,-0.8507256655188732,-1.3875375865624426,0.1073079158568824,-0.9115834940401768,0.646091668153197,0.9702425509371356,0.6622868753633966,0.7014981422339509,-1.5958100417658847,0.9972039090469852,-0.5787359118286177,-0.5738091541336192,-0.9124191495230388,0.9124191495230392,-0.5784279906300535,-0.5776581893550843,-0.5765804684883443,1.733900301750437,0
0.7084561490625211,-0.5646648934149681,0.6871298574603482,-1.2258476714090278,0.8077365626180215,0.646091668153197,-1.0306701134001208,-1.3924007592428826,1.412812421522078,-1.436457045168594,-1.002803930999114,-0.5787359118286177,1.7427397119690018,1.0959875190286648,-1.0959875190286648,-0.5784279906300535,1.731127539482183,-0.5765804684883443,-0.5767344287272242,0
1.09128685036925,-1.23214002832408,-0.0044259572139154,1.260654407557294,-0.9115834940401768,-1.5477679860172513,0.9702425509371356,0.607646983261529,-1.43244469563043,-0.3918096230308007,-1.002803930999114,1.7279038324066065,-0.5738091541336192,1.0959875190286648,-1.0959875190286648,1.7288236672481017,-0.5776581893550843,-0.5765804684883443,-0.5767344287272242,1
-1.1332699274941749,-0.6600184841162697,-0.3502038645510472,-1.2258476714090278,-0.9115834940401768,0.646091668153197,0.9702425509371356,0.2584210724962948,0.7014981422339509,-0.6529714785652491,0.9972039090469852,-0.5787359118286177,-0.5738091541336192,1.0959875190286648,-1.0959875190286648,-0.5784279906300535,-0.5776581893550843,-0.5765804684883443,1.733900301750437,0
0.8222706818834405,0.7702853764032556,0.6871298574603482,-1.2258476714090278,-0.9115834940401768,0.646091668153197,-1.0306701134001208,-1.1601416143606964,-0.721130416342303,-0.4537802328186359,0.9972039090469852,-0.5787359118286177,-0.5738091541336192,1.0959875190286648,-1.0959875190286648,-0.5784279906300535,-0.5776581893550843,1.7343632929879855,-0.5767344287272242,1
1.3913433459880375,-0.4693113027136664,1.378685672134612,-0.0991021735855399,-0.9115834940401768,0.646091668153197,0.9702425509371356,-0.5475775454214127,0.7014981422339509,0.267734723996874,0.9972039090469852,-0.5787359118286177,-0.5738091541336192,1.0959875190286648,-1.0959875190286648,-0.5784279906300535,-0.5776581893550843,-0.5765804684883443,1.733900301750437,0
-0.3779553005917097,0.6749317857019538,-0.3502038645510472,-1.2258476714090278,-0.9115834940401768,0.646091668153197,-1.0306701134001208,-0.4470828582954613,1.412812421522078,-0.7149420883530843,0.9972039090469852,-0.5787359118286177,-0.5738091541336192,-0.9124191495230388,0.9124191495230392,1.7288236672481017,-0.5776581893550843,-0.5765804684883443,-0.5767344287272242,1
1.153367504635206,0.6749317857019538,0.3413519501232164,0.754650534423534,2.52705661927622,-1.5477679860172513,0.9702425509371356,-0.7490498122246306,1.412812421522078,0.2146170584644438,-1.002803930999114,1.7279038324066065,-0.5738091541336192,-0.9124191495230388,0.9124191495230392,1.7288236672481017,-0.5776581893550843,-0.5765804684883443,-0.5767344287272242,1
-0.5021166091236218,1.914528464818876,0.6871298574603482,-1.2258476714090278,0.8077365626180215,0.646091668153197,0.9702425509371356,1.0825837189457832,-0.009816137054176,-1.4453099894239991,0.9972039090469852,-0.5787359118286177,-0.5738091541336192,-0.9124191495230388,0.9124191495230392,-0.5784279906300535,-0.5776581893550843,-0.5765804684883443,1.733900301750437,0
-0.5952375905225558,-0.5646648934149681,-1.3875375865624426,-1.2258476714090278,0.8077365626180215,-1.5477679860172513,-1.0306701134001208,-1.566850518853296,0.7014981422339509,-1.1044716355909057,0.9972039090469852,-0.5787359118286177,-0.5738091541336192,-0.9124191495230388,0.9124191495230392,1.7288236672481017,-0.5776581893550843,-0.5765804684883443,-0.5767344287272242,0
1.8672950286937005,0.4842246042993504,-0.695981771888179,0.5547798259250261,-0.9115834940401768,0.646091668153197,0.9702425509371356,-1.2510720032844689,0.7014981422339509,-0.205897793667295,-1.002803930999114,1.7279038324066065,-0.5738091541336192,-0.9124191495230388,0.9124191495230392,-0.5784279906300535,1.731127539482183,-0.5765804684883443,-0.5767344287272242,1
-0.0572052535509367,-0.8507256655188732,-1.3875375865624426,0.7893891325366791,-0.9115834940401768,0.646091668153197,0.9702425509371356,1.6232804388327595,-0.721130416342303,0.8033378514488783,0.9972039090469852,-0.5787359118286177,-0.5738091541336192,-0.9124191495230388,0.9124191495230392,-0.5784279906300535,-0.5776581893550843,-0.5765804684883443,1.733900301750437,0
-0.8952940861413433,1.3424069206110656,-1.0417596792253108,-0.4970584912013163,-0.9115834940401768,0.646091668153197,0.9702425509371356,-1.0265514854138742,1.412812421522078,-1.4187511566577842,0.9972039090469852,-0.5787359118286177,-0.5738091541336192,1.0959875190286648,-1.0959875190286648,-0.5784279906300535,-0.5776581893550843,1.7343632929879855,-0.5767344287272242,1
1.0395529718142866,-0.1832505306097613,-0.695981771888179,0.373238680708508,0.8077365626180215,0.646091668153197,-1.0306701134001208,-0.7864057331235641,-0.721130416342303,-0.9008539177165898,-1.002803930999114,-0.5787359118286177,1.7427397119690018,1.0959875190286648,-1.0959875190286648,-0.5784279906300535,-0.5776581893550843,1.7343632929879855,-0.5767344287272242,0
0.522214186264653,-0.3739577120123647,-1.0417596792253108,-1.2258476714090278,0.8077365626180215,0.646091668153197,0.9702425509371356,-0.5968777970575826,1.412812421522078,1.471735142731958,0.9972039090469852,-0.5787359118286177,-0.5738091541336192,1.0959875190286648,-1.0959875190286648,-0.5784279906300535,-0.5776581893550843,1.7343632929879855,-0.5767344287272242,0
0.0566092792699826,0.7702853764032556,-1.3875375865624426,-1.2258476714090278,0.8077365626180215,0.646091668153197,0.9702425509371356,1.7018908946027156,1.412812421522078,-0.9052803898442924,-1.002803930999114,-0.5787359118286177,1.7427397119690018,-0.9124191495230388,0.9124191495230392,-0.5784279906300535,-0.5776581893550843,-0.5765804684883443,1.733900301750437,0
-0.9263344132743214,-0.4693113027136664,-0.3502038645510472,0.1387290627137636,0.8077365626180215,0.646091668153197,0.9702425509371356,-1.2324083887606352,-1.43244469563043,1.1486026774096745,-1.002803930999114,-0.5787359118286177,1.7427397119690018,-0.9124191495230388,0.9124191495230392,-0.5784279906300535,-0.5776581893550843,-0.5765804684883443,1.733900301750437,0
-0.5745440391005705,0.1981638321954454,-1.0417596792253108,0.9999781303348594,-0.9115834940401768,-1.5477679860172513,0.9702425509371356,0.2117881196878625,1.412812421522078,-0.3386919574983705,-1.002803930999114,1.7279038324066065,-0.5738091541336192,1.0959875190286648,-1.0959875190286648,-0.5784279906300535,-0.5776581893550843,-0.5765804684883443,1.733900301750437,0
-0.6987053476324826,0.1028102414941437,-0.3502038645510472,0.4897148927590261,-0.9115834940401768,0.646091668153197,0.9702425509371356,-1.6424712837212836,-1.43244469563043,-1.3390746583591389,-1.002803930999114,1.7279038324066065,-0.5738091541336192,-0.9124191495230388,0.9124191495230392,-0.5784279906300535,1.731127539482183,-0.5765804684883443,-0.5767344287272242,0
0.170423812090902,-0.278604121311063,-1.3875375865624426,0.607519271318103,-0.9115834940401768,0.646091668153197,0.9702425509371356,-0.8116785590591357,1.412812421522078,1.1840144544312945,-1.002803930999114,1.7279038324066065,-0.5738091541336192,1.0959875190286648,-1.0959875190286648,-0.5784279906300535,-0.5776581893550843,-0.5765804684883443,1.733900301750437,0
0.3877061020217482,-0.9460792562201747,-1.3875375865624426,-1.2258476714090278,0.8077365626180215,0.646091668153197,-1.0306701134001208,0.9495321273527332,1.412812421522078,-1.126603996229418,0.9972039090469852,-0.5787359118286177,-0.5738091541336192,-0.9124191495230388,0.9124191495230392,-0.5784279906300535,-0.5776581893550843,1.7343632929879855,-0.5767344287272242,0
0.9567787661263452,0.007456650792842,0.3413519501232164,-1.2258476714090278,0.8077365626180215,0.646091668153197,-1.0306701134001208,-0.9707402702203028,1.412812421522078,-1.6223688745321,0.9972039090469852,-0.5787359118286177,-0.5738091541336192,-0.9124191495230388,0.9124191495230392,-0.5784279906300535,-0.5776581893550843,-0.5765804684883443,1.733900301750437,0
0.8222706818834405,-0.5646648934149681,0.6871298574603482,0.8635723687280734,-0.9115834940401768,0.646091668153197,-1.0306701134001208,-1.4771632695943973,-0.721130416342303,1.3433674510285851,-1.002803930999114,1.7279038324066065,-0.5738091541336192,1.0959875190286648,-1.0959875190286648,-0.5784279906300535,1.731127539482183,-0.5765804684883443,-0.5767344287272242,1
0.1497302606689167,0.1028102414941437,-1.3875375865624426,1.553774681721999,-0.9115834940401768,-1.5477679860172513,0.9702425509371356,0.2899885428197192,1.412812421522078,1.1663085659204846,-1.002803930999114,-0.5787359118286177,1.7427397119690018,1.0959875190286648,-1.0959875190286648,-0.5784279906300535,-0.5776581893550843,1.7343632929879855,-0.5767344287272242,0
-1.412632871690977,-0.6600184841162697,1.03290776479748,-1.2258476714090278,0.8077365626180215,0.646091668153197,-1.0306701134001208,-0.0736086815198811,0.7014981422339509,-0.8123244751625396,0.9972039090469852,-0.5787359118286177,-0.5738091541336192,-0.9124191495230388,0.9124191495230392,-0.5784279906300535,-0.5776581893550843,1.7343632929879855,-0.5767344287272242,0
0.2325044663568581,-0.1832505306097613,1.03290776479748,-1.2258476714090278,0.8077365626180215,0.646091668153197,0.9702425509371356,1.447261321903073,-1.43244469563043,-0.0155594921760869,-1.002803930999114,-0.5787359118286177,1.7427397119690018,1.0959875190286648,-1.0959875190286648,-0.5784279906300535,-0.5776581893550843,-0.5765804684883443,1.733900301750437,0
0.3256254477557921,-0.3739577120123647,-1.0417596792253108,1.6777265784141515,-0.9115834940401768,0.646091668153197,0.9702425509371356,-0.6321432122842386,0.7014981422339509,1.4938675033704707,0.9972039090469852,-0.5787359118286177,-0.5738091541336192,1.0959875190286648,-1.0959875190286648,-0.5784279906300535,-0.5776581893550843,1.7343632929879855,-0.5767344287272242,1
0.5429077376866382,-0.6600184841162697,0.3413519501232164,-1.2258476714090278,0.8077365626180215,-1.5477679860172513,-1.0306701134001208,-1.1560854560416527,-0.009816137054176,0.1437935044212036,0.9972039090469852,-0.5787359118286177,-0.5738091541336192,1.0959875190286648,-1.0959875190286648,-0.5784279906300535,-0.5776581893550843,1.7343632929879855,-0.5767344287272242,0
0.553254513397631,0.007456650792842,1.7244635794717436,0.4178313864133311,0.8077365626180215,0.646091668153197,-1.0306701134001208,1.2499389401330356,-0.009816137054176,1.325661562517775,-1.002803930999114,1.7279038324066065,-0.5738091541336192,1.0959875190286648,-1.0959875190286648,-0.5784279906300535,-0.5776581893550843,-0.5765804684883443,1.733900301750437,1
-2.405923339946274,-1.0414328469214764,0.6871298574603482,0.3566517449693638,-0.9115834940401768,0.646091668153197,-1.0306701134001208,0.3842965712525844,-0.009816137054176,-0.626412645799034,0.9972039090469852,-0.5787359118286177,-0.5738091541336192,-0.9124191495230388,0.9124191495230392,-0.5784279906300535,1.731127539482183,-0.5765804684883443,-0.5767344287272242,0
-1.3608989931360136,-1.7089079818305883,-1.3875375865624426,1.1193922717045997,0.8077365626180215,0.646091668153197,0.9702425509371356,1.6480778494873456,1.412812421522078,-0.9229862783551024,0.9972039090469852,-0.5787359118286177,-0.5738091541336192,1.0959875190286648,-1.0959875190286648,-0.5784279906300535,-0.5776581893550843,1.7343632929879855,-0.5767344287272242,0
0.4497867562877042,-0.1832505306097613,1.03290776479748,0.3483035445231447,0.8077365626180215,0.646091668153197,-1.0306701134001208,1.4304925867928815,-0.009816137054176,1.5823969459245208,-1.002803930999114,1.7279038324066065,-0.5738091541336192,1.0959875190286648,-1.0959875190286648,-0.5784279906300535,1.731127539482183,-0.5765804684883443,-0.5767344287272242,1
1.598278860207891,0.6749317857019538,0.3413519501232164,0.6657047282908628,2.52705661927622,0.646091668153197,-1.0306701134001208,1.0877326020730609,0.7014981422339509,0.4979112746374047,0.9972039090469852,-0.5787359118286177,-0.5738091541336192,-0.9124191495230388,0.9124191495230392,-0.5784279906300535,1.731127539482183,-0.5765804684883443,-0.5767344287272242,1
0.2221576906458654,0.3888710135980487,-0.3502038645510472,0.2582553938452984,0.8077365626180215,0.646091668153197,0.9702425509371356,1.1693501377457531,0.7014981422339509,-1.4718688221902143,0.9972039090469852,-0.5787359118286177,-0.5738091541336192,1.0959875190286648,-1.0959875190286648,-0.5784279906300535,1.731127539482183,-0.5765804684883443,-0.5767344287272242,0
0.6256819433745797,-1.7089079818305883,-1.7333154938995745,0.1019074212662706,0.8077365626180215,-1.5477679860172513,0.9702425509371356,-1.715973720515766,-1.43244469563043,-1.3125158255929237,0.9972039090469852,-0.5787359118286177,-0.5738091541336192,1.0959875190286648,-1.0959875190286648,-0.5784279906300535,-0.5776581893550843,-0.5765804684883443,1.733900301750437,0
-0.8539069832973727,-0.6600184841162697,0.6871298574603482,1.489138153174966,-0.9115834940401768,0.646091668153197,-1.0306701134001208,-0.6634602809966101,0.7014981422339509,-1.6489277072983148,-1.002803930999114,-0.5787359118286177,1.7427397119690018,1.0959875190286648,-1.0959875190286648,-0.5784279906300535,-0.5776581893550843,1.7343632929879855,-0.5767344287272242,0
-0.7918263290314166,-0.4693113027136664,0.6871298574603482,1.226186347041162,-0.9115834940401768,0.646091668153197,0.9702425509371356,0.6016761220679684,1.412812421522078,0.4359406648495695,0.9972039090469852,-0.5787359118286177,-0.5738091541336192,1.0959875190286648,-1.0959875190286648,1.7288236672481017,-0.5776581893550843,-0.5765804684883443,-0.5767344287272242,0
-2.04378619006153,0.1028102414941437,-1.3875375865624426,0.5615674667846833,-0.9115834940401768,0.646091668153197,0.9702425509371356,0.3527115380383845,0.7014981422339509,1.153029149537377,-1.002803930999114,1.7279038324066065,-0.5738091541336192,1.0959875190286648,-1.0959875190286648,-0.5784279906300535,-0.5776581893550843,1.7343632929879855,-0.5767344287272242,1
0.1186899335359386,-0.7553720748175714,-0.695981771888179,-1.2258476714090278,0.8077365626180215,-1.5477679860172513,0.9702425509371356,-1.2582540083814904,-0.721130416342303,-1.6179424024043974,0.9972039090469852,-0.5787359118286177,-0.5738091541336192,-0.9124191495230388,0.9124191495230392,-0.5784279906300535,-0.5776581893550843,-0.5765804684883443,1.733900301750437,0
0.5636012891086236,-0.0878969399084596,-1.3875375865624426,1.810387445772236,-0.9115834940401768,-1.5477679860172513,0.9702425509371356,0.1140429813632795,-0.009816137054176,0.1836317535705262,0.9972039090469852,-0.5787359118286177,-0.5738091541336192,-0.9124191495230388,0.9124191495230392,-0.5784279906300535,-0.5776581893550843,1.7343632929879855,-0.5767344287272242,0
0.139383484957924,0.1028102414941437,0.6871298574603482,0.7872969537502996,-0.9115834940401768,0.646091668153197,-1.0306701134001208,0.3822665793029781,-0.721130416342303,-0.6573979506929516,0.9972039090469852,-0.5787359118286177,-0.5738091541336192,-0.9124191495230388,0.9124191495230392,-0.5784279906300535,-0.5776581893550843,1.7343632929879855,-0.5767344287272242,0
-0.8332134318753873,1.8191748741175744,1.03290776479748,-1.2258476714090278,-0.9115834940401768,-1.5477679860172513,0.9702425509371356,0.285417496187948,-0.721130416342303,-1.547118848361157,0.9972039090469852,-0.5787359118286177,-0.5738091541336192,1.0959875190286648,-1.0959875190286648,1.7288236672481017,-0.5776581893550843,-0.5765804684883443,-0.5767344287272242,1
-1.3091651145810503,1.247053329909764,-1.0417596792253108,0.1828431989489891,-0.9115834940401768,0.646091668153197,-1.0306701134001208,1.2834678897430425,0.7014981422339509,0.7280878252779356,0.9972039090469852,-0.5787359118286177,-0.5738091541336192,-0.9124191495230388,0.9124191495230392,-0.5784279906300535,-0.5776581893550843,-0.5765804684883443,1.733900301750437,1
-0.0675520292619294,-0.5646648934149681,1.03290776479748,-1.2258476714090278,0.8077365626180215,0.646091668153197,0.9702425509371356,0.9599411832122008,1.412812421522078,0.9139996546414412,0.9972039090469852,-0.5787359118286177,-0.5738091541336192,-0.9124191495230388,0.9124191495230392,-0.5784279906300535,-0.5776581893550843,-0.5765804684883443,1.733900301750437,0
-0.9884150675402774,-0.5646648934149681,-1.3875375865624426,-0.3269722412061958,0.8077365626180215,-1.5477679860172513,-1.0306701134001208,1.3686515616931476,1.412812421522078,-0.5555890917557937,-1.002803930999114,-0.5787359118286177,1.7427397119690018,-0.9124191495230388,0.9124191495230392,-0.5784279906300535,-0.5776581893550843,1.7343632929879855,-0.5767344287272242,0
-0.2227536649268195,-0.8507256655188732,-1.0417596792253108,-0.6807075217708655,-0.9115834940401768,0.646091668153197,-1.0306701134001208,-1.4001555580251883,-0.721130416342303,1.5292792803920907,-1.002803930999114,-0.5787359118286177,1.7427397119690018,1.0959875190286648,-1.0959875190286648,1.7288236672481017,-0.5776581893550843,-0.5765804684883443,-0.5767344287272242,0
0.615335167663587,0.3888710135980487,-1.0417596792253108,1.0192348618625369,2.52705661927622,0.646091668153197,0.9702425509371356,1.005396378998645,-0.009816137054176,-1.1354569404848232,-1.002803930999114,1.7279038324066065,-0.5738091541336192,-0.9124191495230388,0.9124191495230392,-0.5784279906300535,1.731127539482183,-0.5765804684883443,-0.5767344287272242,1
0.0152221764260119,0.2935174228967471,-0.3502038645510472,-1.2258476714090278,0.8077365626180215,0.646091668153197,0.9702425509371356,-1.0770439269426686,1.412812421522078,-1.666633595809125,-1.002803930999114,-0.5787359118286177,1.7427397119690018,1.0959875190286648,-1.0959875190286648,-0.5784279906300535,1.731127539482183,-0.5765804684883443,-0.5767344287272242,0
0.4497867562877042,-0.4693113027136664,-0.0044259572139154,0.8240200284785016,-0.9115834940401768,0.646091668153197,-1.0306701134001208,0.0286494241739096,1.412812421522078,-1.246118743677386,0.9972039090469852,-0.5787359118286177,-0.5738091541336192,-0.9124191495230388,0.9124191495230392,-0.5784279906300535,1.731127539482183,-0.5765804684883443,-0.5767344287272242,0
0.1807705878018947,0.6749317857019538,-1.0417596792253108,-1.2258476714090278,2.52705661927622,0.646091668153197,-1.0306701134001208,-0.1920055188260537,-1.43244469563043,1.4894410312427682,0.9972039090469852,-0.5787359118286177,-0.5738091541336192,1.0959875190286648,-1.0959875190286648,1.7288236672481017,-0.5776581893550843,-0.5765804684883443,-0.5767344287272242,1
0.4290932048657189,2.5820035997279875,-0.3502038645510472,1.3341947964136056,-0.9115834940401768,0.646091668153197,0.9702425509371356,0.3147045729507132,0.7014981422339509,-1.4762952943179168,0.9972039090469852,-0.5787359118286177,-0.5738091541336192,-0.9124191495230388,0.9124191495230392,-0.5784279906300535,1.731127539482183,-0.5765804684883443,-0.5767344287272242,0
-0.6987053476324826,-0.7553720748175714,-0.3502038645510472,1.32212269723125,-0.9115834940401768,0.646091668153197,-1.0306701134001208,-1.5224299686125218,0.7014981422339509,1.1308967888988644,0.9972039090469852,-0.5787359118286177,-0.5738091541336192,1.0959875190286648,-1.0959875190286648,1.7288236672481017,-0.5776581893550843,-0.5765804684883443,-0.5767344287272242,0
0.0255689521370046,-1.3274936190253817,-1.0417596792253108,1.310705465715598,2.52705661927622,0.646091668153197,0.9702425509371356,1.7261539412637144,0.7014981422339509,0.1039552552718809,-1.002803930999114,1.7279038324066065,-0.5738091541336192,1.0959875190286648,-1.0959875190286648,-0.5784279906300535,1.731127539482183,-0.5765804684883443,-0.5767344287272242,0
-1.0815360489392114,1.247053329909764,-1.0417596792253108,-1.2258476714090278,-0.9115834940401768,0.646091668153197,-1.0306701134001208,0.6476034292252523,0.7014981422339509,-1.246118743677386,0.9972039090469852,-0.5787359118286177,-0.5738091541336192,1.0959875190286648,-1.0959875190286648,-0.5784279906300535,-0.5776581893550843,-0.5765804684883443,1.733900301750437,1
-0.0675520292619294,-0.1832505306097613,0.3413519501232164,0.6536802296217256,0.8077365626180215,0.646091668153197,-1.0306701134001208,0.0717769283176073,1.412812421522078,1.5159998640089831,0.9972039090469852,-0.5787359118286177,-0.5738091541336192,-0.9124191495230388,0.9124191495230392,-0.5784279906300535,-0.5776581893550843,1.7343632929879855,-0.5767344287272242,1
0.4083996534437335,-1.23214002832408,-0.0044259572139154,1.3004227932338643,-0.9115834940401768,0.646091668153197,0.9702425509371356,-0.8779875140160894,1.412812421522078,1.2149997593252122,0.9972039090469852,-0.5787359118286177,-0.5738091541336192,1.0959875190286648,-1.0959875190286648,1.7288236672481017,-0.5776581893550843,-0.5765804684883443,-0.5767344287272242,0
0.2842383449118215,-0.1832505306097613,1.03290776479748,1.1622061286006269,0.8077365626180215,0.646091668153197,0.9702425509371356,-1.3670853302554304,1.412812421522078,-1.547118848361157,-1.002803930999114,1.7279038324066065,-0.5738091541336192,1.0959875190286648,-1.0959875190286648,1.7288236672481017,-0.5776581893550843,-0.5765804684883443,-0.5767344287272242,0
1.3603030188550596,-0.278604121311063,-0.0044259572139154,0.0757253760141056,0.8077365626180215,-1.5477679860172513,0.9702425509371356,0.1376015996031842,-0.721130416342303,1.4850145591150656,0.9972039090469852,-0.5787359118286177,-0.5738091541336192,-0.9124191495230388,0.9124191495230392,-0.5784279906300535,-0.5776581893550843,-0.5765804684883443,1.733900301750437,0
1.6500127387628545,-0.5646648934149681,0.3413519501232164,-1.2258476714090278,0.8077365626180215,0.646091668153197,0.9702425509371356,-0.3847241626428768,0.7014981422339509,-0.3829566787753957,0.9972039090469852,-0.5787359118286177,-0.5738091541336192,-0.9124191495230388,0.9124191495230392,1.7288236672481017,-0.5776581893550843,-0.5765804684883443,-0.5767344287272242,0
-0.9159876375633288,-0.7553720748175714,-0.3502038645510472,0.8133975812896195,0.8077365626180215,-1.5477679860172513,0.9702425509371356,0.7516774682692006,0.7014981422339509,1.4673086706042555,-1.002803930999114,1.7279038324066065,-0.5738091541336192,-0.9124191495230388,0.9124191495230392,1.7288236672481017,-0.5776581893550843,-0.5765804684883443,-0.5767344287272242,0
-0.4400359548576657,0.1981638321954454,-0.695981771888179,0.2128071610712476,-0.9115834940401768,-1.5477679860172513,-1.0306701134001208,1.7252410187234168,-0.009816137054176,0.1437935044212036,-1.002803930999114,-0.5787359118286177,1.7427397119690018,1.0959875190286648,-1.0959875190286648,-0.5784279906300535,-0.5776581893550843,1.7343632929879855,-0.5767344287272242,1
0.8222706818834405,2.200589236922781,-1.0417596792253108,-1.2258476714090278,0.8077365626180215,0.646091668153197,0.9702425509371356,1.502404625577162,0.7014981422339509,-0.0553977413254095,-1.002803930999114,-0.5787359118286177,1.7427397119690018,-0.9124191495230388,0.9124191495230392,-0.5784279906300535,1.731127539482183,-0.5765804684883443,-0.5767344287272242,0
-1.5264474045118963,-1.3274936190253817,0.6871298574603482,-1.2258476714090278,-0.9115834940401768,-1.5477679860172513,0.9702425509371356,1.6128452994721405,-1.43244469563043,-0.8388833079287547,-1.002803930999114,-0.5787359118286177,1.7427397119690018,-0.9124191495230388,0.9124191495230392,-0.5784279906300535,-0.5776581893550843,-0.5765804684883443,1.733900301750437,0
-0.2641407677707902,0.5795781950006521,-0.695981771888179,-1.2258476714090278,-0.9115834940401768,0.646091668153197,0.9702425509371356,1.467351877829893,1.412812421522078,-1.0247951372922603,0.9972039090469852,-0.5787359118286177,-0.5738091541336192,1.0959875190286648,-1.0959875190286648,-0.5784279906300535,1.731127539482183,-0.5765804684883443,-0.5767344287272242,1
0.7601900276174844,-0.7553720748175714,-1.0417596792253108,1.35447742317735,0.8077365626180215,-1.5477679860172513,0.9702425509371356,-0.613116689314386,0.7014981422339509,-0.8875745013334824,-1.002803930999114,1.7279038324066065,-0.5738091541336192,-0.9124191495230388,0.9124191495230392,1.7288236672481017,-0.5776581893550843,-0.5765804684883443,-0.5767344287272242,0
-1.4333264231129623,-0.278604121311063,-1.3875375865624426,-1.2258476714090278,-0.9115834940401768,-1.5477679860172513,0.9702425509371356,0.6154318650151627,0.7014981422339509,0.8343231563427959,-1.002803930999114,-0.5787359118286177,1.7427397119690018,-0.9124191495230388,0.9124191495230392,-0.5784279906300535,-0.5776581893550843,1.7343632929879855,-0.5767344287272242,1
-0.5021166091236218,-0.4693113027136664,-0.0044259572139154,-1.2258476714090278,0.8077365626180215,0.646091668153197,0.9702425509371356,-0.394309327645977,-0.721130416342303,0.6041466057022651,0.9972039090469852,-0.5787359118286177,-0.5738091541336192,-0.9124191495230388,0.9124191495230392,1.7288236672481017,-0.5776581893550843,-0.5765804684883443,-0.5767344287272242,0
-1.3402054417140283,-0.1832505306097613,-0.0044259572139154,0.4705137752989811,0.8077365626180215,0.646091668153197,0.9702425509371356,-0.2640005031439954,-0.009816137054176,0.6395583827238852,0.9972039090469852,-0.5787359118286177,-0.5738091541336192,-0.9124191495230388,0.9124191495230392,-0.5784279906300535,-0.5776581893550843,-0.5765804684883443,1.733900301750437,0
0.4704803077096895,0.1981638321954454,1.03290776479748,-1.2258476714090278,0.8077365626180215,-1.5477679860172513,-1.0306701134001208,-1.2487634395425655,-0.009816137054176,0.0951023110164759,0.9972039090469852,-0.5787359118286177,-0.5738091541336192,1.0959875190286648,-1.0959875190286648,-0.5784279906300535,-0.5776581893550843,1.7343632929879855,-0.5767344287272242,0
-0.3779553005917097,-0.278604121311063,-1.3875375865624426,0.6703477817182734,-0.9115834940401768,0.646091668153197,-1.0306701134001208,0.800666804571646,0.7014981422339509,0.4536465533603796,0.9972039090469852,-0.5787359118286177,-0.5738091541336192,-0.9124191495230388,0.9124191495230392,1.7288236672481017,-0.5776581893550843,-0.5765804684883443,-0.5767344287272242,0
-0.3883020763027023,0.7702853764032556,0.3413519501232164,1.1146669992089024,-0.9115834940401768,0.646091668153197,0.9702425509371356,-0.3989749704419238,-0.721130416342303,0.8254702120873909,0.9972039090469852,-0.5787359118286177,-0.5738091541336192,-0.9124191495230388,0.9124191495230392,1.7288236672481017,-0.5776581893550843,-0.5765804684883443,-0.5767344287272242,0
-0.8539069832973727,0.3888710135980487,1.378685672134612,-1.2258476714090278,-0.9115834940401768,0.646091668153197,-1.0306701134001208,0.4482980058076812,-1.43244469563043,0.878587877619821,-1.002803930999114,-0.5787359118286177,1.7427397119690018,1.0959875190286648,-1.0959875190286648,-0.5784279906300535,-0.5776581893550843,1.7343632929879855,-0.5767344287272242,1
2.0224966643585907,-0.4693113027136664,1.7244635794717436,1.0562300768986346,0.8077365626180215,-1.5477679860172513,0.9702425509371356,-0.5511721996600849,1.412812421522078,-0.6883832555868692,0.9972039090469852,-0.5787359118286177,-0.5738091541336192,1.0959875190286648,-1.0959875190286648,-0.5784279906300535,-0.5776581893550843,-0.5765804684883443,1.733900301750437,1
-0.0882455806839148,-0.278604121311063,-1.0417596792253108,0.7694629486732651,2.52705661927622,0.646091668153197,0.9702425509371356,-0.7335727320914545,-1.43244469563043,-0.4360743443078258,-1.002803930999114,1.7279038324066065,-0.5738091541336192,1.0959875190286648,-1.0959875190286648,-0.5784279906300535,-0.5776581893550843,1.7343632929879855,-0.5767344287272242,1
-0.4089956277246876,-0.8507256655188732,1.378685672134612,0.1940602518753824,-0.9115834940401768,0.646091668153197,-1.0306701134001208,1.6735558656319751,0.7014981422339509,1.2238527035806173,0.9972039090469852,-0.5787359118286177,-0.5738091541336192,1.0959875190286648,-1.0959875190286648,-0.5784279906300535,1.731127539482183,-0.5765804684883443,-0.5767344287272242,0
1.6189724116298765,0.2935174228967471,-1.3875375865624426,-1.2258476714090278,-0.9115834940401768,0.646091668153197,-1.0306701134001208,-1.4535392687116069,-0.721130416342303,-0.8875745013334824,-1.002803930999114,-0.5787359118286177,1.7427397119690018,1.0959875190286648,-1.0959875190286648,1.7288236672481017,-0.5776581893550843,-0.5765804684883443,-0.5767344287272242,1
-0.9263344132743214,0.3888710135980487,-0.3502038645510472,-1.2258476714090278,4.246376675934418,-1.5477679860172513,-1.0306701134001208,-1.4183743619093871,-1.43244469563043,-1.2682511043158986,0.9972039090469852,-0.5787359118286177,-0.5738091541336192,-0.9124191495230388,0.9124191495230392,-0.5784279906300535,1.731127539482183,-0.5765804684883443,-0.5767344287272242,1
-0.5952375905225558,-0.6600184841162697,-0.695981771888179,-1.2258476714090278,0.8077365626180215,0.646091668153197,0.9702425509371356,0.9022825605770824,-0.009816137054176,-0.1572066002625674,0.9972039090469852,-0.5787359118286177,-0.5738091541336192,1.0959875190286648,-1.0959875190286648,-0.5784279906300535,1.731127539482183,-0.5765804684883443,-0.5767344287272242,0
1.629319187340869,0.1981638321954454,-1.7333154938995745,-1.2258476714090278,-0.9115834940401768,0.646091668153197,0.9702425509371356,-0.3512832013767542,-0.009816137054176,-0.9229862783551024,0.9972039090469852,-0.5787359118286177,-0.5738091541336192,-0.9124191495230388,0.9124191495230392,-0.5784279906300535,1.731127539482183,-0.5765804684883443,-0.5767344287272242,0
-0.1192859078168928,-0.3739577120123647,1.03290776479748,-1.2258476714090278,-0.9115834940401768,-1.5477679860172513,-1.0306701134001208,1.119221126333001,0.7014981422339509,-0.3165595968598579,0.9972039090469852,-0.5787359118286177,-0.5738091541336192,1.0959875190286648,-1.0959875190286648,-0.5784279906300535,-0.5776581893550843,1.7343632929879855,-0.5767344287272242,0
-1.091882824650204,2.009882055520177,0.6871298574603482,0.8413459742056952,-0.9115834940401768,-1.5477679860172513,0.9702425509371356,1.3360659653747815,1.412812421522078,1.3300880346454775,-1.002803930999114,1.7279038324066065,-0.5738091541336192,1.0959875190286648,-1.0959875190286648,-0.5784279906300535,1.731127539482183,-0.5765804684883443,-0.5767344287272242,1
1.4534240002539935,1.247053329909764,0.6871298574603482,-1.2258476714090278,-0.9115834940401768,0.646091668153197,0.9702425509371356,0.394595728627201,-0.721130416342303,-0.6928097277145717,0.9972039090469852,-0.5787359118286177,-0.5738091541336192,1.0959875190286648,-1.0959875190286648,1.7288236672481017,-0.5776581893550843,-0.5765804684883443,-0.5767344287272242,0
0.584294840530609,-0.6600184841162697,-0.3502038645510472,0.9031223049113212,-0.9115834940401768,-1.5477679860172513,-1.0306701134001208,0.6396891733059078,-0.721130416342303,0.6129995499576701,-1.002803930999114,-0.5787359118286177,1.7427397119690018,1.0959875190286648,-1.0959875190286648,-0.5784279906300535,-0.5776581893550843,-0.5765804684883443,1.733900301750437,0
-0.9159876375633288,0.8656389671045572,-0.695981771888179,0.2542231335353149,-0.9115834940401768,0.646091668153197,0.9702425509371356,1.0959680328365824,-1.43244469563043,1.1928673986866996,0.9972039090469852,-0.5787359118286177,-0.5738091541336192,-0.9124191495230388,0.9124191495230392,1.7288236672481017,-0.5776581893550843,-0.5765804684883443,-0.5767344287272242,0
1.5155046545199495,-0.9460792562201747,-1.3875375865624426,-1.2258476714090278,-0.9115834940401768,-1.5477679860172513,0.9702425509371356,0.8677299204918895,1.412812421522078,0.6439848548515877,0.9972039090469852,-0.5787359118286177,-0.5738091541336192,-0.9124191495230388,0.9124191495230392,-0.5784279906300535,1.731127539482183,-0.5765804684883443,-0.5767344287272242,0
0.553254513397631,0.8656389671045572,1.03290776479748,1.4666681465984053,-0.9115834940401768,0.646091668153197,0.9702425509371356,1.2764954221052696,-0.721130416342303,1.608955778690736,-1.002803930999114,-0.5787359118286177,1.7427397119690018,-0.9124191495230388,0.9124191495230392,-0.5784279906300535,-0.5776581893550843,-0.5765804684883443,1.733900301750437,0
0.0773028306919679,-0.0878969399084596,0.3413519501232164,0.4232632941372456,-0.9115834940401768,-1.5477679860172513,-1.0306701134001208,0.9664027620074224,-1.43244469563043,1.0467938184725163,0.9972039090469852,-0.5787359118286177,-0.5738091541336192,1.0959875190286648,-1.0959875190286648,-0.5784279906300535,-0.5776581893550843,-0.5765804684883443,1.733900301750437,0
0.4187464291547262,2.009882055520177,0.3413519501232164,0.3940232765207384,-0.9115834940401768,0.646091668153197,-1.0306701134001208,1.3435708842160574,1.412812421522078,-1.5648247368719672,0.9972039090469852,-0.5787359118286177,-0.5738091541336192,1.0959875190286648,-1.0959875190286648,-0.5784279906300535,-0.5776581893550843,-0.5765804684883443,1.733900301750437,1
-0.2641407677707902,1.247053329909764,-1.0417596792253108,0.0478099989422152,-0.9115834940401768,0.646091668153197,0.9702425509371356,-0.2692549375059321,-0.721130416342303,0.0995287831441784,0.9972039090469852,-0.5787359118286177,-0.5738091541336192,1.0959875190286648,-1.0959875190286648,-0.5784279906300535,-0.5776581893550843,1.7343632929879855,-0.5767344287272242,0
1.1947546074791768,-0.4693113027136664,0.3413519501232164,0.4799966950502077,-0.9115834940401768,-1.5477679860172513,0.9702425509371356,0.6591373795443743,-1.43244469563043,-0.9849568881429376,-1.002803930999114,1.7279038324066065,-0.5738091541336192,1.0959875190286648,-1.0959875190286648,1.7288236672481017,-0.5776581893550843,-0.5765804684883443,-0.5767344287272242,1
0.5118674105536603,-0.7553720748175714,0.6871298574603482,-1.2258476714090278,0.8077365626180215,-1.5477679860172513,0.9702425509371356,0.783578285737339,-1.43244469563043,0.3075729731461966,-1.002803930999114,-0.5787359118286177,1.7427397119690018,-0.9124191495230388,0.9124191495230392,-0.5784279906300535,1.731127539482183,-0.5765804684883443,-0.5767344287272242,0
-0.781479553320424,-1.422847209726683,-1.0417596792253108,-1.2258476714090278,0.8077365626180215,0.646091668153197,0.9702425509371356,0.3449555220260251,-0.721130416342303,-1.0602069143138804,0.9972039090469852,-0.5787359118286177,-0.5738091541336192,-0.9124191495230388,0.9124191495230392,-0.5784279906300535,-0.5776581893550843,1.7343632929879855,-0.5767344287272242,0
-0.1606730106608635,0.8656389671045572,1.03290776479748,0.8704393437764282,0.8077365626180215,0.646091668153197,0.9702425509371356,-0.9883897582193716,0.7014981422339509,1.2327056478360223,0.9972039090469852,-0.5787359118286177,-0.5738091541336192,1.0959875190286648,-1.0959875190286648,-0.5784279906300535,-0.5776581893550843,-0.5765804684883443,1.733900301750437,0
0.3566657748887701,-1.518200800427985,-0.0044259572139154,1.4170615201678962,-0.9115834940401768,-1.5477679860172513,-1.0306701134001208,0.7140278471473027,-0.009816137054176,-0.506897898351066,-1.002803930999114,-0.5787359118286177,1.7427397119690018,-0.9124191495230388,0.9124191495230392,-0.5784279906300535,1.731127539482183,-0.5765804684883443,-0.5767344287272242,0
0.522214186264653,0.1981638321954454,-1.7333154938995745,1.1917605980923351,-0.9115834940401768,-1.5477679860172513,0.9702425509371356,0.4787734468829024,0.7014981422339509,-0.9185598062274,-1.002803930999114,1.7279038324066065,-0.5738091541336192,-0.9124191495230388,0.9124191495230392,-0.5784279906300535,1.731127539482183,-0.5765804684883443,-0.5767344287272242,0
-1.4229796474019698,-0.8507256655188732,-0.0044259572139154,-1.2258476714090278,0.8077365626180215,0.646091668153197,-1.0306701134001208,1.085654790371344,-0.721130416342303,-0.7193685604807868,0.9972039090469852,-0.5787359118286177,-0.5738091541336192,-0.9124191495230388,0.9124191495230392,1.7288236672481017,-0.5776581893550843,-0.5765804684883443,-0.5767344287272242,0
-0.4710762819906437,0.1981638321954454,-0.0044259572139154,0.2424424071914483,-0.9115834940401768,0.646091668153197,0.9702425509371356,-1.246137526536655,1.412812421522078,-0.343118429626073,0.9972039090469852,-0.5787359118286177,-0.5738091541336192,-0.9124191495230388,0.9124191495230392,-0.5784279906300535,-0.5776581893550843,-0.5765804684883443,1.733900301750437,0
-0.6469714690775192,-1.7089079818305883,1.03290776479748,-1.2258476714090278,0.8077365626180215,0.646091668153197,0.9702425509371356,0.1743064763133796,1.412812421522078,1.006955569323194,0.9972039090469852,-0.5787359118286177,-0.5738091541336192,1.0959875190286648,-1.0959875190286648,-0.5784279906300535,-0.5776581893550843,1.7343632929879855,-0.5767344287272242,0
0.1600770363799093,0.3888710135980487,-0.0044259572139154,-1.2258476714090278,0.8077365626180215,0.646091668153197,-1.0306701134001208,-1.2301699026918258,-0.721130416342303,-0.6308391179267365,-1.002803930999114,-0.5787359118286177,1.7427397119690018,-0.9124191495230388,0.9124191495230392,-0.5784279906300535,-0.5776581893550843,-0.5765804684883443,1.733900301750437,0
-0.0985923563949074,-1.23214002832408,-0.3502038645510472,0.2413995232200239,0.8077365626180215,-1.5477679860172513,0.9702425509371356,-1.2508412512442828,-0.721130416342303,0.4669259697434871,0.9972039090469852,-0.5787359118286177,-0.5738091541336192,1.0959875190286648,-1.0959875190286648,-0.5784279906300535,-0.5776581893550843,1.7343632929879855,-0.5767344287272242,0
-0.5331569362565998,-0.278604121311063,-0.695981771888179,0.8410116487155476,0.8077365626180215,0.646091668153197,0.9702425509371356,-1.0393737867998654,0.7014981422339509,0.2456023633583614,-1.002803930999114,1.7279038324066065,-0.5738091541336192,-0.9124191495230388,0.9124191495230392,1.7288236672481017,-0.5776581893550843,-0.5765804684883443,-0.5767344287272242,0
2.063883767202561,-0.278604121311063,-1.3875375865624426,0.4422087792114872,0.8077365626180215,-1.5477679860172513,0.9702425509371356,-0.5476881394662945,-1.43244469563043,-0.9672509996321276,0.9972039090469852,-0.5787359118286177,-0.5738091541336192,-0.9124191495230388,0.9124191495230392,1.7288236672481017,-0.5776581893550843,-0.5765804684883443,-0.5767344287272242,0
-1.567834507355867,-1.0414328469214764,-0.3502038645510472,1.046677920037272,-0.9115834940401768,0.646091668153197,0.9702425509371356,-1.3578780282390095,-0.721130416342303,0.3916759435725444,0.9972039090469852,-0.5787359118286177,-0.5738091541336192,1.0959875190286648,-1.0959875190286648,-0.5784279906300535,-0.5776581893550843,1.7343632929879855,-0.5767344287272242,0
-0.4917698334126291,-0.3739577120123647,-1.3875375865624426,0.4625446159765394,0.8077365626180215,0.646091668153197,0.9702425509371356,0.5266999674584343,1.412812421522078,0.4182347763387595,-1.002803930999114,1.7279038324066065,-0.5738091541336192,-0.9124191495230388,0.9124191495230392,-0.5784279906300535,-0.5776581893550843,-0.5765804684883443,1.733900301750437,0
-0.2537939920597976,-1.7089079818305883,-1.3875375865624426,-1.2258476714090278,0.8077365626180215,0.646091668153197,-1.0306701134001208,-0.5887569598091196,-0.009816137054176,0.7457937137887456,0.9972039090469852,-0.5787359118286177,-0.5738091541336192,-0.9124191495230388,0.9124191495230392,-0.5784279906300535,1.731127539482183,-0.5765804684883443,-0.5767344287272242,0
1.505157878808957,0.1028102414941437,-1.0417596792253108,0.5888758972452653,0.8077365626180215,0.646091668153197,0.9702425509371356,-0.933357222480172,-1.43244469563043,-1.6533541794260174,-1.002803930999114,1.7279038324066065,-0.5738091541336192,-0.9124191495230388,0.9124191495230392,-0.5784279906300535,-0.5776581893550843,1.7343632929879855,-0.5767344287272242,0
0.1290367092469313,-1.0414328469214764,1.03290776479748,0.7562934733494706,0.8077365626180215,0.646091668153197,0.9702425509371356,-0.2104945477821809,-1.43244469563043,1.4097645329441229,-1.002803930999114,1.7279038324066065,-0.5738091541336192,-0.9124191495230388,0.9124191495230392,-0.5784279906300535,-0.5776581893550843,-0.5765804684883443,1.733900301750437,0
-0.4089956277246876,-1.1367864376227783,0.6871298574603482,-1.2258476714090278,0.8077365626180215,0.646091668153197,0.9702425509371356,0.9978479876554508,-0.721130416342303,-1.6622071236814224,0.9972039090469852,-0.5787359118286177,-0.5738091541336192,-0.9124191495230388,0.9124191495230392,1.7288236672481017,-0.5776581893550843,-0.5765804684883443,-0.5767344287272242,0
0.8015771304614552,0.007456650792842,0.3413519501232164,1.213203106721946,-0.9115834940401768,-1.5477679860172513,-1.0306701134001208,1.062700266018105,0.7014981422339509,-1.5515453204888596,-1.002803930999114,1.7279038324066065,-0.5738091541336192,-0.9124191495230388,0.9124191495230392,1.7288236672481017,-0.5776581893550843,-0.5765804684883443,-0.5767344287272242,0
-1.671302264465794,-0.0878969399084596,-1.0417596792253108,0.8006853593806817,0.8077365626180215,0.646091668153197,0.9702425509371356,-0.303046982697552,0.7014981422339509,-0.3563978460091805,-1.002803930999114,1.7279038324066065,-0.5738091541336192,-0.9124191495230388,0.9124191495230392,-0.5784279906300535,-0.5776581893550843,-0.5765804684883443,1.733900301750437,0
0.4290932048657189,0.4842246042993504,1.03290776479748,-1.2258476714090278,-0.9115834940401768,-1.5477679860172513,0.9702425509371356,1.0255881389099328,0.7014981422339509,0.4403671369772721,-1.002803930999114,-0.5787359118286177,1.7427397119690018,1.0959875190286648,-1.0959875190286648,-0.5784279906300535,-0.5776581893550843,1.7343632929879855,-0.5767344287272242,0
-0.429689179146673,2.105235646221479,-1.3875375865624426,-1.2258476714090278,-0.9115834940401768,0.646091668153197,-1.0306701134001208,-1.3501235772367193,1.412812421522078,-0.9141333340996974,-1.002803930999114,-0.5787359118286177,1.7427397119690018,-0.9124191495230388,0.9124191495230392,-0.5784279906300535,-0.5776581893550843,1.7343632929879855,-0.5767344287272242,1
-0.4400359548576657,-1.0414328469214764,1.378685672134612,-1.2258476714090278,0.8077365626180215,0.646091668153197,0.9702425509371356,0.4342343036568934,0.7014981422339509,-0.927412750482805,0.9972039090469852,-0.5787359118286177,-0.5738091541336192,1.0959875190286648,-1.0959875190286648,-0.5784279906300535,1.731127539482183,-0.5765804684883443,-0.5767344287272242,0
0.7084561490625211,0.1028102414941437,-0.3502038645510472,0.8318587271350851,-0.9115834940401768,0.646091668153197,0.9702425509371356,1.3215826666354722,-1.43244469563043,1.6487940278400586,-1.002803930999114,-0.5787359118286177,1.7427397119690018,-0.9124191495230388,0.9124191495230392,1.7288236672481017,-0.5776581893550843,-0.5765804684883443,-0.5767344287272242,0
-0.6159311419445411,0.6749317857019538,-0.3502038645510472,0.8459649869698641,-0.9115834940401768,0.646091668153197,-1.0306701134001208,1.1027076617540772,-1.43244469563043,-1.401045268146974,-1.002803930999114,1.7279038324066065,-0.5738091541336192,-0.9124191495230388,0.9124191495230392,-0.5784279906300535,1.731127539482183,-0.5765804684883443,-0.5767344287272242,0
-0.1089391321059001,0.3888710135980487,1.378685672134612,1.538478409056757,-0.9115834940401768,0.646091668153197,-1.0306701134001208,1.5822975201537262,0.7014981422339509,1.051220290600219,-1.002803930999114,-0.5787359118286177,1.7427397119690018,-0.9124191495230388,0.9124191495230392,1.7288236672481017,-0.5776581893550843,-0.5765804684883443,-0.5767344287272242,1
1.505157878808957,-0.6600184841162697,-0.0044259572139154,0.4213087882156966,0.8077365626180215,-1.5477679860172513,0.9702425509371356,0.3085267826480186,-0.721130416342303,0.1039552552718809,-1.002803930999114,-0.5787359118286177,1.7427397119690018,-0.9124191495230388,0.9124191495230392,-0.5784279906300535,1.731127539482183,-0.5765804684883443,-0.5767344287272242,0
-2.178294274304435,0.2935174228967471,-1.0417596792253108,-1.2258476714090278,0.8077365626180215,0.646091668153197,-1.0306701134001208,-0.8740330813515361,0.7014981422339509,-1.5338394319780495,0.9972039090469852,-0.5787359118286177,-0.5738091541336192,-0.9124191495230388,0.9124191495230392,-0.5784279906300535,-0.5776581893550843,1.7343632929879855,-0.5767344287272242,0
1.5568917573639205,1.8191748741175744,-1.3875375865624426,0.055593564344431,0.8077365626180215,0.646091668153197,0.9702425509371356,-1.2103796548082613,-1.43244469563043,0.6793966318732079,-1.002803930999114,-0.5787359118286177,1.7427397119690018,-0.9124191495230388,0.9124191495230392,-0.5784279906300535,1.731127539482183,-0.5765804684883443,-0.5767344287272242,0
0.3049318963338068,-0.4693113027136664,0.6871298574603482,-1.2258476714090278,0.8077365626180215,0.646091668153197,-1.0306701134001208,-0.0198302405160385,1.412812421522078,1.3522203952839902,-1.002803930999114,-0.5787359118286177,1.7427397119690018,1.0959875190286648,-1.0959875190286648,-0.5784279906300535,-0.5776581893550843,1.7343632929879855,-0.5767344287272242,0
-0.4814230577016364,0.3888710135980487,-1.0417596792253108,1.0993928439538427,-0.9115834940401768,0.646091668153197,0.9702425509371356,-1.3251917496061996,-0.721130416342303,1.0866320676218393,-1.002803930999114,-0.5787359118286177,1.7427397119690018,-0.9124191495230388,0.9124191495230392,1.7288236672481017,-0.5776581893550843,-0.5765804684883443,-0.5767344287272242,0
-1.1436167032051676,0.007456650792842,-1.3875375865624426,0.0968874102392304,-0.9115834940401768,0.646091668153197,-1.0306701134001208,0.2434856597370285,-0.009816137054176,-1.0867657470800955,-1.002803930999114,1.7279038324066065,-0.5738091541336192,-0.9124191495230388,0.9124191495230392,-0.5784279906300535,1.731127539482183,-0.5765804684883443,-0.5767344287272242,0
-0.0261649264179587,-1.0414328469214764,1.03290776479748,0.2225396229069227,-0.9115834940401768,0.646091668153197,0.9702425509371356,0.8131355875720327,0.7014981422339509,1.042367346344814,-1.002803930999114,1.7279038324066065,-0.5738091541336192,1.0959875190286648,-1.0959875190286648,-0.5784279906300535,-0.5776581893550843,1.7343632929879855,-0.5767344287272242,0
-0.1710197863718562,2.2959428276240823,1.7244635794717436,-1.2258476714090278,0.8077365626180215,0.646091668153197,-1.0306701134001208,-1.2053599719566868,-0.009816137054176,-1.1354569404848232,-1.002803930999114,-0.5787359118286177,1.7427397119690018,-0.9124191495230388,0.9124191495230392,1.7288236672481017,-0.5776581893550843,-0.5765804684883443,-0.5767344287272242,1
0.20146413922388,2.772710781130591,-0.3502038645510472,-1.2258476714090278,0.8077365626180215,0.646091668153197,0.9702425509371356,-1.541770363046229,1.412812421522078,0.7457937137887456,0.9972039090469852,-0.5787359118286177,-0.5738091541336192,-0.9124191495230388,0.9124191495230392,-0.5784279906300535,1.731127539482183,-0.5765804684883443,-0.5767344287272242,0
-1.3919393202689916,0.6749317857019538,0.3413519501232164,-0.2287645291530334,-0.9115834940401768,-1.5477679860172513,0.9702425509371356,1.2449067372009082,-0.721130416342303,1.462882198476553,0.9972039090469852,-0.5787359118286177,-0.5738091541336192,1.0959875190286648,-1.0959875190286648,-0.5784279906300535,1.731127539482183,-0.5765804684883443,-0.5767344287272242,1
-1.8471974515526688,-0.9460792562201747,1.03290776479748,0.4167750396704917,-0.9115834940401768,-1.5477679860172513,0.9702425509371356,1.4108447548256038,0.7014981422339509,0.9095731825137386,0.9972039090469852,-0.5787359118286177,-0.5738091541336192,-0.9124191495230388,0.9124191495230392,-0.5784279906300535,-0.5776581893550843,-0.5765804684883443,1.733900301750437,0
0.2428512420678507,-0.278604121311063,-1.0417596792253108,1.2507525391813097,-0.9115834940401768,-1.5477679860172513,0.9702425509371356,-1.2628156649528472,0.7014981422339509,1.4982939754981732,0.9972039090469852,-0.5787359118286177,-0.5738091541336192,-0.9124191495230388,0.9124191495230392,-0.5784279906300535,-0.5776581893550843,1.7343632929879855,-0.5767344287272242,0
-0.429689179146673,0.5795781950006521,-0.3502038645510472,0.2025251296738677,-0.9115834940401768,0.646091668153197,0.9702425509371356,1.724410520046758,-0.009816137054176,-0.1483536560071623,-1.002803930999114,-0.5787359118286177,1.7427397119690018,1.0959875190286648,-1.0959875190286648,1.7288236672481017,-0.5776581893550843,-0.5765804684883443,-0.5767344287272242,0
0.4808270834206822,-1.3274936190253817,-0.0044259572139154,0.1033101138308788,0.8077365626180215,0.646091668153197,0.9702425509371356,0.4918242397389796,-1.43244469563043,-1.436457045168594,-1.002803930999114,-0.5787359118286177,1.7427397119690018,1.0959875190286648,-1.0959875190286648,-0.5784279906300535,-0.5776581893550843,1.7343632929879855,-0.5767344287272242,0
0.0048754007150192,-1.23214002832408,-0.0044259572139154,1.1307354579774678,-0.9115834940401768,-1.5477679860172513,-1.0306701134001208,0.7246521788362731,1.412812421522078,0.1349405601657985,-1.002803930999114,1.7279038324066065,-0.5738091541336192,-0.9124191495230388,0.9124191495230392,-0.5784279906300535,-0.5776581893550843,-0.5765804684883443,1.733900301750437,0
-0.4710762819906437,0.007456650792842,0.6871298574603482,-1.2258476714090278,-0.9115834940401768,-1.5477679860172513,0.9702425509371356,0.3348780744111949,0.7014981422339509,-1.3257952419760313,0.9972039090469852,-0.5787359118286177,-0.5738091541336192,-0.9124191495230388,0.9124191495230392,1.7288236672481017,-0.5776581893550843,-0.5765804684883443,-0.5767344287272242,0
-0.6883585719214899,-0.7553720748175714,0.3413519501232164,1.220247181322848,-0.9115834940401768,0.646091668153197,-1.0306701134001208,-0.0137623486981948,1.412812421522078,-0.7149420883530843,-1.002803930999114,1.7279038324066065,-0.5738091541336192,1.0959875190286648,-1.0959875190286648,1.7288236672481017,-0.5776581893550843,-0.5765804684883443,-0.5767344287272242,0
-1.319511890292043,-0.4693113027136664,0.6871298574603482,-1.2258476714090278,0.8077365626180215,0.646091668153197,-1.0306701134001208,-0.6618284971645814,0.7014981422339509,-0.1793389609010799,-1.002803930999114,-0.5787359118286177,1.7427397119690018,-0.9124191495230388,0.9124191495230392,1.7288236672481017,-0.5776581893550843,-0.5765804684883443,-0.5767344287272242,0
-0.5435037119675924,-1.0414328469214764,1.03290776479748,0.8575444128268536,0.8077365626180215,-1.5477679860172513,0.9702425509371356,-0.9398608826572512,-0.009816137054176,-0.1483536560071623,0.9972039090469852,-0.5787359118286177,-0.5738091541336192,-0.9124191495230388,0.9124191495230392,-0.5784279906300535,-0.5776581893550843,-0.5765804684883443,1.733900301750437,0
-1.443673198823955,-0.9460792562201747,1.378685672134612,-1.2258476714090278,0.8077365626180215,-1.5477679860172513,0.9702425509371356,0.7057628550824766,0.7014981422339509,-0.9583980553767226,-1.002803930999114,-0.5787359118286177,1.7427397119690018,1.0959875190286648,-1.0959875190286648,1.7288236672481017,-0.5776581893550843,-0.5765804684883443,-0.5767344287272242,0
1.598278860207891,-1.23214002832408,-1.0417596792253108,-1.2258476714090278,0.8077365626180215,0.646091668153197,0.9702425509371356,-1.3050121619954491,-1.43244469563043,-0.97167747175983,-1.002803930999114,-0.5787359118286177,1.7427397119690018,-0.9124191495230388,0.9124191495230392,-0.5784279906300535,-0.5776581893550843,-0.5765804684883443,1.733900301750437,0
1.691399841606825,-0.7553720748175714,-0.3502038645510472,-1.2258476714090278,0.8077365626180215,0.646091668153197,0.9702425509371356,0.7292760880303778,-0.721130416342303,-1.263824632188196,0.9972039090469852,-0.5787359118286177,-0.5738091541336192,1.0959875190286648,-1.0959875190286648,-0.5784279906300535,-0.5776581893550843,-0.5765804684883443,1.733900301750437,0
0.998165868970316,0.7702853764032556,-0.0044259572139154,1.0165788493875956,4.246376675934418,-1.5477679860172513,0.9702425509371356,0.5194845754799385,1.412812421522078,-1.666633595809125,0.9972039090469852,-0.5787359118286177,-0.5738091541336192,1.0959875190286648,-1.0959875190286648,1.7288236672481017,-0.5776581893550843,-0.5765804684883443,-0.5767344287272242,1
-0.0778988049729221,0.007456650792842,0.6871298574603482,-1.2258476714090278,0.8077365626180215,0.646091668153197,0.9702425509371356,1.2224876201813029,-0.009816137054176,0.3119994452738991,0.9972039090469852,-0.5787359118286177,-0.5738091541336192,-0.9124191495230388,0.9124191495230392,-0.5784279906300535,-0.5776581893550843,1.7343632929879855,-0.5767344287272242,0
2.063883767202561,-0.0878969399084596,-0.695981771888179,-0.3459432093834735,-0.9115834940401768,0.646091668153197,0.9702425509371356,0.6953045883508363,-0.721130416342303,1.4141910050718254,-1.002803930999114,1.7279038324066065,-0.5738091541336192,-0.9124191495230388,0.9124191495230392,-0.5784279906300535,1.731127539482183,-0.5765804684883443,-0.5767344287272242,0
-1.8368506758416767,0.1028102414941437,1.03290776479748,1.2195084918769752,0.8077365626180215,0.646091668153197,-1.0306701134001208,-0.4697909805078242,0.7014981422339509,-1.3125158255929237,-1.002803930999114,1.7279038324066065,-0.5738091541336192,-0.9124191495230388,0.9124191495230392,1.7288236672481017,-0.5776581893550843,-0.5765804684883443,-0.5767344287272242,0
0.9774723175483306,-0.3739577120123647,-0.3502038645510472,0.3491417623148382,-0.9115834940401768,0.646091668153197,-1.0306701134001208,0.5830043347137738,1.412812421522078,-1.485148238573322,-1.002803930999114,1.7279038324066065,-0.5738091541336192,-0.9124191495230388,0.9124191495230392,1.7288236672481017,-0.5776581893550843,-0.5765804684883443,-0.5767344287272242,0
-0.0675520292619294,-0.4693113027136664,1.378685672134612,0.5811533951276832,0.8077365626180215,-1.5477679860172513,-1.0306701134001208,0.7153805375170121,-0.009816137054176,0.0375581733563432,-1.002803930999114,1.7279038324066065,-0.5738091541336192,-0.9124191495230388,0.9124191495230392,1.7288236672481017,-0.5776581893550843,-0.5765804684883443,-0.5767344287272242,0
1.0809400746582574,-0.8507256655188732,0.3413519501232164,1.245875009151748,0.8077365626180215,-1.5477679860172513,0.9702425509371356,-0.6503780140491437,-0.721130416342303,-1.1088981077186082,-1.002803930999114,1.7279038324066065,-0.5738091541336192,1.0959875190286648,-1.0959875190286648,-0.5784279906300535,1.731127539482183,-0.5765804684883443,-0.5767344287272242,0
0.615335167663587,0.1028102414941437,-0.0044259572139154,-1.2258476714090278,0.8077365626180215,-1.5477679860172513,-1.0306701134001208,1.0918331023440615,-0.721130416342303,-1.7153247892138526,0.9972039090469852,-0.5787359118286177,-0.5738091541336192,-0.9124191495230388,0.9124191495230392,1.7288236672481017,-0.5776581893550843,-0.5765804684883443,-0.5767344287272242,0
0.3670125505997628,0.1981638321954454,0.6871298574603482,1.2119648522939113,0.8077365626180215,-1.5477679860172513,0.9702425509371356,0.5613894589796685,-1.43244469563043,0.258881779741469,0.9972039090469852,-0.5787359118286177,-0.5738091541336192,1.0959875190286648,-1.0959875190286648,-0.5784279906300535,-0.5776581893550843,-0.5765804684883443,1.733900301750437,0
-1.2781247874480723,-0.6600184841162697,-1.7333154938995745,-1.2258476714090278,-0.9115834940401768,0.646091668153197,-1.0306701134001208,0.1640415752702751,-0.009816137054176,1.6842058048616788,0.9972039090469852,-0.5787359118286177,-0.5738091541336192,-0.9124191495230388,0.9124191495230392,-0.5784279906300535,-0.5776581893550843,-0.5765804684883443,1.733900301750437,0
-0.3883020763027023,-0.4693113027136664,-0.0044259572139154,1.0835657534442242,-0.9115834940401768,0.646091668153197,-1.0306701134001208,-0.9664803128122632,0.7014981422339509,1.3079556740069649,0.9972039090469852,-0.5787359118286177,-0.5738091541336192,-0.9124191495230388,0.9124191495230392,1.7288236672481017,-0.5776581893550843,-0.5765804684883443,-0.5767344287272242,0
-0.2744875434817829,-0.278604121311063,0.3413519501232164,-1.2258476714090278,0.8077365626180215,-1.5477679860172513,-1.0306701134001208,-0.2687400491932044,1.412812421522078,0.9139996546414412,0.9972039090469852,-0.5787359118286177,-0.5738091541336192,-0.9124191495230388,0.9124191495230392,1.7288236672481017,-0.5776581893550843,-0.5765804684883443,-0.5767344287272242,0
-1.702342591598772,-1.422847209726683,-1.3875375865624426,-1.2258476714090278,-0.9115834940401768,0.646091668153197,-1.0306701134001208,-0.0223879886389407,1.412812421522078,1.462882198476553,-1.002803930999114,-0.5787359118286177,1.7427397119690018,-0.9124191495230388,0.9124191495230392,1.7288236672481017,-0.5776581893550843,-0.5765804684883443,-0.5767344287272242,0
-0.4503827305686584,-0.7553720748175714,-1.3875375865624426,0.4173137107981937,-0.9115834940401768,0.646091668153197,0.9702425509371356,1.1598893040981408,-0.721130416342303,-0.506897898351066,0.9972039090469852,-0.5787359118286177,-0.5738091541336192,1.0959875190286648,-1.0959875190286648,-0.5784279906300535,1.731127539482183,-0.5765804684883443,-0.5767344287272242,0
0.0566092792699826,0.6749317857019538,0.6871298574603482,1.0425575106287357,-0.9115834940401768,0.646091668153197,-1.0306701134001208,-0.8606701559316812,-1.43244469563043,0.8830143497475236,-1.002803930999114,1.7279038324066065,-0.5738091541336192,1.0959875190286648,-1.0959875190286648,-0.5784279906300535,1.731127539482183,-0.5765804684883443,-0.5767344287272242,1
0.2945851206228141,-0.0878969399084596,0.6871298574603482,0.5460352750774958,0.8077365626180215,0.646091668153197,-1.0306701134001208,-0.9314863398875892,0.7014981422339509,-1.2682511043158986,-1.002803930999114,1.7279038324066065,-0.5738091541336192,-0.9124191495230388,0.9124191495230392,-0.5784279906300535,1.731127539482183,-0.5765804684883443,-0.5767344287272242,0
0.615335167663587,-1.613554391129287,1.03290776479748,-1.2258476714090278,0.8077365626180215,-1.5477679860172513,-1.0306701134001208,-0.0077415810724314,0.7014981422339509,-1.4054717402746766,-1.002803930999114,-0.5787359118286177,1.7427397119690018,-0.9124191495230388,0.9124191495230392,-0.5784279906300535,-0.5776581893550843,-0.5765804684883443,1.733900301750437,0
0.1911173635128873,-0.9460792562201747,0.6871298574603482,-1.2258476714090278,0.8077365626180215,0.646091668153197,0.9702425509371356,0.661745034099479,-0.721130416342303,1.3566468674116927,0.9972039090469852,-0.5787359118286177,-0.5738091541336192,-0.9124191495230388,0.9124191495230392,-0.5784279906300535,1.731127539482183,-0.5765804684883443,-0.5767344287272242,0
-0.3262214220367463,0.5795781950006521,-1.7333154938995745,-1.2258476714090278,0.8077365626180215,-1.5477679860172513,-1.0306701134001208,0.2357106897138322,0.7014981422339509,-1.2903834649544113,-1.002803930999114,-0.5787359118286177,1.7427397119690018,1.0959875190286648,-1.0959875190286648,-0.5784279906300535,-0.5776581893550843,-0.5765804684883443,1.733900301750437,0
-0.1917133377938415,-0.8507256655188732,-1.0417596792253108,-0.0630969530617344,0.8077365626180215,-1.5477679860172513,0.9702425509371356,1.4370019853402138,-0.009816137054176,1.0556467627279216,-1.002803930999114,1.7279038324066065,-0.5738091541336192,-0.9124191495230388,0.9124191495230392,1.7288236672481017,-0.5776581893550843,-0.5765804684883443,-0.5767344287272242,0
-0.4400359548576657,-0.1832505306097613,-1.0417596792253108,0.8650652939153821,-0.9115834940401768,0.646091668153197,-1.0306701134001208,-1.35848246990569,1.412812421522078,0.1570729208043111,-1.002803930999114,-0.5787359118286177,1.7427397119690018,-0.9124191495230388,0.9124191495230392,-0.5784279906300535,-0.5776581893550843,-0.5765804684883443,1.733900301750437,0
1.3603030188550596,-0.278604121311063,-1.3875375865624426,1.1589087112303975,0.8077365626180215,0.646091668153197,0.9702425509371356,1.662235278352271,-1.43244469563043,0.0375581733563432,0.9972039090469852,-0.5787359118286177,-0.5738091541336192,-0.9124191495230388,0.9124191495230392,1.7288236672481017,-0.5776581893550843,-0.5765804684883443,-0.5767344287272242,0
-0.2227536649268195,-0.4693113027136664,1.03290776479748,-1.2258476714090278,0.8077365626180215,0.646091668153197,0.9702425509371356,1.3998976832823873,-0.009816137054176,1.0113820414508965,-1.002803930999114,-0.5787359118286177,1.7427397119690018,-0.9124191495230388,0.9124191495230392,-0.5784279906300535,-0.5776581893550843,-0.5765804684883443,1.733900301750437,0
0.3152786720447995,0.4842246042993504,-0.695981771888179,0.4603115589035635,0.8077365626180215,0.646091668153197,0.9702425509371356,1.103647189465549,-0.721130416342303,1.4009115886887178,-1.002803930999114,1.7279038324066065,-0.5738091541336192,1.0959875190286648,-1.0959875190286648,-0.5784279906300535,1.731127539482183,-0.5765804684883443,-0.5767344287272242,0
0.1186899335359386,-0.1832505306097613,0.3413519501232164,-1.2258476714090278,0.8077365626180215,0.646091668153197,-1.0306701134001208,-0.8496451816650261,1.412812421522078,-0.3563978460091805,0.9972039090469852,-0.5787359118286177,-0.5738091541336192,1.0959875190286648,-1.0959875190286648,-0.5784279906300535,-0.5776581893550843,1.7343632929879855,-0.5767344287272242,0
-0.8228666561643946,0.7702853764032556,0.6871298574603482,-1.2258476714090278,0.8077365626180215,-1.5477679860172513,-1.0306701134001208,0.2134802433525547,1.412812421522078,-0.5201773147341736,0.9972039090469852,-0.5787359118286177,-0.5738091541336192,1.0959875190286648,-1.0959875190286648,-0.5784279906300535,-0.5776581893550843,-0.5765804684883443,1.733900301750437,0
-0.1296326835278854,-0.4693113027136664,-0.0044259572139154,0.9137931539688632,-0.9115834940401768,-1.5477679860172513,0.9702425509371356,0.9660076839099832,-1.43244469563043,-1.1133245798463105,0.9972039090469852,-0.5787359118286177,-0.5738091541336192,-0.9124191495230388,0.9124191495230392,-0.5784279906300535,1.731127539482183,-0.5765804684883443,-0.5767344287272242,0
-1.3712457688470063,-0.9460792562201747,1.378685672134612,0.7929548437086859,0.8077365626180215,0.646091668153197,-1.0306701134001208,1.047041123046892,-0.009816137054176,-0.0908095183470296,-1.002803930999114,1.7279038324066065,-0.5738091541336192,-0.9124191495230388,0.9124191495230392,1.7288236672481017,-0.5776581893550843,-0.5765804684883443,-0.5767344287272242,1
-0.84356020758638,-1.0414328469214764,-0.695981771888179,0.3773844129489923,-0.9115834940401768,0.646091668153197,-1.0306701134001208,-1.6507557514669695,-0.009816137054176,0.3385582780401142,-1.002803930999114,1.7279038324066065,-0.5738091541336192,1.0959875190286648,-1.0959875190286648,1.7288236672481017,-0.5776581893550843,-0.5765804684883443,-0.5767344287272242,1
-0.6676650204995045,1.8191748741175744,0.6871298574603482,1.2092091512020613,-0.9115834940401768,0.646091668153197,-1.0306701134001208,1.093243176416304,0.7014981422339509,1.2725438969853449,0.9972039090469852,-0.5787359118286177,-0.5738091541336192,-0.9124191495230388,0.9124191495230392,-0.5784279906300535,-0.5776581893550843,-0.5765804684883443,1.733900301750437,1
-2.0644797414835154,-0.7553720748175714,0.6871298574603482,1.0328819450293996,-0.9115834940401768,-1.5477679860172513,0.9702425509371356,-1.385928920937208,1.412812421522078,-0.6573979506929516,0.9972039090469852,-0.5787359118286177,-0.5738091541336192,1.0959875190286648,-1.0959875190286648,-0.5784279906300535,-0.5776581893550843,1.7343632929879855,-0.5767344287272242,0
-0.7400924504764532,-1.23214002832408,1.7244635794717436,1.3782812057505591,-0.9115834940401768,0.646091668153197,0.9702425509371356,-1.4194996041490568,-0.009816137054176,1.2769703691130474,0.9972039090469852,-0.5787359118286177,-0.5738091541336192,1.0959875190286648,-1.0959875190286648,1.7288236672481017,-0.5776581893550843,-0.5765804684883443,-0.5767344287272242,0
-0.1917133377938415,-0.9460792562201747,0.6871298574603482,0.071110049484967,-0.9115834940401768,0.646091668153197,-1.0306701134001208,-1.6044737086940268,-0.721130416342303,-0.763633281757812,-1.002803930999114,-0.5787359118286177,1.7427397119690018,1.0959875190286648,-1.0959875190286648,-0.5784279906300535,-0.5776581893550843,-0.5765804684883443,1.733900301750437,0
-1.2470844603150943,-0.1832505306097613,-0.3502038645510472,-1.2258476714090278,0.8077365626180215,0.646091668153197,0.9702425509371356,1.126009618342653,-0.721130416342303,1.2327056478360223,-1.002803930999114,-0.5787359118286177,1.7427397119690018,-0.9124191495230388,0.9124191495230392,-0.5784279906300535,-0.5776581893550843,1.7343632929879855,-0.5767344287272242,0
1.3189159160110888,0.1981638321954454,0.6871298574603482,1.013240562889855,-0.9115834940401768,0.646091668153197,-1.0306701134001208,-0.6390988125912668,-1.43244469563043,-0.8388833079287547,-1.002803930999114,1.7279038324066065,-0.5738091541336192,-0.9124191495230388,0.9124191495230392,-0.5784279906300535,1.731127539482183,-0.5765804684883443,-0.5767344287272242,0
-0.3469149734587316,0.4842246042993504,1.378685672134612,-0.4380016403215897,0.8077365626180215,0.646091668153197,-1.0306701134001208,-0.813736895079993,-0.009816137054176,0.1260876159103935,-1.002803930999114,1.7279038324066065,-0.5738091541336192,-0.9124191495230388,0.9124191495230392,1.7288236672481017,-0.5776581893550843,-0.5765804684883443,-0.5767344287272242,0
-0.7090521233434752,-0.5646648934149681,-1.0417596792253108,0.7357742864594284,-0.9115834940401768,0.646091668153197,0.9702425509371356,-1.355930112373026,-0.009816137054176,-1.4762952943179168,-1.002803930999114,1.7279038324066065,-0.5738091541336192,-0.9124191495230388,0.9124191495230392,-0.5784279906300535,1.731127539482183,-0.5765804684883443,-0.5767344287272242,0
0.9257384389933672,2.009882055520177,-0.0044259572139154,0.5055301232081121,0.8077365626180215,-1.5477679860172513,-1.0306701134001208,-1.2886957147952225,1.412812421522078,1.3964851165610153,0.9972039090469852,-0.5787359118286177,-0.5738091541336192,1.0959875190286648,-1.0959875190286648,-0.5784279906300535,1.731127539482183,-0.5765804684883443,-0.5767344287272242,1
0.6567222705075577,0.1028102414941437,1.378685672134612,-0.4802555100351736,-0.9115834940401768,0.646091668153197,0.9702425509371356,-0.0591745936527437,0.7014981422339509,1.1220438446434593,0.9972039090469852,-0.5787359118286177,-0.5738091541336192,-0.9124191495230388,0.9124191495230392,-0.5784279906300535,-0.5776581893550843,1.7343632929879855,-0.5767344287272242,0
0.0979963821139533,1.247053329909764,-0.3502038645510472,0.1667773045178364,-0.9115834940401768,0.646091668153197,-1.0306701134001208,-0.1601958197219371,0.7014981422339509,0.6484113269792903,-1.002803930999114,1.7279038324066065,-0.5738091541336192,1.0959875190286648,-1.0959875190286648,1.7288236672481017,-0.5776581893550843,-0.5765804684883443,-0.5767344287272242,0
0.2531980177788434,0.007456650792842,-1.3875375865624426,-1.2258476714090278,0.8077365626180215,0.646091668153197,-1.0306701134001208,0.9222948660004489,-1.43244469563043,0.8166172678319858,0.9972039090469852,-0.5787359118286177,-0.5738091541336192,-0.9124191495230388,0.9124191495230392,1.7288236672481017,-0.5776581893550843,-0.5765804684883443,-0.5767344287272242,0
-1.5471409559338818,-0.3739577120123647,0.3413519501232164,0.3730301680226583,-0.9115834940401768,0.646091668153197,0.9702425509371356,-1.504126306404577,-1.43244469563043,-1.3125158255929237,0.9972039090469852,-0.5787359118286177,-0.5738091541336192,-0.9124191495230388,0.9124191495230392,-0.5784279906300535,-0.5776581893550843,-0.5765804684883443,1.733900301750437,0
-0.5538504876785851,1.247053329909764,1.03290776479748,0.115514596932152,0.8077365626180215,0.646091668153197,0.9702425509371356,1.0606123686959428,-0.009816137054176,-0.0155594921760869,-1.002803930999114,1.7279038324066065,-0.5738091541336192,-0.9124191495230388,0.9124191495230392,-0.5784279906300535,1.731127539482183,-0.5765804684883443,-0.5767344287272242,0
-0.0468584778399441,-0.6600184841162697,-1.3875375865624426,-1.2258476714090278,0.8077365626180215,0.646091668153197,-1.0306701134001208,1.446747129150376,-0.009816137054176,-1.3257952419760313,-1.002803930999114,-0.5787359118286177,1.7427397119690018,-0.9124191495230388,0.9124191495230392,1.7288236672481017,-0.5776581893550843,-0.5765804684883443,-0.5767344287272242,0
-0.2434472163488049,-1.1367864376227783,-1.3875375865624426,-0.2306780056759832,-0.9115834940401768,0.646091668153197,0.9702425509371356,0.1008005617187437,0.7014981422339509,-0.6042802851605215,0.9972039090469852,-0.5787359118286177,-0.5738091541336192,-0.9124191495230388,0.9124191495230392,1.7288236672481017,-0.5776581893550843,-0.5765804684883443,-0.5767344287272242,0
0.5429077376866382,-1.80426157253189,-0.695981771888179,1.4228080400381005,-0.9115834940401768,0.646091668153197,0.9702425509371356,-1.0166211487455377,1.412812421522078,0.6395583827238852,-1.002803930999114,-0.5787359118286177,1.7427397119690018,-0.9124191495230388,0.9124191495230392,-0.5784279906300535,1.731127539482183,-0.5765804684883443,-0.5767344287272242,0
-0.336568197747739,-1.422847209726683,0.6871298574603482,0.8374244612177116,-0.9115834940401768,-1.5477679860172513,0.9702425509371356,-1.0945094393136166,-0.721130416342303,-0.3962360951585032,0.9972039090469852,-0.5787359118286177,-0.5738091541336192,1.0959875190286648,-1.0959875190286648,1.7288236672481017,-0.5776581893550843,-0.5765804684883443,-0.5767344287272242,0
0.7188029247735137,-0.1832505306097613,1.03290776479748,1.27891361183153,-0.9115834940401768,0.646091668153197,-1.0306701134001208,-0.9408270155398972,-1.43244469563043,-0.9583980553767226,-1.002803930999114,1.7279038324066065,-0.5738091541336192,1.0959875190286648,-1.0959875190286648,-0.5784279906300535,1.731127539482183,-0.5765804684883443,-0.5767344287272242,0
0.6670690462185503,-0.0878969399084596,-1.0417596792253108,0.3255570703193047,0.8077365626180215,0.646091668153197,0.9702425509371356,-1.6612680979909966,-0.721130416342303,-1.383339379636164,-1.002803930999114,-0.5787359118286177,1.7427397119690018,-0.9124191495230388,0.9124191495230392,-0.5784279906300535,-0.5776581893550843,-0.5765804684883443,1.733900301750437,0
0.905044887571382,-0.3739577120123647,0.3413519501232164,0.4048279519369925,-0.9115834940401768,-1.5477679860172513,-1.0306701134001208,-0.259179576571194,-0.009816137054176,-1.4453099894239991,-1.002803930999114,1.7279038324066065,-0.5738091541336192,-0.9124191495230388,0.9124191495230392,-0.5784279906300535,-0.5776581893550843,1.7343632929879855,-0.5767344287272242,0
1.0705932989472646,-1.899615163233192,1.378685672134612,-1.2258476714090278,-0.9115834940401768,0.646091668153197,-1.0306701134001208,1.5572001492358991,-0.009816137054176,1.4451763099657429,-1.002803930999114,-0.5787359118286177,1.7427397119690018,1.0959875190286648,-1.0959875190286648,-0.5784279906300535,-0.5776581893550843,-0.5765804684883443,1.733900301750437,0
1.7534804958727812,0.007456650792842,1.378685672134612,0.5585607811685899,-0.9115834940401768,0.646091668153197,-1.0306701134001208,-1.4488503246546314,1.412812421522078,0.6484113269792903,-1.002803930999114,1.7279038324066065,-0.5738091541336192,-0.9124191495230388,0.9124191495230392,-0.5784279906300535,-0.5776581893550843,1.7343632929879855,-0.5767344287272242,1
-0.812519880453402,-0.1832505306097613,-1.3875375865624426,0.9064575462583842,-0.9115834940401768,-1.5477679860172513,-1.0306701134001208,0.1939369192798899,0.7014981422339509,-0.7193685604807868,0.9972039090469852,-0.5787359118286177,-0.5738091541336192,-0.9124191495230388,0.9124191495230392,-0.5784279906300535,1.731127539482183,-0.5765804684883443,-0.5767344287272242,0
-1.1746570303381456,-0.0878969399084596,0.3413519501232164,1.0465844819928063,-0.9115834940401768,-1.5477679860172513,0.9702425509371356,0.8295822783880086,-0.721130416342303,-0.3652507902645856,-1.002803930999114,-0.5787359118286177,1.7427397119690018,1.0959875190286648,-1.0959875190286648,-0.5784279906300535,1.731127539482183,-0.5765804684883443,-0.5767344287272242,0
-1.567834507355867,0.2935174228967471,-1.7333154938995745,1.1331478583982264,-0.9115834940401768,0.646091668153197,0.9702425509371356,-1.481913249044067,1.412812421522078,0.2456023633583614,-1.002803930999114,-0.5787359118286177,1.7427397119690018,1.0959875190286648,-1.0959875190286648,-0.5784279906300535,-0.5776581893550843,-0.5765804684883443,1.733900301750437,1
-2.012745862928552,2.2959428276240823,-1.3875375865624426,1.4242445498023348,0.8077365626180215,-1.5477679860172513,-1.0306701134001208,0.7071729291547189,-1.43244469563043,-1.1664422453787409,0.9972039090469852,-0.5787359118286177,-0.5738091541336192,1.0959875190286648,-1.0959875190286648,-0.5784279906300535,-0.5776581893550843,-0.5765804684883443,1.733900301750437,1
1.060246523236272,-0.278604121311063,0.6871298574603482,0.8339400074874619,-0.9115834940401768,0.646091668153197,0.9702425509371356,-0.9654792280380744,0.7014981422339509,-1.1000451634632031,0.9972039090469852,-0.5787359118286177,-0.5738091541336192,1.0959875190286648,-1.0959875190286648,-0.5784279906300535,-0.5776581893550843,1.7343632929879855,-0.5767344287272242,1
0.3980528777327409,-1.0414328469214764,-0.0044259572139154,0.3019941751917772,-0.9115834940401768,0.646091668153197,-1.0306701134001208,-1.6338814651221192,-0.009816137054176,-1.666633595809125,-1.002803930999114,-0.5787359118286177,1.7427397119690018,1.0959875190286648,-1.0959875190286648,-0.5784279906300535,1.731127539482183,-0.5765804684883443,-0.5767344287272242,1
-2.1576007228824494,-0.4693113027136664,-0.3502038645510472,-1.2258476714090278,0.8077365626180215,0.646091668153197,-1.0306701134001208,-0.5520513875388932,1.412812421522078,-0.343118429626073,0.9972039090469852,-0.5787359118286177,-0.5738091541336192,-0.9124191495230388,0.9124191495230392,1.7288236672481017,-0.5776581893550843,-0.5765804684883443,-0.5767344287272242,0
-0.781479553320424,-0.278604121311063,0.6871298574603482,-1.2258476714090278,-0.9115834940401768,0.646091668153197,0.9702425509371356,-0.7689636959036524,0.7014981422339509,0.3651171108063293,0.9972039090469852,-0.5787359118286177,-0.5738091541336192,-0.9124191495230388,0.9124191495230392,-0.5784279906300535,1.731127539482183,-0.5765804684883443,-0.5767344287272242,1
-0.1089391321059001,0.7702853764032556,0.3413519501232164,0.201320532174371,-0.9115834940401768,0.646091668153197,-1.0306701134001208,0.281632432390871,1.412812421522078,-0.7326479768638944,-1.002803930999114,-0.5787359118286177,1.7427397119690018,-0.9124191495230388,0.9124191495230392,1.7288236672481017,-0.5776581893550843,-0.5765804684883443,-0.5767344287272242,0
-0.4503827305686584,0.007456650792842,1.03290776479748,0.458654836664035,-0.9115834940401768,0.646091668153197,-1.0306701134001208,0.0805329857641097,0.7014981422339509,0.4005288878279494,-1.002803930999114,1.7279038324066065,-0.5738091541336192,1.0959875190286648,-1.0959875190286648,-0.5784279906300535,-0.5776581893550843,1.7343632929879855,-0.5767344287272242,1
-0.0985923563949074,-0.278604121311063,-0.0044259572139154,-0.161765604764784,-0.9115834940401768,0.646091668153197,-1.0306701134001208,-1.199555349610464,-1.43244469563043,-1.69319242857534,0.9972039090469852,-0.5787359118286177,-0.5738091541336192,1.0959875190286648,-1.0959875190286648,-0.5784279906300535,-0.5776581893550843,-0.5765804684883443,1.733900301750437,0
-0.0778988049729221,-1.0414328469214764,1.378685672134612,1.3522430839356678,0.8077365626180215,0.646091668153197,-1.0306701134001208,-1.2683705812480477,0.7014981422339509,-1.1398834126125257,-1.002803930999114,1.7279038324066065,-0.5738091541336192,-0.9124191495230388,0.9124191495230392,1.7288236672481017,-0.5776581893550843,-0.5765804684883443,-0.5767344287272242,0
-0.4400359548576657,1.6284676927149706,1.7244635794717436,0.8457394855486571,0.8077365626180215,0.646091668153197,-1.0306701134001208,0.7373249348156631,-0.721130416342303,-1.4408835172962966,0.9972039090469852,-0.5787359118286177,-0.5738091541336192,1.0959875190286648,-1.0959875190286648,-0.5784279906300535,-0.5776581893550843,1.7343632929879855,-0.5767344287272242,1
-0.6469714690775192,-0.3739577120123647,-1.7333154938995745,-1.2258476714090278,0.8077365626180215,0.646091668153197,0.9702425509371356,0.9632636995888602,-0.009816137054176,-0.489192009840256,0.9972039090469852,-0.5787359118286177,-0.5738091541336192,1.0959875190286648,-1.0959875190286648,-0.5784279906300535,-0.5776581893550843,1.7343632929879855,-0.5767344287272242,0
0.8119239061724478,0.007456650792842,-1.3875375865624426,0.8819296589083354,-0.9115834940401768,0.646091668153197,0.9702425509371356,1.6280410255728974,-1.43244469563043,0.6395583827238852,-1.002803930999114,1.7279038324066065,-0.5738091541336192,1.0959875190286648,-1.0959875190286648,-0.5784279906300535,-0.5776581893550843,1.7343632929879855,-0.5767344287272242,0
1.3292626917220816,0.8656389671045572,-1.0417596792253108,0.6219220326661961,-0.9115834940401768,-1.5477679860172513,-1.0306701134001208,-0.0204764157845615,-0.009816137054176,0.413808304211057,0.9972039090469852,-0.5787359118286177,-0.5738091541336192,1.0959875190286648,-1.0959875190286648,-0.5784279906300535,-0.5776581893550843,-0.5765804684883443,1.733900301750437,1
-1.0298021703842482,-0.7553720748175714,1.378685672134612,0.0930843375854844,0.8077365626180215,0.646091668153197,0.9702425509371356,-0.14824105558424,-0.009816137054176,0.6262789663407777,-1.002803930999114,1.7279038324066065,-0.5738091541336192,-0.9124191495230388,0.9124191495230392,-0.5784279906300535,-0.5776581893550843,1.7343632929879855,-0.5767344287272242,0
0.170423812090902,0.4842246042993504,-1.0417596792253108,0.742392681049864,-0.9115834940401768,-1.5477679860172513,-1.0306701134001208,-1.4775326119707006,1.412812421522078,-1.6400747630429098,0.9972039090469852,-0.5787359118286177,-0.5738091541336192,-0.9124191495230388,0.9124191495230392,-0.5784279906300535,-0.5776581893550843,-0.5765804684883443,1.733900301750437,0
1.9397224586706487,0.007456650792842,-0.0044259572139154,1.4464150097149049,0.8077365626180215,0.646091668153197,-1.0306701134001208,-1.4921640649965495,-0.721130416342303,1.3743527559225026,-1.002803930999114,-0.5787359118286177,1.7427397119690018,1.0959875190286648,-1.0959875190286648,1.7288236672481017,-0.5776581893550843,-0.5765804684883443,-0.5767344287272242,0
-0.8332134318753873,0.007456650792842,1.7244635794717436,0.852465902852592,0.8077365626180215,0.646091668153197,-1.0306701134001208,-0.3397442082474097,-0.009816137054176,0.5156171631482148,0.9972039090469852,-0.5787359118286177,-0.5738091541336192,-0.9124191495230388,0.9124191495230392,1.7288236672481017,-0.5776581893550843,-0.5765804684883443,-0.5767344287272242,0
0.7084561490625211,-0.6600184841162697,1.378685672134612,1.123810945608421,-0.9115834940401768,0.646091668153197,0.9702425509371356,-0.3994390828724103,-0.721130416342303,-0.0155594921760869,0.9972039090469852,-0.5787359118286177,-0.5738091541336192,-0.9124191495230388,0.9124191495230392,-0.5784279906300535,1.731127539482183,-0.5765804684883443,-0.5767344287272242,0
-0.4710762819906437,-0.6600184841162697,-0.0044259572139154,-1.2258476714090278,0.8077365626180215,0.646091668153197,0.9702425509371356,-1.007778841855228,-0.009816137054176,0.7015289925117204,0.9972039090469852,-0.5787359118286177,-0.5738091541336192,1.0959875190286648,-1.0959875190286648,-0.5784279906300535,-0.5776581893550843,1.7343632929879855,-0.5767344287272242,0
-0.936681188985314,0.4842246042993504,-0.0044259572139154,1.0699550518144003,-0.9115834940401768,0.646091668153197,-1.0306701134001208,-0.0248483583575441,1.412812421522078,0.714808408894828,0.9972039090469852,-0.5787359118286177,-0.5738091541336192,1.0959875190286648,-1.0959875190286648,1.7288236672481017,-0.5776581893550843,-0.5765804684883443,-0.5767344287272242,0
0.2842383449118215,-0.278604121311063,-0.695981771888179,1.1100660970777092,0.8077365626180215,-1.5477679860172513,0.9702425509371356,-0.1829931475082372,-1.43244469563043,0.9626908480461688,-1.002803930999114,1.7279038324066065,-0.5738091541336192,-0.9124191495230388,0.9124191495230392,-0.5784279906300535,-0.5776581893550843,-0.5765804684883443,1.733900301750437,0
0.3049318963338068,-0.1832505306097613,-0.3502038645510472,-1.2258476714090278,0.8077365626180215,0.646091668153197,-1.0306701134001208,-0.6755517226803402,-0.009816137054176,0.860881989109011,0.9972039090469852,-0.5787359118286177,-0.5738091541336192,-0.9124191495230388,0.9124191495230392,-0.5784279906300535,-0.5776581893550843,-0.5765804684883443,1.733900301750437,0
0.7498432519064918,0.5795781950006521,-0.3502038645510472,-1.2258476714090278,0.8077365626180215,0.646091668153197,-1.0306701134001208,-1.093348201842358,1.412812421522078,0.852029044853606,-1.002803930999114,-0.5787359118286177,1.7427397119690018,1.0959875190286648,-1.0959875190286648,-0.5784279906300535,-0.5776581893550843,1.7343632929879855,-0.5767344287272242,0
-0.8332134318753873,-0.0878969399084596,-1.3875375865624426,0.8128258943177322,-0.9115834940401768,0.646091668153197,-1.0306701134001208,0.818640075765007,-0.721130416342303,-0.4316478721801233,-1.002803930999114,1.7279038324066065,-0.5738091541336192,-0.9124191495230388,0.9124191495230392,-0.5784279906300535,-0.5776581893550843,1.7343632929879855,-0.5767344287272242,1
-0.6366246933665265,-0.278604121311063,-1.3875375865624426,0.3912161284095509,-0.9115834940401768,0.646091668153197,0.9702425509371356,-0.5567105964045561,-0.009816137054176,1.5956763623076284,0.9972039090469852,-0.5787359118286177,-0.5738091541336192,-0.9124191495230388,0.9124191495230392,-0.5784279906300535,-0.5776581893550843,1.7343632929879855,-0.5767344287272242,0
-0.015818150706966,-0.278604121311063,0.3413519501232164,0.1622183934117718,-0.9115834940401768,-1.5477679860172513,-1.0306701134001208,-1.3957307528898724,-0.009816137054176,1.7328969982664064,-1.002803930999114,-0.5787359118286177,1.7427397119690018,1.0959875190286648,-1.0959875190286648,-0.5784279906300535,-0.5776581893550843,1.7343632929879855,-0.5767344287272242,0
0.8533110090164185,-0.5646648934149681,0.6871298574603482,1.7753557118386307,-0.9115834940401768,-1.5477679860172513,0.9702425509371356,1.5709322431420498,-0.721130416342303,-1.1088981077186082,-1.002803930999114,1.7279038324066065,-0.5738091541336192,1.0959875190286648,-1.0959875190286648,1.7288236672481017,-0.5776581893550843,-0.5765804684883443,-0.5767344287272242,0
2.043190215780576,-1.613554391129287,0.6871298574603482,0.7104176373118946,-0.9115834940401768,0.646091668153197,0.9702425509371356,1.485370186535242,1.412812421522078,-1.3789129075084614,-1.002803930999114,-0.5787359118286177,1.7427397119690018,-0.9124191495230388,0.9124191495230392,-0.5784279906300535,1.731127539482183,-0.5765804684883443,-0.5767344287272242,0
1.153367504635206,-0.3739577120123647,-1.3875375865624426,0.656672651110962,-0.9115834940401768,-1.5477679860172513,0.9702425509371356,1.361058654507988,0.7014981422339509,-1.702045372830745,-1.002803930999114,1.7279038324066065,-0.5738091541336192,-0.9124191495230388,0.9124191495230392,1.7288236672481017,-0.5776581893550843,-0.5765804684883443,-0.5767344287272242,1
-0.6469714690775192,2.391296418325384,-0.695981771888179,-1.2258476714090278,-0.9115834940401768,0.646091668153197,0.9702425509371356,1.5582876573439033,0.7014981422339509,-1.4187511566577842,0.9972039090469852,-0.5787359118286177,-0.5738091541336192,1.0959875190286648,-1.0959875190286648,-0.5784279906300535,-0.5776581893550843,-0.5765804684883443,1.733900301750437,0
0.6256819433745797,-0.4693113027136664,0.3413519501232164,-1.2258476714090278,0.8077365626180215,0.646091668153197,0.9702425509371356,1.3080030742660536,-0.721130416342303,-0.8787215570780773,0.9972039090469852,-0.5787359118286177,-0.5738091541336192,1.0959875190286648,-1.0959875190286648,1.7288236672481017,-0.5776581893550843,-0.5765804684883443,-0.5767344287272242,0
-1.5781812830668598,-0.9460792562201747,1.378685672134612,-1.2258476714090278,-0.9115834940401768,0.646091668153197,-1.0306701134001208,1.5640639356188746,0.7014981422339509,-0.4493537606909334,0.9972039090469852,-0.5787359118286177,-0.5738091541336192,1.0959875190286648,-1.0959875190286648,-0.5784279906300535,1.731127539482183,-0.5765804684883443,-0.5767344287272242,0
-0.9159876375633288,-0.1832505306097613,-1.0417596792253108,-1.2258476714090278,-0.9115834940401768,-1.5477679860172513,0.9702425509371356,-0.82710938445027,-0.009816137054176,-1.6622071236814224,0.9972039090469852,-0.5787359118286177,-0.5738091541336192,-0.9124191495230388,0.9124191495230392,-0.5784279906300535,-0.5776581893550843,1.7343632929879855,-0.5767344287272242,1
-1.4954070773789183,0.1981638321954454,-1.3875375865624426,-1.2258476714090278,0.8077365626180215,0.646091668153197,-1.0306701134001208,-1.1880850430341514,0.7014981422339509,-0.0553977413254095,0.9972039090469852,-0.5787359118286177,-0.5738091541336192,1.0959875190286648,-1.0959875190286648,-0.5784279906300535,1.731127539482183,-0.5765804684883443,-0.5767344287272242,0
-2.343842685680318,-0.4693113027136664,0.6871298574603482,-1.2258476714090278,-0.9115834940401768,0.646091668153197,0.9702425509371356,-1.4578873883535377,0.7014981422339509,0.1482199765489061,-1.002803930999114,-0.5787359118286177,1.7427397119690018,-0.9124191495230388,0.9124191495230392,-0.5784279906300535,-0.5776581893550843,1.7343632929879855,-0.5767344287272242,0
-0.2744875434817829,-0.3739577120123647,-1.7333154938995745,1.6638919780740036,0.8077365626180215,0.646091668153197,-1.0306701134001208,1.1041608605482232,1.412812421522078,-0.4670596492017434,-1.002803930999114,1.7279038324066065,-0.5738091541336192,1.0959875190286648,-1.0959875190286648,1.7288236672481017,-0.5776581893550843,-0.5765804684883443,-0.5767344287272242,0
1.0705932989472646,1.0563461485071606,0.6871298574603482,1.1265703329353016,0.8077365626180215,-1.5477679860172513,0.9702425509371356,0.8798013648247366,-1.43244469563043,-0.3962360951585032,-1.002803930999114,-0.5787359118286177,1.7427397119690018,1.0959875190286648,-1.0959875190286648,-0.5784279906300535,1.731127539482183,-0.5765804684883443,-0.5767344287272242,0
0.2118109149348727,-1.518200800427985,1.378685672134612,0.7606031629132631,-0.9115834940401768,0.646091668153197,0.9702425509371356,1.03400267638136,-0.721130416342303,1.179587982303592,-1.002803930999114,1.7279038324066065,-0.5738091541336192,1.0959875190286648,-1.0959875190286648,-0.5784279906300535,-0.5776581893550843,1.7343632929879855,-0.5767344287272242,0
-0.7193988990544679,0.1981638321954454,1.03290776479748,-1.2258476714090278,0.8077365626180215,-1.5477679860172513,-1.0306701134001208,-1.223370107831675,-0.009816137054176,1.418617477199528,0.9972039090469852,-0.5787359118286177,-0.5738091541336192,-0.9124191495230388,0.9124191495230392,-0.5784279906300535,1.731127539482183,-0.5765804684883443,-0.5767344287272242,0
-0.4089956277246876,-0.8507256655188732,-1.0417596792253108,0.4433059950818375,-0.9115834940401768,-1.5477679860172513,-1.0306701134001208,1.03533067436998,-0.721130416342303,0.5952936614468601,0.9972039090469852,-0.5787359118286177,-0.5738091541336192,-0.9124191495230388,0.9124191495230392,-0.5784279906300535,-0.5776581893550843,-0.5765804684883443,1.733900301750437,0
2.063883767202561,0.1981638321954454,1.03290776479748,-0.2501063875392061,-0.9115834940401768,0.646091668153197,-1.0306701134001208,-1.1870497019284505,0.7014981422339509,-0.7016626719699768,-1.002803930999114,1.7279038324066065,-0.5738091541336192,-0.9124191495230388,0.9124191495230392,-0.5784279906300535,-0.5776581893550843,-0.5765804684883443,1.733900301750437,0
1.443077224543001,-1.23214002832408,-0.0044259572139154,-1.2258476714090278,-0.9115834940401768,0.646091668153197,-1.0306701134001208,-1.3838071150635494,-0.721130416342303,-0.7990450587794321,0.9972039090469852,-0.5787359118286177,-0.5738091541336192,-0.9124191495230388,0.9124191495230392,-0.5784279906300535,-0.5776581893550843,-0.5765804684883443,1.733900301750437,0
1.277528813167118,0.9609925578058588,-1.3875375865624426,1.062300825180425,-0.9115834940401768,0.646091668153197,0.9702425509371356,-1.597628876321888,-1.43244469563043,-0.1527801281348648,0.9972039090469852,-0.5787359118286177,-0.5738091541336192,-0.9124191495230388,0.9124191495230392,-0.5784279906300535,-0.5776581893550843,-0.5765804684883443,1.733900301750437,0
-0.1399794592388781,-1.1367864376227783,1.378685672134612,0.8406915873522566,-0.9115834940401768,0.646091668153197,-1.0306701134001208,-0.9268914703247664,1.412812421522078,-1.3390746583591389,0.9972039090469852,-0.5787359118286177,-0.5738091541336192,-0.9124191495230388,0.9124191495230392,-0.5784279906300535,1.731127539482183,-0.5765804684883443,-0.5767344287272242,0
-0.0054713749959734,-0.7553720748175714,-1.3875375865624426,1.3475628476157764,0.8077365626180215,-1.5477679860172513,-1.0306701134001208,-1.2696827552459686,-1.43244469563043,-0.8964274455888874,0.9972039090469852,-0.5787359118286177,-0.5738091541336192,1.0959875190286648,-1.0959875190286648,1.7288236672481017,-0.5776581893550843,-0.5765804684883443,-0.5767344287272242,0
-0.84356020758638,-0.3739577120123647,-0.3502038645510472,0.2796528662991036,-0.9115834940401768,0.646091668153197,-1.0306701134001208,1.4721178551602692,1.412812421522078,0.7944849071934733,0.9972039090469852,-0.5787359118286177,-0.5738091541336192,1.0959875190286648,-1.0959875190286648,-0.5784279906300535,1.731127539482183,-0.5765804684883443,-0.5767344287272242,0
1.660359514473847,-0.4693113027136664,-1.3875375865624426,1.166954640404124,0.8077365626180215,0.646091668153197,0.9702425509371356,1.499792623771865,-0.721130416342303,1.5027204476258755,-1.002803930999114,1.7279038324066065,-0.5738091541336192,1.0959875190286648,-1.0959875190286648,-0.5784279906300535,1.731127539482183,-0.5765804684883443,-0.5767344287272242,0
0.2531980177788434,-0.278604121311063,1.378685672134612,0.4760798299237842,-0.9115834940401768,-1.5477679860172513,0.9702425509371356,-1.3406210099872649,0.7014981422339509,0.6307054384684803,-1.002803930999114,-0.5787359118286177,1.7427397119690018,-0.9124191495230388,0.9124191495230392,-0.5784279906300535,-0.5776581893550843,-0.5765804684883443,1.733900301750437,0
1.277528813167118,0.2935174228967471,-1.0417596792253108,0.8928389913452349,0.8077365626180215,0.646091668153197,0.9702425509371356,1.0915993941737456,-1.43244469563043,1.0822055954941368,-1.002803930999114,1.7279038324066065,-0.5738091541336192,-0.9124191495230388,0.9124191495230392,-0.5784279906300535,-0.5776581893550843,-0.5765804684883443,1.733900301750437,0
-1.536794180222889,-0.3739577120123647,0.3413519501232164,-1.2258476714090278,0.8077365626180215,0.646091668153197,0.9702425509371356,-0.3385946214066656,1.412812421522078,0.8918672940029286,0.9972039090469852,-0.5787359118286177,-0.5738091541336192,1.0959875190286648,-1.0959875190286648,-0.5784279906300535,-0.5776581893550843,1.7343632929879855,-0.5767344287272242,0
-0.9573747404072994,-0.7553720748175714,0.6871298574603482,-1.2258476714090278,-0.9115834940401768,0.646091668153197,-1.0306701134001208,1.7072319261884747,1.412812421522078,-1.6267953466598024,0.9972039090469852,-0.5787359118286177,-0.5738091541336192,-0.9124191495230388,0.9124191495230392,-0.5784279906300535,-0.5776581893550843,1.7343632929879855,-0.5767344287272242,0
1.3499562431440668,-1.1367864376227783,-0.0044259572139154,-1.2258476714090278,0.8077365626180215,-1.5477679860172513,-1.0306701134001208,-0.4715956110074826,-0.721130416342303,1.3212350903900725,0.9972039090469852,-0.5787359118286177,-0.5738091541336192,1.0959875190286648,-1.0959875190286648,-0.5784279906300535,-0.5776581893550843,1.7343632929879855,-0.5767344287272242,0
0.2945851206228141,0.2935174228967471,-1.3875375865624426,-1.2258476714090278,0.8077365626180215,-1.5477679860172513,-1.0306701134001208,-0.4915364476376941,-1.43244469563043,0.5288965795313224,0.9972039090469852,-0.5787359118286177,-0.5738091541336192,-0.9124191495230388,0.9124191495230392,-0.5784279906300535,-0.5776581893550843,-0.5765804684883443,1.733900301750437,0
-0.9780682918292848,-0.0878969399084596,1.03290776479748,-1.2258476714090278,0.8077365626180215,-1.5477679860172513,-1.0306701134001208,-1.7332109153066355,-0.009816137054176,0.1128081995272859,-1.002803930999114,-0.5787359118286177,1.7427397119690018,-0.9124191495230388,0.9124191495230392,-0.5784279906300535,1.731127539482183,-0.5765804684883443,-0.5767344287272242,1
0.6463754947965651,0.1028102414941437,-0.695981771888179,0.6084042882675735,0.8077365626180215,0.646091668153197,0.9702425509371356,-0.2222672490818415,0.7014981422339509,-0.95397158324902,-1.002803930999114,1.7279038324066065,-0.5738091541336192,-0.9124191495230388,0.9124191495230392,1.7288236672481017,-0.5776581893550843,-0.5765804684883443,-0.5767344287272242,0
-0.1503262349498708,-0.4693113027136664,1.03290776479748,-1.2258476714090278,0.8077365626180215,0.646091668153197,-1.0306701134001208,-1.0697732379417322,-1.43244469563043,-0.5865743966497113,0.9972039090469852,-0.5787359118286177,-0.5738091541336192,-0.9124191495230388,0.9124191495230392,-0.5784279906300535,-0.5776581893550843,-0.5765804684883443,1.733900301750437,0
0.3980528777327409,0.1028102414941437,-1.0417596792253108,-1.2258476714090278,0.8077365626180215,0.646091668153197,0.9702425509371356,1.1246958793346629,0.7014981422339509,-0.5157508426064711,-1.002803930999114,-0.5787359118286177,1.7427397119690018,-0.9124191495230388,0.9124191495230392,-0.5784279906300535,1.731127539482183,-0.5765804684883443,-0.5767344287272242,0
0.3256254477557921,2.391296418325384,1.378685672134612,-1.2258476714090278,0.8077365626180215,0.646091668153197,0.9702425509371356,0.0561351743471622,-0.721130416342303,0.0331317012286407,-1.002803930999114,-0.5787359118286177,1.7427397119690018,1.0959875190286648,-1.0959875190286648,-0.5784279906300535,-0.5776581893550843,-0.5765804684883443,1.733900301750437,0
-0.0572052535509367,-0.0878969399084596,-1.3875375865624426,-0.1347253078348907,-0.9115834940401768,-1.5477679860172513,0.9702425509371356,1.1507110417130022,-1.43244469563043,0.6174260220853727,-1.002803930999114,-0.5787359118286177,1.7427397119690018,-0.9124191495230388,0.9124191495230392,-0.5784279906300535,-0.5776581893550843,1.7343632929879855,-0.5767344287272242,0
-1.5781812830668598,0.5795781950006521,0.6871298574603482,0.5243244726461077,0.8077365626180215,-1.5477679860172513,0.9702425509371356,1.1459386304523422,1.412812421522078,0.2456023633583614,-1.002803930999114,1.7279038324066065,-0.5738091541336192,-0.9124191495230388,0.9124191495230392,-0.5784279906300535,-0.5776581893550843,1.7343632929879855,-0.5767344287272242,0
-2.2196813771484054,0.3888710135980487,-0.0044259572139154,-1.2258476714090278,0.8077365626180215,0.646091668153197,0.9702425509371356,-1.1199005104544075,1.412812421522078,-0.2191772100504026,-1.002803930999114,-0.5787359118286177,1.7427397119690018,-0.9124191495230388,0.9124191495230392,1.7288236672481017,-0.5776581893550843,-0.5765804684883443,-0.5767344287272242,0
-1.6299151616218233,-0.278604121311063,1.378685672134612,-1.2258476714090278,0.8077365626180215,0.646091668153197,0.9702425509371356,-0.5959855674281985,0.7014981422339509,-1.3877658517638665,0.9972039090469852,-0.5787359118286177,-0.5738091541336192,-0.9124191495230388,0.9124191495230392,-0.5784279906300535,-0.5776581893550843,-0.5765804684883443,1.733900301750437,0
0.0462625035589899,2.677357190429289,0.3413519501232164,1.1519883659096462,-0.9115834940401768,0.646091668153197,0.9702425509371356,1.5111898965449542,1.412812421522078,-1.6179424024043974,-1.002803930999114,1.7279038324066065,-0.5738091541336192,-0.9124191495230388,0.9124191495230392,-0.5784279906300535,-0.5776581893550843,1.7343632929879855,-0.5767344287272242,0
-0.0261649264179587,-0.5646648934149681,-0.0044259572139154,0.9965391935936806,-0.9115834940401768,0.646091668153197,-1.0306701134001208,-1.234861976768939,-1.43244469563043,-0.9008539177165898,-1.002803930999114,1.7279038324066065,-0.5738091541336192,-0.9124191495230388,0.9124191495230392,-0.5784279906300535,-0.5776581893550843,1.7343632929879855,-0.5767344287272242,0
-0.7193988990544679,0.7702853764032556,-1.3875375865624426,0.7446715756540874,-0.9115834940401768,-1.5477679860172513,-1.0306701134001208,1.3939273437588495,-0.721130416342303,1.6664999163508687,0.9972039090469852,-0.5787359118286177,-0.5738091541336192,1.0959875190286648,-1.0959875190286648,1.7288236672481017,-0.5776581893550843,-0.5765804684883443,-0.5767344287272242,1
-0.4193424034356803,2.868064371831893,-0.0044259572139154,0.1530960836091707,2.52705661927622,-1.5477679860172513,-1.0306701134001208,1.6111399601668648,-1.43244469563043,0.0287052291009382,-1.002803930999114,1.7279038324066065,-0.5738091541336192,1.0959875190286648,-1.0959875190286648,1.7288236672481017,-0.5776581893550843,-0.5765804684883443,-0.5767344287272242,1
0.998165868970316,0.2935174228967471,-0.3502038645510472,0.0597566058624493,-0.9115834940401768,0.646091668153197,-1.0306701134001208,0.2634732727793049,1.412812421522078,-0.97167747175983,0.9972039090469852,-0.5787359118286177,-0.5738091541336192,-0.9124191495230388,0.9124191495230392,-0.5784279906300535,-0.5776581893550843,-0.5765804684883443,1.733900301750437,1
-0.3883020763027023,-0.8507256655188732,-0.0044259572139154,0.882740951157198,0.8077365626180215,0.646091668153197,-1.0306701134001208,1.2267720960804247,-0.721130416342303,-0.1040889347301372,-1.002803930999114,1.7279038324066065,-0.5738091541336192,1.0959875190286648,-1.0959875190286648,-0.5784279906300535,1.731127539482183,-0.5765804684883443,-0.5767344287272242,0
0.4290932048657189,-0.8507256655188732,0.6871298574603482,-1.2258476714090278,0.8077365626180215,0.646091668153197,0.9702425509371356,-1.4130980174064836,-0.009816137054176,1.6222351950738436,0.9972039090469852,-0.5787359118286177,-0.5738091541336192,1.0959875190286648,-1.0959875190286648,1.7288236672481017,-0.5776581893550843,-0.5765804684883443,-0.5767344287272242,0
0.0048754007150192,-0.4693113027136664,1.7244635794717436,1.161589886266198,-0.9115834940401768,0.646091668153197,-1.0306701134001208,-0.5860234088884575,-1.43244469563043,1.3300880346454775,-1.002803930999114,1.7279038324066065,-0.5738091541336192,1.0959875190286648,-1.0959875190286648,1.7288236672481017,-0.5776581893550843,-0.5765804684883443,-0.5767344287272242,1
-0.1399794592388781,0.007456650792842,1.378685672134612,0.983389912427009,-0.9115834940401768,0.646091668153197,0.9702425509371356,0.3048737013667674,-1.43244469563043,0.5466024680421324,-1.002803930999114,1.7279038324066065,-0.5738091541336192,1.0959875190286648,-1.0959875190286648,-0.5784279906300535,-0.5776581893550843,-0.5765804684883443,1.733900301750437,1
-1.6195683859108303,0.1028102414941437,0.6871298574603482,-1.2258476714090278,0.8077365626180215,-1.5477679860172513,0.9702425509371356,1.0082394806241433,0.7014981422339509,1.3433674510285851,0.9972039090469852,-0.5787359118286177,-0.5738091541336192,-0.9124191495230388,0.9124191495230392,-0.5784279906300535,1.731127539482183,-0.5765804684883443,-0.5767344287272242,0
-0.5124633848346144,0.1028102414941437,1.7244635794717436,0.3548600744735053,0.8077365626180215,-1.5477679860172513,-1.0306701134001208,-0.3845151468536505,-0.721130416342303,0.5288965795313224,0.9972039090469852,-0.5787359118286177,-0.5738091541336192,-0.9124191495230388,0.9124191495230392,1.7288236672481017,-0.5776581893550843,-0.5765804684883443,-0.5767344287272242,0
-0.5952375905225558,0.8656389671045572,-0.695981771888179,0.920232205211516,0.8077365626180215,0.646091668153197,0.9702425509371356,-0.2467125324708844,1.412812421522078,-0.059824213453112,-1.002803930999114,1.7279038324066065,-0.5738091541336192,1.0959875190286648,-1.0959875190286648,-0.5784279906300535,-0.5776581893550843,1.7343632929879855,-0.5767344287272242,1
-0.2331004406378122,1.0563461485071606,-0.3502038645510472,0.7331091385324554,-0.9115834940401768,-1.5477679860172513,0.9702425509371356,-1.4932364446738855,0.7014981422339509,0.5023377467651073,-1.002803930999114,1.7279038324066065,-0.5738091541336192,-0.9124191495230388,0.9124191495230392,-0.5784279906300535,-0.5776581893550843,-0.5765804684883443,1.733900301750437,1
-0.1192859078168928,-0.4693113027136664,0.6871298574603482,1.177257667314069,0.8077365626180215,-1.5477679860172513,-1.0306701134001208,0.9834970192119824,-0.721130416342303,1.4673086706042555,-1.002803930999114,-0.5787359118286177,1.7427397119690018,-0.9124191495230388,0.9124191495230392,-0.5784279906300535,1.731127539482183,-0.5765804684883443,-0.5767344287272242,0
-0.0778988049729221,0.8656389671045572,1.03290776479748,-1.2258476714090278,0.8077365626180215,0.646091668153197,-1.0306701134001208,1.297898673700033,-1.43244469563043,1.635514611456951,-1.002803930999114,-0.5787359118286177,1.7427397119690018,-0.9124191495230388,0.9124191495230392,-0.5784279906300535,-0.5776581893550843,-0.5765804684883443,1.733900301750437,0
-0.0882455806839148,0.8656389671045572,1.378685672134612,0.6704360910879146,4.246376675934418,-1.5477679860172513,-1.0306701134001208,-0.3719030784869394,-1.43244469563043,1.3522203952839902,0.9972039090469852,-0.5787359118286177,-0.5738091541336192,-0.9124191495230388,0.9124191495230392,1.7288236672481017,-0.5776581893550843,-0.5765804684883443,-0.5767344287272242,1
-0.5952375905225558,-0.0878969399084596,-0.3502038645510472,0.1963409094615769,0.8077365626180215,0.646091668153197,-1.0306701134001208,-0.5750579050044274,1.412812421522078,1.3433674510285851,-1.002803930999114,-0.5787359118286177,1.7427397119690018,1.0959875190286648,-1.0959875190286648,-0.5784279906300535,-0.5776581893550843,1.7343632929879855,-0.5767344287272242,0
0.6567222705075577,0.4842246042993504,0.6871298574603482,-1.2258476714090278,-0.9115834940401768,-1.5477679860172513,0.9702425509371356,-1.620083293013052,-0.721130416342303,1.3079556740069649,-1.002803930999114,-0.5787359118286177,1.7427397119690018,-0.9124191495230388,0.9124191495230392,1.7288236672481017,-0.5776581893550843,-0.5765804684883443,-0.5767344287272242,0
0.7705368033284771,-0.7553720748175714,1.03290776479748,-1.2258476714090278,0.8077365626180215,0.646091668153197,0.9702425509371356,-0.7032080589511228,1.412812421522078,-0.0553977413254095,0.9972039090469852,-0.5787359118286177,-0.5738091541336192,-0.9124191495230388,0.9124191495230392,1.7288236672481017,-0.5776581893550843,-0.5765804684883443,-0.5767344287272242,0
1.1430207289242134,-0.7553720748175714,0.6871298574603482,-1.2258476714090278,2.52705661927622,0.646091668153197,0.9702425509371356,1.1582455218555825,1.412812421522078,0.6484113269792903,0.9972039090469852,-0.5787359118286177,-0.5738091541336192,-0.9124191495230388,0.9124191495230392,-0.5784279906300535,1.731127539482183,-0.5765804684883443,-0.5767344287272242,0
-0.6366246933665265,-1.899615163233192,1.378685672134612,0.1123375431492194,-0.9115834940401768,0.646091668153197,0.9702425509371356,0.7465458002526826,0.7014981422339509,0.6218524942130752,-1.002803930999114,1.7279038324066065,-0.5738091541336192,1.0959875190286648,-1.0959875190286648,-0.5784279906300535,1.731127539482183,-0.5765804684883443,-0.5767344287272242,1
-0.1917133377938415,0.2935174228967471,0.3413519501232164,-0.2646657337405465,0.8077365626180215,-1.5477679860172513,0.9702425509371356,0.8361101092761545,-1.43244469563043,-0.5113243704787686,-1.002803930999114,1.7279038324066065,-0.5738091541336192,-0.9124191495230388,0.9124191495230392,-0.5784279906300535,-0.5776581893550843,-0.5765804684883443,1.733900301750437,0
0.7808835790394698,-0.4693113027136664,1.378685672134612,-1.2258476714090278,0.8077365626180215,-1.5477679860172513,-1.0306701134001208,-1.4949085709876957,-0.009816137054176,0.0419846454840457,0.9972039090469852,-0.5787359118286177,-0.5738091541336192,-0.9124191495230388,0.9124191495230392,-0.5784279906300535,-0.5776581893550843,-0.5765804684883443,1.733900301750437,0
-1.6919958158877793,0.1028102414941437,0.3413519501232164,0.955341510351848,-0.9115834940401768,-1.5477679860172513,0.9702425509371356,1.622710079607583,-0.721130416342303,0.3119994452738991,-1.002803930999114,-0.5787359118286177,1.7427397119690018,1.0959875190286648,-1.0959875190286648,-0.5784279906300535,-0.5776581893550843,-0.5765804684883443,1.733900301750437,0
-0.5641972633895778,-1.1367864376227783,-1.0417596792253108,1.194687468706466,-0.9115834940401768,0.646091668153197,-1.0306701134001208,1.2212354382360298,-0.721130416342303,1.7107646376278938,-1.002803930999114,1.7279038324066065,-0.5738091541336192,1.0959875190286648,-1.0959875190286648,-0.5784279906300535,-0.5776581893550843,1.7343632929879855,-0.5767344287272242,0
-0.0882455806839148,-1.23214002832408,1.03290776479748,1.0858816706698398,-0.9115834940401768,0.646091668153197,0.9702425509371356,1.4660583100627935,-0.009816137054176,0.1880582256982287,-1.002803930999114,-0.5787359118286177,1.7427397119690018,-0.9124191495230388,0.9124191495230392,-0.5784279906300535,-0.5776581893550843,1.7343632929879855,-0.5767344287272242,0
0.553254513397631,-0.1832505306097613,1.378685672134612,1.2682842729858512,-0.9115834940401768,0.646091668153197,0.9702425509371356,0.6085861631929851,1.412812421522078,0.8033378514488783,-1.002803930999114,-0.5787359118286177,1.7427397119690018,1.0959875190286648,-1.0959875190286648,-0.5784279906300535,1.731127539482183,-0.5765804684883443,-0.5767344287272242,0
0.6981093733515285,-0.6600184841162697,1.03290776479748,-1.2258476714090278,0.8077365626180215,0.646091668153197,0.9702425509371356,-1.0205762769701217,1.412812421522078,0.3474112222955193,-1.002803930999114,-0.5787359118286177,1.7427397119690018,-0.9124191495230388,0.9124191495230392,-0.5784279906300535,1.731127539482183,-0.5765804684883443,-0.5767344287272242,0
1.4637707759649865,-0.4693113027136664,-1.3875375865624426,-1.2258476714090278,-0.9115834940401768,-1.5477679860172513,0.9702425509371356,-0.2392712573724178,0.7014981422339509,1.015808513578599,0.9972039090469852,-0.5787359118286177,-0.5738091541336192,-0.9124191495230388,0.9124191495230392,1.7288236672481017,-0.5776581893550843,-0.5765804684883443,-0.5767344287272242,0
-1.060842497517226,-0.6600184841162697,-1.0417596792253108,0.3606162106090058,-0.9115834940401768,0.646091668153197,0.9702425509371356,-0.7689913444148729,0.7014981422339509,-1.2903834649544113,-1.002803930999114,1.7279038324066065,-0.5738091541336192,-0.9124191495230388,0.9124191495230392,1.7288236672481017,-0.5776581893550843,-0.5765804684883443,-0.5767344287272242,0
2.063883767202561,-1.518200800427985,1.378685672134612,1.066907977884061,-0.9115834940401768,-1.5477679860172513,0.9702425509371356,-0.6452932963346986,-0.009816137054176,1.4318968935826355,-1.002803930999114,-0.5787359118286177,1.7427397119690018,1.0959875190286648,-1.0959875190286648,-0.5784279906300535,-0.5776581893550843,1.7343632929879855,-0.5767344287272242,0
-0.7297456747654606,3.5355395067410043,-1.0417596792253108,0.8630429933234915,0.8077365626180215,0.646091668153197,0.9702425509371356,-0.8419434193350614,1.412812421522078,0.6616907433623979,-1.002803930999114,1.7279038324066065,-0.5738091541336192,-0.9124191495230388,0.9124191495230392,1.7288236672481017,-0.5776581893550843,-0.5765804684883443,-0.5767344287272242,0
0.1807705878018947,-0.7553720748175714,1.378685672134612,-1.2258476714090278,0.8077365626180215,-1.5477679860172513,-1.0306701134001208,-1.0224473334527122,-1.43244469563043,-0.7016626719699768,0.9972039090469852,-0.5787359118286177,-0.5738091541336192,1.0959875190286648,-1.0959875190286648,-0.5784279906300535,-0.5776581893550843,-0.5765804684883443,1.733900301750437,0
-1.5161006288009038,-0.6600184841162697,1.03290776479748,1.5034282439479996,0.8077365626180215,-1.5477679860172513,0.9702425509371356,-1.4681750689876478,-0.721130416342303,-0.95397158324902,-1.002803930999114,1.7279038324066065,-0.5738091541336192,-0.9124191495230388,0.9124191495230392,-0.5784279906300535,1.731127539482183,-0.5765804684883443,-0.5767344287272242,0
2.063883767202561,-0.278604121311063,-1.7333154938995745,-1.2258476714090278,0.8077365626180215,0.646091668153197,-1.0306701134001208,0.7155979000266067,-0.009816137054176,1.1353232610265669,-1.002803930999114,-0.5787359118286177,1.7427397119690018,-0.9124191495230388,0.9124191495230392,-0.5784279906300535,-0.5776581893550843,-0.5765804684883443,1.733900301750437,0
-1.0298021703842482,-0.1832505306097613,-0.695981771888179,-1.2258476714090278,0.8077365626180215,0.646091668153197,0.9702425509371356,-0.8609614216945379,-1.43244469563043,1.4584557263488505,0.9972039090469852,-0.5787359118286177,-0.5738091541336192,-0.9124191495230388,0.9124191495230392,-0.5784279906300535,-0.5776581893550843,1.7343632929879855,-0.5767344287272242,0
0.4704803077096895,-1.613554391129287,1.378685672134612,1.1746446074907857,-0.9115834940401768,0.646091668153197,0.9702425509371356,1.703125513657213,-0.009816137054176,1.179587982303592,0.9972039090469852,-0.5787359118286177,-0.5738091541336192,-0.9124191495230388,0.9124191495230392,-0.5784279906300535,-0.5776581893550843,1.7343632929879855,-0.5767344287272242,0
-0.7607860018984386,-0.9460792562201747,-1.0417596792253108,-1.2258476714090278,-0.9115834940401768,0.646091668153197,0.9702425509371356,1.1969574370343712,-0.721130416342303,0.258881779741469,-1.002803930999114,-0.5787359118286177,1.7427397119690018,-0.9124191495230388,0.9124191495230392,-0.5784279906300535,1.731127539482183,-0.5765804684883443,-0.5767344287272242,0
-0.0675520292619294,-0.5646648934149681,-1.0417596792253108,-1.2258476714090278,-0.9115834940401768,0.646091668153197,-1.0306701134001208,-0.0638117184874317,-1.43244469563043,-0.5511626196280912,0.9972039090469852,-0.5787359118286177,-0.5738091541336192,-0.9124191495230388,0.9124191495230392,1.7288236672481017,-0.5776581893550843,-0.5765804684883443,-0.5767344287272242,0
1.5155046545199495,-0.9460792562201747,-1.3875375865624426,-1.2258476714090278,0.8077365626180215,0.646091668153197,0.9702425509371356,0.5718399006609632,-0.721130416342303,0.7634996022995557,0.9972039090469852,-0.5787359118286177,-0.5738091541336192,1.0959875190286648,-1.0959875190286648,-0.5784279906300535,-0.5776581893550843,-0.5765804684883443,1.733900301750437,0
-1.4954070773789183,0.3888710135980487,-1.0417596792253108,-1.2258476714090278,0.8077365626180215,0.646091668153197,-1.0306701134001208,0.0952632083143188,-0.721130416342303,0.0685434782502608,0.9972039090469852,-0.5787359118286177,-0.5738091541336192,-0.9124191495230388,0.9124191495230392,-0.5784279906300535,-0.5776581893550843,1.7343632929879855,-0.5767344287272242,0
-2.281762031414362,-0.278604121311063,-1.3875375865624426,1.0017999317953143,0.8077365626180215,-1.5477679860172513,-1.0306701134001208,0.3874822361932032,-0.009816137054176,0.723661353150233,-1.002803930999114,1.7279038324066065,-0.5738091541336192,-0.9124191495230388,0.9124191495230392,-0.5784279906300535,-0.5776581893550843,-0.5765804684883443,1.733900301750437,0
0.5739480648196164,-0.0878969399084596,-1.3875375865624426,-1.2258476714090278,0.8077365626180215,0.646091668153197,-1.0306701134001208,0.3875886568779007,-1.43244469563043,1.2282791757083198,0.9972039090469852,-0.5787359118286177,-0.5738091541336192,-0.9124191495230388,0.9124191495230392,-0.5784279906300535,-0.5776581893550843,-0.5765804684883443,1.733900301750437,0
0.5946416162416017,-0.5646648934149681,-0.695981771888179,-1.2258476714090278,0.8077365626180215,0.646091668153197,-1.0306701134001208,0.6698759569683873,1.412812421522078,0.5421759959144299,-1.002803930999114,-0.5787359118286177,1.7427397119690018,-0.9124191495230388,0.9124191495230392,1.7288236672481017,-0.5776581893550843,-0.5765804684883443,-0.5767344287272242,0
-1.2781247874480723,0.1981638321954454,1.7244635794717436,0.9655908464472192,-0.9115834940401768,0.646091668153197,0.9702425509371356,-0.7390490501031854,0.7014981422339509,0.2411758912306589,-1.002803930999114,1.7279038324066065,-0.5738091541336192,1.0959875190286648,-1.0959875190286648,1.7288236672481017,-0.5776581893550843,-0.5765804684883443,-0.5767344287272242,0
-0.936681188985314,-0.7553720748175714,-0.0044259572139154,0.783017234880015,-0.9115834940401768,0.646091668153197,-1.0306701134001208,-0.3572196323487951,0.7014981422339509,0.8431761005982009,-1.002803930999114,-0.5787359118286177,1.7427397119690018,1.0959875190286648,-1.0959875190286648,-0.5784279906300535,-0.5776581893550843,1.7343632929879855,-0.5767344287272242,0
0.9153916632823744,-0.1832505306097613,0.6871298574603482,0.4563650436258088,-0.9115834940401768,-1.5477679860172513,0.9702425509371356,-0.3339804500529907,1.412812421522078,-0.9849568881429376,0.9972039090469852,-0.5787359118286177,-0.5738091541336192,-0.9124191495230388,0.9124191495230392,-0.5784279906300535,-0.5776581893550843,-0.5765804684883443,1.733900301750437,0
0.0773028306919679,0.1028102414941437,0.6871298574603482,1.0275149470962377,-0.9115834940401768,-1.5477679860172513,0.9702425509371356,0.6150277446373239,-0.721130416342303,-0.8654421406949698,0.9972039090469852,-0.5787359118286177,-0.5738091541336192,1.0959875190286648,-1.0959875190286648,1.7288236672481017,-0.5776581893550843,-0.5765804684883443,-0.5767344287272242,1
1.0809400746582574,-0.0878969399084596,-0.3502038645510472,0.5547145955920971,-0.9115834940401768,0.646091668153197,0.9702425509371356,-1.396812522627623,1.412812421522078,0.697102520384018,-1.002803930999114,1.7279038324066065,-0.5738091541336192,-0.9124191495230388,0.9124191495230392,-0.5784279906300535,-0.5776581893550843,1.7343632929879855,-0.5767344287272242,0
1.1947546074791768,0.7702853764032556,1.378685672134612,0.8462969083936875,-0.9115834940401768,0.646091668153197,-1.0306701134001208,1.2145385862604232,0.7014981422339509,-1.4187511566577842,-1.002803930999114,1.7279038324066065,-0.5738091541336192,-0.9124191495230388,0.9124191495230392,-0.5784279906300535,-0.5776581893550843,1.7343632929879855,-0.5767344287272242,1
-0.2641407677707902,0.4842246042993504,0.6871298574603482,-1.2258476714090278,-0.9115834940401768,0.646091668153197,-1.0306701134001208,-1.6571446442389826,-0.009816137054176,0.860881989109011,0.9972039090469852,-0.5787359118286177,-0.5738091541336192,1.0959875190286648,-1.0959875190286648,-0.5784279906300535,-0.5776581893550843,-0.5765804684883443,1.733900301750437,0
-0.4400359548576657,2.5820035997279875,1.03290776479748,0.7604776706511417,-0.9115834940401768,0.646091668153197,0.9702425509371356,-0.5970000417329786,1.412812421522078,1.4009115886887178,-1.002803930999114,-0.5787359118286177,1.7427397119690018,-0.9124191495230388,0.9124191495230392,-0.5784279906300535,-0.5776581893550843,1.7343632929879855,-0.5767344287272242,0
-0.2848343191927756,0.1028102414941437,0.6871298574603482,-1.2258476714090278,-0.9115834940401768,0.646091668153197,0.9702425509371356,-1.2900224955537882,1.412812421522078,-1.5648247368719672,-1.002803930999114,-0.5787359118286177,1.7427397119690018,1.0959875190286648,-1.0959875190286648,-0.5784279906300535,-0.5776581893550843,-0.5765804684883443,1.733900301750437,0
0.9878190932593232,-0.6600184841162697,-0.3502038645510472,-1.2258476714090278,0.8077365626180215,0.646091668153197,0.9702425509371356,-0.4726415594036519,-0.009816137054176,-0.6131332294159264,0.9972039090469852,-0.5787359118286177,-0.5738091541336192,1.0959875190286648,-1.0959875190286648,1.7288236672481017,-0.5776581893550843,-0.5765804684883443,-0.5767344287272242,0
-1.15396347891616,-0.4693113027136664,-0.3502038645510472,0.2425948249964005,-0.9115834940401768,0.646091668153197,0.9702425509371356,0.634927717115732,1.412812421522078,0.4757789139988922,-1.002803930999114,1.7279038324066065,-0.5738091541336192,1.0959875190286648,-1.0959875190286648,-0.5784279906300535,-0.5776581893550843,1.7343632929879855,-0.5767344287272242,0
0.5118674105536603,0.007456650792842,-0.0044259572139154,1.0908842121482574,0.8077365626180215,0.646091668153197,0.9702425509371356,1.5576056607337991,0.7014981422339509,1.5469851689029008,-1.002803930999114,1.7279038324066065,-0.5738091541336192,1.0959875190286648,-1.0959875190286648,1.7288236672481017,-0.5776581893550843,-0.5765804684883443,-0.5767344287272242,0
-0.0572052535509367,-0.7553720748175714,-1.3875375865624426,0.8404942936425863,-0.9115834940401768,0.646091668153197,0.9702425509371356,-1.6909104320394437,0.7014981422339509,1.0644997069833266,-1.002803930999114,1.7279038324066065,-0.5738091541336192,1.0959875190286648,-1.0959875190286648,-0.5784279906300535,-0.5776581893550843,1.7343632929879855,-0.5767344287272242,0
-1.919624881529618,-1.422847209726683,0.3413519501232164,1.2744949379277082,-0.9115834940401768,0.646091668153197,-1.0306701134001208,1.5872354747016932,0.7014981422339509,1.144176205281972,-1.002803930999114,1.7279038324066065,-0.5738091541336192,-0.9124191495230388,0.9124191495230392,1.7288236672481017,-0.5776581893550843,-0.5765804684883443,-0.5767344287272242,0
0.967125541837338,0.007456650792842,0.3413519501232164,-1.2258476714090278,-0.9115834940401768,-1.5477679860172513,-1.0306701134001208,-1.555057646312745,0.7014981422339509,-0.059824213453112,0.9972039090469852,-0.5787359118286177,-0.5738091541336192,1.0959875190286648,-1.0959875190286648,1.7288236672481017,-0.5776581893550843,-0.5765804684883443,-0.5767344287272242,0
1.2982223645891036,-0.7553720748175714,-0.0044259572139154,-1.2258476714090278,0.8077365626180215,0.646091668153197,-1.0306701134001208,-0.129414158343199,-0.721130416342303,-0.042118324942302,0.9972039090469852,-0.5787359118286177,-0.5738091541336192,1.0959875190286648,-1.0959875190286648,1.7288236672481017,-0.5776581893550843,-0.5765804684883443,-0.5767344287272242,0
-0.905640861852336,0.007456650792842,-0.0044259572139154,-1.2258476714090278,0.8077365626180215,0.646091668153197,0.9702425509371356,-1.4343565925148614,-1.43244469563043,-1.1974275502726583,0.9972039090469852,-0.5787359118286177,-0.5738091541336192,1.0959875190286648,-1.0959875190286648,-0.5784279906300535,-0.5776581893550843,-0.5765804684883443,1.733900301750437,0
-0.3883020763027023,0.1028102414941437,0.6871298574603482,0.7669614375274237,-0.9115834940401768,-1.5477679860172513,-1.0306701134001208,1.620991176881709,-0.009816137054176,0.0198522848455331,0.9972039090469852,-0.5787359118286177,-0.5738091541336192,-0.9124191495230388,0.9124191495230392,1.7288236672481017,-0.5776581893550843,-0.5765804684883443,-0.5767344287272242,0
-1.1022296003611969,2.391296418325384,1.378685672134612,0.5985093115483846,-0.9115834940401768,0.646091668153197,0.9702425509371356,0.4217050069338359,-0.009816137054176,-0.19704484941189,0.9972039090469852,-0.5787359118286177,-0.5738091541336192,-0.9124191495230388,0.9124191495230392,-0.5784279906300535,1.731127539482183,-0.5765804684883443,-0.5767344287272242,0
-2.281762031414362,-0.0878969399084596,1.03290776479748,1.2272398089044128,-0.9115834940401768,0.646091668153197,-1.0306701134001208,-0.0123978338079636,-0.721130416342303,-0.945118638993615,-1.002803930999114,1.7279038324066065,-0.5738091541336192,1.0959875190286648,-1.0959875190286648,-0.5784279906300535,-0.5776581893550843,-0.5765804684883443,1.733900301750437,0
-0.429689179146673,1.3424069206110656,1.7244635794717436,-1.2258476714090278,-0.9115834940401768,0.646091668153197,0.9702425509371356,0.9486164225723128,-0.009816137054176,-0.480339065584851,-1.002803930999114,-0.5787359118286177,1.7427397119690018,-0.9124191495230388,0.9124191495230392,-0.5784279906300535,-0.5776581893550843,-0.5765804684883443,1.733900301750437,0
0.998165868970316,-0.9460792562201747,0.6871298574603482,-1.2258476714090278,0.8077365626180215,0.646091668153197,0.9702425509371356,0.7236639619226518,-1.43244469563043,-1.1885746060172533,0.9972039090469852,-0.5787359118286177,-0.5738091541336192,-0.9124191495230388,0.9124191495230392,1.7288236672481017,-0.5776581893550843,-0.5765804684883443,-0.5767344287272242,0
0.8740045604384039,-0.0878969399084596,0.6871298574603482,0.154594618284569,0.8077365626180215,-1.5477679860172513,-1.0306701134001208,-0.1149635509253324,1.412812421522078,0.3783965271894369,-1.002803930999114,-0.5787359118286177,1.7427397119690018,-0.9124191495230388,0.9124191495230392,-0.5784279906300535,-0.5776581893550843,1.7343632929879855,-0.5767344287272242,0
-0.5641972633895778,-0.5646648934149681,1.03290776479748,-1.2258476714090278,-0.9115834940401768,0.646091668153197,-1.0306701134001208,0.3668915726043077,1.412812421522078,1.179587982303592,0.9972039090469852,-0.5787359118286177,-0.5738091541336192,-0.9124191495230388,0.9124191495230392,-0.5784279906300535,1.731127539482183,-0.5765804684883443,-0.5767344287272242,1
-0.367608524880717,1.914528464818876,-0.3502038645510472,1.2706317636158575,-0.9115834940401768,0.646091668153197,0.9702425509371356,0.1771057576569431,-1.43244469563043,-1.3302217141037338,-1.002803930999114,-0.5787359118286177,1.7427397119690018,-0.9124191495230388,0.9124191495230392,1.7288236672481017,-0.5776581893550843,-0.5765804684883443,-0.5767344287272242,0
-1.2056973574711236,-0.3739577120123647,-0.3502038645510472,-1.2258476714090278,0.8077365626180215,-1.5477679860172513,-1.0306701134001208,-1.5745581934435218,-0.721130416342303,0.7856319629380683,-1.002803930999114,-0.5787359118286177,1.7427397119690018,-0.9124191495230388,0.9124191495230392,-0.5784279906300535,-0.5776581893550843,1.7343632929879855,-0.5767344287272242,0
0.0462625035589899,-0.1832505306097613,-0.0044259572139154,0.2670294345730717,0.8077365626180215,0.646091668153197,-1.0306701134001208,-0.5890717007230124,-1.43244469563043,-0.7592068096301094,0.9972039090469852,-0.5787359118286177,-0.5738091541336192,-0.9124191495230388,0.9124191495230392,-0.5784279906300535,1.731127539482183,-0.5765804684883443,-0.5767344287272242,0
0.1911173635128873,-0.1832505306097613,-0.3502038645510472,-1.2258476714090278,-0.9115834940401768,0.646091668153197,-1.0306701134001208,0.5642746419870235,1.412812421522078,1.600102834435331,0.9972039090469852,-0.5787359118286177,-0.5738091541336192,-0.9124191495230388,0.9124191495230392,-0.5784279906300535,-0.5776581893550843,1.7343632929879855,-0.5767344287272242,0
-0.4917698334126291,-0.3739577120123647,0.3413519501232164,0.8415493582167197,0.8077365626180215,0.646091668153197,-1.0306701134001208,0.5285094668783077,0.7014981422339509,0.55988188442524,0.9972039090469852,-0.5787359118286177,-0.5738091541336192,-0.9124191495230388,0.9124191495230392,1.7288236672481017,-0.5776581893550843,-0.5765804684883443,-0.5767344287272242,0
-0.0468584778399441,0.2935174228967471,-0.695981771888179,1.5814591081556812,0.8077365626180215,-1.5477679860172513,-1.0306701134001208,-0.5732416238742547,-0.009816137054176,0.1526464486766086,0.9972039090469852,-0.5787359118286177,-0.5738091541336192,1.0959875190286648,-1.0959875190286648,1.7288236672481017,-0.5776581893550843,-0.5765804684883443,-0.5767344287272242,1
2.063883767202561,-0.4693113027136664,-0.3502038645510472,-0.0818401760225693,0.8077365626180215,0.646091668153197,0.9702425509371356,0.9374540751995936,0.7014981422339509,0.9759702644292764,0.9972039090469852,-0.5787359118286177,-0.5738091541336192,1.0959875190286648,-1.0959875190286648,1.7288236672481017,-0.5776581893550843,-0.5765804684883443,-0.5767344287272242,0
0.1290367092469313,-0.8507256655188732,-0.3502038645510472,-1.2258476714090278,2.52705661927622,0.646091668153197,-1.0306701134001208,0.0222720081424031,-1.43244469563043,-0.0111330200483844,-1.002803930999114,-0.5787359118286177,1.7427397119690018,-0.9124191495230388,0.9124191495230392,1.7288236672481017,-0.5776581893550843,-0.5765804684883443,-0.5767344287272242,0
0.0255689521370046,-0.0878969399084596,-0.0044259572139154,0.6055415260887539,0.8077365626180215,0.646091668153197,0.9702425509371356,-0.1837219205304062,-1.43244469563043,0.3828229993171393,-1.002803930999114,1.7279038324066065,-0.5738091541336192,1.0959875190286648,-1.0959875190286648,-0.5784279906300535,-0.5776581893550843,1.7343632929879855,-0.5767344287272242,0
-1.1746570303381456,2.5820035997279875,1.03290776479748,0.4296124332993744,0.8077365626180215,0.646091668153197,0.9702425509371356,0.5316608754874144,0.7014981422339509,-0.6573979506929516,-1.002803930999114,1.7279038324066065,-0.5738091541336192,-0.9124191495230388,0.9124191495230392,-0.5784279906300535,1.731127539482183,-0.5765804684883443,-0.5767344287272242,0
-0.1813665620828488,-0.9460792562201747,0.6871298574603482,1.4985741134973272,-0.9115834940401768,0.646091668153197,-1.0306701134001208,-1.6661834468379657,-0.009816137054176,0.0287052291009382,0.9972039090469852,-0.5787359118286177,-0.5738091541336192,1.0959875190286648,-1.0959875190286648,1.7288236672481017,-0.5776581893550843,-0.5765804684883443,-0.5767344287272242,0
-0.9263344132743214,-0.1832505306097613,-1.3875375865624426,0.3839689903398012,0.8077365626180215,-1.5477679860172513,0.9702425509371356,0.0278830909100826,-0.721130416342303,0.5111906910205123,0.9972039090469852,-0.5787359118286177,-0.5738091541336192,-0.9124191495230388,0.9124191495230392,-0.5784279906300535,1.731127539482183,-0.5765804684883443,-0.5767344287272242,0
-0.6366246933665265,1.533114102013669,0.6871298574603482,0.6967880236936541,-0.9115834940401768,0.646091668153197,-1.0306701134001208,-0.6074570912345648,1.412812421522078,-1.5869570975104796,-1.002803930999114,1.7279038324066065,-0.5738091541336192,-0.9124191495230388,0.9124191495230392,-0.5784279906300535,-0.5776581893550843,1.7343632929879855,-0.5767344287272242,1
0.9257384389933672,1.7238212834162725,-0.695981771888179,0.5914078598978795,0.8077365626180215,0.646091668153197,0.9702425509371356,-0.6080691840615834,-1.43244469563043,1.608955778690736,-1.002803930999114,1.7279038324066065,-0.5738091541336192,1.0959875190286648,-1.0959875190286648,-0.5784279906300535,-0.5776581893550843,-0.5765804684883443,1.733900301750437,1
1.3809965702770448,0.1028102414941437,1.03290776479748,-1.2258476714090278,0.8077365626180215,0.646091668153197,-1.0306701134001208,0.1530416411647253,-0.721130416342303,0.2898670846353866,-1.002803930999114,-0.5787359118286177,1.7427397119690018,1.0959875190286648,-1.0959875190286648,-0.5784279906300535,-0.5776581893550843,1.7343632929879855,-0.5767344287272242,0
1.3189159160110888,-0.5646648934149681,-0.3502038645510472,0.5541828161211909,0.8077365626180215,0.646091668153197,-1.0306701134001208,-0.2875026071314054,1.412812421522078,-0.2767213477105353,-1.002803930999114,1.7279038324066065,-0.5738091541336192,1.0959875190286648,-1.0959875190286648,-0.5784279906300535,1.731127539482183,-0.5765804684883443,-0.5767344287272242,0
-2.4886975456342157,-0.3739577120123647,0.6871298574603482,0.6522688824183505,-0.9115834940401768,0.646091668153197,0.9702425509371356,0.1676906570813497,-0.721130416342303,0.3119994452738991,0.9972039090469852,-0.5787359118286177,-0.5738091541336192,1.0959875190286648,-1.0959875190286648,-0.5784279906300535,-0.5776581893550843,-0.5765804684883443,1.733900301750437,0
-0.4193424034356803,1.7238212834162725,0.3413519501232164,0.4880610553990864,0.8077365626180215,-1.5477679860172513,0.9702425509371356,1.5045351259512048,0.7014981422339509,1.3566468674116927,-1.002803930999114,1.7279038324066065,-0.5738091541336192,-0.9124191495230388,0.9124191495230392,1.7288236672481017,-0.5776581893550843,-0.5765804684883443,-0.5767344287272242,0
-0.6055843662335485,-0.7553720748175714,0.6871298574603482,0.5382738270854625,-0.9115834940401768,-1.5477679860172513,-1.0306701134001208,-0.9767206953642856,-0.009816137054176,0.422661248466462,-1.002803930999114,-0.5787359118286177,1.7427397119690018,-0.9124191495230388,0.9124191495230392,-0.5784279906300535,1.731127539482183,-0.5765804684883443,-0.5767344287272242,0
-0.0261649264179587,-0.1832505306097613,0.3413519501232164,0.8857785690933289,-0.9115834940401768,0.646091668153197,-1.0306701134001208,-0.2294577747892395,1.412812421522078,1.0733526512387317,-1.002803930999114,1.7279038324066065,-0.5738091541336192,-0.9124191495230388,0.9124191495230392,-0.5784279906300535,-0.5776581893550843,-0.5765804684883443,1.733900301750437,0
-0.0572052535509367,-0.0878969399084596,-0.0044259572139154,0.3997867851262997,0.8077365626180215,-1.5477679860172513,0.9702425509371356,-1.663952090259471,-1.43244469563043,-0.1483536560071623,0.9972039090469852,-0.5787359118286177,-0.5738091541336192,1.0959875190286648,-1.0959875190286648,-0.5784279906300535,1.731127539482183,-0.5765804684883443,-0.5767344287272242,0
-0.6055843662335485,-0.278604121311063,-1.0417596792253108,0.4522330946989162,0.8077365626180215,0.646091668153197,-1.0306701134001208,0.1366511168212287,-0.009816137054176,0.6661172154901004,-1.002803930999114,1.7279038324066065,-0.5738091541336192,-0.9124191495230388,0.9124191495230392,-0.5784279906300535,-0.5776581893550843,1.7343632929879855,-0.5767344287272242,0
0.3152786720447995,1.914528464818876,-0.3502038645510472,0.741984951401285,-0.9115834940401768,-1.5477679860172513,0.9702425509371356,0.6968939430209926,-0.721130416342303,-0.9097068619719948,0.9972039090469852,-0.5787359118286177,-0.5738091541336192,-0.9124191495230388,0.9124191495230392,1.7288236672481017,-0.5776581893550843,-0.5765804684883443,-0.5767344287272242,0
-0.3262214220367463,0.1981638321954454,1.03290776479748,-1.2258476714090278,2.52705661927622,0.646091668153197,0.9702425509371356,-0.3516666288436792,-0.721130416342303,1.7328969982664064,-1.002803930999114,-0.5787359118286177,1.7427397119690018,1.0959875190286648,-1.0959875190286648,-0.5784279906300535,1.731127539482183,-0.5765804684883443,-0.5767344287272242,1
-0.0468584778399441,-1.23214002832408,-0.3502038645510472,1.0155141685481657,-0.9115834940401768,0.646091668153197,-1.0306701134001208,1.1234343073289752,-0.721130416342303,1.3654998116670978,0.9972039090469852,-0.5787359118286177,-0.5738091541336192,-0.9124191495230388,0.9124191495230392,1.7288236672481017,-0.5776581893550843,-0.5765804684883443,-0.5767344287272242,0
0.5325609619756456,-1.23214002832408,-0.0044259572139154,-0.3164940379967636,0.8077365626180215,0.646091668153197,0.9702425509371356,0.0061205825594605,-0.009816137054176,-1.0292216094199629,0.9972039090469852,-0.5787359118286177,-0.5738091541336192,-0.9124191495230388,0.9124191495230392,-0.5784279906300535,-0.5776581893550843,-0.5765804684883443,1.733900301750437,1
0.5739480648196164,1.3424069206110656,-0.695981771888179,-1.2258476714090278,2.52705661927622,-1.5477679860172513,-1.0306701134001208,-0.2019075114231391,-0.009816137054176,-0.9583980553767226,-1.002803930999114,-0.5787359118286177,1.7427397119690018,1.0959875190286648,-1.0959875190286648,-0.5784279906300535,-0.5776581893550843,-0.5765804684883443,1.733900301750437,1
-1.2263909088931089,0.007456650792842,-1.7333154938995745,-1.2258476714090278,0.8077365626180215,0.646091668153197,-1.0306701134001208,-0.0889089155152509,-1.43244469563043,0.7546466580441507,-1.002803930999114,-0.5787359118286177,1.7427397119690018,1.0959875190286648,-1.0959875190286648,-0.5784279906300535,-0.5776581893550843,1.7343632929879855,-0.5767344287272242,0
-0.4710762819906437,-0.5646648934149681,-0.3502038645510472,-1.2258476714090278,0.8077365626180215,-1.5477679860172513,0.9702425509371356,-0.2849984171308674,-0.009816137054176,-0.2501625149443202,0.9972039090469852,-0.5787359118286177,-0.5738091541336192,1.0959875190286648,-1.0959875190286648,1.7288236672481017,-0.5776581893550843,-0.5765804684883443,-0.5767344287272242,0
0.1186899335359386,0.007456650792842,-0.0044259572139154,1.010928492170358,0.8077365626180215,0.646091668153197,-1.0306701134001208,-0.6686769812268812,0.7014981422339509,1.1707350380481871,0.9972039090469852,-0.5787359118286177,-0.5738091541336192,1.0959875190286648,-1.0959875190286648,-0.5784279906300535,-0.5776581893550843,1.7343632929879855,-0.5767344287272242,0
0.3463189991777775,0.5795781950006521,0.3413519501232164,1.14730861040302,-0.9115834940401768,0.646091668153197,-1.0306701134001208,1.45171673167974,-0.009816137054176,1.2769703691130474,0.9972039090469852,-0.5787359118286177,-0.5738091541336192,-0.9124191495230388,0.9124191495230392,1.7288236672481017,-0.5776581893550843,-0.5765804684883443,-0.5767344287272242,0
-1.5988748344888453,-0.7553720748175714,-0.0044259572139154,-1.2258476714090278,0.8077365626180215,0.646091668153197,-1.0306701134001208,-0.1108915686155905,-0.009816137054176,1.015808513578599,0.9972039090469852,-0.5787359118286177,-0.5738091541336192,-0.9124191495230388,0.9124191495230392,1.7288236672481017,-0.5776581893550843,-0.5765804684883443,-0.5767344287272242,0
1.339609467433074,3.5355395067410043,1.7244635794717436,0.7184630856723566,-0.9115834940401768,-1.5477679860172513,0.9702425509371356,-0.6124042619529386,-0.009816137054176,1.33451450677318,0.9972039090469852,-0.5787359118286177,-0.5738091541336192,-0.9124191495230388,0.9124191495230392,1.7288236672481017,-0.5776581893550843,-0.5765804684883443,-0.5767344287272242,0
-0.015818150706966,-0.1832505306097613,1.03290776479748,0.6130588812133401,-0.9115834940401768,0.646091668153197,0.9702425509371356,0.1141699210688828,-1.43244469563043,-0.9982363045260452,-1.002803930999114,1.7279038324066065,-0.5738091541336192,1.0959875190286648,-1.0959875190286648,1.7288236672481017,-0.5776581893550843,-0.5765804684883443,-0.5767344287272242,1
-0.9159876375633288,-0.5646648934149681,0.3413519501232164,-1.2258476714090278,0.8077365626180215,0.646091668153197,-1.0306701134001208,0.1999754236864366,-0.009816137054176,1.4451763099657429,0.9972039090469852,-0.5787359118286177,-0.5738091541336192,-0.9124191495230388,0.9124191495230392,1.7288236672481017,-0.5776581893550843,-0.5765804684883443,-0.5767344287272242,0
-1.7126893673097645,-1.1367864376227783,-0.695981771888179,-1.2258476714090278,0.8077365626180215,0.646091668153197,-1.0306701134001208,0.7192024659957161,1.412812421522078,1.3035292018792624,0.9972039090469852,-0.5787359118286177,-0.5738091541336192,1.0959875190286648,-1.0959875190286648,-0.5784279906300535,-0.5776581893550843,-0.5765804684883443,1.733900301750437,0
-0.6469714690775192,-0.5646648934149681,1.378685672134612,1.1812032209652936,0.8077365626180215,0.646091668153197,0.9702425509371356,-0.5995593548659497,-0.009816137054176,-0.5378832032449837,-1.002803930999114,1.7279038324066065,-0.5738091541336192,-0.9124191495230388,0.9124191495230392,-0.5784279906300535,-0.5776581893550843,-0.5765804684883443,1.733900301750437,0
0.522214186264653,-1.7089079818305883,1.378685672134612,-1.2258476714090278,0.8077365626180215,0.646091668153197,0.9702425509371356,-1.2826617315288755,-0.009816137054176,-0.763633281757812,-1.002803930999114,-0.5787359118286177,1.7427397119690018,1.0959875190286648,-1.0959875190286648,-0.5784279906300535,-0.5776581893550843,1.7343632929879855,-0.5767344287272242,0
0.2945851206228141,0.8656389671045572,1.03290776479748,-1.2258476714090278,0.8077365626180215,0.646091668153197,-1.0306701134001208,-1.3345240785381391,-0.721130416342303,0.0109993405901281,0.9972039090469852,-0.5787359118286177,-0.5738091541336192,-0.9124191495230388,0.9124191495230392,-0.5784279906300535,-0.5776581893550843,-0.5765804684883443,1.733900301750437,0
-2.374883012813296,-1.0414328469214764,1.03290776479748,0.7356175413350926,2.52705661927622,0.646091668153197,0.9702425509371356,-0.1925459689699098,0.7014981422339509,-1.6356482909152072,-1.002803930999114,1.7279038324066065,-0.5738091541336192,-0.9124191495230388,0.9124191495230392,-0.5784279906300535,-0.5776581893550843,-0.5765804684883443,1.733900301750437,1
0.0048754007150192,1.6284676927149706,-0.3502038645510472,-1.2258476714090278,-0.9115834940401768,-1.5477679860172513,-1.0306701134001208,-0.2731293807669545,-1.43244469563043,-0.3962360951585032,0.9972039090469852,-0.5787359118286177,-0.5738091541336192,1.0959875190286648,-1.0959875190286648,-0.5784279906300535,-0.5776581893550843,1.7343632929879855,-0.5767344287272242,1
0.6567222705075577,-0.7553720748175714,-0.3502038645510472,0.7802536805048391,-0.9115834940401768,0.646091668153197,0.9702425509371356,0.1138397039443066,-0.009816137054176,0.276587668252279,0.9972039090469852,-0.5787359118286177,-0.5738091541336192,1.0959875190286648,-1.0959875190286648,-0.5784279906300535,-0.5776581893550843,1.7343632929879855,-0.5767344287272242,0
0.4911738591316749,0.1028102414941437,-1.7333154938995745,0.2495028294433543,-0.9115834940401768,0.646091668153197,0.9702425509371356,0.7580141940389105,0.7014981422339509,1.608955778690736,-1.002803930999114,-0.5787359118286177,1.7427397119690018,1.0959875190286648,-1.0959875190286648,1.7288236672481017,-0.5776581893550843,-0.5765804684883443,-0.5767344287272242,0
1.1326739532132206,-1.0414328469214764,-1.3875375865624426,1.034592838896766,0.8077365626180215,-1.5477679860172513,-1.0306701134001208,-1.457247994795314,0.7014981422339509,1.2194262314529147,-1.002803930999114,-0.5787359118286177,1.7427397119690018,-0.9124191495230388,0.9124191495230392,1.7288236672481017,-0.5776581893550843,-0.5765804684883443,-0.5767344287272242,0
-0.4917698334126291,-1.23214002832408,-0.3502038645510472,0.5237736209156963,-0.9115834940401768,0.646091668153197,0.9702425509371356,-0.1260627762252652,-0.009816137054176,1.2194262314529147,-1.002803930999114,1.7279038324066065,-0.5738091541336192,-0.9124191495230388,0.9124191495230392,-0.5784279906300535,-0.5776581893550843,1.7343632929879855,-0.5767344287272242,0
0.108343157824946,-0.3739577120123647,1.03290776479748,0.7630931345407485,-0.9115834940401768,0.646091668153197,-1.0306701134001208,-0.2332171028651807,-0.721130416342303,-0.945118638993615,-1.002803930999114,1.7279038324066065,-0.5738091541336192,-0.9124191495230388,0.9124191495230392,-0.5784279906300535,-0.5776581893550843,-0.5765804684883443,1.733900301750437,0
0.5015206348426676,-0.4693113027136664,1.03290776479748,-1.2258476714090278,-0.9115834940401768,0.646091668153197,0.9702425509371356,-0.4100288104498529,-0.721130416342303,-0.9008539177165898,-1.002803930999114,-0.5787359118286177,1.7427397119690018,-0.9124191495230388,0.9124191495230392,-0.5784279906300535,-0.5776581893550843,1.7343632929879855,-0.5767344287272242,0
0.3877061020217482,-1.80426157253189,1.03290776479748,0.979873564750192,0.8077365626180215,0.646091668153197,0.9702425509371356,1.695298028851699,0.7014981422339509,0.5997201335745627,0.9972039090469852,-0.5787359118286177,-0.5738091541336192,-0.9124191495230388,0.9124191495230392,-0.5784279906300535,1.731127539482183,-0.5765804684883443,-0.5767344287272242,0
0.7084561490625211,-0.1832505306097613,1.378685672134612,0.4001938736905255,-0.9115834940401768,0.646091668153197,-1.0306701134001208,-1.291770611800952,-0.009816137054176,1.051220290600219,0.9972039090469852,-0.5787359118286177,-0.5738091541336192,1.0959875190286648,-1.0959875190286648,-0.5784279906300535,-0.5776581893550843,1.7343632929879855,-0.5767344287272242,1
1.060246523236272,-0.0878969399084596,1.378685672134612,1.2065339061965263,-0.9115834940401768,0.646091668153197,0.9702425509371356,1.403983576792743,-1.43244469563043,1.179587982303592,-1.002803930999114,1.7279038324066065,-0.5738091541336192,1.0959875190286648,-1.0959875190286648,-0.5784279906300535,1.731127539482183,-0.5765804684883443,-0.5767344287272242,0
0.6670690462185503,-1.7089079818305883,1.03290776479748,-1.2258476714090278,0.8077365626180215,0.646091668153197,-1.0306701134001208,-0.5464251763405457,-0.721130416342303,0.9759702644292764,0.9972039090469852,-0.5787359118286177,-0.5738091541336192,-0.9124191495230388,0.9124191495230392,-0.5784279906300535,-0.5776581893550843,1.7343632929879855,-0.5767344287272242,0
0.615335167663587,-0.0878969399084596,-0.695981771888179,0.8671135584235737,-0.9115834940401768,0.646091668153197,0.9702425509371356,0.9547848228145932,0.7014981422339509,-1.401045268146974,0.9972039090469852,-0.5787359118286177,-0.5738091541336192,-0.9124191495230388,0.9124191495230392,-0.5784279906300535,1.731127539482183,-0.5765804684883443,-0.5767344287272242,0
0.4704803077096895,-1.0414328469214764,-0.3502038645510472,1.5411817015027405,-0.9115834940401768,0.646091668153197,0.9702425509371356,0.2848525275530095,0.7014981422339509,-0.7326479768638944,0.9972039090469852,-0.5787359118286177,-0.5738091541336192,-0.9124191495230388,0.9124191495230392,1.7288236672481017,-0.5776581893550843,-0.5765804684883443,-0.5767344287272242,0
2.063883767202561,1.533114102013669,1.7244635794717436,0.3526315049910011,-0.9115834940401768,0.646091668153197,-1.0306701134001208,0.9701207042615364,0.7014981422339509,0.9184261267691436,0.9972039090469852,-0.5787359118286177,-0.5738091541336192,1.0959875190286648,-1.0959875190286648,-0.5784279906300535,-0.5776581893550843,-0.5765804684883443,1.733900301750437,1
1.2878755888781108,-0.8507256655188732,1.7244635794717436,1.8368004416626096,0.8077365626180215,0.646091668153197,0.9702425509371356,-0.0681624464794778,1.412812421522078,-1.0867657470800955,0.9972039090469852,-0.5787359118286177,-0.5738091541336192,1.0959875190286648,-1.0959875190286648,-0.5784279906300535,-0.5776581893550843,-0.5765804684883443,1.733900301750437,0
-0.3572617491697243,-1.0414328469214764,1.7244635794717436,0.4597873121738067,-0.9115834940401768,-1.5477679860172513,0.9702425509371356,-1.2216619862862763,-1.43244469563043,1.507146919753578,-1.002803930999114,1.7279038324066065,-0.5738091541336192,1.0959875190286648,-1.0959875190286648,-0.5784279906300535,-0.5776581893550843,-0.5765804684883443,1.733900301750437,1
-0.8849473104303507,0.6749317857019538,0.6871298574603482,0.9437374027472636,-0.9115834940401768,-1.5477679860172513,0.9702425509371356,0.6962552450227996,-1.43244469563043,0.9848232086846814,0.9972039090469852,-0.5787359118286177,-0.5738091541336192,-0.9124191495230388,0.9124191495230392,1.7288236672481017,-0.5776581893550843,-0.5765804684883443,-0.5767344287272242,0
0.0773028306919679,1.533114102013669,1.03290776479748,0.686634048895808,-0.9115834940401768,-1.5477679860172513,0.9702425509371356,0.3364670813013356,1.412812421522078,-0.927412750482805,-1.002803930999114,1.7279038324066065,-0.5738091541336192,1.0959875190286648,-1.0959875190286648,1.7288236672481017,-0.5776581893550843,-0.5765804684883443,-0.5767344287272242,0
-0.5124633848346144,0.3888710135980487,-1.0417596792253108,-1.2258476714090278,-0.9115834940401768,0.646091668153197,-1.0306701134001208,-0.8759947345281257,-0.009816137054176,0.5554554122975375,0.9972039090469852,-0.5787359118286177,-0.5738091541336192,1.0959875190286648,-1.0959875190286648,-0.5784279906300535,-0.5776581893550843,1.7343632929879855,-0.5767344287272242,1
0.3256254477557921,1.0563461485071606,0.3413519501232164,0.726556134546037,0.8077365626180215,-1.5477679860172513,0.9702425509371356,0.4183990101079052,-1.43244469563043,0.9139996546414412,0.9972039090469852,-0.5787359118286177,-0.5738091541336192,-0.9124191495230388,0.9124191495230392,-0.5784279906300535,-0.5776581893550843,-0.5765804684883443,1.733900301750437,0
0.0048754007150192,-1.0414328469214764,0.6871298574603482,-1.2258476714090278,0.8077365626180215,0.646091668153197,-1.0306701134001208,-1.7261414170445797,-1.43244469563043,-0.9893833602706402,0.9972039090469852,-0.5787359118286177,-0.5738091541336192,-0.9124191495230388,0.9124191495230392,-0.5784279906300535,-0.5776581893550843,-0.5765804684883443,1.733900301750437,0
0.7188029247735137,1.914528464818876,0.3413519501232164,-1.2258476714090278,0.8077365626180215,0.646091668153197,0.9702425509371356,1.0565416036162545,-0.009816137054176,-0.3785302066476931,-1.002803930999114,-0.5787359118286177,1.7427397119690018,1.0959875190286648,-1.0959875190286648,1.7288236672481017,-0.5776581893550843,-0.5765804684883443,-0.5767344287272242,1
-0.6262779176555339,-0.7553720748175714,1.03290776479748,0.5725800138024338,-0.9115834940401768,0.646091668153197,-1.0306701134001208,-1.283809405579535,-0.009816137054176,0.9449849595353588,0.9972039090469852,-0.5787359118286177,-0.5738091541336192,-0.9124191495230388,0.9124191495230392,-0.5784279906300535,1.731127539482183,-0.5765804684883443,-0.5767344287272242,0
-0.5745440391005705,-0.8507256655188732,-0.0044259572139154,0.3878183813380595,-0.9115834940401768,0.646091668153197,0.9702425509371356,1.3610510033476504,-0.009816137054176,-1.0203686651645578,-1.002803930999114,-0.5787359118286177,1.7427397119690018,1.0959875190286648,-1.0959875190286648,-0.5784279906300535,-0.5776581893550843,-0.5765804684883443,1.733900301750437,0
-0.8952940861413433,0.4842246042993504,-0.695981771888179,0.5653484220282469,2.52705661927622,0.646091668153197,0.9702425509371356,0.0805498530948543,-0.009816137054176,0.7900584350657708,-1.002803930999114,1.7279038324066065,-0.5738091541336192,1.0959875190286648,-1.0959875190286648,1.7288236672481017,-0.5776581893550843,-0.5765804684883443,-0.5767344287272242,1
2.063883767202561,-1.0414328469214764,-0.3502038645510472,-1.2258476714090278,0.8077365626180215,0.646091668153197,0.9702425509371356,-1.5246889737022369,1.412812421522078,-1.6135159302766948,0.9972039090469852,-0.5787359118286177,-0.5738091541336192,-0.9124191495230388,0.9124191495230392,-0.5784279906300535,1.731127539482183,-0.5765804684883443,-0.5767344287272242,0
0.4083996534437335,0.7702853764032556,-1.0417596792253108,-1.2258476714090278,0.8077365626180215,0.646091668153197,-1.0306701134001208,0.8918034270445218,-0.721130416342303,-1.4054717402746766,0.9972039090469852,-0.5787359118286177,-0.5738091541336192,-0.9124191495230388,0.9124191495230392,-0.5784279906300535,-0.5776581893550843,1.7343632929879855,-0.5767344287272242,0
-0.2124068892158268,-0.7553720748175714,-1.7333154938995745,-1.2258476714090278,0.8077365626180215,0.646091668153197,0.9702425509371356,-1.1409810221949257,-0.721130416342303,-1.5692512089996695,0.9972039090469852,-0.5787359118286177,-0.5738091541336192,-0.9124191495230388,0.9124191495230392,-0.5784279906300535,-0.5776581893550843,1.7343632929879855,-0.5767344287272242,0
-1.4333264231129623,-0.278604121311063,-0.3502038645510472,1.2129833750599173,0.8077365626180215,-1.5477679860172513,-1.0306701134001208,-1.068744330766315,1.412812421522078,-0.2280301543058076,0.9972039090469852,-0.5787359118286177,-0.5738091541336192,-0.9124191495230388,0.9124191495230392,1.7288236672481017,-0.5776581893550843,-0.5765804684883443,-0.5767344287272242,1
-1.2367376846041016,-0.9460792562201747,-0.695981771888179,0.61070802489048,-0.9115834940401768,-1.5477679860172513,-1.0306701134001208,-0.4261132883798405,1.412812421522078,-0.7857656423963245,0.9972039090469852,-0.5787359118286177,-0.5738091541336192,-0.9124191495230388,0.9124191495230392,1.7288236672481017,-0.5776581893550843,-0.5765804684883443,-0.5767344287272242,0
0.4187464291547262,-0.0878969399084596,-1.3875375865624426,-1.2258476714090278,0.8077365626180215,-1.5477679860172513,-1.0306701134001208,-0.9639895123423166,-1.43244469563043,1.2327056478360223,0.9972039090469852,-0.5787359118286177,-0.5738091541336192,-0.9124191495230388,0.9124191495230392,-0.5784279906300535,1.731127539482183,-0.5765804684883443,-0.5767344287272242,0
-0.2848343191927756,0.5795781950006521,-1.7333154938995745,-1.2258476714090278,-0.9115834940401768,0.646091668153197,-1.0306701134001208,1.6770557498164638,-0.721130416342303,0.3208523895293041,0.9972039090469852,-0.5787359118286177,-0.5738091541336192,-0.9124191495230388,0.9124191495230392,-0.5784279906300535,-0.5776581893550843,-0.5765804684883443,1.733900301750437,1
2.001803112936605,-1.0414328469214764,-0.3502038645510472,-1.2258476714090278,0.8077365626180215,-1.5477679860172513,0.9702425509371356,0.4039139724685189,0.7014981422339509,-1.347927602614544,0.9972039090469852,-0.5787359118286177,-0.5738091541336192,1.0959875190286648,-1.0959875190286648,-0.5784279906300535,-0.5776581893550843,1.7343632929879855,-0.5767344287272242,0
1.1740610560571914,-1.422847209726683,0.6871298574603482,0.3471907823572315,-0.9115834940401768,0.646091668153197,-1.0306701134001208,-1.2736830948725482,-1.43244469563043,-1.4674423500625118,0.9972039090469852,-0.5787359118286177,-0.5738091541336192,-0.9124191495230388,0.9124191495230392,-0.5784279906300535,1.731127539482183,-0.5765804684883443,-0.5767344287272242,0
-0.9780682918292848,-0.4693113027136664,1.03290776479748,1.3987045505298112,-0.9115834940401768,0.646091668153197,0.9702425509371356,0.0679878650503536,-0.009816137054176,0.4979112746374047,0.9972039090469852,-0.5787359118286177,-0.5738091541336192,-0.9124191495230388,0.9124191495230392,-0.5784279906300535,-0.5776581893550843,1.7343632929879855,-0.5767344287272242,0
-0.7711327776094312,-0.8507256655188732,0.6871298574603482,0.8925259819098282,0.8077365626180215,-1.5477679860172513,-1.0306701134001208,-0.1099543014742185,-1.43244469563043,-0.2678684034551303,-1.002803930999114,1.7279038324066065,-0.5738091541336192,-0.9124191495230388,0.9124191495230392,-0.5784279906300535,1.731127539482183,-0.5765804684883443,-0.5767344287272242,0
0.6981093733515285,-1.0414328469214764,0.3413519501232164,-1.2258476714090278,0.8077365626180215,0.646091668153197,-1.0306701134001208,0.8135551841605537,0.7014981422339509,-1.2726775764436011,-1.002803930999114,-0.5787359118286177,1.7427397119690018,-0.9124191495230388,0.9124191495230392,1.7288236672481017,-0.5776581893550843,-0.5765804684883443,-0.5767344287272242,0
-0.015818150706966,-0.278604121311063,1.03290776479748,-1.2258476714090278,0.8077365626180215,0.646091668153197,-1.0306701134001208,1.0707783263246795,-0.009816137054176,-1.117751051974013,-1.002803930999114,-0.5787359118286177,1.7427397119690018,-0.9124191495230388,0.9124191495230392,-0.5784279906300535,1.731127539482183,-0.5765804684883443,-0.5767344287272242,0
0.2738915692008288,-1.3274936190253817,-0.695981771888179,-1.2258476714090278,0.8077365626180215,0.646091668153197,-1.0306701134001208,1.3827510851855167,-1.43244469563043,1.454029254221148,0.9972039090469852,-0.5787359118286177,-0.5738091541336192,1.0959875190286648,-1.0959875190286648,-0.5784279906300535,-0.5776581893550843,-0.5765804684883443,1.733900301750437,0
1.0809400746582574,-0.0878969399084596,1.378685672134612,1.160788210282632,-0.9115834940401768,0.646091668153197,-1.0306701134001208,-0.3421125901519528,-0.009816137054176,-0.8433097800564572,0.9972039090469852,-0.5787359118286177,-0.5738091541336192,-0.9124191495230388,0.9124191495230392,1.7288236672481017,-0.5776581893550843,-0.5765804684883443,-0.5767344287272242,0
-1.1125763760721894,-0.1832505306097613,1.03290776479748,1.032276761400062,0.8077365626180215,0.646091668153197,0.9702425509371356,0.3124620874117275,-1.43244469563043,0.0729699503779633,-1.002803930999114,1.7279038324066065,-0.5738091541336192,-0.9124191495230388,0.9124191495230392,-0.5784279906300535,1.731127539482183,-0.5765804684883443,-0.5767344287272242,0
-0.4400359548576657,-0.4693113027136664,-0.3502038645510472,0.1969247770361731,-0.9115834940401768,0.646091668153197,0.9702425509371356,1.195176803355772,-1.43244469563043,0.0862493667610709,0.9972039090469852,-0.5787359118286177,-0.5738091541336192,1.0959875190286648,-1.0959875190286648,-0.5784279906300535,1.731127539482183,-0.5765804684883443,-0.5767344287272242,0
1.2257949346121548,-0.0878969399084596,0.3413519501232164,-1.2258476714090278,0.8077365626180215,-1.5477679860172513,-1.0306701134001208,0.0748342624325615,1.412812421522078,-0.9583980553767226,-1.002803930999114,-0.5787359118286177,1.7427397119690018,-0.9124191495230388,0.9124191495230392,-0.5784279906300535,-0.5776581893550843,1.7343632929879855,-0.5767344287272242,0
0.5946416162416017,-1.518200800427985,-0.3502038645510472,-0.0809819243448411,-0.9115834940401768,0.646091668153197,-1.0306701134001208,0.0627278662081713,-0.721130416342303,-0.6706773670760591,-1.002803930999114,1.7279038324066065,-0.5738091541336192,1.0959875190286648,-1.0959875190286648,-0.5784279906300535,-0.5776581893550843,-0.5765804684883443,1.733900301750437,0
-0.2641407677707902,-1.0414328469214764,-0.695981771888179,-1.2258476714090278,-0.9115834940401768,-1.5477679860172513,-1.0306701134001208,1.4529583063345444,0.7014981422339509,0.4934848025097023,0.9972039090469852,-0.5787359118286177,-0.5738091541336192,1.0959875190286648,-1.0959875190286648,-0.5784279906300535,1.731127539482183,-0.5765804684883443,-0.5767344287272242,0
0.1911173635128873,0.2935174228967471,1.378685672134612,-1.2258476714090278,0.8077365626180215,-1.5477679860172513,-1.0306701134001208,0.6180064804688091,-0.721130416342303,-0.3563978460091805,0.9972039090469852,-0.5787359118286177,-0.5738091541336192,1.0959875190286648,-1.0959875190286648,-0.5784279906300535,-0.5776581893550843,1.7343632929879855,-0.5767344287272242,0
2.063883767202561,-0.3739577120123647,-1.0417596792253108,0.0712542934644172,-0.9115834940401768,-1.5477679860172513,-1.0306701134001208,-1.520678026785189,-0.721130416342303,1.6664999163508687,-1.002803930999114,1.7279038324066065,-0.5738091541336192,1.0959875190286648,-1.0959875190286648,1.7288236672481017,-0.5776581893550843,-0.5765804684883443,-0.5767344287272242,1
0.20146413922388,0.1028102414941437,-0.695981771888179,-1.2258476714090278,-0.9115834940401768,0.646091668153197,0.9702425509371356,1.4356343404298446,1.412812421522078,-1.4895747107010244,-1.002803930999114,-0.5787359118286177,1.7427397119690018,1.0959875190286648,-1.0959875190286648,-0.5784279906300535,1.731127539482183,-0.5765804684883443,-0.5767344287272242,0
0.0566092792699826,-0.1832505306097613,-1.0417596792253108,-1.2258476714090278,0.8077365626180215,-1.5477679860172513,0.9702425509371356,-0.5607853609544209,-0.721130416342303,-0.7547803375024069,0.9972039090469852,-0.5787359118286177,-0.5738091541336192,-0.9124191495230388,0.9124191495230392,-0.5784279906300535,-0.5776581893550843,-0.5765804684883443,1.733900301750437,0
-1.5471409559338818,0.1028102414941437,-0.0044259572139154,0.6117497869642864,-0.9115834940401768,-1.5477679860172513,-1.0306701134001208,0.4598639518882155,0.7014981422339509,1.051220290600219,-1.002803930999114,1.7279038324066065,-0.5738091541336192,-0.9124191495230388,0.9124191495230392,-0.5784279906300535,1.731127539482183,-0.5765804684883443,-0.5767344287272242,0
-1.350552217425021,-0.7553720748175714,-0.695981771888179,0.519731584069328,-0.9115834940401768,0.646091668153197,0.9702425509371356,1.4516711724977291,-0.009816137054176,-0.205897793667295,-1.002803930999114,1.7279038324066065,-0.5738091541336192,1.0959875190286648,-1.0959875190286648,-0.5784279906300535,-0.5776581893550843,-0.5765804684883443,1.733900301750437,1
0.8740045604384039,-0.0878969399084596,-1.3875375865624426,-1.2258476714090278,2.52705661927622,-1.5477679860172513,-1.0306701134001208,-0.1368535206515811,1.412812421522078,0.3164259174016017,0.9972039090469852,-0.5787359118286177,-0.5738091541336192,1.0959875190286648,-1.0959875190286648,-0.5784279906300535,-0.5776581893550843,-0.5765804684883443,1.733900301750437,1
-1.0504957218062334,-0.7553720748175714,1.378685672134612,0.9381359282119512,0.8077365626180215,0.646091668153197,0.9702425509371356,-1.33455468317949,-0.721130416342303,0.869734933364416,-1.002803930999114,1.7279038324066065,-0.5738091541336192,1.0959875190286648,-1.0959875190286648,1.7288236672481017,-0.5776581893550843,-0.5765804684883443,-0.5767344287272242,0
0.139383484957924,-0.278604121311063,0.3413519501232164,-0.0856347543086366,0.8077365626180215,0.646091668153197,-1.0306701134001208,0.3885198378690041,-0.009816137054176,1.1043379561326494,-1.002803930999114,1.7279038324066065,-0.5738091541336192,-0.9124191495230388,0.9124191495230392,1.7288236672481017,-0.5776581893550843,-0.5765804684883443,-0.5767344287272242,0
1.2878755888781108,-0.278604121311063,-1.0417596792253108,0.5363177184530307,0.8077365626180215,-1.5477679860172513,0.9702425509371356,-0.4939815150356222,-1.43244469563043,0.9715437923015738,-1.002803930999114,1.7279038324066065,-0.5738091541336192,-0.9124191495230388,0.9124191495230392,-0.5784279906300535,1.731127539482183,-0.5765804684883443,-0.5767344287272242,0
-0.3883020763027023,-0.278604121311063,1.378685672134612,0.8786256704234862,-0.9115834940401768,-1.5477679860172513,-1.0306701134001208,-0.2912050731748365,0.7014981422339509,-1.1974275502726583,0.9972039090469852,-0.5787359118286177,-0.5738091541336192,-0.9124191495230388,0.9124191495230392,-0.5784279906300535,-0.5776581893550843,1.7343632929879855,-0.5767344287272242,0
-1.536794180222889,0.5795781950006521,-1.7333154938995745,-1.2258476714090278,-0.9115834940401768,-1.5477679860172513,-1.0306701134001208,-0.2682606344420423,1.412812421522078,-0.2368830985612126,0.9972039090469852,-0.5787359118286177,-0.5738091541336192,-0.9124191495230388,0.9124191495230392,-0.5784279906300535,-0.5776581893550843,-0.5765804684883443,1.733900301750437,0
-0.5021166091236218,-0.5646648934149681,-0.0044259572139154,-1.2258476714090278,0.8077365626180215,-1.5477679860172513,0.9702425509371356,-0.6269065147030848,-1.43244469563043,0.4713524418711897,-1.002803930999114,-0.5787359118286177,1.7427397119690018,-0.9124191495230388,0.9124191495230392,-0.5784279906300535,1.731127539482183,-0.5765804684883443,-0.5767344287272242,0
-1.9092781058186252,-1.23214002832408,-0.695981771888179,1.287454778668035,-0.9115834940401768,0.646091668153197,0.9702425509371356,0.6501025764155676,-0.721130416342303,-1.1398834126125257,0.9972039090469852,-0.5787359118286177,-0.5738091541336192,-0.9124191495230388,0.9124191495230392,-0.5784279906300535,1.731127539482183,-0.5765804684883443,-0.5767344287272242,0
0.6360287190855723,-1.1367864376227783,-1.0417596792253108,0.9059102204919152,-0.9115834940401768,0.646091668153197,-1.0306701134001208,0.4646151485679388,1.412812421522078,-0.0996624626024347,0.9972039090469852,-0.5787359118286177,-0.5738091541336192,1.0959875190286648,-1.0959875190286648,-0.5784279906300535,-0.5776581893550843,1.7343632929879855,-0.5767344287272242,0
0.4394399805767116,0.4842246042993504,-0.0044259572139154,0.7711554113654798,0.8077365626180215,0.646091668153197,0.9702425509371356,-0.9232187394726478,-0.721130416342303,-0.8787215570780773,-1.002803930999114,1.7279038324066065,-0.5738091541336192,-0.9124191495230388,0.9124191495230392,-0.5784279906300535,-0.5776581893550843,-0.5765804684883443,1.733900301750437,1
-1.5471409559338818,-0.4693113027136664,0.6871298574603482,0.2685907955150749,-0.9115834940401768,-1.5477679860172513,0.9702425509371356,1.7339509953178855,-0.721130416342303,-1.117751051974013,-1.002803930999114,1.7279038324066065,-0.5738091541336192,1.0959875190286648,-1.0959875190286648,-0.5784279906300535,-0.5776581893550843,1.7343632929879855,-0.5767344287272242,0
-0.1089391321059001,-0.4693113027136664,-1.3875375865624426,0.9782487364572306,-0.9115834940401768,-1.5477679860172513,-1.0306701134001208,-1.309893950070937,-1.43244469563043,1.7151911097555963,-1.002803930999114,-0.5787359118286177,1.7427397119690018,-0.9124191495230388,0.9124191495230392,-0.5784279906300535,1.731127539482183,-0.5765804684883443,-0.5767344287272242,0
1.629319187340869,-1.3274936190253817,0.6871298574603482,-1.2258476714090278,0.8077365626180215,-1.5477679860172513,0.9702425509371356,-1.3373857863944585,0.7014981422339509,-0.97167747175983,-1.002803930999114,-0.5787359118286177,1.7427397119690018,-0.9124191495230388,0.9124191495230392,-0.5784279906300535,1.731127539482183,-0.5765804684883443,-0.5767344287272242,0
-1.15396347891616,-0.8507256655188732,-1.7333154938995745,-1.2258476714090278,0.8077365626180215,0.646091668153197,-1.0306701134001208,1.0588061731862153,0.7014981422339509,-1.6622071236814224,0.9972039090469852,-0.5787359118286177,-0.5738091541336192,-0.9124191495230388,0.9124191495230392,1.7288236672481017,-0.5776581893550843,-0.5765804684883443,-0.5767344287272242,0
-0.2951810949037682,0.1028102414941437,-0.3502038645510472,0.3736539430982358,0.8077365626180215,0.646091668153197,-1.0306701134001208,1.6916348619500026,-1.43244469563043,-0.6618244228206541,0.9972039090469852,-0.5787359118286177,-0.5738091541336192,-0.9124191495230388,0.9124191495230392,1.7288236672481017,-0.5776581893550843,-0.5765804684883443,-0.5767344287272242,0
0.905044887571382,-0.9460792562201747,-1.0417596792253108,-1.2258476714090278,0.8077365626180215,0.646091668153197,0.9702425509371356,1.2229839022632094,-0.009816137054176,-1.5692512089996695,0.9972039090469852,-0.5787359118286177,-0.5738091541336192,-0.9124191495230388,0.9124191495230392,-0.5784279906300535,1.731127539482183,-0.5765804684883443,-0.5767344287272242,0
0.9464319904153524,-0.5646648934149681,-1.7333154938995745,1.6855809836373865,-0.9115834940401768,0.646091668153197,0.9702425509371356,0.1317681115156872,-1.43244469563043,-1.4098982124023791,-1.002803930999114,1.7279038324066065,-0.5738091541336192,-0.9124191495230388,0.9124191495230392,-0.5784279906300535,-0.5776581893550843,-0.5765804684883443,1.733900301750437,0
1.929375682959657,-0.0878969399084596,-1.0417596792253108,-1.2258476714090278,0.8077365626180215,0.646091668153197,0.9702425509371356,-0.9337029158154314,0.7014981422339509,-0.6529714785652491,0.9972039090469852,-0.5787359118286177,-0.5738091541336192,1.0959875190286648,-1.0959875190286648,-0.5784279906300535,-0.5776581893550843,-0.5765804684883443,1.733900301750437,0
-0.7607860018984386,-0.6600184841162697,-1.3875375865624426,-1.2258476714090278,0.8077365626180215,0.646091668153197,-1.0306701134001208,-1.5682765908062444,-0.721130416342303,1.2946762576238575,0.9972039090469852,-0.5787359118286177,-0.5738091541336192,1.0959875190286648,-1.0959875190286648,-0.5784279906300535,-0.5776581893550843,-0.5765804684883443,1.733900301750437,0
-0.0778988049729221,0.1981638321954454,0.6871298574603482,1.2567941181250328,-0.9115834940401768,0.646091668153197,0.9702425509371356,-0.8768048880738869,-0.009816137054176,0.2101905863367413,-1.002803930999114,1.7279038324066065,-0.5738091541336192,-0.9124191495230388,0.9124191495230392,-0.5784279906300535,-0.5776581893550843,1.7343632929879855,-0.5767344287272242,0
0.0462625035589899,-0.0878969399084596,0.3413519501232164,-1.2258476714090278,-0.9115834940401768,0.646091668153197,0.9702425509371356,1.5397793265969242,-0.009816137054176,-1.210706966655766,0.9972039090469852,-0.5787359118286177,-0.5738091541336192,1.0959875190286648,-1.0959875190286648,-0.5784279906300535,-0.5776581893550843,-0.5765804684883443,1.733900301750437,0
0.5739480648196164,-1.9949687539344931,-1.0417596792253108,1.5971592639633838,0.8077365626180215,0.646091668153197,-1.0306701134001208,0.5140880729817308,-0.009816137054176,-0.8920009734611849,0.9972039090469852,-0.5787359118286177,-0.5738091541336192,-0.9124191495230388,0.9124191495230392,-0.5784279906300535,-0.5776581893550843,1.7343632929879855,-0.5767344287272242,0
1.7431337201617885,-0.3739577120123647,-1.3875375865624426,-1.2258476714090278,0.8077365626180215,-1.5477679860172513,0.9702425509371356,-1.6816067949587703,-1.43244469563043,-0.3785302066476931,0.9972039090469852,-0.5787359118286177,-0.5738091541336192,-0.9124191495230388,0.9124191495230392,-0.5784279906300535,1.731127539482183,-0.5765804684883443,-0.5767344287272242,0
-0.2537939920597976,0.007456650792842,-1.7333154938995745,-1.2258476714090278,0.8077365626180215,0.646091668153197,0.9702425509371356,-0.2920508741721711,-0.721130416342303,-1.4807217664456194,0.9972039090469852,-0.5787359118286177,-0.5738091541336192,1.0959875190286648,-1.0959875190286648,1.7288236672481017,-0.5776581893550843,-0.5765804684883443,-0.5767344287272242,0
-0.3572617491697243,-0.4693113027136664,1.7244635794717436,-1.2258476714090278,0.8077365626180215,0.646091668153197,-1.0306701134001208,-1.294228025389425,0.7014981422339509,-1.4497364615517017,0.9972039090469852,-0.5787359118286177,-0.5738091541336192,-0.9124191495230388,0.9124191495230392,-0.5784279906300535,-0.5776581893550843,-0.5765804684883443,1.733900301750437,0
1.6189724116298765,-0.4693113027136664,-1.3875375865624426,-1.2258476714090278,-0.9115834940401768,-1.5477679860172513,-1.0306701134001208,0.2496693622999843,-0.009816137054176,-1.3302217141037338,0.9972039090469852,-0.5787359118286177,-0.5738091541336192,1.0959875190286648,-1.0959875190286648,-0.5784279906300535,1.731127539482183,-0.5765804684883443,-0.5767344287272242,0
-1.7230361430207572,-0.9460792562201747,-0.3502038645510472,0.8595098171824055,-0.9115834940401768,0.646091668153197,-1.0306701134001208,1.1116379569882713,-1.43244469563043,-1.5825306253827771,0.9972039090469852,-0.5787359118286177,-0.5738091541336192,1.0959875190286648,-1.0959875190286648,-0.5784279906300535,1.731127539482183,-0.5765804684883443,-0.5767344287272242,0
0.4187464291547262,-0.7553720748175714,-0.0044259572139154,-0.5700896988101691,-0.9115834940401768,0.646091668153197,-1.0306701134001208,0.4542633025209964,-0.721130416342303,-0.9052803898442924,0.9972039090469852,-0.5787359118286177,-0.5738091541336192,1.0959875190286648,-1.0959875190286648,-0.5784279906300535,-0.5776581893550843,-0.5765804684883443,1.733900301750437,1
-0.5952375905225558,-0.278604121311063,-1.0417596792253108,-0.1010414537537024,0.8077365626180215,0.646091668153197,-1.0306701134001208,-0.3387745975646101,-0.009816137054176,-1.4762952943179168,0.9972039090469852,-0.5787359118286177,-0.5738091541336192,-0.9124191495230388,0.9124191495230392,-0.5784279906300535,-0.5776581893550843,1.7343632929879855,-0.5767344287272242,0
0.93608521470436,-0.0878969399084596,1.378685672134612,-1.2258476714090278,0.8077365626180215,0.646091668153197,-1.0306701134001208,-1.4904326421901228,1.412812421522078,-1.1487363568679307,0.9972039090469852,-0.5787359118286177,-0.5738091541336192,-0.9124191495230388,0.9124191495230392,-0.5784279906300535,1.731127539482183,-0.5765804684883443,-0.5767344287272242,0
-0.4917698334126291,-1.422847209726683,-0.695981771888179,-1.2258476714090278,-0.9115834940401768,0.646091668153197,0.9702425509371356,1.7169167301659731,1.412812421522078,0.2013376420813362,0.9972039090469852,-0.5787359118286177,-0.5738091541336192,1.0959875190286648,-1.0959875190286648,-0.5784279906300535,-0.5776581893550843,-0.5765804684883443,1.733900301750437,1
0.0152221764260119,1.1516997392084622,0.6871298574603482,-1.2258476714090278,0.8077365626180215,-1.5477679860172513,0.9702425509371356,-0.9841110206905032,1.412812421522078,0.6307054384684803,0.9972039090469852,-0.5787359118286177,-0.5738091541336192,-0.9124191495230388,0.9124191495230392,-0.5784279906300535,-0.5776581893550843,1.7343632929879855,-0.5767344287272242,0
-1.5885280587778523,-0.3739577120123647,0.6871298574603482,0.5379936732231525,0.8077365626180215,0.646091668153197,0.9702425509371356,-0.1252561004796576,0.7014981422339509,0.6262789663407777,-1.002803930999114,1.7279038324066065,-0.5738091541336192,-0.9124191495230388,0.9124191495230392,-0.5784279906300535,-0.5776581893550843,1.7343632929879855,-0.5767344287272242,0
0.6463754947965651,0.2935174228967471,-1.7333154938995745,0.5230578502354475,-0.9115834940401768,-1.5477679860172513,0.9702425509371356,1.1786829883477157,1.412812421522078,1.1751615101758894,-1.002803930999114,-0.5787359118286177,1.7427397119690018,-0.9124191495230388,0.9124191495230392,-0.5784279906300535,1.731127539482183,-0.5765804684883443,-0.5767344287272242,0
1.215448158901162,0.2935174228967471,-0.695981771888179,-1.2258476714090278,-0.9115834940401768,-1.5477679860172513,-1.0306701134001208,1.0633852187583397,-1.43244469563043,0.1969111699536337,-1.002803930999114,-0.5787359118286177,1.7427397119690018,1.0959875190286648,-1.0959875190286648,-0.5784279906300535,-0.5776581893550843,-0.5765804684883443,1.733900301750437,1
-0.6262779176555339,0.7702853764032556,-0.695981771888179,-1.2258476714090278,0.8077365626180215,0.646091668153197,-1.0306701134001208,1.2465176542320162,-1.43244469563043,-0.9229862783551024,0.9972039090469852,-0.5787359118286177,-0.5738091541336192,-0.9124191495230388,0.9124191495230392,1.7288236672481017,-0.5776581893550843,-0.5765804684883443,-0.5767344287272242,0
0.7705368033284771,0.1028102414941437,1.03290776479748,0.4433702637882371,-0.9115834940401768,0.646091668153197,-1.0306701134001208,-0.6618660574062393,0.7014981422339509,-0.8521627243118622,-1.002803930999114,1.7279038324066065,-0.5738091541336192,-0.9124191495230388,0.9124191495230392,-0.5784279906300535,1.731127539482183,-0.5765804684883443,-0.5767344287272242,0
1.339609467433074,1.1516997392084622,-0.3502038645510472,0.8051917015697913,-0.9115834940401768,0.646091668153197,-1.0306701134001208,1.6548950333482642,-0.009816137054176,0.6085730778299676,-1.002803930999114,1.7279038324066065,-0.5738091541336192,-0.9124191495230388,0.9124191495230392,1.7288236672481017,-0.5776581893550843,-0.5765804684883443,-0.5767344287272242,1
1.215448158901162,-1.23214002832408,-0.0044259572139154,-0.4066018095194494,-0.9115834940401768,0.646091668153197,0.9702425509371356,-0.5153308607280069,0.7014981422339509,1.7063381655001912,0.9972039090469852,-0.5787359118286177,-0.5738091541336192,1.0959875190286648,-1.0959875190286648,-0.5784279906300535,-0.5776581893550843,1.7343632929879855,-0.5767344287272242,1
0.2221576906458654,0.1028102414941437,-0.695981771888179,-1.2258476714090278,-0.9115834940401768,0.646091668153197,-1.0306701134001208,0.2274719550401651,1.412812421522078,0.6572642712346953,0.9972039090469852,-0.5787359118286177,-0.5738091541336192,1.0959875190286648,-1.0959875190286648,-0.5784279906300535,1.731127539482183,-0.5765804684883443,-0.5767344287272242,1
0.6463754947965651,0.8656389671045572,-1.3875375865624426,1.3987648124590035,-0.9115834940401768,-1.5477679860172513,-1.0306701134001208,0.9962315061440976,-0.721130416342303,-1.6267953466598024,-1.002803930999114,-0.5787359118286177,1.7427397119690018,1.0959875190286648,-1.0959875190286648,1.7288236672481017,-0.5776581893550843,-0.5765804684883443,-0.5767344287272242,1
1.6810530658958325,-0.278604121311063,0.3413519501232164,0.3462208217309736,-0.9115834940401768,-1.5477679860172513,0.9702425509371356,-1.2764051690527036,-0.721130416342303,-1.6533541794260174,-1.002803930999114,1.7279038324066065,-0.5738091541336192,1.0959875190286648,-1.0959875190286648,-0.5784279906300535,1.731127539482183,-0.5765804684883443,-0.5767344287272242,1
0.8740045604384039,0.3888710135980487,1.378685672134612,0.3577500827373322,-0.9115834940401768,-1.5477679860172513,-1.0306701134001208,1.4690193091134958,0.7014981422339509,0.5466024680421324,-1.002803930999114,1.7279038324066065,-0.5738091541336192,1.0959875190286648,-1.0959875190286648,-0.5784279906300535,-0.5776581893550843,-0.5765804684883443,1.733900301750437,1
1.0809400746582574,-0.278604121311063,1.03290776479748,-1.2258476714090278,0.8077365626180215,0.646091668153197,-1.0306701134001208,1.3340777070270178,-0.721130416342303,-0.2545889870720227,0.9972039090469852,-0.5787359118286177,-0.5738091541336192,-0.9124191495230388,0.9124191495230392,-0.5784279906300535,1.731127539482183,-0.5765804684883443,-0.5767344287272242,0
0.6049883919525944,0.007456650792842,1.03290776479748,-1.2258476714090278,0.8077365626180215,0.646091668153197,-1.0306701134001208,-0.7629624039587485,-0.009816137054176,1.555838113158306,0.9972039090469852,-0.5787359118286177,-0.5738091541336192,-0.9124191495230388,0.9124191495230392,-0.5784279906300535,1.731127539482183,-0.5765804684883443,-0.5767344287272242,0
0.6049883919525944,-0.278604121311063,0.6871298574603482,-1.2258476714090278,-0.9115834940401768,-1.5477679860172513,0.9702425509371356,-1.0086430751933764,-0.009816137054176,-0.188191905156485,0.9972039090469852,-0.5787359118286177,-0.5738091541336192,1.0959875190286648,-1.0959875190286648,-0.5784279906300535,-0.5776581893550843,-0.5765804684883443,1.733900301750437,1
0.5946416162416017,-0.4693113027136664,-0.695981771888179,-1.2258476714090278,-0.9115834940401768,-1.5477679860172513,0.9702425509371356,0.3715619104304618,1.412812421522078,-0.2413095706889152,0.9972039090469852,-0.5787359118286177,-0.5738091541336192,-0.9124191495230388,0.9124191495230392,1.7288236672481017,-0.5776581893550843,-0.5765804684883443,-0.5767344287272242,1
0.2428512420678507,-1.0414328469214764,-0.0044259572139154,-1.2258476714090278,-0.9115834940401768,0.646091668153197,0.9702425509371356,0.901359030746317,-0.009816137054176,-1.0159421930368553,0.9972039090469852,-0.5787359118286177,-0.5738091541336192,-0.9124191495230388,0.9124191495230392,-0.5784279906300535,1.731127539482183,-0.5765804684883443,-0.5767344287272242,0
-1.1022296003611969,-0.9460792562201747,-1.3875375865624426,0.6743351661235392,-0.9115834940401768,0.646091668153197,0.9702425509371356,1.1137154209099724,-0.009816137054176,0.8387496284704984,0.9972039090469852,-0.5787359118286177,-0.5738091541336192,1.0959875190286648,-1.0959875190286648,-0.5784279906300535,1.731127539482183,-0.5765804684883443,-0.5767344287272242,0
-1.9299716572406107,-0.0878969399084596,-0.695981771888179,0.6403432710106804,-0.9115834940401768,0.646091668153197,-1.0306701134001208,-0.4263045673882838,1.412812421522078,-0.763633281757812,0.9972039090469852,-0.5787359118286177,-0.5738091541336192,-0.9124191495230388,0.9124191495230392,1.7288236672481017,-0.5776581893550843,-0.5765804684883443,-0.5767344287272242,0
-1.5988748344888453,0.1981638321954454,-1.3875375865624426,1.5953089342492153,0.8077365626180215,0.646091668153197,-1.0306701134001208,1.4302060160602323,-1.43244469563043,0.6528377991069928,0.9972039090469852,-0.5787359118286177,-0.5738091541336192,1.0959875190286648,-1.0959875190286648,1.7288236672481017,-0.5776581893550843,-0.5765804684883443,-0.5767344287272242,0
-1.091882824650204,1.533114102013669,-0.0044259572139154,-1.2258476714090278,-0.9115834940401768,-1.5477679860172513,-1.0306701134001208,-1.5659746348846333,1.412812421522078,-0.3652507902645856,0.9972039090469852,-0.5787359118286177,-0.5738091541336192,1.0959875190286648,-1.0959875190286648,1.7288236672481017,-0.5776581893550843,-0.5765804684883443,-0.5767344287272242,1
0.1497302606689167,-1.1367864376227783,-1.0417596792253108,1.1371245046405771,-0.9115834940401768,-1.5477679860172513,-1.0306701134001208,1.520108541148633,-1.43244469563043,-1.5426923762334546,-1.002803930999114,1.7279038324066065,-0.5738091541336192,1.0959875190286648,-1.0959875190286648,1.7288236672481017,-0.5776581893550843,-0.5765804684883443,-0.5767344287272242,0
-0.7918263290314166,-0.3739577120123647,-0.0044259572139154,1.400302453279942,-0.9115834940401768,0.646091668153197,0.9702425509371356,-1.4775788667127423,1.412812421522078,0.3208523895293041,-1.002803930999114,1.7279038324066065,-0.5738091541336192,-0.9124191495230388,0.9124191495230392,-0.5784279906300535,-0.5776581893550843,1.7343632929879855,-0.5767344287272242,0
-1.15396347891616,0.3888710135980487,-0.695981771888179,0.6368309301110705,2.52705661927622,0.646091668153197,-1.0306701134001208,-0.7700941548435521,0.7014981422339509,-1.5161335434672394,-1.002803930999114,1.7279038324066065,-0.5738091541336192,1.0959875190286648,-1.0959875190286648,1.7288236672481017,-0.5776581893550843,-0.5765804684883443,-0.5767344287272242,1
-0.7400924504764532,-0.1832505306097613,-0.3502038645510472,-1.2258476714090278,0.8077365626180215,0.646091668153197,0.9702425509371356,-1.1797325842954642,-0.009816137054176,-0.6308391179267365,-1.002803930999114,-0.5787359118286177,1.7427397119690018,-0.9124191495230388,0.9124191495230392,-0.5784279906300535,-0.5776581893550843,-0.5765804684883443,1.733900301750437,0
-0.4193424034356803,0.6749317857019538,-0.0044259572139154,0.2470083702253972,-0.9115834940401768,0.646091668153197,-1.0306701134001208,-0.794607081445581,-1.43244469563043,1.3610733395393952,-1.002803930999114,-0.5787359118286177,1.7427397119690018,-0.9124191495230388,0.9124191495230392,-0.5784279906300535,-0.5776581893550843,-0.5765804684883443,1.733900301750437,0
1.898335355826679,-0.0878969399084596,1.03290776479748,-1.2258476714090278,0.8077365626180215,0.646091668153197,0.9702425509371356,-0.5843570209449012,-0.009816137054176,-0.2988537083490479,-1.002803930999114,-0.5787359118286177,1.7427397119690018,-0.9124191495230388,0.9124191495230392,-0.5784279906300535,1.731127539482183,-0.5765804684883443,-0.5767344287272242,0
0.0462625035589899,-0.1832505306097613,0.3413519501232164,0.522604283055621,0.8077365626180215,0.646091668153197,-1.0306701134001208,-1.7095947394741902,1.412812421522078,0.8741614054921185,0.9972039090469852,-0.5787359118286177,-0.5738091541336192,-0.9124191495230388,0.9124191495230392,-0.5784279906300535,-0.5776581893550843,-0.5765804684883443,1.733900301750437,0
-0.2848343191927756,-0.9460792562201747,-1.3875375865624426,-1.2258476714090278,0.8077365626180215,-1.5477679860172513,-1.0306701134001208,-1.0556545865485183,-0.721130416342303,-1.5692512089996695,0.9972039090469852,-0.5787359118286177,-0.5738091541336192,1.0959875190286648,-1.0959875190286648,-0.5784279906300535,-0.5776581893550843,-0.5765804684883443,1.733900301750437,0
2.063883767202561,-0.9460792562201747,1.7244635794717436,-1.2258476714090278,0.8077365626180215,0.646091668153197,0.9702425509371356,1.7334300208548892,1.412812421522078,-1.2018540224003609,0.9972039090469852,-0.5787359118286177,-0.5738091541336192,1.0959875190286648,-1.0959875190286648,-0.5784279906300535,-0.5776581893550843,1.7343632929879855,-0.5767344287272242,0
-0.2848343191927756,0.8656389671045572,-1.3875375865624426,0.506303431209053,-0.9115834940401768,0.646091668153197,-1.0306701134001208,0.3263049492527672,-0.009816137054176,-1.6976189007030424,-1.002803930999114,1.7279038324066065,-0.5738091541336192,1.0959875190286648,-1.0959875190286648,-0.5784279906300535,-0.5776581893550843,1.7343632929879855,-0.5767344287272242,1
-1.4643667502459403,-0.8507256655188732,0.3413519501232164,-1.2258476714090278,0.8077365626180215,0.646091668153197,-1.0306701134001208,1.399964457045335,0.7014981422339509,-1.1708687175064434,0.9972039090469852,-0.5787359118286177,-0.5738091541336192,-0.9124191495230388,0.9124191495230392,1.7288236672481017,-0.5776581893550843,-0.5765804684883443,-0.5767344287272242,0
0.5739480648196164,-0.6600184841162697,0.3413519501232164,0.2884972660346308,-0.9115834940401768,0.646091668153197,0.9702425509371356,0.814839883537262,1.412812421522078,1.31680861826237,0.9972039090469852,-0.5787359118286177,-0.5738091541336192,-0.9124191495230388,0.9124191495230392,1.7288236672481017,-0.5776581893550843,-0.5765804684883443,-0.5767344287272242,0
-0.0572052535509367,0.8656389671045572,0.6871298574603482,0.2264061629116269,-0.9115834940401768,0.646091668153197,0.9702425509371356,0.8529111879277734,-0.009816137054176,0.869734933364416,0.9972039090469852,-0.5787359118286177,-0.5738091541336192,1.0959875190286648,-1.0959875190286648,1.7288236672481017,-0.5776581893550843,-0.5765804684883443,-0.5767344287272242,0
-0.4814230577016364,-0.278604121311063,1.7244635794717436,0.5939712356837962,-0.9115834940401768,0.646091668153197,0.9702425509371356,0.6048786543393315,-1.43244469563043,-0.1085154068578397,-1.002803930999114,1.7279038324066065,-0.5738091541336192,-0.9124191495230388,0.9124191495230392,1.7288236672481017,-0.5776581893550843,-0.5765804684883443,-0.5767344287272242,0
0.3877061020217482,-0.278604121311063,-1.7333154938995745,0.2129427504119308,-0.9115834940401768,0.646091668153197,-1.0306701134001208,1.3440556895574574,1.412812421522078,0.2500288354860639,-1.002803930999114,-0.5787359118286177,1.7427397119690018,-0.9124191495230388,0.9124191495230392,1.7288236672481017,-0.5776581893550843,-0.5765804684883443,-0.5767344287272242,1
1.4637707759649865,-0.8507256655188732,-1.3875375865624426,0.8126060023846149,-0.9115834940401768,0.646091668153197,0.9702425509371356,0.2341112494232312,-0.009816137054176,1.3920586444333127,0.9972039090469852,-0.5787359118286177,-0.5738091541336192,-0.9124191495230388,0.9124191495230392,-0.5784279906300535,-0.5776581893550843,-0.5765804684883443,1.733900301750437,0
0.9774723175483306,1.914528464818876,1.03290776479748,-1.2258476714090278,-0.9115834940401768,0.646091668153197,0.9702425509371356,-1.1122919531685571,-0.721130416342303,1.5159998640089831,-1.002803930999114,-0.5787359118286177,1.7427397119690018,1.0959875190286648,-1.0959875190286648,1.7288236672481017,-0.5776581893550843,-0.5765804684883443,-0.5767344287272242,0
-0.6883585719214899,-0.3739577120123647,1.378685672134612,-1.2258476714090278,0.8077365626180215,0.646091668153197,-1.0306701134001208,1.6048477502391194,-0.009816137054176,-0.5157508426064711,0.9972039090469852,-0.5787359118286177,-0.5738091541336192,-0.9124191495230388,0.9124191495230392,-0.5784279906300535,1.731127539482183,-0.5765804684883443,-0.5767344287272242,0
0.553254513397631,0.4842246042993504,1.378685672134612,1.2368273856762846,-0.9115834940401768,0.646091668153197,-1.0306701134001208,1.0199095868192751,1.412812421522078,1.2548380084745347,-1.002803930999114,-0.5787359118286177,1.7427397119690018,1.0959875190286648,-1.0959875190286648,-0.5784279906300535,-0.5776581893550843,1.7343632929879855,-0.5767344287272242,0
0.4290932048657189,-1.1367864376227783,-1.3875375865624426,0.7863162549611271,-0.9115834940401768,-1.5477679860172513,-1.0306701134001208,-1.603088153112867,0.7014981422339509,1.2548380084745347,0.9972039090469852,-0.5787359118286177,-0.5738091541336192,-0.9124191495230388,0.9124191495230392,-0.5784279906300535,-0.5776581893550843,-0.5765804684883443,1.733900301750437,0
0.6877625976405357,0.2935174228967471,-0.0044259572139154,1.82420377520832,-0.9115834940401768,0.646091668153197,-1.0306701134001208,-0.0129102876605839,-1.43244469563043,0.6705436876178028,-1.002803930999114,-0.5787359118286177,1.7427397119690018,1.0959875190286648,-1.0959875190286648,-0.5784279906300535,-0.5776581893550843,-0.5765804684883443,1.733900301750437,1
-0.750439226187446,-0.8507256655188732,-0.3502038645510472,1.4901396872056143,-0.9115834940401768,0.646091668153197,-1.0306701134001208,0.2103524837844919,1.412812421522078,1.1751615101758894,0.9972039090469852,-0.5787359118286177,-0.5738091541336192,-0.9124191495230388,0.9124191495230392,1.7288236672481017,-0.5776581893550843,-0.5765804684883443,-0.5767344287272242,0
-0.2331004406378122,1.1516997392084622,1.378685672134612,1.2728398183990624,0.8077365626180215,0.646091668153197,0.9702425509371356,-0.5030707457368313,1.412812421522078,-0.042118324942302,-1.002803930999114,1.7279038324066065,-0.5738091541336192,1.0959875190286648,-1.0959875190286648,-0.5784279906300535,-0.5776581893550843,-0.5765804684883443,1.733900301750437,0
-0.1399794592388781,-0.5646648934149681,1.378685672134612,0.5998568708586252,-0.9115834940401768,-1.5477679860172513,0.9702425509371356,-0.6046805894820069,-1.43244469563043,0.4359406648495695,0.9972039090469852,-0.5787359118286177,-0.5738091541336192,1.0959875190286648,-1.0959875190286648,-0.5784279906300535,-0.5776581893550843,1.7343632929879855,-0.5767344287272242,0
-2.3231491342583324,-0.4693113027136664,-0.695981771888179,-1.2258476714090278,0.8077365626180215,0.646091668153197,0.9702425509371356,-0.6757263082480467,0.7014981422339509,-1.1221775241017156,0.9972039090469852,-0.5787359118286177,-0.5738091541336192,1.0959875190286648,-1.0959875190286648,1.7288236672481017,-0.5776581893550843,-0.5765804684883443,-0.5767344287272242,0
-0.0365117021289514,1.1516997392084622,-1.3875375865624426,0.6932667076131006,0.8077365626180215,-1.5477679860172513,-1.0306701134001208,-0.7848652415455649,-0.009816137054176,1.0644997069833266,-1.002803930999114,1.7279038324066065,-0.5738091541336192,1.0959875190286648,-1.0959875190286648,-0.5784279906300535,-0.5776581893550843,-0.5765804684883443,1.733900301750437,1
2.063883767202561,0.007456650792842,-1.7333154938995745,1.0472718846904303,-0.9115834940401768,0.646091668153197,0.9702425509371356,-0.127671432686273,-0.009816137054176,-0.3829566787753957,-1.002803930999114,-0.5787359118286177,1.7427397119690018,-0.9124191495230388,0.9124191495230392,1.7288236672481017,-0.5776581893550843,-0.5765804684883443,-0.5767344287272242,0
-0.4089956277246876,0.3888710135980487,1.378685672134612,0.8130619736307655,0.8077365626180215,-1.5477679860172513,0.9702425509371356,-1.4289757401173444,-0.009816137054176,-0.188191905156485,-1.002803930999114,1.7279038324066065,-0.5738091541336192,1.0959875190286648,-1.0959875190286648,1.7288236672481017,-0.5776581893550843,-0.5765804684883443,-0.5767344287272242,0
1.3292626917220816,-0.1832505306097613,0.6871298574603482,0.6988882160344477,0.8077365626180215,0.646091668153197,-1.0306701134001208,0.6231431912955493,-1.43244469563043,-0.6219861736713315,-1.002803930999114,1.7279038324066065,-0.5738091541336192,-0.9124191495230388,0.9124191495230392,-0.5784279906300535,1.731127539482183,-0.5765804684883443,-0.5767344287272242,0
-0.1089391321059001,0.6749317857019538,1.03290776479748,-1.2258476714090278,0.8077365626180215,0.646091668153197,-1.0306701134001208,-0.1920971588600988,-1.43244469563043,-0.7857656423963245,-1.002803930999114,-0.5787359118286177,1.7427397119690018,1.0959875190286648,-1.0959875190286648,-0.5784279906300535,1.731127539482183,-0.5765804684883443,-0.5767344287272242,0
0.3152786720447995,-0.278604121311063,-0.0044259572139154,1.0492336028109517,-0.9115834940401768,0.646091668153197,0.9702425509371356,1.4790012911141115,1.412812421522078,-0.9805304160152352,0.9972039090469852,-0.5787359118286177,-0.5738091541336192,-0.9124191495230388,0.9124191495230392,-0.5784279906300535,-0.5776581893550843,-0.5765804684883443,1.733900301750437,0
0.7291497004845064,-0.278604121311063,-1.0417596792253108,-1.2258476714090278,0.8077365626180215,0.646091668153197,0.9702425509371356,0.1197677881959791,1.412812421522078,-0.3209860689875604,-1.002803930999114,-0.5787359118286177,1.7427397119690018,1.0959875190286648,-1.0959875190286648,-0.5784279906300535,-0.5776581893550843,-0.5765804684883443,1.733900301750437,0
2.063883767202561,2.105235646221479,-0.695981771888179,1.0465402471724414,-0.9115834940401768,0.646091668153197,0.9702425509371356,-0.1397465287092817,-1.43244469563043,0.7723525465549607,-1.002803930999114,1.7279038324066065,-0.5738091541336192,-0.9124191495230388,0.9124191495230392,-0.5784279906300535,-0.5776581893550843,-0.5765804684883443,1.733900301750437,0
-1.1436167032051676,-1.0414328469214764,0.3413519501232164,0.1223693913777975,-0.9115834940401768,-1.5477679860172513,0.9702425509371356,-0.3372022841152064,-0.009816137054176,1.471735142731958,-1.002803930999114,-0.5787359118286177,1.7427397119690018,1.0959875190286648,-1.0959875190286648,-0.5784279906300535,-0.5776581893550843,-0.5765804684883443,1.733900301750437,0
-0.5641972633895778,-0.5646648934149681,-1.3875375865624426,0.9885027204141622,-0.9115834940401768,0.646091668153197,-1.0306701134001208,-0.2552305344968789,-0.721130416342303,0.7502201859164481,0.9972039090469852,-0.5787359118286177,-0.5738091541336192,1.0959875190286648,-1.0959875190286648,1.7288236672481017,-0.5776581893550843,-0.5765804684883443,-0.5767344287272242,0
-0.1399794592388781,-0.4693113027136664,1.378685672134612,-1.2258476714090278,0.8077365626180215,-1.5477679860172513,-1.0306701134001208,-1.2873626739963804,1.412812421522078,-1.0690598585692854,-1.002803930999114,-0.5787359118286177,1.7427397119690018,1.0959875190286648,-1.0959875190286648,-0.5784279906300535,1.731127539482183,-0.5765804684883443,-0.5767344287272242,0
0.5015206348426676,-1.3274936190253817,1.03290776479748,-1.2258476714090278,0.8077365626180215,0.646091668153197,0.9702425509371356,-0.8292078890629004,1.412812421522078,-1.5869570975104796,-1.002803930999114,-0.5787359118286177,1.7427397119690018,1.0959875190286648,-1.0959875190286648,-0.5784279906300535,-0.5776581893550843,-0.5765804684883443,1.733900301750437,0
-0.5538504876785851,2.009882055520177,-1.7333154938995745,0.8861739578681102,-0.9115834940401768,-1.5477679860172513,-1.0306701134001208,-1.5543455667313129,0.7014981422339509,0.6882495761286129,0.9972039090469852,-0.5787359118286177,-0.5738091541336192,1.0959875190286648,-1.0959875190286648,-0.5784279906300535,-0.5776581893550843,-0.5765804684883443,1.733900301750437,1
-0.2951810949037682,0.007456650792842,1.378685672134612,-1.2258476714090278,0.8077365626180215,-1.5477679860172513,0.9702425509371356,0.0134263973419476,-0.721130416342303,0.9184261267691436,-1.002803930999114,-0.5787359118286177,1.7427397119690018,-0.9124191495230388,0.9124191495230392,-0.5784279906300535,-0.5776581893550843,1.7343632929879855,-0.5767344287272242,0
-2.6438991812991053,-0.4693113027136664,-0.0044259572139154,0.4732116185279629,-0.9115834940401768,0.646091668153197,0.9702425509371356,-1.4383080690492842,-0.009816137054176,-0.2545889870720227,-1.002803930999114,1.7279038324066065,-0.5738091541336192,1.0959875190286648,-1.0959875190286648,-0.5784279906300535,1.731127539482183,-0.5765804684883443,-0.5767344287272242,1
0.170423812090902,0.1028102414941437,1.378685672134612,-1.2258476714090278,-0.9115834940401768,0.646091668153197,0.9702425509371356,-0.0594710761158308,-0.009816137054176,1.2061468150698071,0.9972039090469852,-0.5787359118286177,-0.5738091541336192,-0.9124191495230388,0.9124191495230392,-0.5784279906300535,1.731127539482183,-0.5765804684883443,-0.5767344287272242,0
1.2361417103231471,-0.1832505306097613,1.378685672134612,-1.2258476714090278,0.8077365626180215,-1.5477679860172513,-1.0306701134001208,-1.3455525306049478,-0.721130416342303,-1.4408835172962966,0.9972039090469852,-0.5787359118286177,-0.5738091541336192,1.0959875190286648,-1.0959875190286648,-0.5784279906300535,1.731127539482183,-0.5765804684883443,-0.5767344287272242,0
1.153367504635206,-0.4693113027136664,-0.3502038645510472,0.1976089743120315,0.8077365626180215,0.646091668153197,-1.0306701134001208,-0.5482400663506573,-0.721130416342303,-0.7016626719699768,-1.002803930999114,1.7279038324066065,-0.5738091541336192,-0.9124191495230388,0.9124191495230392,-0.5784279906300535,-0.5776581893550843,-0.5765804684883443,1.733900301750437,1
-1.1436167032051676,-1.3274936190253817,-0.0044259572139154,0.6358649762620195,-0.9115834940401768,0.646091668153197,-1.0306701134001208,-1.5072537181926244,1.412812421522078,1.325661562517775,0.9972039090469852,-0.5787359118286177,-0.5738091541336192,-0.9124191495230388,0.9124191495230392,-0.5784279906300535,-0.5776581893550843,-0.5765804684883443,1.733900301750437,0
-1.919624881529618,-0.5646648934149681,1.03290776479748,-1.2258476714090278,0.8077365626180215,0.646091668153197,-1.0306701134001208,1.3490092942061152,0.7014981422339509,-0.4405008164355283,0.9972039090469852,-0.5787359118286177,-0.5738091541336192,-0.9124191495230388,0.9124191495230392,1.7288236672481017,-0.5776581893550843,-0.5765804684883443,-0.5767344287272242,0
0.8119239061724478,-0.278604121311063,1.03290776479748,1.2246850877572628,0.8077365626180215,0.646091668153197,-1.0306701134001208,1.3396501862129933,0.7014981422339509,0.0818228946333683,-1.002803930999114,1.7279038324066065,-0.5738091541336192,-0.9124191495230388,0.9124191495230392,-0.5784279906300535,-0.5776581893550843,-0.5765804684883443,1.733900301750437,0
-1.1746570303381456,-0.1832505306097613,-0.695981771888179,-1.2258476714090278,0.8077365626180215,0.646091668153197,0.9702425509371356,-1.382198110822526,-0.721130416342303,1.0644997069833266,0.9972039090469852,-0.5787359118286177,-0.5738091541336192,-0.9124191495230388,0.9124191495230392,-0.5784279906300535,-0.5776581893550843,-0.5765804684883443,1.733900301750437,0
2.063883767202561,1.7238212834162725,1.03290776479748,0.8060098854754499,0.8077365626180215,0.646091668153197,0.9702425509371356,0.5600692860413943,-0.009816137054176,-1.6046629860212898,-1.002803930999114,-0.5787359118286177,1.7427397119690018,1.0959875190286648,-1.0959875190286648,-0.5784279906300535,1.731127539482183,-0.5765804684883443,-0.5767344287272242,0
0.7912303547504624,-0.1832505306097613,1.378685672134612,0.3959648004841368,-0.9115834940401768,0.646091668153197,0.9702425509371356,-1.1396558064464293,-0.721130416342303,0.0287052291009382,-1.002803930999114,1.7279038324066065,-0.5738091541336192,-0.9124191495230388,0.9124191495230392,-0.5784279906300535,-0.5776581893550843,1.7343632929879855,-0.5767344287272242,1
1.4637707759649865,-0.9460792562201747,-0.3502038645510472,0.4986979269859136,-0.9115834940401768,0.646091668153197,-1.0306701134001208,-1.4114314555729193,-1.43244469563043,-0.4272214000524208,-1.002803930999114,1.7279038324066065,-0.5738091541336192,1.0959875190286648,-1.0959875190286648,1.7288236672481017,-0.5776581893550843,-0.5765804684883443,-0.5767344287272242,1
0.1911173635128873,-0.3739577120123647,-0.3502038645510472,0.5093945796886686,0.8077365626180215,0.646091668153197,-1.0306701134001208,1.3020828150647266,1.412812421522078,-0.8964274455888874,-1.002803930999114,1.7279038324066065,-0.5738091541336192,1.0959875190286648,-1.0959875190286648,1.7288236672481017,-0.5776581893550843,-0.5765804684883443,-0.5767344287272242,0
-1.5781812830668598,-0.4693113027136664,-0.0044259572139154,-1.2258476714090278,0.8077365626180215,0.646091668153197,0.9702425509371356,-0.1456951319818599,-1.43244469563043,1.5159998640089831,0.9972039090469852,-0.5787359118286177,-0.5738091541336192,-0.9124191495230388,0.9124191495230392,-0.5784279906300535,1.731127539482183,-0.5765804684883443,-0.5767344287272242,0
-1.2160441331821163,-0.3739577120123647,1.03290776479748,-1.2258476714090278,0.8077365626180215,0.646091668153197,0.9702425509371356,1.5269260727895668,-0.009816137054176,-0.2147507379227001,0.9972039090469852,-0.5787359118286177,-0.5738091541336192,1.0959875190286648,-1.0959875190286648,-0.5784279906300535,-0.5776581893550843,1.7343632929879855,-0.5767344287272242,0
-0.0572052535509367,-0.278604121311063,1.03290776479748,-1.2258476714090278,0.8077365626180215,0.646091668153197,0.9702425509371356,-1.5301212975420255,-0.721130416342303,0.0065728684624256,0.9972039090469852,-0.5787359118286177,-0.5738091541336192,1.0959875190286648,-1.0959875190286648,-0.5784279906300535,-0.5776581893550843,1.7343632929879855,-0.5767344287272242,1
-0.0985923563949074,-0.3739577120123647,-1.0417596792253108,0.4363487874107825,-0.9115834940401768,-1.5477679860172513,0.9702425509371356,1.6062910373028276,-0.721130416342303,-1.5028541270841318,-1.002803930999114,1.7279038324066065,-0.5738091541336192,-0.9124191495230388,0.9124191495230392,-0.5784279906300535,-0.5776581893550843,1.7343632929879855,-0.5767344287272242,1
-0.5745440391005705,2.391296418325384,-1.0417596792253108,0.4687998362809375,-0.9115834940401768,0.646091668153197,0.9702425509371356,-0.1765767801150115,-0.009816137054176,0.8918672940029286,-1.002803930999114,1.7279038324066065,-0.5738091541336192,1.0959875190286648,-1.0959875190286648,-0.5784279906300535,1.731127539482183,-0.5765804684883443,-0.5767344287272242,1
0.2325044663568581,0.3888710135980487,1.03290776479748,0.8117261141099694,-0.9115834940401768,-1.5477679860172513,0.9702425509371356,-1.6359740574744883,-0.721130416342303,0.9936761529400864,-1.002803930999114,-0.5787359118286177,1.7427397119690018,-0.9124191495230388,0.9124191495230392,-0.5784279906300535,-0.5776581893550843,-0.5765804684883443,1.733900301750437,1
0.2738915692008288,0.1028102414941437,0.6871298574603482,0.3017409468722981,-0.9115834940401768,0.646091668153197,0.9702425509371356,-0.6459229520524922,-1.43244469563043,1.644367555712356,-1.002803930999114,-0.5787359118286177,1.7427397119690018,-0.9124191495230388,0.9124191495230392,1.7288236672481017,-0.5776581893550843,-0.5765804684883443,-0.5767344287272242,0
2.063883767202561,-0.8507256655188732,1.03290776479748,1.2562751603411888,-0.9115834940401768,0.646091668153197,0.9702425509371356,-0.7981353097013211,1.412812421522078,0.3695435829340318,-1.002803930999114,1.7279038324066065,-0.5738091541336192,1.0959875190286648,-1.0959875190286648,-0.5784279906300535,-0.5776581893550843,1.7343632929879855,-0.5767344287272242,0
-1.826503900130684,-0.1832505306097613,-0.695981771888179,-1.2258476714090278,0.8077365626180215,-1.5477679860172513,-1.0306701134001208,-0.7462475747509366,0.7014981422339509,-1.4674423500625118,-1.002803930999114,-0.5787359118286177,1.7427397119690018,-0.9124191495230388,0.9124191495230392,-0.5784279906300535,-0.5776581893550843,-0.5765804684883443,1.733900301750437,0
0.20146413922388,-0.1832505306097613,-0.3502038645510472,1.507702513601283,0.8077365626180215,0.646091668153197,-1.0306701134001208,1.7069502243760404,1.412812421522078,0.5421759959144299,0.9972039090469852,-0.5787359118286177,-0.5738091541336192,-0.9124191495230388,0.9124191495230392,-0.5784279906300535,1.731127539482183,-0.5765804684883443,-0.5767344287272242,0
0.108343157824946,-0.1832505306097613,-0.0044259572139154,0.9606535353017304,-0.9115834940401768,0.646091668153197,-1.0306701134001208,-0.3301724327749006,-0.721130416342303,0.3562641665509243,0.9972039090469852,-0.5787359118286177,-0.5738091541336192,1.0959875190286648,-1.0959875190286648,-0.5784279906300535,-0.5776581893550843,1.7343632929879855,-0.5767344287272242,0
-1.4850603016679258,-0.5646648934149681,-1.3875375865624426,0.5924704572131619,-0.9115834940401768,-1.5477679860172513,-1.0306701134001208,0.7446274456880041,-1.43244469563043,-0.9097068619719948,0.9972039090469852,-0.5787359118286177,-0.5738091541336192,1.0959875190286648,-1.0959875190286648,-0.5784279906300535,-0.5776581893550843,-0.5765804684883443,1.733900301750437,0
-1.88858455439664,1.6284676927149706,1.7244635794717436,-1.2258476714090278,2.52705661927622,-1.5477679860172513,0.9702425509371356,-0.6578844979004886,-0.009816137054176,-0.2634419313274277,0.9972039090469852,-0.5787359118286177,-0.5738091541336192,1.0959875190286648,-1.0959875190286648,-0.5784279906300535,-0.5776581893550843,1.7343632929879855,-0.5767344287272242,1
1.153367504635206,0.007456650792842,-1.0417596792253108,0.076725627876048,-0.9115834940401768,0.646091668153197,0.9702425509371356,-1.4149529021183602,1.412812421522078,1.427470421454933,-1.002803930999114,-0.5787359118286177,1.7427397119690018,-0.9124191495230388,0.9124191495230392,-0.5784279906300535,1.731127539482183,-0.5765804684883443,-0.5767344287272242,0
0.8326174575944332,0.1028102414941437,0.6871298574603482,0.6812466965344349,-0.9115834940401768,0.646091668153197,0.9702425509371356,0.97306066262131,-0.721130416342303,-1.5648247368719672,0.9972039090469852,-0.5787359118286177,-0.5738091541336192,1.0959875190286648,-1.0959875190286648,-0.5784279906300535,-0.5776581893550843,1.7343632929879855,-0.5767344287272242,0
-0.6262779176555339,-0.9460792562201747,1.7244635794717436,-1.2258476714090278,-0.9115834940401768,0.646091668153197,0.9702425509371356,-0.8378458751941912,-1.43244469563043,-0.3696772623922881,-1.002803930999114,-0.5787359118286177,1.7427397119690018,-0.9124191495230388,0.9124191495230392,-0.5784279906300535,1.731127539482183,-0.5765804684883443,-0.5767344287272242,1
0.3463189991777775,-0.6600184841162697,1.378685672134612,0.3808605325826515,0.8077365626180215,-1.5477679860172513,0.9702425509371356,-0.5649781968194975,-0.721130416342303,0.422661248466462,0.9972039090469852,-0.5787359118286177,-0.5738091541336192,-0.9124191495230388,0.9124191495230392,-0.5784279906300535,-0.5776581893550843,-0.5765804684883443,1.733900301750437,0
0.0152221764260119,-0.8507256655188732,-1.0417596792253108,1.5975929575282637,0.8077365626180215,0.646091668153197,0.9702425509371356,0.9063246338055044,-1.43244469563043,0.1614993929320136,0.9972039090469852,-0.5787359118286177,-0.5738091541336192,-0.9124191495230388,0.9124191495230392,-0.5784279906300535,-0.5776581893550843,-0.5765804684883443,1.733900301750437,0
0.6877625976405357,-0.3739577120123647,-0.3502038645510472,-1.2258476714090278,-0.9115834940401768,0.646091668153197,0.9702425509371356,1.173458810847115,0.7014981422339509,0.905146710386036,0.9972039090469852,-0.5787359118286177,-0.5738091541336192,-0.9124191495230388,0.9124191495230392,1.7288236672481017,-0.5776581893550843,-0.5765804684883443,-0.5767344287272242,0
0.0359157278479972,-0.9460792562201747,-0.3502038645510472,0.9050308130305346,-0.9115834940401768,0.646091668153197,0.9702425509371356,0.8107592067271364,-0.009816137054176,0.9007202382583336,0.9972039090469852,-0.5787359118286177,-0.5738091541336192,-0.9124191495230388,0.9124191495230392,-0.5784279906300535,-0.5776581893550843,-0.5765804684883443,1.733900301750437,0
0.3256254477557921,0.3888710135980487,-0.0044259572139154,0.7911949068883061,-0.9115834940401768,0.646091668153197,0.9702425509371356,1.6211433306384249,0.7014981422339509,-0.6396920621821415,0.9972039090469852,-0.5787359118286177,-0.5738091541336192,1.0959875190286648,-1.0959875190286648,-0.5784279906300535,1.731127539482183,-0.5765804684883443,-0.5767344287272242,0
0.998165868970316,-0.278604121311063,1.03290776479748,0.4185865837812967,0.8077365626180215,0.646091668153197,0.9702425509371356,1.401612064868062,-0.009816137054176,0.6395583827238852,-1.002803930999114,1.7279038324066065,-0.5738091541336192,-0.9124191495230388,0.9124191495230392,-0.5784279906300535,1.731127539482183,-0.5765804684883443,-0.5767344287272242,0
-1.2988183388700576,1.7238212834162725,-1.0417596792253108,1.1135545575851655,-0.9115834940401768,0.646091668153197,0.9702425509371356,-0.6197766766083656,1.412812421522078,-1.1930010781449558,-1.002803930999114,-0.5787359118286177,1.7427397119690018,1.0959875190286648,-1.0959875190286648,-0.5784279906300535,-0.5776581893550843,1.7343632929879855,-0.5767344287272242,0
-0.9780682918292848,-0.8507256655188732,0.6871298574603482,-1.2258476714090278,0.8077365626180215,0.646091668153197,0.9702425509371356,1.5051562610586222,-0.009816137054176,-1.1088981077186082,0.9972039090469852,-0.5787359118286177,-0.5738091541336192,1.0959875190286648,-1.0959875190286648,-0.5784279906300535,1.731127539482183,-0.5765804684883443,-0.5767344287272242,0
0.0566092792699826,0.5795781950006521,0.6871298574603482,1.1130407284761463,-0.9115834940401768,0.646091668153197,0.9702425509371356,1.726760817390503,-1.43244469563043,-0.8742950849503748,0.9972039090469852,-0.5787359118286177,-0.5738091541336192,1.0959875190286648,-1.0959875190286648,-0.5784279906300535,-0.5776581893550843,1.7343632929879855,-0.5767344287272242,0
0.3463189991777775,1.6284676927149706,1.03290776479748,0.0356005474372052,-0.9115834940401768,0.646091668153197,0.9702425509371356,-0.0120310997817756,0.7014981422339509,1.3123821461346674,-1.002803930999114,-0.5787359118286177,1.7427397119690018,-0.9124191495230388,0.9124191495230392,-0.5784279906300535,-0.5776581893550843,-0.5765804684883443,1.733900301750437,0
0.7498432519064918,-1.3274936190253817,-0.695981771888179,-1.2258476714090278,0.8077365626180215,0.646091668153197,0.9702425509371356,0.5985160189584776,-0.721130416342303,-0.8742950849503748,0.9972039090469852,-0.5787359118286177,-0.5738091541336192,-0.9124191495230388,0.9124191495230392,1.7288236672481017,-0.5776581893550843,-0.5765804684883443,-0.5767344287272242,0
1.3499562431440668,-1.1367864376227783,0.6871298574603482,1.7641465121955628,-0.9115834940401768,0.646091668153197,0.9702425509371356,1.3038455380725351,-0.721130416342303,-0.9008539177165898,0.9972039090469852,-0.5787359118286177,-0.5738091541336192,1.0959875190286648,-1.0959875190286648,-0.5784279906300535,1.731127539482183,-0.5765804684883443,-0.5767344287272242,1
0.553254513397631,-0.6600184841162697,0.6871298574603482,0.8221791547585418,4.246376675934418,-1.5477679860172513,-1.0306701134001208,1.4671875517726398,-1.43244469563043,1.6576469720954636,0.9972039090469852,-0.5787359118286177,-0.5738091541336192,-0.9124191495230388,0.9124191495230392,-0.5784279906300535,-0.5776581893550843,1.7343632929879855,-0.5767344287272242,1
-1.8161571244196912,0.5795781950006521,-1.7333154938995745,0.926016709329642,-0.9115834940401768,0.646091668153197,-1.0306701134001208,-1.2566552636509198,-1.43244469563043,1.197293870814402,0.9972039090469852,-0.5787359118286177,-0.5738091541336192,1.0959875190286648,-1.0959875190286648,1.7288236672481017,-0.5776581893550843,-0.5765804684883443,-0.5767344287272242,1
0.8740045604384039,-0.4693113027136664,-0.0044259572139154,-1.2258476714090278,0.8077365626180215,-1.5477679860172513,-1.0306701134001208,-0.5041911190562858,-1.43244469563043,1.290249785496155,-1.002803930999114,-0.5787359118286177,1.7427397119690018,-0.9124191495230388,0.9124191495230392,-0.5784279906300535,-0.5776581893550843,1.7343632929879855,-0.5767344287272242,0
1.2568352617451328,0.8656389671045572,0.3413519501232164,0.5168843681860712,-0.9115834940401768,0.646091668153197,-1.0306701134001208,1.468925930179374,0.7014981422339509,0.905146710386036,-1.002803930999114,1.7279038324066065,-0.5738091541336192,1.0959875190286648,-1.0959875190286648,-0.5784279906300535,1.731127539482183,-0.5765804684883443,-0.5767344287272242,1
0.8843513361493965,0.3888710135980487,-0.3502038645510472,1.597079769503598,-0.9115834940401768,0.646091668153197,0.9702425509371356,-0.821340931225644,-0.721130416342303,-1.5072805992118343,0.9972039090469852,-0.5787359118286177,-0.5738091541336192,-0.9124191495230388,0.9124191495230392,-0.5784279906300535,1.731127539482183,-0.5765804684883443,-0.5767344287272242,0
0.615335167663587,0.1981638321954454,-1.0417596792253108,1.2754559233730225,-0.9115834940401768,0.646091668153197,0.9702425509371356,-1.566859561133695,0.7014981422339509,0.3164259174016017,0.9972039090469852,-0.5787359118286177,-0.5738091541336192,1.0959875190286648,-1.0959875190286648,1.7288236672481017,-0.5776581893550843,-0.5765804684883443,-0.5767344287272242,0
-0.3262214220367463,-0.5646648934149681,-0.695981771888179,0.3846991854179952,0.8077365626180215,-1.5477679860172513,0.9702425509371356,-1.1066968682815836,0.7014981422339509,-0.3741037345199906,-1.002803930999114,1.7279038324066065,-0.5738091541336192,1.0959875190286648,-1.0959875190286648,-0.5784279906300535,-0.5776581893550843,1.7343632929879855,-0.5767344287272242,0
-0.0365117021289514,-0.9460792562201747,-1.7333154938995745,0.3490314958061032,0.8077365626180215,0.646091668153197,-1.0306701134001208,1.1238113008656163,-0.721130416342303,0.0641170061225583,0.9972039090469852,-0.5787359118286177,-0.5738091541336192,1.0959875190286648,-1.0959875190286648,-0.5784279906300535,1.731127539482183,-0.5765804684883443,-0.5767344287272242,0
-1.4540199745349478,-0.0878969399084596,-0.3502038645510472,-1.2258476714090278,-0.9115834940401768,0.646091668153197,-1.0306701134001208,0.3273182063274936,-0.721130416342303,1.2415585920914272,-1.002803930999114,-0.5787359118286177,1.7427397119690018,1.0959875190286648,-1.0959875190286648,1.7288236672481017,-0.5776581893550843,-0.5765804684883443,-0.5767344287272242,1
-2.147253947171457,1.914528464818876,-0.3502038645510472,0.5521885629697492,-0.9115834940401768,0.646091668153197,-1.0306701134001208,-0.4737400225821393,1.412812421522078,-1.3390746583591389,-1.002803930999114,1.7279038324066065,-0.5738091541336192,-0.9124191495230388,0.9124191495230392,-0.5784279906300535,-0.5776581893550843,1.7343632929879855,-0.5767344287272242,1
0.3877061020217482,-1.23214002832408,-1.7333154938995745,-1.2258476714090278,0.8077365626180215,0.646091668153197,-1.0306701134001208,0.0990235797303059,0.7014981422339509,0.9759702644292764,0.9972039090469852,-0.5787359118286177,-0.5738091541336192,-0.9124191495230388,0.9124191495230392,-0.5784279906300535,-0.5776581893550843,1.7343632929879855,-0.5767344287272242,0
0.967125541837338,0.1981638321954454,-1.0417596792253108,0.1222471045374416,-0.9115834940401768,0.646091668153197,-1.0306701134001208,1.6947040205854789,-0.721130416342303,-0.790192114524027,-1.002803930999114,1.7279038324066065,-0.5738091541336192,1.0959875190286648,-1.0959875190286648,-0.5784279906300535,-0.5776581893550843,-0.5765804684883443,1.733900301750437,0
-0.1606730106608635,0.2935174228967471,-1.3875375865624426,1.126398522328668,0.8077365626180215,-1.5477679860172513,0.9702425509371356,1.1175364799386387,-1.43244469563043,1.0467938184725163,0.9972039090469852,-0.5787359118286177,-0.5738091541336192,-0.9124191495230388,0.9124191495230392,-0.5784279906300535,-0.5776581893550843,-0.5765804684883443,1.733900301750437,0
-1.3402054417140283,1.247053329909764,-0.0044259572139154,0.6412673941056909,2.52705661927622,-1.5477679860172513,-1.0306701134001208,-0.805061000927029,-0.009816137054176,0.1792052814428237,-1.002803930999114,1.7279038324066065,-0.5738091541336192,-0.9124191495230388,0.9124191495230392,-0.5784279906300535,-0.5776581893550843,-0.5765804684883443,1.733900301750437,1
0.2531980177788434,-0.5646648934149681,0.3413519501232164,-1.2258476714090278,0.8077365626180215,0.646091668153197,-1.0306701134001208,-1.1484501196946204,-1.43244469563043,1.1751615101758894,0.9972039090469852,-0.5787359118286177,-0.5738091541336192,1.0959875190286648,-1.0959875190286648,1.7288236672481017,-0.5776581893550843,-0.5765804684883443,-0.5767344287272242,0
0.615335167663587,2.200589236922781,1.378685672134612,1.1496000061521283,-0.9115834940401768,0.646091668153197,-1.0306701134001208,-0.8958656673752516,0.7014981422339509,-0.5378832032449837,-1.002803930999114,1.7279038324066065,-0.5738091541336192,1.0959875190286648,-1.0959875190286648,1.7288236672481017,-0.5776581893550843,-0.5765804684883443,-0.5767344287272242,1
1.0809400746582574,-0.7553720748175714,-0.0044259572139154,-1.2258476714090278,0.8077365626180215,-1.5477679860172513,0.9702425509371356,1.6444871947188502,0.7014981422339509,-0.3165595968598579,0.9972039090469852,-0.5787359118286177,-0.5738091541336192,-0.9124191495230388,0.9124191495230392,1.7288236672481017,-0.5776581893550843,-0.5765804684883443,-0.5767344287272242,0
-0.0778988049729221,0.6749317857019538,0.3413519501232164,-1.2258476714090278,0.8077365626180215,-1.5477679860172513,-1.0306701134001208,0.116355892355374,0.7014981422339509,-0.042118324942302,0.9972039090469852,-0.5787359118286177,-0.5738091541336192,1.0959875190286648,-1.0959875190286648,1.7288236672481017,-0.5776581893550843,-0.5765804684883443,-0.5767344287272242,0
2.063883767202561,0.007456650792842,-0.695981771888179,0.7703125457122264,0.8077365626180215,0.646091668153197,0.9702425509371356,0.3528207409632048,-0.721130416342303,-1.6090894581489923,-1.002803930999114,1.7279038324066065,-0.5738091541336192,-0.9124191495230388,0.9124191495230392,1.7288236672481017,-0.5776581893550843,-0.5765804684883443,-0.5767344287272242,0
0.2842383449118215,-0.278604121311063,0.3413519501232164,0.6725337190912956,0.8077365626180215,0.646091668153197,-1.0306701134001208,-0.8158609615237518,-0.009816137054176,0.6838231040009104,-1.002803930999114,1.7279038324066065,-0.5738091541336192,-0.9124191495230388,0.9124191495230392,-0.5784279906300535,1.731127539482183,-0.5765804684883443,-0.5767344287272242,0
-0.336568197747739,0.4842246042993504,-0.0044259572139154,1.3057276059847742,0.8077365626180215,-1.5477679860172513,-1.0306701134001208,0.6817787279937892,1.412812421522078,0.2721611961245765,-1.002803930999114,1.7279038324066065,-0.5738091541336192,-0.9124191495230388,0.9124191495230392,-0.5784279906300535,1.731127539482183,-0.5765804684883443,-0.5767344287272242,0
0.3359722234667848,0.007456650792842,-1.0417596792253108,0.3778594564546479,0.8077365626180215,0.646091668153197,-1.0306701134001208,0.1584344919727718,-0.009816137054176,0.9848232086846814,-1.002803930999114,1.7279038324066065,-0.5738091541336192,1.0959875190286648,-1.0959875190286648,-0.5784279906300535,-0.5776581893550843,-0.5765804684883443,1.733900301750437,0
-1.857544227263662,0.2935174228967471,-0.695981771888179,1.4178489320246055,-0.9115834940401768,0.646091668153197,-1.0306701134001208,1.5726878366595436,-0.009816137054176,-1.0867657470800955,0.9972039090469852,-0.5787359118286177,-0.5738091541336192,-0.9124191495230388,0.9124191495230392,1.7288236672481017,-0.5776581893550843,-0.5765804684883443,-0.5767344287272242,0
-0.2951810949037682,-1.23214002832408,1.378685672134612,-1.2258476714090278,0.8077365626180215,0.646091668153197,0.9702425509371356,0.9241793120136303,-0.009816137054176,-1.1620157732510383,0.9972039090469852,-0.5787359118286177,-0.5738091541336192,-0.9124191495230388,0.9124191495230392,-0.5784279906300535,-0.5776581893550843,1.7343632929879855,-0.5767344287272242,0
0.108343157824946,-1.0414328469214764,0.6871298574603482,0.302457198365812,-0.9115834940401768,-1.5477679860172513,-1.0306701134001208,0.03837596175325,1.412812421522078,-0.4360743443078258,-1.002803930999114,-0.5787359118286177,1.7427397119690018,1.0959875190286648,-1.0959875190286648,-0.5784279906300535,1.731127539482183,-0.5765804684883443,-0.5767344287272242,0
-0.3572617491697243,-0.7553720748175714,1.03290776479748,-1.2258476714090278,-0.9115834940401768,-1.5477679860172513,0.9702425509371356,-0.4109728593015245,1.412812421522078,0.3031465010184941,0.9972039090469852,-0.5787359118286177,-0.5738091541336192,1.0959875190286648,-1.0959875190286648,-0.5784279906300535,-0.5776581893550843,-0.5765804684883443,1.733900301750437,0
1.122327177502228,0.4842246042993504,-1.0417596792253108,0.554693279537356,0.8077365626180215,0.646091668153197,-1.0306701134001208,0.0008252840457199,0.7014981422339509,0.7856319629380683,0.9972039090469852,-0.5787359118286177,-0.5738091541336192,-0.9124191495230388,0.9124191495230392,1.7288236672481017,-0.5776581893550843,-0.5765804684883443,-0.5767344287272242,0
0.5429077376866382,-0.3739577120123647,-0.0044259572139154,1.0290235788501971,0.8077365626180215,0.646091668153197,-1.0306701134001208,1.1775834818291826,-0.009816137054176,0.905146710386036,-1.002803930999114,1.7279038324066065,-0.5738091541336192,-0.9124191495230388,0.9124191495230392,-0.5784279906300535,-0.5776581893550843,1.7343632929879855,-0.5767344287272242,0
-1.7747700215757207,-1.23214002832408,-1.3875375865624426,-1.2258476714090278,0.8077365626180215,0.646091668153197,0.9702425509371356,-1.4080442521134044,0.7014981422339509,0.285440612507684,0.9972039090469852,-0.5787359118286177,-0.5738091541336192,1.0959875190286648,-1.0959875190286648,1.7288236672481017,-0.5776581893550843,-0.5765804684883443,-0.5767344287272242,0
1.9707627858036272,-0.7553720748175714,-1.0417596792253108,-1.2258476714090278,0.8077365626180215,0.646091668153197,-1.0306701134001208,1.27201027713729,-0.009816137054176,0.1792052814428237,0.9972039090469852,-0.5787359118286177,-0.5738091541336192,-0.9124191495230388,0.9124191495230392,1.7288236672481017,-0.5776581893550843,-0.5765804684883443,-0.5767344287272242,0
0.0669560549809753,-0.4693113027136664,-0.0044259572139154,1.2580974426149087,-0.9115834940401768,0.646091668153197,-1.0306701134001208,-1.2581329809361483,-0.721130416342303,0.6882495761286129,-1.002803930999114,-0.5787359118286177,1.7427397119690018,-0.9124191495230388,0.9124191495230392,-0.5784279906300535,-0.5776581893550843,1.7343632929879855,-0.5767344287272242,0
-0.6883585719214899,-0.0878969399084596,-1.3875375865624426,0.6227439028068851,-0.9115834940401768,-1.5477679860172513,0.9702425509371356,1.2788337210384848,-0.721130416342303,0.258881779741469,0.9972039090469852,-0.5787359118286177,-0.5738091541336192,-0.9124191495230388,0.9124191495230392,1.7288236672481017,-0.5776581893550843,-0.5765804684883443,-0.5767344287272242,0
-0.1192859078168928,-0.1832505306097613,-0.0044259572139154,0.3478012549324819,-0.9115834940401768,-1.5477679860172513,0.9702425509371356,1.2745565485196857,-0.009816137054176,-1.529412959850347,0.9972039090469852,-0.5787359118286177,-0.5738091541336192,-0.9124191495230388,0.9124191495230392,1.7288236672481017,-0.5776581893550843,-0.5765804684883443,-0.5767344287272242,0
-0.2434472163488049,0.1981638321954454,-0.0044259572139154,0.3909792477410762,-0.9115834940401768,-1.5477679860172513,0.9702425509371356,0.6012248774980496,0.7014981422339509,-0.93626569473821,-1.002803930999114,-0.5787359118286177,1.7427397119690018,-0.9124191495230388,0.9124191495230392,-0.5784279906300535,1.731127539482183,-0.5765804684883443,-0.5767344287272242,0
0.1807705878018947,-0.3739577120123647,0.3413519501232164,0.4166546760831948,-0.9115834940401768,0.646091668153197,0.9702425509371356,-0.8015564217123329,-0.009816137054176,-0.8211774194179446,0.9972039090469852,-0.5787359118286177,-0.5738091541336192,1.0959875190286648,-1.0959875190286648,-0.5784279906300535,-0.5776581893550843,-0.5765804684883443,1.733900301750437,0
1.1016336260802426,-0.4693113027136664,-1.3875375865624426,0.8480283169603536,0.8077365626180215,-1.5477679860172513,-1.0306701134001208,-0.9585651874428808,0.7014981422339509,-1.4630158779348093,-1.002803930999114,1.7279038324066065,-0.5738091541336192,1.0959875190286648,-1.0959875190286648,-0.5784279906300535,-0.5776581893550843,1.7343632929879855,-0.5767344287272242,0
-1.1953505817601309,-0.0878969399084596,1.03290776479748,-1.2258476714090278,0.8077365626180215,0.646091668153197,-1.0306701134001208,0.6352271557089496,-1.43244469563043,-1.4807217664456194,0.9972039090469852,-0.5787359118286177,-0.5738091541336192,1.0959875190286648,-1.0959875190286648,1.7288236672481017,-0.5776581893550843,-0.5765804684883443,-0.5767344287272242,0
0.3152786720447995,-1.518200800427985,0.6871298574603482,1.3026140195527998,-0.9115834940401768,-1.5477679860172513,-1.0306701134001208,0.828926713059071,-0.721130416342303,1.1840144544312945,0.9972039090469852,-0.5787359118286177,-0.5738091541336192,-0.9124191495230388,0.9124191495230392,1.7288236672481017,-0.5776581893550843,-0.5765804684883443,-0.5767344287272242,0
-1.5885280587778523,0.4842246042993504,-1.0417596792253108,0.7174399150447903,-0.9115834940401768,-1.5477679860172513,0.9702425509371356,-0.3547154423482573,-0.009816137054176,-0.050971269197707,-1.002803930999114,-0.5787359118286177,1.7427397119690018,-0.9124191495230388,0.9124191495230392,1.7288236672481017,-0.5776581893550843,-0.5765804684883443,-0.5767344287272242,0
0.4704803077096895,-0.7553720748175714,1.03290776479748,-1.2258476714090278,0.8077365626180215,-1.5477679860172513,-1.0306701134001208,1.5821185873358277,0.7014981422339509,0.258881779741469,0.9972039090469852,-0.5787359118286177,-0.5738091541336192,1.0959875190286648,-1.0959875190286648,-0.5784279906300535,-0.5776581893550843,-0.5765804684883443,1.733900301750437,0
0.3049318963338068,-0.5646648934149681,1.7244635794717436,1.7194295963973243,-0.9115834940401768,0.646091668153197,-1.0306701134001208,1.1134022450061487,-0.009816137054176,-1.3966187960192715,0.9972039090469852,-0.5787359118286177,-0.5738091541336192,-0.9124191495230388,0.9124191495230392,-0.5784279906300535,-0.5776581893550843,1.7343632929879855,-0.5767344287272242,0
-1.8471974515526688,-0.6600184841162697,-1.3875375865624426,1.328837414745741,-0.9115834940401768,-1.5477679860172513,0.9702425509371356,-0.7436764370974437,0.7014981422339509,0.9848232086846814,-1.002803930999114,-0.5787359118286177,1.7427397119690018,1.0959875190286648,-1.0959875190286648,-0.5784279906300535,-0.5776581893550843,1.7343632929879855,-0.5767344287272242,0
-0.1710197863718562,-1.3274936190253817,1.378685672134612,-1.2258476714090278,0.8077365626180215,0.646091668153197,0.9702425509371356,-1.5973941248115258,-0.721130416342303,0.5466024680421324,-1.002803930999114,-0.5787359118286177,1.7427397119690018,-0.9124191495230388,0.9124191495230392,-0.5784279906300535,1.731127539482183,-0.5765804684883443,-0.5767344287272242,0
-1.1953505817601309,-0.0878969399084596,-1.0417596792253108,0.6857423005606299,-0.9115834940401768,-1.5477679860172513,-1.0306701134001208,1.6659766957574214,1.412812421522078,-1.1531628289956333,0.9972039090469852,-0.5787359118286177,-0.5738091541336192,-0.9124191495230388,0.9124191495230392,-0.5784279906300535,-0.5776581893550843,-0.5765804684883443,1.733900301750437,1
-0.3158746463257536,-0.7553720748175714,-1.0417596792253108,1.4480167589711537,0.8077365626180215,0.646091668153197,0.9702425509371356,0.6100297980367091,-1.43244469563043,-1.3036628813375188,-1.002803930999114,-0.5787359118286177,1.7427397119690018,-0.9124191495230388,0.9124191495230392,-0.5784279906300535,-0.5776581893550843,1.7343632929879855,-0.5767344287272242,0
0.2635447934898361,-1.0414328469214764,-1.3875375865624426,-0.1126199179841622,0.8077365626180215,0.646091668153197,0.9702425509371356,0.4933442122960727,0.7014981422339509,1.3743527559225026,-1.002803930999114,1.7279038324066065,-0.5738091541336192,-0.9124191495230388,0.9124191495230392,1.7288236672481017,-0.5776581893550843,-0.5765804684883443,-0.5767344287272242,0
0.8326174575944332,-0.8507256655188732,0.6871298574603482,-1.2258476714090278,0.8077365626180215,0.646091668153197,0.9702425509371356,1.46922171708243,-0.721130416342303,0.7723525465549607,0.9972039090469852,-0.5787359118286177,-0.5738091541336192,-0.9124191495230388,0.9124191495230392,-0.5784279906300535,1.731127539482183,-0.5765804684883443,-0.5767344287272242,0
0.0566092792699826,0.007456650792842,0.3413519501232164,-1.2258476714090278,0.8077365626180215,0.646091668153197,-1.0306701134001208,0.712594993484055,0.7014981422339509,0.1393670322935011,0.9972039090469852,-0.5787359118286177,-0.5738091541336192,1.0959875190286648,-1.0959875190286648,1.7288236672481017,-0.5776581893550843,-0.5765804684883443,-0.5767344287272242,0
-0.1917133377938415,0.1028102414941437,1.378685672134612,1.011942847888069,-0.9115834940401768,0.646091668153197,-1.0306701134001208,-0.1110684147533966,1.412812421522078,0.4536465533603796,0.9972039090469852,-0.5787359118286177,-0.5738091541336192,1.0959875190286648,-1.0959875190286648,1.7288236672481017,-0.5776581893550843,-0.5765804684883443,-0.5767344287272242,1
0.1186899335359386,-0.6600184841162697,-0.3502038645510472,0.920989486103629,-0.9115834940401768,0.646091668153197,0.9702425509371356,-0.8931783711966312,-1.43244469563043,-1.0557804421861778,0.9972039090469852,-0.5787359118286177,-0.5738091541336192,1.0959875190286648,-1.0959875190286648,1.7288236672481017,-0.5776581893550843,-0.5765804684883443,-0.5767344287272242,1
-1.3091651145810503,-0.9460792562201747,-0.695981771888179,1.3230307932174328,-0.9115834940401768,0.646091668153197,-1.0306701134001208,-1.6934266204505108,0.7014981422339509,-0.1173683511132447,-1.002803930999114,-0.5787359118286177,1.7427397119690018,-0.9124191495230388,0.9124191495230392,-0.5784279906300535,1.731127539482183,-0.5765804684883443,-0.5767344287272242,1
0.3773593263107555,-1.23214002832408,0.3413519501232164,-1.2258476714090278,0.8077365626180215,0.646091668153197,0.9702425509371356,-1.168212371286949,-0.721130416342303,-1.547118848361157,0.9972039090469852,-0.5787359118286177,-0.5738091541336192,1.0959875190286648,-1.0959875190286648,-0.5784279906300535,-0.5776581893550843,-0.5765804684883443,1.733900301750437,0
-0.3158746463257536,2.105235646221479,-0.0044259572139154,-1.2258476714090278,-0.9115834940401768,-1.5477679860172513,-1.0306701134001208,-1.1902548425499289,-0.009816137054176,-0.0908095183470296,0.9972039090469852,-0.5787359118286177,-0.5738091541336192,-0.9124191495230388,0.9124191495230392,-0.5784279906300535,1.731127539482183,-0.5765804684883443,-0.5767344287272242,1
-3.0163831068948417,0.4842246042993504,0.3413519501232164,0.8376055675474657,-0.9115834940401768,0.646091668153197,-1.0306701134001208,0.8149436958718443,-1.43244469563043,1.6576469720954636,0.9972039090469852,-0.5787359118286177,-0.5738091541336192,1.0959875190286648,-1.0959875190286648,-0.5784279906300535,-0.5776581893550843,1.7343632929879855,-0.5767344287272242,1
0.4187464291547262,-0.8507256655188732,1.378685672134612,-1.2258476714090278,-0.9115834940401768,0.646091668153197,-1.0306701134001208,-0.8780788062701191,-1.43244469563043,0.8077643235765808,0.9972039090469852,-0.5787359118286177,-0.5738091541336192,-0.9124191495230388,0.9124191495230392,-0.5784279906300535,1.731127539482183,-0.5765804684883443,-0.5767344287272242,0
0.6981093733515285,0.007456650792842,-0.695981771888179,-1.2258476714090278,0.8077365626180215,0.646091668153197,0.9702425509371356,0.7871108612432709,-0.721130416342303,0.4536465533603796,0.9972039090469852,-0.5787359118286177,-0.5738091541336192,1.0959875190286648,-1.0959875190286648,-0.5784279906300535,-0.5776581893550843,1.7343632929879855,-0.5767344287272242,0
0.5636012891086236,1.6284676927149706,-1.0417596792253108,1.0700303792258912,-0.9115834940401768,0.646091668153197,-1.0306701134001208,-0.2027875687519858,-0.009816137054176,0.0287052291009382,-1.002803930999114,1.7279038324066065,-0.5738091541336192,1.0959875190286648,-1.0959875190286648,-0.5784279906300535,-0.5776581893550843,1.7343632929879855,-0.5767344287272242,1
1.7638272715837735,-0.1832505306097613,-0.0044259572139154,0.4802946390033162,0.8077365626180215,-1.5477679860172513,0.9702425509371356,0.4751154966814363,1.412812421522078,0.8476025727259034,-1.002803930999114,1.7279038324066065,-0.5738091541336192,1.0959875190286648,-1.0959875190286648,-0.5784279906300535,1.731127539482183,-0.5765804684883443,-0.5767344287272242,0
0.6256819433745797,-0.5646648934149681,-1.3875375865624426,-1.2258476714090278,-0.9115834940401768,-1.5477679860172513,-1.0306701134001208,-1.017253760593462,-0.009816137054176,0.9626908480461688,0.9972039090469852,-0.5787359118286177,-0.5738091541336192,-0.9124191495230388,0.9124191495230392,-0.5784279906300535,-0.5776581893550843,-0.5765804684883443,1.733900301750437,0
-0.3262214220367463,1.247053329909764,1.03290776479748,-1.2258476714090278,0.8077365626180215,0.646091668153197,0.9702425509371356,0.4025878872699841,-1.43244469563043,-1.6267953466598024,-1.002803930999114,-0.5787359118286177,1.7427397119690018,-0.9124191495230388,0.9124191495230392,-0.5784279906300535,-0.5776581893550843,1.7343632929879855,-0.5767344287272242,0
1.660359514473847,0.6749317857019538,1.378685672134612,1.6626578906942635,-0.9115834940401768,0.646091668153197,-1.0306701134001208,-1.5063326228219662,-0.009816137054176,-1.1797216617618482,0.9972039090469852,-0.5787359118286177,-0.5738091541336192,-0.9124191495230388,0.9124191495230392,-0.5784279906300535,-0.5776581893550843,1.7343632929879855,-0.5767344287272242,1
1.6396659630518615,0.2935174228967471,0.3413519501232164,-0.1921321678607965,2.52705661927622,-1.5477679860172513,0.9702425509371356,1.431924571006091,1.412812421522078,1.2238527035806173,-1.002803930999114,1.7279038324066065,-0.5738091541336192,1.0959875190286648,-1.0959875190286648,-0.5784279906300535,-0.5776581893550843,1.7343632929879855,-0.5767344287272242,1
-0.015818150706966,0.1981638321954454,-0.695981771888179,0.8726110170225937,-0.9115834940401768,0.646091668153197,0.9702425509371356,0.7776035989636095,-1.43244469563043,-0.6618244228206541,0.9972039090469852,-0.5787359118286177,-0.5738091541336192,1.0959875190286648,-1.0959875190286648,-0.5784279906300535,-0.5776581893550843,1.7343632929879855,-0.5767344287272242,0
-0.0572052535509367,0.5795781950006521,1.03290776479748,0.1416802945333127,-0.9115834940401768,-1.5477679860172513,-1.0306701134001208,-1.3481953109416032,-0.009816137054176,0.2057641142090388,0.9972039090469852,-0.5787359118286177,-0.5738091541336192,1.0959875190286648,-1.0959875190286648,1.7288236672481017,-0.5776581893550843,-0.5765804684883443,-0.5767344287272242,0
0.2428512420678507,-0.6600184841162697,-1.0417596792253108,-1.2258476714090278,0.8077365626180215,0.646091668153197,-1.0306701134001208,0.7040620369174005,-1.43244469563043,0.7989113793211757,-1.002803930999114,-0.5787359118286177,1.7427397119690018,-0.9124191495230388,0.9124191495230392,1.7288236672481017,-0.5776581893550843,-0.5765804684883443,-0.5767344287272242,0
1.1326739532132206,0.007456650792842,0.3413519501232164,1.6363609310718037,-0.9115834940401768,0.646091668153197,-1.0306701134001208,-0.5731230308890198,-0.009816137054176,0.8121907957042833,0.9972039090469852,-0.5787359118286177,-0.5738091541336192,-0.9124191495230388,0.9124191495230392,1.7288236672481017,-0.5776581893550843,-0.5765804684883443,-0.5767344287272242,1
-1.8161571244196912,0.007456650792842,0.3413519501232164,-1.2258476714090278,-0.9115834940401768,0.646091668153197,0.9702425509371356,-0.7492979532655838,-1.43244469563043,-0.9672509996321276,0.9972039090469852,-0.5787359118286177,-0.5738091541336192,-0.9124191495230388,0.9124191495230392,-0.5784279906300535,1.731127539482183,-0.5765804684883443,-0.5767344287272242,1
1.8052143744277445,-0.278604121311063,-0.695981771888179,1.1149702321079242,-0.9115834940401768,0.646091668153197,0.9702425509371356,0.6652068363722873,1.412812421522078,-1.1487363568679307,0.9972039090469852,-0.5787359118286177,-0.5738091541336192,1.0959875190286648,-1.0959875190286648,-0.5784279906300535,-0.5776581893550843,-0.5765804684883443,1.733900301750437,0
-0.8849473104303507,0.4842246042993504,-1.3875375865624426,-1.2258476714090278,0.8077365626180215,-1.5477679860172513,0.9702425509371356,-0.1823659262505511,-1.43244469563043,0.3739700550617343,0.9972039090469852,-0.5787359118286177,-0.5738091541336192,1.0959875190286648,-1.0959875190286648,-0.5784279906300535,-0.5776581893550843,-0.5765804684883443,1.733900301750437,0
0.7394964761954991,0.8656389671045572,1.7244635794717436,0.9908899582740616,-0.9115834940401768,0.646091668153197,0.9702425509371356,-1.6800836923815383,-0.721130416342303,-1.3125158255929237,-1.002803930999114,1.7279038324066065,-0.5738091541336192,1.0959875190286648,-1.0959875190286648,1.7288236672481017,-0.5776581893550843,-0.5765804684883443,-0.5767344287272242,1
2.063883767202561,-0.4693113027136664,-1.0417596792253108,-0.0706183149635276,-0.9115834940401768,0.646091668153197,0.9702425509371356,0.2726193655130237,-0.721130416342303,-0.2280301543058076,0.9972039090469852,-0.5787359118286177,-0.5738091541336192,-0.9124191495230388,0.9124191495230392,-0.5784279906300535,1.731127539482183,-0.5765804684883443,-0.5767344287272242,0
0.7601900276174844,0.1981638321954454,-1.0417596792253108,0.8239004662466465,0.8077365626180215,-1.5477679860172513,0.9702425509371356,1.731165625174936,0.7014981422339509,-0.945118638993615,-1.002803930999114,1.7279038324066065,-0.5738091541336192,-0.9124191495230388,0.9124191495230392,1.7288236672481017,-0.5776581893550843,-0.5765804684883443,-0.5767344287272242,0
1.4223836731210155,2.9634179625331942,-1.3875375865624426,-1.2258476714090278,0.8077365626180215,0.646091668153197,0.9702425509371356,-1.0169021549979416,-0.009816137054176,1.051220290600219,-1.002803930999114,-0.5787359118286177,1.7427397119690018,1.0959875190286648,-1.0959875190286648,1.7288236672481017,-0.5776581893550843,-0.5765804684883443,-0.5767344287272242,0
0.4394399805767116,-0.1832505306097613,-1.3875375865624426,-1.2258476714090278,0.8077365626180215,0.646091668153197,0.9702425509371356,-0.2994853675603381,-1.43244469563043,-0.4626331770740409,0.9972039090469852,-0.5787359118286177,-0.5738091541336192,-0.9124191495230388,0.9124191495230392,1.7288236672481017,-0.5776581893550843,-0.5765804684883443,-0.5767344287272242,0
-0.3883020763027023,0.007456650792842,1.03290776479748,0.6685791902591269,-0.9115834940401768,0.646091668153197,-1.0306701134001208,-1.3350344457106675,-1.43244469563043,-1.210706966655766,-1.002803930999114,-0.5787359118286177,1.7427397119690018,-0.9124191495230388,0.9124191495230392,1.7288236672481017,-0.5776581893550843,-0.5765804684883443,-0.5767344287272242,0
-1.2367376846041016,0.5795781950006521,-1.3875375865624426,0.8015105952142247,0.8077365626180215,0.646091668153197,0.9702425509371356,1.1242208118336927,-0.721130416342303,-1.6135159302766948,-1.002803930999114,-0.5787359118286177,1.7427397119690018,1.0959875190286648,-1.0959875190286648,-0.5784279906300535,1.731127539482183,-0.5765804684883443,-0.5767344287272242,0
1.0085126446813086,0.1028102414941437,-0.3502038645510472,-1.2258476714090278,0.8077365626180215,0.646091668153197,-1.0306701134001208,0.561286168315109,-0.009816137054176,0.723661353150233,-1.002803930999114,-0.5787359118286177,1.7427397119690018,1.0959875190286648,-1.0959875190286648,1.7288236672481017,-0.5776581893550843,-0.5765804684883443,-0.5767344287272242,0
0.0773028306919679,0.007456650792842,0.6871298574603482,-1.2258476714090278,0.8077365626180215,0.646091668153197,-1.0306701134001208,-0.8992172233831931,0.7014981422339509,1.0777791233664342,0.9972039090469852,-0.5787359118286177,-0.5738091541336192,-0.9124191495230388,0.9124191495230392,1.7288236672481017,-0.5776581893550843,-0.5765804684883443,-0.5767344287272242,0
1.0188594203923014,-1.23214002832408,0.3413519501232164,-1.2258476714090278,0.8077365626180215,-1.5477679860172513,0.9702425509371356,-1.1327450697613817,0.7014981422339509,-1.6223688745321,0.9972039090469852,-0.5787359118286177,-0.5738091541336192,1.0959875190286648,-1.0959875190286648,-0.5784279906300535,1.731127539482183,-0.5765804684883443,-0.5767344287272242,0
0.3359722234667848,-0.6600184841162697,1.378685672134612,-1.2258476714090278,0.8077365626180215,0.646091668153197,0.9702425509371356,-1.305884742053966,-0.009816137054176,1.1308967888988644,0.9972039090469852,-0.5787359118286177,-0.5738091541336192,1.0959875190286648,-1.0959875190286648,-0.5784279906300535,-0.5776581893550843,-0.5765804684883443,1.733900301750437,0
0.6360287190855723,-1.1367864376227783,1.03290776479748,0.588007708760064,0.8077365626180215,0.646091668153197,-1.0306701134001208,0.8202624695366211,0.7014981422339509,0.0685434782502608,-1.002803930999114,1.7279038324066065,-0.5738091541336192,-0.9124191495230388,0.9124191495230392,-0.5784279906300535,1.731127539482183,-0.5765804684883443,-0.5767344287272242,0
0.0255689521370046,1.1516997392084622,-0.695981771888179,-1.2258476714090278,-0.9115834940401768,0.646091668153197,-1.0306701134001208,1.2230798895474462,-0.009816137054176,-0.7592068096301094,0.9972039090469852,-0.5787359118286177,-0.5738091541336192,-0.9124191495230388,0.9124191495230392,-0.5784279906300535,-0.5776581893550843,-0.5765804684883443,1.733900301750437,1
1.1119804017912354,-1.23214002832408,-0.3502038645510472,1.2702104109247754,-0.9115834940401768,0.646091668153197,-1.0306701134001208,1.242648949341247,1.412812421522078,0.6661172154901004,0.9972039090469852,-0.5787359118286177,-0.5738091541336192,-0.9124191495230388,0.9124191495230392,-0.5784279906300535,-0.5776581893550843,-0.5765804684883443,1.733900301750437,0
-1.6816490401767863,-0.5646648934149681,-0.3502038645510472,1.017985228187234,-0.9115834940401768,0.646091668153197,-1.0306701134001208,0.40905137885529,-1.43244469563043,1.454029254221148,-1.002803930999114,1.7279038324066065,-0.5738091541336192,1.0959875190286648,-1.0959875190286648,-0.5784279906300535,1.731127539482183,-0.5765804684883443,-0.5767344287272242,0
-1.1125763760721894,0.8656389671045572,-1.3875375865624426,0.3912956228693368,-0.9115834940401768,-1.5477679860172513,-1.0306701134001208,-1.1612291224687,-0.721130416342303,0.6395583827238852,-1.002803930999114,1.7279038324066065,-0.5738091541336192,-0.9124191495230388,0.9124191495230392,1.7288236672481017,-0.5776581893550843,-0.5765804684883443,-0.5767344287272242,1
-1.1022296003611969,-1.613554391129287,-0.695981771888179,-0.1603122665362799,-0.9115834940401768,-1.5477679860172513,0.9702425509371356,0.1778399212693499,-0.721130416342303,-1.0469274979307728,-1.002803930999114,-0.5787359118286177,1.7427397119690018,-0.9124191495230388,0.9124191495230392,-0.5784279906300535,-0.5776581893550843,-0.5765804684883443,1.733900301750437,0
-0.0985923563949074,-0.6600184841162697,-0.0044259572139154,0.7446520225813175,-0.9115834940401768,0.646091668153197,0.9702425509371356,-0.016265321468679,-1.43244469563043,1.6399410835846535,-1.002803930999114,1.7279038324066065,-0.5738091541336192,-0.9124191495230388,0.9124191495230392,-0.5784279906300535,-0.5776581893550843,-0.5765804684883443,1.733900301750437,0
0.7188029247735137,-0.5646648934149681,1.378685672134612,-1.2258476714090278,0.8077365626180215,0.646091668153197,0.9702425509371356,0.7454010823321536,0.7014981422339509,-1.3744864353807589,0.9972039090469852,-0.5787359118286177,-0.5738091541336192,-0.9124191495230388,0.9124191495230392,-0.5784279906300535,-0.5776581893550843,1.7343632929879855,-0.5767344287272242,0
-0.3779553005917097,-0.278604121311063,-0.0044259572139154,-1.2258476714090278,0.8077365626180215,0.646091668153197,-1.0306701134001208,0.5307216955559579,-1.43244469563043,1.197293870814402,-1.002803930999114,-0.5787359118286177,1.7427397119690018,-0.9124191495230388,0.9124191495230392,-0.5784279906300535,1.731127539482183,-0.5765804684883443,-0.5767344287272242,0
0.0152221764260119,0.1981638321954454,1.03290776479748,0.6195886458919581,-0.9115834940401768,0.646091668153197,-1.0306701134001208,1.544407409151213,0.7014981422339509,1.29910272975156,-1.002803930999114,-0.5787359118286177,1.7427397119690018,-0.9124191495230388,0.9124191495230392,-0.5784279906300535,-0.5776581893550843,-0.5765804684883443,1.733900301750437,0
-1.0815360489392114,0.7702853764032556,1.03290776479748,-1.2258476714090278,-0.9115834940401768,0.646091668153197,0.9702425509371356,-0.585700321254196,-0.009816137054176,-0.7724862260132169,0.9972039090469852,-0.5787359118286177,-0.5738091541336192,1.0959875190286648,-1.0959875190286648,-0.5784279906300535,-0.5776581893550843,-0.5765804684883443,1.733900301750437,1
1.1326739532132206,-0.6600184841162697,0.6871298574603482,-1.2258476714090278,0.8077365626180215,0.646091668153197,0.9702425509371356,0.1022266336716924,0.7014981422339509,1.0467938184725163,0.9972039090469852,-0.5787359118286177,-0.5738091541336192,1.0959875190286648,-1.0959875190286648,-0.5784279906300535,-0.5776581893550843,-0.5765804684883443,1.733900301750437,0
-0.6573182447885119,0.6749317857019538,1.378685672134612,0.5026891578972982,-0.9115834940401768,0.646091668153197,-1.0306701134001208,0.6840965079060989,-0.009816137054176,0.6085730778299676,-1.002803930999114,1.7279038324066065,-0.5738091541336192,-0.9124191495230388,0.9124191495230392,-0.5784279906300535,-0.5776581893550843,-0.5765804684883443,1.733900301750437,1
-0.6366246933665265,-1.80426157253189,-1.0417596792253108,0.7149276657360344,0.8077365626180215,0.646091668153197,-1.0306701134001208,-1.679090954327718,-1.43244469563043,0.3385582780401142,-1.002803930999114,1.7279038324066065,-0.5738091541336192,1.0959875190286648,-1.0959875190286648,-0.5784279906300535,1.731127539482183,-0.5765804684883443,-0.5767344287272242,0
0.1186899335359386,3.1541251439357976,0.6871298574603482,1.0227832637570091,-0.9115834940401768,-1.5477679860172513,0.9702425509371356,1.3766598921066446,0.7014981422339509,0.9981026250677888,-1.002803930999114,-0.5787359118286177,1.7427397119690018,1.0959875190286648,-1.0959875190286648,1.7288236672481017,-0.5776581893550843,-0.5765804684883443,-0.5767344287272242,0
1.4637707759649865,-0.278604121311063,-0.0044259572139154,0.6288933441930197,0.8077365626180215,-1.5477679860172513,-1.0306701134001208,-1.7079300904307106,1.412812421522078,-0.4050890394139082,-1.002803930999114,1.7279038324066065,-0.5738091541336192,-0.9124191495230388,0.9124191495230392,1.7288236672481017,-0.5776581893550843,-0.5765804684883443,-0.5767344287272242,0
-0.2227536649268195,-0.0878969399084596,1.378685672134612,0.7606940366203169,-0.9115834940401768,0.646091668153197,-1.0306701134001208,-0.417982365510932,1.412812421522078,-0.188191905156485,-1.002803930999114,1.7279038324066065,-0.5738091541336192,1.0959875190286648,-1.0959875190286648,1.7288236672481017,-0.5776581893550843,-0.5765804684883443,-0.5767344287272242,0
0.7498432519064918,-0.1832505306097613,-0.695981771888179,0.2913029717060236,0.8077365626180215,0.646091668153197,-1.0306701134001208,0.3677671087929547,-0.721130416342303,-1.4497364615517017,-1.002803930999114,1.7279038324066065,-0.5738091541336192,-0.9124191495230388,0.9124191495230392,-0.5784279906300535,-0.5776581893550843,-0.5765804684883443,1.733900301750437,0
-1.8161571244196912,1.7238212834162725,-1.3875375865624426,-1.2258476714090278,0.8077365626180215,0.646091668153197,-1.0306701134001208,-0.1885185025021328,-0.721130416342303,-1.038074553675368,0.9972039090469852,-0.5787359118286177,-0.5738091541336192,1.0959875190286648,-1.0959875190286648,-0.5784279906300535,1.731127539482183,-0.5765804684883443,-0.5767344287272242,0
-0.460729506279651,-0.6600184841162697,-0.0044259572139154,0.1069931434395047,-0.9115834940401768,0.646091668153197,0.9702425509371356,0.2920543561109066,0.7014981422339509,-0.95397158324902,0.9972039090469852,-0.5787359118286177,-0.5738091541336192,-0.9124191495230388,0.9124191495230392,-0.5784279906300535,-0.5776581893550843,1.7343632929879855,-0.5767344287272242,0
1.8155611501387368,-1.23214002832408,-0.0044259572139154,1.060622626615067,-0.9115834940401768,-1.5477679860172513,-1.0306701134001208,-0.6921681301438076,-0.009816137054176,-1.2062804945280634,0.9972039090469852,-0.5787359118286177,-0.5738091541336192,-0.9124191495230388,0.9124191495230392,1.7288236672481017,-0.5776581893550843,-0.5765804684883443,-0.5767344287272242,0
0.2531980177788434,-0.3739577120123647,1.03290776479748,-1.2258476714090278,0.8077365626180215,0.646091668153197,0.9702425509371356,-0.7555046093095528,-0.009816137054176,0.8830143497475236,0.9972039090469852,-0.5787359118286177,-0.5738091541336192,-0.9124191495230388,0.9124191495230392,-0.5784279906300535,-0.5776581893550843,1.7343632929879855,-0.5767344287272242,0
-0.2020601135048342,-0.3739577120123647,1.378685672134612,0.5754783561628513,0.8077365626180215,0.646091668153197,-1.0306701134001208,-1.3149216318628647,-0.721130416342303,-0.2545889870720227,0.9972039090469852,-0.5787359118286177,-0.5738091541336192,-0.9124191495230388,0.9124191495230392,1.7288236672481017,-0.5776581893550843,-0.5765804684883443,-0.5767344287272242,0
0.0048754007150192,2.4866500090266856,-1.7333154938995745,-1.2258476714090278,0.8077365626180215,0.646091668153197,0.9702425509371356,1.5713361896298808,0.7014981422339509,0.413808304211057,0.9972039090469852,-0.5787359118286177,-0.5738091541336192,1.0959875190286648,-1.0959875190286648,-0.5784279906300535,-0.5776581893550843,1.7343632929879855,-0.5767344287272242,0
-0.460729506279651,-0.4693113027136664,-0.695981771888179,1.3636882026206802,-0.9115834940401768,-1.5477679860172513,0.9702425509371356,1.5821552781274475,-0.009816137054176,1.2681174248576423,-1.002803930999114,-0.5787359118286177,1.7427397119690018,-0.9124191495230388,0.9124191495230392,-0.5784279906300535,-0.5776581893550843,1.7343632929879855,-0.5767344287272242,0
-0.9263344132743214,0.9609925578058588,-1.3875375865624426,0.409323235421011,-0.9115834940401768,0.646091668153197,-1.0306701134001208,0.5731658119694905,-1.43244469563043,1.7151911097555963,-1.002803930999114,1.7279038324066065,-0.5738091541336192,1.0959875190286648,-1.0959875190286648,1.7288236672481017,-0.5776581893550843,-0.5765804684883443,-0.5767344287272242,1
-0.2744875434817829,0.5795781950006521,-0.0044259572139154,1.2079542285808451,-0.9115834940401768,0.646091668153197,-1.0306701134001208,-0.5442077309626653,1.412812421522078,-1.2018540224003609,-1.002803930999114,1.7279038324066065,-0.5738091541336192,1.0959875190286648,-1.0959875190286648,-0.5784279906300535,1.731127539482183,-0.5765804684883443,-0.5767344287272242,0
-0.750439226187446,1.0563461485071606,-0.0044259572139154,1.1976970392021482,0.8077365626180215,0.646091668153197,-1.0306701134001208,1.2122595838198251,0.7014981422339509,0.0729699503779633,0.9972039090469852,-0.5787359118286177,-0.5738091541336192,-0.9124191495230388,0.9124191495230392,-0.5784279906300535,-0.5776581893550843,1.7343632929879855,-0.5767344287272242,0
-0.1399794592388781,0.3888710135980487,-1.3875375865624426,0.948154153398026,0.8077365626180215,-1.5477679860172513,0.9702425509371356,0.022477372241468,1.412812421522078,0.9582643759184664,-1.002803930999114,1.7279038324066065,-0.5738091541336192,-0.9124191495230388,0.9124191495230392,-0.5784279906300535,1.731127539482183,-0.5765804684883443,-0.5767344287272242,1
-0.6987053476324826,0.007456650792842,1.03290776479748,0.4240632071388405,-0.9115834940401768,-1.5477679860172513,-1.0306701134001208,-0.8212538123317984,-0.009816137054176,0.8653084612367135,-1.002803930999114,1.7279038324066065,-0.5738091541336192,-0.9124191495230388,0.9124191495230392,-0.5784279906300535,1.731127539482183,-0.5765804684883443,-0.5767344287272242,0
1.3603030188550596,3.1541251439357976,-0.0044259572139154,1.156854356420851,-0.9115834940401768,0.646091668153197,-1.0306701134001208,-1.695159608267007,0.7014981422339509,0.4359406648495695,-1.002803930999114,1.7279038324066065,-0.5738091541336192,1.0959875190286648,-1.0959875190286648,-0.5784279906300535,1.731127539482183,-0.5765804684883443,-0.5767344287272242,1
-0.7297456747654606,-0.9460792562201747,1.378685672134612,-0.2368077337182595,0.8077365626180215,0.646091668153197,-1.0306701134001208,0.4866757043917172,-1.43244469563043,-0.3829566787753957,-1.002803930999114,-0.5787359118286177,1.7427397119690018,-0.9124191495230388,0.9124191495230392,1.7288236672481017,-0.5776581893550843,-0.5765804684883443,-0.5767344287272242,0
-1.3402054417140283,-0.9460792562201747,-0.695981771888179,-0.2597236144624094,-0.9115834940401768,0.646091668153197,-1.0306701134001208,0.9421564087871602,-0.009816137054176,0.413808304211057,-1.002803930999114,-0.5787359118286177,1.7427397119690018,-0.9124191495230388,0.9124191495230392,1.7288236672481017,-0.5776581893550843,-0.5765804684883443,-0.5767344287272242,0
0.7394964761954991,-0.6600184841162697,-0.0044259572139154,0.4859699985103247,-0.9115834940401768,0.646091668153197,0.9702425509371356,-0.401538978605102,1.412812421522078,0.2323229469752538,-1.002803930999114,1.7279038324066065,-0.5738091541336192,1.0959875190286648,-1.0959875190286648,-0.5784279906300535,-0.5776581893550843,1.7343632929879855,-0.5767344287272242,0
-0.7400924504764532,-0.3739577120123647,-1.3875375865624426,0.8495084204606,0.8077365626180215,-1.5477679860172513,0.9702425509371356,-1.5910833086529592,0.7014981422339509,-1.5913835696381822,-1.002803930999114,-0.5787359118286177,1.7427397119690018,1.0959875190286648,-1.0959875190286648,-0.5784279906300535,1.731127539482183,-0.5765804684883443,-0.5767344287272242,1
0.1600770363799093,0.1981638321954454,1.7244635794717436,1.036572347108086,-0.9115834940401768,0.646091668153197,-1.0306701134001208,-0.8552216603211783,-0.721130416342303,-0.4272214000524208,0.9972039090469852,-0.5787359118286177,-0.5738091541336192,1.0959875190286648,-1.0959875190286648,-0.5784279906300535,-0.5776581893550843,-0.5765804684883443,1.733900301750437,0
-0.1089391321059001,-1.23214002832408,-0.0044259572139154,0.2230473617145872,-0.9115834940401768,0.646091668153197,0.9702425509371356,-1.683109030735081,1.412812421522078,-0.8610156685672673,-1.002803930999114,1.7279038324066065,-0.5738091541336192,-0.9124191495230388,0.9124191495230392,1.7288236672481017,-0.5776581893550843,-0.5765804684883443,-0.5767344287272242,0
0.3877061020217482,1.1516997392084622,-0.0044259572139154,-1.2258476714090278,-0.9115834940401768,0.646091668153197,-1.0306701134001208,-0.1472175389990608,0.7014981422339509,-1.2682511043158986,0.9972039090469852,-0.5787359118286177,-0.5738091541336192,1.0959875190286648,-1.0959875190286648,-0.5784279906300535,-0.5776581893550843,1.7343632929879855,-0.5767344287272242,1
-0.2434472163488049,-0.3739577120123647,0.6871298574603482,-1.2258476714090278,0.8077365626180215,-1.5477679860172513,0.9702425509371356,1.6159980992013088,-1.43244469563043,1.644367555712356,0.9972039090469852,-0.5787359118286177,-0.5738091541336192,1.0959875190286648,-1.0959875190286648,-0.5784279906300535,1.731127539482183,-0.5765804684883443,-0.5767344287272242,0
2.063883767202561,3.058771553234496,-0.3502038645510472,-1.2258476714090278,0.8077365626180215,0.646091668153197,0.9702425509371356,0.1242727566248335,-0.009816137054176,-0.3918096230308007,0.9972039090469852,-0.5787359118286177,-0.5738091541336192,1.0959875190286648,-1.0959875190286648,-0.5784279906300535,-0.5776581893550843,1.7343632929879855,-0.5767344287272242,0
1.184407831768184,-0.5646648934149681,-0.0044259572139154,0.1293697119715996,-0.9115834940401768,0.646091668153197,0.9702425509371356,-0.5399425568543956,-1.43244469563043,1.418617477199528,-1.002803930999114,-0.5787359118286177,1.7427397119690018,1.0959875190286648,-1.0959875190286648,-0.5784279906300535,-0.5776581893550843,1.7343632929879855,-0.5767344287272242,0
-1.671302264465794,-0.7553720748175714,0.6871298574603482,1.008252445809382,-0.9115834940401768,-1.5477679860172513,0.9702425509371356,-1.6340339666588508,0.7014981422339509,-1.1443098847402282,0.9972039090469852,-0.5787359118286177,-0.5738091541336192,1.0959875190286648,-1.0959875190286648,-0.5784279906300535,-0.5776581893550843,1.7343632929879855,-0.5767344287272242,0
-0.2020601135048342,-0.4693113027136664,-0.3502038645510472,0.7675903412778262,-0.9115834940401768,0.646091668153197,-1.0306701134001208,0.1182916359208201,-1.43244469563043,-0.644118534309844,0.9972039090469852,-0.5787359118286177,-0.5738091541336192,1.0959875190286648,-1.0959875190286648,-0.5784279906300535,-0.5776581893550843,-0.5765804684883443,1.733900301750437,0
0.7084561490625211,0.4842246042993504,-1.0417596792253108,-1.2258476714090278,0.8077365626180215,0.646091668153197,-1.0306701134001208,1.677898594683668,1.412812421522078,0.2367494191029564,-1.002803930999114,-0.5787359118286177,1.7427397119690018,-0.9124191495230388,0.9124191495230392,-0.5784279906300535,1.731127539482183,-0.5765804684883443,-0.5767344287272242,0
2.063883767202561,-1.613554391129287,-1.0417596792253108,-1.2258476714090278,0.8077365626180215,0.646091668153197,0.9702425509371356,-1.572065132403475,-1.43244469563043,0.8254702120873909,-1.002803930999114,-0.5787359118286177,1.7427397119690018,-0.9124191495230388,0.9124191495230392,-0.5784279906300535,1.731127539482183,-0.5765804684883443,-0.5767344287272242,0
-0.2227536649268195,0.007456650792842,-1.0417596792253108,0.8523766318564213,0.8077365626180215,0.646091668153197,-1.0306701134001208,-0.3011108913520905,0.7014981422339509,0.4846318582542972,0.9972039090469852,-0.5787359118286177,-0.5738091541336192,-0.9124191495230388,0.9124191495230392,1.7288236672481017,-0.5776581893550843,-0.5765804684883443,-0.5767344287272242,0
-1.4954070773789183,1.914528464818876,-0.695981771888179,1.8249618574558744,-0.9115834940401768,0.646091668153197,-1.0306701134001208,-0.3777671712157871,0.7014981422339509,0.8431761005982009,-1.002803930999114,1.7279038324066065,-0.5738091541336192,1.0959875190286648,-1.0959875190286648,-0.5784279906300535,-0.5776581893550843,1.7343632929879855,-0.5767344287272242,0
0.9464319904153524,-0.5646648934149681,-1.3875375865624426,0.9848988647231456,-0.9115834940401768,0.646091668153197,0.9702425509371356,-0.8468989367738038,0.7014981422339509,1.5381322246474958,-1.002803930999114,1.7279038324066065,-0.5738091541336192,-0.9124191495230388,0.9124191495230392,-0.5784279906300535,-0.5776581893550843,-0.5765804684883443,1.733900301750437,0
0.5429077376866382,-0.5646648934149681,1.03290776479748,1.8283847670882256,-0.9115834940401768,0.646091668153197,0.9702425509371356,-0.3493989292535803,-0.009816137054176,0.4492200812326771,0.9972039090469852,-0.5787359118286177,-0.5738091541336192,1.0959875190286648,-1.0959875190286648,-0.5784279906300535,-0.5776581893550843,1.7343632929879855,-0.5767344287272242,0
0.4497867562877042,-0.7553720748175714,-0.0044259572139154,-1.2258476714090278,-0.9115834940401768,0.646091668153197,-1.0306701134001208,-1.121539423776751,-0.721130416342303,0.130514088038096,-1.002803930999114,-0.5787359118286177,1.7427397119690018,-0.9124191495230388,0.9124191495230392,-0.5784279906300535,-0.5776581893550843,1.7343632929879855,-0.5767344287272242,0
0.9464319904153524,-1.3274936190253817,-0.3502038645510472,0.8915919220073447,0.8077365626180215,0.646091668153197,-1.0306701134001208,0.5189444731160978,-1.43244469563043,-1.6533541794260174,0.9972039090469852,-0.5787359118286177,-0.5738091541336192,1.0959875190286648,-1.0959875190286648,1.7288236672481017,-0.5776581893550843,-0.5765804684883443,-0.5767344287272242,0
0.0359157278479972,0.7702853764032556,1.7244635794717436,-1.2258476714090278,0.8077365626180215,0.646091668153197,-1.0306701134001208,1.224042022959916,-1.43244469563043,-0.0996624626024347,0.9972039090469852,-0.5787359118286177,-0.5738091541336192,-0.9124191495230388,0.9124191495230392,-0.5784279906300535,-0.5776581893550843,1.7343632929879855,-0.5767344287272242,0
-0.7297456747654606,1.0563461485071606,-1.7333154938995745,0.7879162412354054,-0.9115834940401768,0.646091668153197,-1.0306701134001208,-0.73988737383019,-0.009816137054176,-0.2590154591997252,0.9972039090469852,-0.5787359118286177,-0.5738091541336192,-0.9124191495230388,0.9124191495230392,-0.5784279906300535,-0.5776581893550843,1.7343632929879855,-0.5767344287272242,1
-0.6883585719214899,-0.278604121311063,1.378685672134612,-1.2258476714090278,-0.9115834940401768,0.646091668153197,0.9702425509371356,0.0996088934961421,-0.009816137054176,1.5248528082643882,0.9972039090469852,-0.5787359118286177,-0.5738091541336192,-0.9124191495230388,0.9124191495230392,-0.5784279906300535,-0.5776581893550843,1.7343632929879855,-0.5767344287272242,0
-0.3779553005917097,-0.3739577120123647,-1.3875375865624426,-1.2258476714090278,0.8077365626180215,0.646091668153197,0.9702425509371356,-1.6823444363713305,-1.43244469563043,-0.3873831509030981,0.9972039090469852,-0.5787359118286177,-0.5738091541336192,1.0959875190286648,-1.0959875190286648,-0.5784279906300535,1.731127539482183,-0.5765804684883443,-0.5767344287272242,0
-0.0778988049729221,-0.278604121311063,-1.7333154938995745,1.14872412465469,-0.9115834940401768,-1.5477679860172513,-1.0306701134001208,-0.7695429235192202,-1.43244469563043,-1.3169422977206262,0.9972039090469852,-0.5787359118286177,-0.5738091541336192,-0.9124191495230388,0.9124191495230392,-0.5784279906300535,-0.5776581893550843,-0.5765804684883443,1.733900301750437,0
-0.6159311419445411,-0.5646648934149681,-0.3502038645510472,0.5971296980204885,-0.9115834940401768,0.646091668153197,-1.0306701134001208,0.4266363536615111,-0.721130416342303,1.507146919753578,0.9972039090469852,-0.5787359118286177,-0.5738091541336192,1.0959875190286648,-1.0959875190286648,-0.5784279906300535,-0.5776581893550843,-0.5765804684883443,1.733900301750437,0
1.474117551675979,0.1981638321954454,-0.695981771888179,1.046899895494537,-0.9115834940401768,0.646091668153197,-1.0306701134001208,0.0492270460122294,-0.009816137054176,-0.7060891440976792,0.9972039090469852,-0.5787359118286177,-0.5738091541336192,1.0959875190286648,-1.0959875190286648,-0.5784279906300535,1.731127539482183,-0.5765804684883443,-0.5767344287272242,0
-0.9470279646963068,1.247053329909764,-1.0417596792253108,-1.2258476714090278,-0.9115834940401768,0.646091668153197,-1.0306701134001208,0.502948157420002,-0.009816137054176,1.2946762576238575,0.9972039090469852,-0.5787359118286177,-0.5738091541336192,-0.9124191495230388,0.9124191495230392,1.7288236672481017,-0.5776581893550843,-0.5765804684883443,-0.5767344287272242,1
-2.240374928570391,1.8191748741175744,1.378685672134612,0.7903791270489717,0.8077365626180215,0.646091668153197,-1.0306701134001208,-0.6816217011782761,-0.721130416342303,0.3695435829340318,-1.002803930999114,1.7279038324066065,-0.5738091541336192,1.0959875190286648,-1.0959875190286648,-0.5784279906300535,-0.5776581893550843,1.7343632929879855,-0.5767344287272242,1
0.6670690462185503,0.5795781950006521,-0.3502038645510472,-1.2258476714090278,0.8077365626180215,0.646091668153197,0.9702425509371356,-0.7833103170969288,0.7014981422339509,-1.2682511043158986,0.9972039090469852,-0.5787359118286177,-0.5738091541336192,-0.9124191495230388,0.9124191495230392,-0.5784279906300535,-0.5776581893550843,1.7343632929879855,-0.5767344287272242,0
-0.0261649264179587,-0.7553720748175714,0.6871298574603482,0.7884635670018743,-0.9115834940401768,-1.5477679860172513,0.9702425509371356,0.5197692334225036,0.7014981422339509,0.6085730778299676,-1.002803930999114,1.7279038324066065,-0.5738091541336192,-0.9124191495230388,0.9124191495230392,-0.5784279906300535,1.731127539482183,-0.5765804684883443,-0.5767344287272242,0
0.8326174575944332,1.247053329909764,1.7244635794717436,-1.2258476714090278,-0.9115834940401768,0.646091668153197,0.9702425509371356,-1.3057659751787234,-1.43244469563043,-1.210706966655766,0.9972039090469852,-0.5787359118286177,-0.5738091541336192,1.0959875190286648,-1.0959875190286648,1.7288236672481017,-0.5776581893550843,-0.5765804684883443,-0.5767344287272242,1
0.1290367092469313,0.3888710135980487,-0.3502038645510472,0.1785121933304556,0.8077365626180215,0.646091668153197,-1.0306701134001208,0.8574705839290301,-1.43244469563043,-0.5910008687774139,0.9972039090469852,-0.5787359118286177,-0.5738091541336192,-0.9124191495230388,0.9124191495230392,-0.5784279906300535,-0.5776581893550843,1.7343632929879855,-0.5767344287272242,0
0.5429077376866382,0.5795781950006521,0.6871298574603482,-1.2258476714090278,0.8077365626180215,0.646091668153197,0.9702425509371356,-0.5435544262038275,-1.43244469563043,0.2456023633583614,0.9972039090469852,-0.5787359118286177,-0.5738091541336192,1.0959875190286648,-1.0959875190286648,-0.5784279906300535,-0.5776581893550843,1.7343632929879855,-0.5767344287272242,0
-1.5988748344888453,1.533114102013669,-0.3502038645510472,0.7822293422100408,-0.9115834940401768,0.646091668153197,0.9702425509371356,-1.1921425924732565,-1.43244469563043,0.5288965795313224,-1.002803930999114,1.7279038324066065,-0.5738091541336192,1.0959875190286648,-1.0959875190286648,1.7288236672481017,-0.5776581893550843,-0.5765804684883443,-0.5767344287272242,1
-1.2677780117370796,-1.613554391129287,-0.0044259572139154,0.2734439643392178,0.8077365626180215,-1.5477679860172513,0.9702425509371356,-1.723748516648954,0.7014981422339509,-0.3608243181368831,-1.002803930999114,1.7279038324066065,-0.5738091541336192,-0.9124191495230388,0.9124191495230392,1.7288236672481017,-0.5776581893550843,-0.5765804684883443,-0.5767344287272242,0
0.2531980177788434,-1.7089079818305883,1.03290776479748,0.3507912723553942,-0.9115834940401768,0.646091668153197,-1.0306701134001208,-1.4239372771449408,1.412812421522078,1.6753528606062738,0.9972039090469852,-0.5787359118286177,-0.5738091541336192,1.0959875190286648,-1.0959875190286648,-0.5784279906300535,-0.5776581893550843,-0.5765804684883443,1.733900301750437,0
-1.826503900130684,-0.1832505306097613,-0.695981771888179,0.3517226076493771,-0.9115834940401768,-1.5477679860172513,-1.0306701134001208,-0.4241490268531356,0.7014981422339509,1.617808722946141,0.9972039090469852,-0.5787359118286177,-0.5738091541336192,-0.9124191495230388,0.9124191495230392,1.7288236672481017,-0.5776581893550843,-0.5765804684883443,-0.5767344287272242,0
-1.185003806049138,-1.0414328469214764,-0.3502038645510472,-1.2258476714090278,-0.9115834940401768,0.646091668153197,0.9702425509371356,0.6278717822742746,-1.43244469563043,1.462882198476553,-1.002803930999114,-0.5787359118286177,1.7427397119690018,1.0959875190286648,-1.0959875190286648,-0.5784279906300535,-0.5776581893550843,1.7343632929879855,-0.5767344287272242,0
-1.4954070773789183,1.914528464818876,1.03290776479748,0.683816002350618,0.8077365626180215,0.646091668153197,0.9702425509371356,1.2274808717517105,-0.721130416342303,1.6487940278400586,-1.002803930999114,1.7279038324066065,-0.5738091541336192,-0.9124191495230388,0.9124191495230392,-0.5784279906300535,-0.5776581893550843,-0.5765804684883443,1.733900301750437,0
2.063883767202561,-1.0414328469214764,1.378685672134612,-1.2258476714090278,0.8077365626180215,0.646091668153197,-1.0306701134001208,1.4907793830040104,-0.009816137054176,-0.7503538653747044,0.9972039090469852,-0.5787359118286177,-0.5738091541336192,1.0959875190286648,-1.0959875190286648,-0.5784279906300535,-0.5776581893550843,-0.5765804684883443,1.733900301750437,0
0.0566092792699826,-0.1832505306097613,0.6871298574603482,0.5738578551892735,-0.9115834940401768,0.646091668153197,-1.0306701134001208,0.9227947997725164,1.412812421522078,0.5111906910205123,0.9972039090469852,-0.5787359118286177,-0.5738091541336192,-0.9124191495230388,0.9124191495230392,-0.5784279906300535,-0.5776581893550843,-0.5765804684883443,1.733900301750437,0
-1.3091651145810503,-0.7553720748175714,1.03290776479748,0.5021732452641317,-0.9115834940401768,0.646091668153197,-1.0306701134001208,1.7325557018962958,-1.43244469563043,-0.6396920621821415,-1.002803930999114,1.7279038324066065,-0.5738091541336192,1.0959875190286648,-1.0959875190286648,-0.5784279906300535,-0.5776581893550843,-0.5765804684883443,1.733900301750437,1
-0.8021731047424093,-1.1367864376227783,-1.0417596792253108,0.8295173268064334,-0.9115834940401768,0.646091668153197,0.9702425509371356,-1.5382118779291534,-0.721130416342303,-0.9893833602706402,0.9972039090469852,-0.5787359118286177,-0.5738091541336192,-0.9124191495230388,0.9124191495230392,1.7288236672481017,-0.5776581893550843,-0.5765804684883443,-0.5767344287272242,0
-0.5848908148115631,-1.9949687539344931,-1.3875375865624426,0.9008652071751038,-0.9115834940401768,0.646091668153197,-1.0306701134001208,1.1754846294365366,-0.009816137054176,-1.254971687932791,-1.002803930999114,1.7279038324066065,-0.5738091541336192,-0.9124191495230388,0.9124191495230392,-0.5784279906300535,-0.5776581893550843,-0.5765804684883443,1.733900301750437,0
0.93608521470436,1.0563461485071606,-1.3875375865624426,0.0360885729010113,-0.9115834940401768,0.646091668153197,0.9702425509371356,-1.514082552684057,-0.009816137054176,-1.529412959850347,-1.002803930999114,-0.5787359118286177,1.7427397119690018,-0.9124191495230388,0.9124191495230392,-0.5784279906300535,-0.5776581893550843,1.7343632929879855,-0.5767344287272242,0
-0.2744875434817829,-1.518200800427985,0.3413519501232164,-1.2258476714090278,0.8077365626180215,-1.5477679860172513,0.9702425509371356,1.6793996132299247,1.412812421522078,1.2459850642191297,-1.002803930999114,-0.5787359118286177,1.7427397119690018,1.0959875190286648,-1.0959875190286648,-0.5784279906300535,-0.5776581893550843,-0.5765804684883443,1.733900301750437,0
0.8740045604384039,0.3888710135980487,1.7244635794717436,0.748371754269159,0.8077365626180215,0.646091668153197,0.9702425509371356,1.6794825587635858,-0.009816137054176,0.3385582780401142,-1.002803930999114,1.7279038324066065,-0.5738091541336192,-0.9124191495230388,0.9124191495230392,-0.5784279906300535,-0.5776581893550843,1.7343632929879855,-0.5767344287272242,0
0.6981093733515285,-0.4693113027136664,-0.0044259572139154,0.5999996723982809,0.8077365626180215,0.646091668153197,-1.0306701134001208,-1.205371100917178,-0.721130416342303,-0.4582067049463384,-1.002803930999114,-0.5787359118286177,1.7427397119690018,-0.9124191495230388,0.9124191495230392,1.7288236672481017,-0.5776581893550843,-0.5765804684883443,-0.5767344287272242,0
1.629319187340869,-0.5646648934149681,-1.0417596792253108,0.4332284695931001,-0.9115834940401768,0.646091668153197,-1.0306701134001208,0.2402735635152429,-1.43244469563043,1.006955569323194,0.9972039090469852,-0.5787359118286177,-0.5738091541336192,1.0959875190286648,-1.0959875190286648,-0.5784279906300535,-0.5776581893550843,-0.5765804684883443,1.733900301750437,0
-1.4540199745349478,0.4842246042993504,-0.3502038645510472,0.7466228761538708,-0.9115834940401768,0.646091668153197,-1.0306701134001208,-1.24555586446098,-0.009816137054176,1.188440926558997,-1.002803930999114,1.7279038324066065,-0.5738091541336192,1.0959875190286648,-1.0959875190286648,1.7288236672481017,-0.5776581893550843,-0.5765804684883443,-0.5767344287272242,1
-0.9573747404072994,0.1028102414941437,0.3413519501232164,-1.2258476714090278,0.8077365626180215,0.646091668153197,-1.0306701134001208,1.2825196675311867,-0.721130416342303,-1.485148238573322,0.9972039090469852,-0.5787359118286177,-0.5738091541336192,-0.9124191495230388,0.9124191495230392,-0.5784279906300535,-0.5776581893550843,1.7343632929879855,-0.5767344287272242,0
-1.671302264465794,1.8191748741175744,-0.3502038645510472,-1.2258476714090278,0.8077365626180215,0.646091668153197,0.9702425509371356,1.5881214442908012,0.7014981422339509,-0.5334567311172812,-1.002803930999114,-0.5787359118286177,1.7427397119690018,-0.9124191495230388,0.9124191495230392,-0.5784279906300535,-0.5776581893550843,-0.5765804684883443,1.733900301750437,0
-0.6159311419445411,0.9609925578058588,-0.695981771888179,-1.2258476714090278,0.8077365626180215,0.646091668153197,-1.0306701134001208,-0.8688727214837518,-0.721130416342303,-0.205897793667295,0.9972039090469852,-0.5787359118286177,-0.5738091541336192,-0.9124191495230388,0.9124191495230392,-0.5784279906300535,1.731127539482183,-0.5765804684883443,-0.5767344287272242,0
1.691399841606825,-0.9460792562201747,-1.3875375865624426,0.8892269618287161,0.8077365626180215,0.646091668153197,0.9702425509371356,0.827780430128473,-0.721130416342303,-0.2722948755828328,-1.002803930999114,1.7279038324066065,-0.5738091541336192,-0.9124191495230388,0.9124191495230392,-0.5784279906300535,-0.5776581893550843,1.7343632929879855,-0.5767344287272242,0
-0.1917133377938415,-0.0878969399084596,-1.3875375865624426,0.7070089918064004,-0.9115834940401768,0.646091668153197,-1.0306701134001208,-0.126476808333541,-0.009816137054176,0.2633082518691715,-1.002803930999114,-0.5787359118286177,1.7427397119690018,-0.9124191495230388,0.9124191495230392,1.7288236672481017,-0.5776581893550843,-0.5765804684883443,-0.5767344287272242,0
-0.0675520292619294,1.0563461485071606,1.378685672134612,0.0053067474152707,4.246376675934418,0.646091668153197,-1.0306701134001208,1.6742284721816645,0.7014981422339509,-0.9982363045260452,0.9972039090469852,-0.5787359118286177,-0.5738091541336192,-0.9124191495230388,0.9124191495230392,-0.5784279906300535,-0.5776581893550843,1.7343632929879855,-0.5767344287272242,1
-0.2641407677707902,0.9609925578058588,0.3413519501232164,1.5538123454277446,-0.9115834940401768,0.646091668153197,-1.0306701134001208,1.1388176607480145,-0.009816137054176,1.0113820414508965,0.9972039090469852,-0.5787359118286177,-0.5738091541336192,-0.9124191495230388,0.9124191495230392,-0.5784279906300535,-0.5776581893550843,-0.5765804684883443,1.733900301750437,1
-0.2641407677707902,0.1028102414941437,0.6871298574603482,1.0382646495292127,-0.9115834940401768,-1.5477679860172513,0.9702425509371356,1.3442958316580575,-0.721130416342303,-1.1000451634632031,0.9972039090469852,-0.5787359118286177,-0.5738091541336192,1.0959875190286648,-1.0959875190286648,1.7288236672481017,-0.5776581893550843,-0.5765804684883443,-0.5767344287272242,0
0.1600770363799093,-0.278604121311063,-0.695981771888179,0.8435485797718982,0.8077365626180215,-1.5477679860172513,-1.0306701134001208,0.6841681505892612,-1.43244469563043,1.4761616148596606,-1.002803930999114,1.7279038324066065,-0.5738091541336192,1.0959875190286648,-1.0959875190286648,1.7288236672481017,-0.5776581893550843,-0.5765804684883443,-0.5767344287272242,0
-0.015818150706966,0.6749317857019538,-1.0417596792253108,-1.2258476714090278,0.8077365626180215,0.646091668153197,0.9702425509371356,-0.5823148566947577,-0.009816137054176,-0.4759125934571485,0.9972039090469852,-0.5787359118286177,-0.5738091541336192,1.0959875190286648,-1.0959875190286648,-0.5784279906300535,-0.5776581893550843,-0.5765804684883443,1.733900301750437,0
-0.367608524880717,0.4842246042993504,1.378685672134612,0.7952505667771783,0.8077365626180215,-1.5477679860172513,0.9702425509371356,0.1848064766468618,-0.009816137054176,0.3429847501678167,-1.002803930999114,1.7279038324066065,-0.5738091541336192,1.0959875190286648,-1.0959875190286648,-0.5784279906300535,-0.5776581893550843,-0.5765804684883443,1.733900301750437,0
0.905044887571382,-0.5646648934149681,-0.695981771888179,0.7316136490077342,0.8077365626180215,-1.5477679860172513,0.9702425509371356,-1.2558797142166864,0.7014981422339509,-1.365633491125354,-1.002803930999114,-0.5787359118286177,1.7427397119690018,1.0959875190286648,-1.0959875190286648,-0.5784279906300535,-0.5776581893550843,-0.5765804684883443,1.733900301750437,0
0.170423812090902,0.8656389671045572,-1.0417596792253108,-1.2258476714090278,0.8077365626180215,0.646091668153197,0.9702425509371356,0.8436821496603932,-1.43244469563043,0.8431761005982009,0.9972039090469852,-0.5787359118286177,-0.5738091541336192,1.0959875190286648,-1.0959875190286648,-0.5784279906300535,-0.5776581893550843,-0.5765804684883443,1.733900301750437,0
0.522214186264653,0.8656389671045572,-1.3875375865624426,0.2498111910172009,-0.9115834940401768,0.646091668153197,0.9702425509371356,0.5895239927715589,-0.009816137054176,-1.1797216617618482,-1.002803930999114,1.7279038324066065,-0.5738091541336192,1.0959875190286648,-1.0959875190286648,-0.5784279906300535,-0.5776581893550843,-0.5765804684883443,1.733900301750437,0
-0.1917133377938415,0.2935174228967471,-0.3502038645510472,0.7954207746729296,-0.9115834940401768,0.646091668153197,-1.0306701134001208,0.0157937359064446,-0.721130416342303,-0.1527801281348648,0.9972039090469852,-0.5787359118286177,-0.5738091541336192,-0.9124191495230388,0.9124191495230392,-0.5784279906300535,1.731127539482183,-0.5765804684883443,-0.5767344287272242,0
0.4083996534437335,-0.6600184841162697,-1.7333154938995745,0.4839807137626196,0.8077365626180215,0.646091668153197,0.9702425509371356,0.6577606923536055,-1.43244469563043,0.0375581733563432,-1.002803930999114,1.7279038324066065,-0.5738091541336192,-0.9124191495230388,0.9124191495230392,-0.5784279906300535,-0.5776581893550843,1.7343632929879855,-0.5767344287272242,0
0.4083996534437335,-0.9460792562201747,-0.0044259572139154,-1.2258476714090278,0.8077365626180215,0.646091668153197,-1.0306701134001208,0.1475931455542224,-0.009816137054176,-1.6135159302766948,0.9972039090469852,-0.5787359118286177,-0.5738091541336192,-0.9124191495230388,0.9124191495230392,-0.5784279906300535,-0.5776581893550843,1.7343632929879855,-0.5767344287272242,0
-0.5331569362565998,0.007456650792842,-0.3502038645510472,-1.2258476714090278,-0.9115834940401768,0.646091668153197,-1.0306701134001208,1.6377475658013554,-0.009816137054176,-0.2811478198382378,-1.002803930999114,-0.5787359118286177,1.7427397119690018,1.0959875190286648,-1.0959875190286648,-0.5784279906300535,-0.5776581893550843,1.7343632929879855,-0.5767344287272242,1
-0.6262779176555339,-0.6600184841162697,-1.7333154938995745,0.8218276802619485,-0.9115834940401768,0.646091668153197,-1.0306701134001208,0.0109081222507879,-0.721130416342303,-0.8388833079287547,0.9972039090469852,-0.5787359118286177,-0.5738091541336192,1.0959875190286648,-1.0959875190286648,1.7288236672481017,-0.5776581893550843,-0.5765804684883443,-0.5767344287272242,0
1.1016336260802426,-0.9460792562201747,1.03290776479748,0.8625886247882238,-0.9115834940401768,0.646091668153197,-1.0306701134001208,-0.3933541498338143,-1.43244469563043,1.2504115363468322,0.9972039090469852,-0.5787359118286177,-0.5738091541336192,-0.9124191495230388,0.9124191495230392,-0.5784279906300535,1.731127539482183,-0.5765804684883443,-0.5767344287272242,0
-1.1125763760721894,-1.518200800427985,-0.0044259572139154,-1.2258476714090278,0.8077365626180215,0.646091668153197,-1.0306701134001208,0.3085182620376425,-0.721130416342303,0.4580730254880821,-1.002803930999114,-0.5787359118286177,1.7427397119690018,-0.9124191495230388,0.9124191495230392,-0.5784279906300535,-0.5776581893550843,1.7343632929879855,-0.5767344287272242,0
0.4704803077096895,2.5820035997279875,0.6871298574603482,0.6893825377886857,0.8077365626180215,0.646091668153197,0.9702425509371356,1.285691595161199,-0.009816137054176,-0.0244124364314919,-1.002803930999114,1.7279038324066065,-0.5738091541336192,1.0959875190286648,-1.0959875190286648,-0.5784279906300535,-0.5776581893550843,1.7343632929879855,-0.5767344287272242,0
1.060246523236272,0.6749317857019538,1.03290776479748,-1.2258476714090278,2.52705661927622,0.646091668153197,-1.0306701134001208,-0.162453259801583,-0.721130416342303,-0.4847655377125535,0.9972039090469852,-0.5787359118286177,-0.5738091541336192,-0.9124191495230388,0.9124191495230392,-0.5784279906300535,-0.5776581893550843,1.7343632929879855,-0.5767344287272242,1
-0.8021731047424093,-1.23214002832408,1.03290776479748,0.1568259123755737,0.8077365626180215,0.646091668153197,0.9702425509371356,-0.1723761191995894,1.412812421522078,-0.781339170268622,0.9972039090469852,-0.5787359118286177,-0.5738091541336192,-0.9124191495230388,0.9124191495230392,-0.5784279906300535,1.731127539482183,-0.5765804684883443,-0.5767344287272242,0
-0.0985923563949074,0.1028102414941437,-0.0044259572139154,0.4112434433296684,-0.9115834940401768,0.646091668153197,0.9702425509371356,0.0095088293590217,-1.43244469563043,-1.3125158255929237,-1.002803930999114,-0.5787359118286177,1.7427397119690018,-0.9124191495230388,0.9124191495230392,1.7288236672481017,-0.5776581893550843,-0.5765804684883443,-0.5767344287272242,0
-0.8021731047424093,-0.5646648934149681,-1.3875375865624426,1.350957228994414,-0.9115834940401768,0.646091668153197,0.9702425509371356,0.8598149690125141,1.412812421522078,-0.8742950849503748,-1.002803930999114,-0.5787359118286177,1.7427397119690018,-0.9124191495230388,0.9124191495230392,-0.5784279906300535,-0.5776581893550843,1.7343632929879855,-0.5767344287272242,0
0.3670125505997628,-0.0878969399084596,-1.0417596792253108,0.2738066578119907,2.52705661927622,-1.5477679860172513,-1.0306701134001208,-1.5641910450759038,0.7014981422339509,1.051220290600219,-1.002803930999114,1.7279038324066065,-0.5738091541336192,1.0959875190286648,-1.0959875190286648,-0.5784279906300535,-0.5776581893550843,1.7343632929879855,-0.5767344287272242,1
-2.147253947171457,1.4377605113123673,-0.695981771888179,0.9946757216502736,-0.9115834940401768,0.646091668153197,0.9702425509371356,-0.51982696076647,-1.43244469563043,-0.5024714262233636,0.9972039090469852,-0.5787359118286177,-0.5738091541336192,1.0959875190286648,-1.0959875190286648,1.7288236672481017,-0.5776581893550843,-0.5765804684883443,-0.5767344287272242,1
1.4948111030979645,-0.9460792562201747,-0.3502038645510472,-1.2258476714090278,0.8077365626180215,-1.5477679860172513,-1.0306701134001208,0.9672005693626384,-0.009816137054176,1.3079556740069649,-1.002803930999114,-0.5787359118286177,1.7427397119690018,-0.9124191495230388,0.9124191495230392,-0.5784279906300535,1.731127539482183,-0.5765804684883443,-0.5767344287272242,0
0.3566657748887701,0.1028102414941437,0.6871298574603482,-1.2258476714090278,0.8077365626180215,0.646091668153197,-1.0306701134001208,0.0662234031424682,-0.721130416342303,1.1131909003880542,0.9972039090469852,-0.5787359118286177,-0.5738091541336192,1.0959875190286648,-1.0959875190286648,-0.5784279906300535,-0.5776581893550843,1.7343632929879855,-0.5767344287272242,0
0.5636012891086236,0.7702853764032556,-0.695981771888179,-0.2083073671741548,-0.9115834940401768,-1.5477679860172513,0.9702425509371356,-1.242432278253101,0.7014981422339509,-0.2280301543058076,-1.002803930999114,-0.5787359118286177,1.7427397119690018,1.0959875190286648,-1.0959875190286648,1.7288236672481017,-0.5776581893550843,-0.5765804684883443,-0.5767344287272242,1
-0.5331569362565998,0.4842246042993504,1.7244635794717436,0.674602658569875,-0.9115834940401768,0.646091668153197,0.9702425509371356,-1.19361091969807,-0.721130416342303,0.7900584350657708,0.9972039090469852,-0.5787359118286177,-0.5738091541336192,-0.9124191495230388,0.9124191495230392,-0.5784279906300535,-0.5776581893550843,-0.5765804684883443,1.733900301750437,0
1.9707627858036272,-1.1367864376227783,1.03290776479748,-1.2258476714090278,-0.9115834940401768,0.646091668153197,-1.0306701134001208,1.2490950519257855,-0.009816137054176,0.3961024157002469,0.9972039090469852,-0.5787359118286177,-0.5738091541336192,-0.9124191495230388,0.9124191495230392,-0.5784279906300535,-0.5776581893550843,-0.5765804684883443,1.733900301750437,0
-2.302455582836347,0.1028102414941437,-0.695981771888179,0.8456258533470681,0.8077365626180215,0.646091668153197,-1.0306701134001208,-0.4732209609092275,-0.721130416342303,0.6705436876178028,-1.002803930999114,1.7279038324066065,-0.5738091541336192,1.0959875190286648,-1.0959875190286648,-0.5784279906300535,-0.5776581893550843,-0.5765804684883443,1.733900301750437,1
0.3049318963338068,0.8656389671045572,1.03290776479748,0.6191190516033039,-0.9115834940401768,0.646091668153197,-1.0306701134001208,0.686315344404041,-0.721130416342303,0.9139996546414412,-1.002803930999114,1.7279038324066065,-0.5738091541336192,1.0959875190286648,-1.0959875190286648,-0.5784279906300535,-0.5776581893550843,-0.5765804684883443,1.733900301750437,1
0.8429642333054258,0.1028102414941437,1.7244635794717436,-1.2258476714090278,0.8077365626180215,0.646091668153197,-1.0306701134001208,0.940724772353966,1.412812421522078,1.4673086706042555,0.9972039090469852,-0.5787359118286177,-0.5738091541336192,1.0959875190286648,-1.0959875190286648,1.7288236672481017,-0.5776581893550843,-0.5765804684883443,-0.5767344287272242,0
0.967125541837338,1.6284676927149706,1.378685672134612,-1.2258476714090278,0.8077365626180215,0.646091668153197,0.9702425509371356,1.20694220127511,0.7014981422339509,0.5466024680421324,0.9972039090469852,-0.5787359118286177,-0.5738091541336192,-0.9124191495230388,0.9124191495230392,-0.5784279906300535,-0.5776581893550843,-0.5765804684883443,1.733900301750437,0
0.8946981118603892,-0.3739577120123647,-1.7333154938995745,0.9118128444021016,-0.9115834940401768,-1.5477679860172513,0.9702425509371356,-0.626700455043989,-1.43244469563043,0.2633082518691715,-1.002803930999114,1.7279038324066065,-0.5738091541336192,-0.9124191495230388,0.9124191495230392,1.7288236672481017,-0.5776581893550843,-0.5765804684883443,-0.5767344287272242,0
0.9774723175483306,-0.278604121311063,1.03290776479748,-0.1484033233217912,-0.9115834940401768,0.646091668153197,-1.0306701134001208,0.5338311966732151,-0.721130416342303,-1.3744864353807589,0.9972039090469852,-0.5787359118286177,-0.5738091541336192,-0.9124191495230388,0.9124191495230392,1.7288236672481017,-0.5776581893550843,-0.5765804684883443,-0.5767344287272242,0
0.5118674105536603,-0.4693113027136664,-1.0417596792253108,-0.0026156127493938,-0.9115834940401768,0.646091668153197,-1.0306701134001208,0.4876927870466123,-1.43244469563043,-0.5644420360111988,0.9972039090469852,-0.5787359118286177,-0.5738091541336192,1.0959875190286648,-1.0959875190286648,1.7288236672481017,-0.5776581893550843,-0.5765804684883443,-0.5767344287272242,0
-2.1265603957494714,-0.4693113027136664,0.6871298574603482,0.8750205325637637,0.8077365626180215,0.646091668153197,0.9702425509371356,-0.5124928019127317,0.7014981422339509,0.8653084612367135,-1.002803930999114,1.7279038324066065,-0.5738091541336192,1.0959875190286648,-1.0959875190286648,-0.5784279906300535,-0.5776581893550843,1.7343632929879855,-0.5767344287272242,0
0.3359722234667848,-0.4693113027136664,1.378685672134612,0.6110120591449433,0.8077365626180215,-1.5477679860172513,0.9702425509371356,-1.299844324857335,1.412812421522078,0.5864407171914551,-1.002803930999114,-0.5787359118286177,1.7427397119690018,-0.9124191495230388,0.9124191495230392,1.7288236672481017,-0.5776581893550843,-0.5765804684883443,-0.5767344287272242,0
-1.185003806049138,-1.518200800427985,0.3413519501232164,0.2545238020969242,0.8077365626180215,0.646091668153197,-1.0306701134001208,0.3577173096893452,-0.721130416342303,0.55988188442524,-1.002803930999114,1.7279038324066065,-0.5738091541336192,-0.9124191495230388,0.9124191495230392,1.7288236672481017,-0.5776581893550843,-0.5765804684883443,-0.5767344287272242,0
1.3292626917220816,-0.1832505306097613,-1.0417596792253108,0.8318669009605875,-0.9115834940401768,0.646091668153197,0.9702425509371356,-1.625890349819382,-0.721130416342303,-0.205897793667295,-1.002803930999114,1.7279038324066065,-0.5738091541336192,1.0959875190286648,-1.0959875190286648,1.7288236672481017,-0.5776581893550843,-0.5765804684883443,-0.5767344287272242,1
1.929375682959657,-0.1832505306097613,0.3413519501232164,0.2807263620483888,0.8077365626180215,0.646091668153197,-1.0306701134001208,0.7065639663478382,-0.721130416342303,-0.0553977413254095,-1.002803930999114,1.7279038324066065,-0.5738091541336192,-0.9124191495230388,0.9124191495230392,-0.5784279906300535,-0.5776581893550843,-0.5765804684883443,1.733900301750437,0
-0.2227536649268195,2.105235646221479,0.3413519501232164,-1.2258476714090278,0.8077365626180215,0.646091668153197,0.9702425509371356,0.5839638597761282,1.412812421522078,0.869734933364416,0.9972039090469852,-0.5787359118286177,-0.5738091541336192,1.0959875190286648,-1.0959875190286648,-0.5784279906300535,1.731127539482183,-0.5765804684883443,-0.5767344287272242,0
-0.905640861852336,-0.4693113027136664,0.3413519501232164,-1.2258476714090278,0.8077365626180215,-1.5477679860172513,-1.0306701134001208,-1.1051285543023566,-1.43244469563043,-1.5515453204888596,0.9972039090469852,-0.5787359118286177,-0.5738091541336192,1.0959875190286648,-1.0959875190286648,-0.5784279906300535,1.731127539482183,-0.5765804684883443,-0.5767344287272242,0
-0.1710197863718562,-0.1832505306097613,-0.0044259572139154,0.6228129796459329,0.8077365626180215,-1.5477679860172513,-1.0306701134001208,1.1944775916349075,-0.009816137054176,-1.529412959850347,0.9972039090469852,-0.5787359118286177,-0.5738091541336192,-0.9124191495230388,0.9124191495230392,-0.5784279906300535,1.731127539482183,-0.5765804684883443,-0.5767344287272242,0
0.20146413922388,-0.0878969399084596,1.7244635794717436,0.207248158374329,-0.9115834940401768,-1.5477679860172513,-1.0306701134001208,0.7683356093345102,-0.009816137054176,0.6661172154901004,0.9972039090469852,-0.5787359118286177,-0.5738091541336192,-0.9124191495230388,0.9124191495230392,-0.5784279906300535,-0.5776581893550843,-0.5765804684883443,1.733900301750437,0
1.1947546074791768,0.1981638321954454,-1.7333154938995745,-1.2258476714090278,0.8077365626180215,-1.5477679860172513,0.9702425509371356,-1.1443181453322302,0.7014981422339509,0.2810141403799815,-1.002803930999114,-0.5787359118286177,1.7427397119690018,-0.9124191495230388,0.9124191495230392,-0.5784279906300535,1.731127539482183,-0.5765804684883443,-0.5767344287272242,0
1.9604160100926349,-0.278604121311063,0.3413519501232164,-1.2258476714090278,0.8077365626180215,0.646091668153197,-1.0306701134001208,0.7177141414200198,-0.721130416342303,-0.7857656423963245,-1.002803930999114,-0.5787359118286177,1.7427397119690018,1.0959875190286648,-1.0959875190286648,-0.5784279906300535,1.731127539482183,-0.5765804684883443,-0.5767344287272242,0
0.4704803077096895,-0.0878969399084596,0.3413519501232164,1.055068592321885,-0.9115834940401768,0.646091668153197,0.9702425509371356,-1.6010357293522703,-1.43244469563043,-1.0690598585692854,-1.002803930999114,1.7279038324066065,-0.5738091541336192,-0.9124191495230388,0.9124191495230392,-0.5784279906300535,1.731127539482183,-0.5765804684883443,-0.5767344287272242,0
-2.1265603957494714,-0.0878969399084596,0.3413519501232164,0.6880074118512614,0.8077365626180215,0.646091668153197,-1.0306701134001208,1.3157582208283742,-0.721130416342303,-1.520560015594942,-1.002803930999114,1.7279038324066065,-0.5738091541336192,1.0959875190286648,-1.0959875190286648,-0.5784279906300535,1.731127539482183,-0.5765804684883443,-0.5767344287272242,0
0.6256819433745797,-0.0878969399084596,-0.695981771888179,-1.2258476714090278,0.8077365626180215,0.646091668153197,-1.0306701134001208,-0.5495398941580331,0.7014981422339509,1.2371321199637249,0.9972039090469852,-0.5787359118286177,-0.5738091541336192,-0.9124191495230388,0.9124191495230392,1.7288236672481017,-0.5776581893550843,-0.5765804684883443,-0.5767344287272242,0
-1.040148946095241,0.2935174228967471,1.7244635794717436,0.8369583928929994,-0.9115834940401768,0.646091668153197,-1.0306701134001208,-0.6433511188389686,0.7014981422339509,-1.1930010781449558,-1.002803930999114,1.7279038324066065,-0.5738091541336192,1.0959875190286648,-1.0959875190286648,-0.5784279906300535,-0.5776581893550843,1.7343632929879855,-0.5767344287272242,1
0.139383484957924,-1.422847209726683,0.6871298574603482,-1.2258476714090278,-0.9115834940401768,-1.5477679860172513,0.9702425509371356,-1.1212234656328044,-0.721130416342303,0.0021463963347231,0.9972039090469852,-0.5787359118286177,-0.5738091541336192,-0.9124191495230388,0.9124191495230392,-0.5784279906300535,1.731127539482183,-0.5765804684883443,-0.5767344287272242,0
-0.460729506279651,-0.6600184841162697,-1.3875375865624426,0.4778636471363172,0.8077365626180215,-1.5477679860172513,0.9702425509371356,-0.7134531365333524,-0.009816137054176,-0.6087067572882239,-1.002803930999114,1.7279038324066065,-0.5738091541336192,1.0959875190286648,-1.0959875190286648,-0.5784279906300535,1.731127539482183,-0.5765804684883443,-0.5767344287272242,0
1.7845208230057592,-0.4693113027136664,-0.695981771888179,0.4579175896579567,-0.9115834940401768,0.646091668153197,-1.0306701134001208,-1.5801788401616237,-0.721130416342303,-1.228412855166576,0.9972039090469852,-0.5787359118286177,-0.5738091541336192,-0.9124191495230388,0.9124191495230392,-0.5784279906300535,-0.5776581893550843,1.7343632929879855,-0.5767344287272242,0
0.4083996534437335,-0.3739577120123647,0.3413519501232164,0.5802464210391186,-0.9115834940401768,0.646091668153197,-1.0306701134001208,1.3367284863040263,-0.009816137054176,0.9803967365569788,0.9972039090469852,-0.5787359118286177,-0.5738091541336192,-0.9124191495230388,0.9124191495230392,-0.5784279906300535,-0.5776581893550843,-0.5765804684883443,1.733900301750437,0
-1.4229796474019698,0.8656389671045572,-1.0417596792253108,-1.2258476714090278,-0.9115834940401768,0.646091668153197,0.9702425509371356,0.2542078915003202,-0.009816137054176,-0.4847655377125535,-1.002803930999114,-0.5787359118286177,1.7427397119690018,-0.9124191495230388,0.9124191495230392,-0.5784279906300535,-0.5776581893550843,-0.5765804684883443,1.733900301750437,1
2.063883767202561,0.9609925578058588,1.03290776479748,0.3552194022534243,-0.9115834940401768,0.646091668153197,-1.0306701134001208,0.3318628216780983,1.412812421522078,-0.1704860166456749,-1.002803930999114,1.7279038324066065,-0.5738091541336192,-0.9124191495230388,0.9124191495230392,-0.5784279906300535,-0.5776581893550843,1.7343632929879855,-0.5767344287272242,1
0.4601335319986969,-0.1832505306097613,-1.0417596792253108,-1.2258476714090278,0.8077365626180215,0.646091668153197,0.9702425509371356,-0.0069136907458873,-1.43244469563043,-1.0867657470800955,0.9972039090469852,-0.5787359118286177,-0.5738091541336192,-0.9124191495230388,0.9124191495230392,-0.5784279906300535,-0.5776581893550843,-0.5765804684883443,1.733900301750437,0
-0.7400924504764532,-0.7553720748175714,1.378685672134612,-1.2258476714090278,-0.9115834940401768,-1.5477679860172513,0.9702425509371356,0.6774365206121195,1.412812421522078,0.7634996022995557,0.9972039090469852,-0.5787359118286177,-0.5738091541336192,-0.9124191495230388,0.9124191495230392,-0.5784279906300535,-0.5776581893550843,-0.5765804684883443,1.733900301750437,0
1.24648848603414,-0.6600184841162697,1.378685672134612,0.0160481157516551,-0.9115834940401768,-1.5477679860172513,-1.0306701134001208,-1.1641449101174066,-0.009816137054176,1.3787792280502051,-1.002803930999114,1.7279038324066065,-0.5738091541336192,-0.9124191495230388,0.9124191495230392,-0.5784279906300535,-0.5776581893550843,-0.5765804684883443,1.733900301750437,0
-0.2124068892158268,1.533114102013669,-1.0417596792253108,-1.2258476714090278,-0.9115834940401768,0.646091668153197,0.9702425509371356,0.1062786186305517,-0.009816137054176,0.2367494191029564,0.9972039090469852,-0.5787359118286177,-0.5738091541336192,-0.9124191495230388,0.9124191495230392,-0.5784279906300535,-0.5776581893550843,-0.5765804684883443,1.733900301750437,1
0.3256254477557921,-0.1832505306097613,1.03290776479748,1.155462081476981,-0.9115834940401768,0.646091668153197,-1.0306701134001208,-1.128738470094525,1.412812421522078,0.1614993929320136,0.9972039090469852,-0.5787359118286177,-0.5738091541336192,1.0959875190286648,-1.0959875190286648,-0.5784279906300535,1.731127539482183,-0.5765804684883443,-0.5767344287272242,0
0.522214186264653,-0.278604121311063,0.6871298574603482,0.3039129406606401,0.8077365626180215,0.646091668153197,-1.0306701134001208,1.5475311692490996,-1.43244469563043,0.3783965271894369,-1.002803930999114,1.7279038324066065,-0.5738091541336192,-0.9124191495230388,0.9124191495230392,-0.5784279906300535,-0.5776581893550843,1.7343632929879855,-0.5767344287272242,0
0.7808835790394698,-0.0878969399084596,-0.3502038645510472,-1.2258476714090278,0.8077365626180215,-1.5477679860172513,-1.0306701134001208,-1.6224417631871575,1.412812421522078,-0.3696772623922881,0.9972039090469852,-0.5787359118286177,-0.5738091541336192,1.0959875190286648,-1.0959875190286648,1.7288236672481017,-0.5776581893550843,-0.5765804684883443,-0.5767344287272242,0
0.93608521470436,-0.278604121311063,1.03290776479748,0.6492187633373336,0.8077365626180215,0.646091668153197,-1.0306701134001208,1.1950761210413277,-0.009816137054176,0.0242787569732356,-1.002803930999114,1.7279038324066065,-0.5738091541336192,-0.9124191495230388,0.9124191495230392,-0.5784279906300535,-0.5776581893550843,-0.5765804684883443,1.733900301750437,0
0.0979963821139533,0.3888710135980487,-1.3875375865624426,-1.2258476714090278,-0.9115834940401768,-1.5477679860172513,0.9702425509371356,0.2075526807709055,1.412812421522078,0.5023377467651073,0.9972039090469852,-0.5787359118286177,-0.5738091541336192,1.0959875190286648,-1.0959875190286648,1.7288236672481017,-0.5776581893550843,-0.5765804684883443,-0.5767344287272242,1
-1.2574312360260869,2.105235646221479,-1.3875375865624426,-1.2258476714090278,0.8077365626180215,0.646091668153197,0.9702425509371356,1.587280686103689,1.412812421522078,-0.0775301019639221,0.9972039090469852,-0.5787359118286177,-0.5738091541336192,-0.9124191495230388,0.9124191495230392,-0.5784279906300535,-0.5776581893550843,-0.5765804684883443,1.733900301750437,0
0.615335167663587,-0.8507256655188732,1.7244635794717436,0.9143659628383686,0.8077365626180215,0.646091668153197,-1.0306701134001208,0.9651504061721417,-1.43244469563043,-0.6308391179267365,-1.002803930999114,1.7279038324066065,-0.5738091541336192,1.0959875190286648,-1.0959875190286648,-0.5784279906300535,-0.5776581893550843,1.7343632929879855,-0.5767344287272242,0
-0.0675520292619294,0.1028102414941437,1.378685672134612,0.9744381310623358,4.246376675934418,0.646091668153197,-1.0306701134001208,-0.400409736895256,-0.009816137054176,-0.7193685604807868,0.9972039090469852,-0.5787359118286177,-0.5738091541336192,1.0959875190286648,-1.0959875190286648,-0.5784279906300535,1.731127539482183,-0.5765804684883443,-0.5767344287272242,1
0.20146413922388,0.1981638321954454,1.7244635794717436,-1.2258476714090278,2.52705661927622,0.646091668153197,-1.0306701134001208,-0.3214916697017216,0.7014981422339509,-1.0115157209091528,0.9972039090469852,-0.5787359118286177,-0.5738091541336192,1.0959875190286648,-1.0959875190286648,1.7288236672481017,-0.5776581893550843,-0.5765804684883443,-0.5767344287272242,0
0.967125541837338,0.4842246042993504,-0.695981771888179,-1.2258476714090278,0.8077365626180215,0.646091668153197,0.9702425509371356,1.5463325454261911,0.7014981422339509,1.1308967888988644,0.9972039090469852,-0.5787359118286177,-0.5738091541336192,1.0959875190286648,-1.0959875190286648,-0.5784279906300535,-0.5776581893550843,1.7343632929879855,-0.5767344287272242,0
-1.0711892732282189,1.533114102013669,-0.3502038645510472,0.5589754024739647,2.52705661927622,0.646091668153197,-1.0306701134001208,-1.4462077182079838,-1.43244469563043,-0.1217948232409472,-1.002803930999114,1.7279038324066065,-0.5738091541336192,-0.9124191495230388,0.9124191495230392,1.7288236672481017,-0.5776581893550843,-0.5765804684883443,-0.5767344287272242,1
-0.3158746463257536,-1.3274936190253817,1.03290776479748,1.0472111419479728,-0.9115834940401768,0.646091668153197,0.9702425509371356,-0.4561534827658492,-1.43244469563043,1.3477939231562877,-1.002803930999114,1.7279038324066065,-0.5738091541336192,1.0959875190286648,-1.0959875190286648,-0.5784279906300535,1.731127539482183,-0.5765804684883443,-0.5767344287272242,1
-0.4917698334126291,-0.7553720748175714,-0.3502038645510472,-1.2258476714090278,0.8077365626180215,-1.5477679860172513,0.9702425509371356,-1.5734113888429002,0.7014981422339509,-1.3744864353807589,0.9972039090469852,-0.5787359118286177,-0.5738091541336192,-0.9124191495230388,0.9124191495230392,-0.5784279906300535,1.731127539482183,-0.5765804684883443,-0.5767344287272242,0
0.0979963821139533,-0.0878969399084596,-0.0044259572139154,0.5462822528245321,0.8077365626180215,0.646091668153197,-1.0306701134001208,1.6661505857650971,-1.43244469563043,-0.5954273409051164,0.9972039090469852,-0.5787359118286177,-0.5738091541336192,1.0959875190286648,-1.0959875190286648,-0.5784279906300535,-0.5776581893550843,-0.5765804684883443,1.733900301750437,0
0.3463189991777775,-0.4693113027136664,0.3413519501232164,-1.2258476714090278,0.8077365626180215,0.646091668153197,0.9702425509371356,0.5362416599596156,-0.009816137054176,-1.038074553675368,0.9972039090469852,-0.5787359118286177,-0.5738091541336192,1.0959875190286648,-1.0959875190286648,-0.5784279906300535,-0.5776581893550843,-0.5765804684883443,1.733900301750437,0
0.0979963821139533,-0.5646648934149681,-1.0417596792253108,0.0637294055986818,-0.9115834940401768,-1.5477679860172513,-1.0306701134001208,0.8752251014927354,-0.721130416342303,0.2013376420813362,-1.002803930999114,-0.5787359118286177,1.7427397119690018,-0.9124191495230388,0.9124191495230392,1.7288236672481017,-0.5776581893550843,-0.5765804684883443,-0.5767344287272242,0
-1.4850603016679258,-0.5646648934149681,0.6871298574603482,-1.2258476714090278,0.8077365626180215,0.646091668153197,0.9702425509371356,-0.2552571396680533,-0.721130416342303,0.3031465010184941,0.9972039090469852,-0.5787359118286177,-0.5738091541336192,-0.9124191495230388,0.9124191495230392,-0.5784279906300535,-0.5776581893550843,1.7343632929879855,-0.5767344287272242,0
-0.2434472163488049,-1.1367864376227783,-1.7333154938995745,1.7434539119880044,0.8077365626180215,0.646091668153197,0.9702425509371356,-0.4010407837331112,0.7014981422339509,-0.0022800757929793,-1.002803930999114,1.7279038324066065,-0.5738091541336192,-0.9124191495230388,0.9124191495230392,-0.5784279906300535,-0.5776581893550843,-0.5765804684883443,1.733900301750437,0
-1.2677780117370796,0.3888710135980487,0.6871298574603482,0.3363766509467688,0.8077365626180215,0.646091668153197,0.9702425509371356,1.03869579379852,-0.009816137054176,0.2101905863367413,-1.002803930999114,-0.5787359118286177,1.7427397119690018,-0.9124191495230388,0.9124191495230392,-0.5784279906300535,-0.5776581893550843,1.7343632929879855,-0.5767344287272242,0
0.8015771304614552,-0.6600184841162697,-0.0044259572139154,-0.2349636545765341,-0.9115834940401768,0.646091668153197,0.9702425509371356,0.9743872694898674,1.412812421522078,-0.7680597538855144,-1.002803930999114,1.7279038324066065,-0.5738091541336192,-0.9124191495230388,0.9124191495230392,-0.5784279906300535,1.731127539482183,-0.5765804684883443,-0.5767344287272242,0
1.0188594203923014,-0.0878969399084596,1.378685672134612,0.8477127431875346,-0.9115834940401768,0.646091668153197,0.9702425509371356,-1.5048597744569532,0.7014981422339509,0.1172346716549885,-1.002803930999114,-0.5787359118286177,1.7427397119690018,-0.9124191495230388,0.9124191495230392,1.7288236672481017,-0.5776581893550843,-0.5765804684883443,-0.5767344287272242,0
1.598278860207891,-0.7553720748175714,-0.3502038645510472,-1.2258476714090278,0.8077365626180215,0.646091668153197,-1.0306701134001208,-1.6570347457541317,-0.721130416342303,1.1353232610265669,0.9972039090469852,-0.5787359118286177,-0.5738091541336192,1.0959875190286648,-1.0959875190286648,-0.5784279906300535,-0.5776581893550843,1.7343632929879855,-0.5767344287272242,0
-0.1399794592388781,-0.278604121311063,1.7244635794717436,1.1101106524402504,0.8077365626180215,0.646091668153197,0.9702425509371356,-0.0596352282830767,-1.43244469563043,-0.8831480292057798,-1.002803930999114,1.7279038324066065,-0.5738091541336192,1.0959875190286648,-1.0959875190286648,1.7288236672481017,-0.5776581893550843,-0.5765804684883443,-0.5767344287272242,0
0.5118674105536603,1.914528464818876,-0.0044259572139154,0.9802583756331474,-0.9115834940401768,0.646091668153197,-1.0306701134001208,0.7457587740779422,-0.721130416342303,1.0290879299617066,-1.002803930999114,1.7279038324066065,-0.5738091541336192,1.0959875190286648,-1.0959875190286648,-0.5784279906300535,-0.5776581893550843,1.7343632929879855,-0.5767344287272242,1
-2.281762031414362,0.9609925578058588,-0.695981771888179,0.9717119198507288,-0.9115834940401768,0.646091668153197,-1.0306701134001208,0.8073125328849959,-1.43244469563043,-0.8964274455888874,-1.002803930999114,1.7279038324066065,-0.5738091541336192,-0.9124191495230388,0.9124191495230392,-0.5784279906300535,1.731127539482183,-0.5765804684883443,-0.5767344287272242,1
-0.7400924504764532,0.007456650792842,-0.0044259572139154,-1.2258476714090278,0.8077365626180215,-1.5477679860172513,0.9702425509371356,-1.0467900217372266,-0.721130416342303,1.6399410835846535,0.9972039090469852,-0.5787359118286177,-0.5738091541336192,-0.9124191495230388,0.9124191495230392,-0.5784279906300535,1.731127539482183,-0.5765804684883443,-0.5767344287272242,0
0.9153916632823744,-1.1367864376227783,0.3413519501232164,-1.2258476714090278,-0.9115834940401768,0.646091668153197,0.9702425509371356,-0.7393430981061652,-0.721130416342303,0.6174260220853727,0.9972039090469852,-0.5787359118286177,-0.5738091541336192,1.0959875190286648,-1.0959875190286648,-0.5784279906300535,-0.5776581893550843,-0.5765804684883443,1.733900301750437,0
0.8533110090164185,0.4842246042993504,0.3413519501232164,1.4693645473875925,-0.9115834940401768,-1.5477679860172513,0.9702425509371356,1.6885284908528837,-0.721130416342303,-1.6887659564476376,0.9972039090469852,-0.5787359118286177,-0.5738091541336192,1.0959875190286648,-1.0959875190286648,-0.5784279906300535,-0.5776581893550843,-0.5765804684883443,1.733900301750437,0
1.443077224543001,-1.23214002832408,-0.3502038645510472,1.0432978027854911,0.8077365626180215,-1.5477679860172513,-1.0306701134001208,-0.0309692866277289,-0.009816137054176,-1.2682511043158986,0.9972039090469852,-0.5787359118286177,-0.5738091541336192,1.0959875190286648,-1.0959875190286648,1.7288236672481017,-0.5776581893550843,-0.5765804684883443,-0.5767344287272242,0
-0.2331004406378122,0.5795781950006521,1.378685672134612,-1.2258476714090278,0.8077365626180215,0.646091668153197,0.9702425509371356,-0.056126127928181,-1.43244469563043,-0.7857656423963245,0.9972039090469852,-0.5787359118286177,-0.5738091541336192,-0.9124191495230388,0.9124191495230392,-0.5784279906300535,1.731127539482183,-0.5765804684883443,-0.5767344287272242,0
-0.1503262349498708,-0.1832505306097613,1.378685672134612,1.2919874053156222,-0.9115834940401768,0.646091668153197,0.9702425509371356,0.9293556697621208,-0.009816137054176,0.1393670322935011,-1.002803930999114,1.7279038324066065,-0.5738091541336192,1.0959875190286648,-1.0959875190286648,-0.5784279906300535,-0.5776581893550843,-0.5765804684883443,1.733900301750437,0
-0.2020601135048342,-0.1832505306097613,1.378685672134612,0.8820295077963322,0.8077365626180215,0.646091668153197,0.9702425509371356,-0.8405505603735791,-1.43244469563043,-0.8964274455888874,-1.002803930999114,1.7279038324066065,-0.5738091541336192,-0.9124191495230388,0.9124191495230392,-0.5784279906300535,-0.5776581893550843,-0.5765804684883443,1.733900301750437,0
0.2945851206228141,-0.278604121311063,-0.695981771888179,-1.2258476714090278,0.8077365626180215,0.646091668153197,0.9702425509371356,-1.7014585999050515,1.412812421522078,0.7369407695333405,0.9972039090469852,-0.5787359118286177,-0.5738091541336192,1.0959875190286648,-1.0959875190286648,-0.5784279906300535,-0.5776581893550843,-0.5765804684883443,1.733900301750437,0
0.0773028306919679,0.5795781950006521,1.378685672134612,0.930804968363032,-0.9115834940401768,0.646091668153197,0.9702425509371356,1.0290537667629098,1.412812421522078,-0.3475449017537755,-1.002803930999114,1.7279038324066065,-0.5738091541336192,1.0959875190286648,-1.0959875190286648,1.7288236672481017,-0.5776581893550843,-0.5765804684883443,-0.5767344287272242,0
-1.060842497517226,0.4842246042993504,1.03290776479748,-1.2258476714090278,-0.9115834940401768,0.646091668153197,-1.0306701134001208,-1.4450341345461803,-1.43244469563043,0.3828229993171393,-1.002803930999114,-0.5787359118286177,1.7427397119690018,-0.9124191495230388,0.9124191495230392,-0.5784279906300535,-0.5776581893550843,-0.5765804684883443,1.733900301750437,0
1.6086256359188835,-0.4693113027136664,-0.0044259572139154,0.6005784112980523,-0.9115834940401768,-1.5477679860172513,0.9702425509371356,-1.1818305672380718,-0.009816137054176,1.179587982303592,0.9972039090469852,-0.5787359118286177,-0.5738091541336192,-0.9124191495230388,0.9124191495230392,1.7288236672481017,-0.5776581893550843,-0.5765804684883443,-0.5767344287272242,0
-0.812519880453402,0.8656389671045572,-0.695981771888179,1.2235431562532828,-0.9115834940401768,0.646091668153197,-1.0306701134001208,-1.0725266123232693,1.412812421522078,-1.126603996229418,-1.002803930999114,1.7279038324066065,-0.5738091541336192,1.0959875190286648,-1.0959875190286648,-0.5784279906300535,1.731127539482183,-0.5765804684883443,-0.5767344287272242,1
0.9878190932593232,-0.8507256655188732,-1.3875375865624426,0.5798733099456077,-0.9115834940401768,-1.5477679860172513,-1.0306701134001208,-1.5368371035284694,-1.43244469563043,-0.0952359904747322,-1.002803930999114,-0.5787359118286177,1.7427397119690018,-0.9124191495230388,0.9124191495230392,1.7288236672481017,-0.5776581893550843,-0.5765804684883443,-0.5767344287272242,1
-1.5471409559338818,-1.1367864376227783,-0.3502038645510472,0.3020459427532909,0.8077365626180215,0.646091668153197,-1.0306701134001208,0.5567005149226932,-1.43244469563043,-1.3523540747422464,-1.002803930999114,1.7279038324066065,-0.5738091541336192,-0.9124191495230388,0.9124191495230392,1.7288236672481017,-0.5776581893550843,-0.5765804684883443,-0.5767344287272242,0
1.9086821315376712,-0.0878969399084596,0.6871298574603482,0.1656914678947537,-0.9115834940401768,-1.5477679860172513,-1.0306701134001208,1.3183597892332108,-0.721130416342303,-1.1443098847402282,-1.002803930999114,-0.5787359118286177,1.7427397119690018,-0.9124191495230388,0.9124191495230392,-0.5784279906300535,1.731127539482183,-0.5765804684883443,-0.5767344287272242,0
0.1600770363799093,-1.7089079818305883,-1.3875375865624426,0.7266938074108676,0.8077365626180215,0.646091668153197,0.9702425509371356,-0.0047285889094344,-0.721130416342303,-0.4006625672862057,-1.002803930999114,1.7279038324066065,-0.5738091541336192,1.0959875190286648,-1.0959875190286648,1.7288236672481017,-0.5776581893550843,-0.5765804684883443,-0.5767344287272242,0
1.7017466173178175,0.007456650792842,0.3413519501232164,-1.2258476714090278,-0.9115834940401768,0.646091668153197,0.9702425509371356,-0.2594849274246725,0.7014981422339509,0.9361320152799536,-1.002803930999114,-0.5787359118286177,1.7427397119690018,1.0959875190286648,-1.0959875190286648,1.7288236672481017,-0.5776581893550843,-0.5765804684883443,-0.5767344287272242,0
0.0255689521370046,-0.0878969399084596,1.03290776479748,0.6864388387102857,-0.9115834940401768,0.646091668153197,-1.0306701134001208,0.8760249955280436,-0.009816137054176,1.644367555712356,0.9972039090469852,-0.5787359118286177,-0.5738091541336192,-0.9124191495230388,0.9124191495230392,-0.5784279906300535,-0.5776581893550843,-0.5765804684883443,1.733900301750437,0
0.7291497004845064,2.868064371831893,-1.0417596792253108,0.5118786212858878,-0.9115834940401768,0.646091668153197,0.9702425509371356,1.3620475669816396,-1.43244469563043,-1.5338394319780495,0.9972039090469852,-0.5787359118286177,-0.5738091541336192,-0.9124191495230388,0.9124191495230392,-0.5784279906300535,-0.5776581893550843,1.7343632929879855,-0.5767344287272242,0
-0.936681188985314,-0.8507256655188732,-1.7333154938995745,0.5192366669487257,-0.9115834940401768,0.646091668153197,-1.0306701134001208,-1.2550561711403343,1.412812421522078,-0.6087067572882239,0.9972039090469852,-0.5787359118286177,-0.5738091541336192,1.0959875190286648,-1.0959875190286648,-0.5784279906300535,1.731127539482183,-0.5765804684883443,-0.5767344287272242,0
-0.7400924504764532,0.007456650792842,-1.0417596792253108,1.2096840344366286,0.8077365626180215,0.646091668153197,-1.0306701134001208,1.0234885909572564,-1.43244469563043,-0.945118638993615,-1.002803930999114,-0.5787359118286177,1.7427397119690018,1.0959875190286648,-1.0959875190286648,-0.5784279906300535,-0.5776581893550843,1.7343632929879855,-0.5767344287272242,0
0.20146413922388,-0.9460792562201747,1.378685672134612,-1.2258476714090278,0.8077365626180215,0.646091668153197,-1.0306701134001208,-1.2647202822069192,0.7014981422339509,-0.7370744489915968,-1.002803930999114,-0.5787359118286177,1.7427397119690018,1.0959875190286648,-1.0959875190286648,1.7288236672481017,-0.5776581893550843,-0.5765804684883443,-0.5767344287272242,0
-1.2470844603150943,1.533114102013669,-0.3502038645510472,0.7119104022281149,-0.9115834940401768,-1.5477679860172513,0.9702425509371356,0.4066529139794191,1.412812421522078,0.6174260220853727,0.9972039090469852,-0.5787359118286177,-0.5738091541336192,1.0959875190286648,-1.0959875190286648,1.7288236672481017,-0.5776581893550843,-0.5765804684883443,-0.5767344287272242,1
-1.040148946095241,-0.8507256655188732,-0.3502038645510472,-1.2258476714090278,0.8077365626180215,0.646091668153197,-1.0306701134001208,-0.1890871228272325,-0.009816137054176,-0.5423096753726862,0.9972039090469852,-0.5787359118286177,-0.5738091541336192,1.0959875190286648,-1.0959875190286648,-0.5784279906300535,1.731127539482183,-0.5765804684883443,-0.5767344287272242,0
2.063883767202561,-0.1832505306097613,0.6871298574603482,1.2286679845720567,-0.9115834940401768,0.646091668153197,0.9702425509371356,0.906750490434302,1.412812421522078,1.153029149537377,0.9972039090469852,-0.5787359118286177,-0.5738091541336192,1.0959875190286648,-1.0959875190286648,-0.5784279906300535,1.731127539482183,-0.5765804684883443,-0.5767344287272242,0
2.063883767202561,0.1028102414941437,-1.3875375865624426,0.0068647426644202,-0.9115834940401768,0.646091668153197,-1.0306701134001208,1.2884067137410475,-0.721130416342303,0.9007202382583336,0.9972039090469852,-0.5787359118286177,-0.5738091541336192,-0.9124191495230388,0.9124191495230392,1.7288236672481017,-0.5776581893550843,-0.5765804684883443,-0.5767344287272242,0
-0.8332134318753873,2.105235646221479,0.3413519501232164,1.0516902380520752,-0.9115834940401768,0.646091668153197,0.9702425509371356,-0.9542422818520626,-1.43244469563043,-1.3169422977206262,0.9972039090469852,-0.5787359118286177,-0.5738091541336192,1.0959875190286648,-1.0959875190286648,-0.5784279906300535,-0.5776581893550843,-0.5765804684883443,1.733900301750437,0
0.0048754007150192,0.5795781950006521,-0.3502038645510472,-1.2258476714090278,0.8077365626180215,-1.5477679860172513,-1.0306701134001208,1.6157680427211536,0.7014981422339509,-1.1620157732510383,-1.002803930999114,-0.5787359118286177,1.7427397119690018,-0.9124191495230388,0.9124191495230392,1.7288236672481017,-0.5776581893550843,-0.5765804684883443,-0.5767344287272242,0
0.7912303547504624,-1.0414328469214764,-1.3875375865624426,-1.2258476714090278,-0.9115834940401768,0.646091668153197,-1.0306701134001208,-1.038694572429884,0.7014981422339509,1.6487940278400586,-1.002803930999114,-0.5787359118286177,1.7427397119690018,-0.9124191495230388,0.9124191495230392,1.7288236672481017,-0.5776581893550843,-0.5765804684883443,-0.5767344287272242,0
2.063883767202561,-0.7553720748175714,-1.3875375865624426,0.8591118640702115,0.8077365626180215,0.646091668153197,0.9702425509371356,-1.662806328998896,-0.009816137054176,0.5421759959144299,-1.002803930999114,1.7279038324066065,-0.5738091541336192,1.0959875190286648,-1.0959875190286648,-0.5784279906300535,1.731127539482183,-0.5765804684883443,-0.5767344287272242,0
0.6463754947965651,-1.3274936190253817,-0.3502038645510472,0.7162047057674328,-0.9115834940401768,0.646091668153197,0.9702425509371356,-0.7620079217066165,-0.009816137054176,1.7107646376278938,0.9972039090469852,-0.5787359118286177,-0.5738091541336192,1.0959875190286648,-1.0959875190286648,-0.5784279906300535,1.731127539482183,-0.5765804684883443,-0.5767344287272242,0
1.3603030188550596,-0.3739577120123647,0.6871298574603482,0.3537343303494413,0.8077365626180215,0.646091668153197,-1.0306701134001208,0.3052486082233162,-0.721130416342303,0.0818228946333683,-1.002803930999114,1.7279038324066065,-0.5738091541336192,-0.9124191495230388,0.9124191495230392,1.7288236672481017,-0.5776581893550843,-0.5765804684883443,-0.5767344287272242,0
-0.5848908148115631,0.9609925578058588,-0.3502038645510472,-1.2258476714090278,0.8077365626180215,0.646091668153197,0.9702425509371356,-1.3295402170281458,-0.009816137054176,0.860881989109011,0.9972039090469852,-0.5787359118286177,-0.5738091541336192,1.0959875190286648,-1.0959875190286648,-0.5784279906300535,-0.5776581893550843,1.7343632929879855,-0.5767344287272242,0
0.2842383449118215,0.1981638321954454,-1.0417596792253108,1.1475765836626202,-0.9115834940401768,0.646091668153197,-1.0306701134001208,-1.4955778736272394,-1.43244469563043,-1.6090894581489923,0.9972039090469852,-0.5787359118286177,-0.5738091541336192,-0.9124191495230388,0.9124191495230392,-0.5784279906300535,-0.5776581893550843,-0.5765804684883443,1.733900301750437,0
-0.5021166091236218,-0.3739577120123647,0.6871298574603482,0.2262471739920553,0.8077365626180215,0.646091668153197,0.9702425509371356,-0.841537733947154,-0.009816137054176,0.697102520384018,-1.002803930999114,1.7279038324066065,-0.5738091541336192,-0.9124191495230388,0.9124191495230392,-0.5784279906300535,1.731127539482183,-0.5765804684883443,-0.5767344287272242,0
1.0188594203923014,-0.9460792562201747,0.6871298574603482,0.9708126387744012,2.52705661927622,0.646091668153197,-1.0306701134001208,0.0501756160041004,1.412812421522078,1.1176173725157568,-1.002803930999114,1.7279038324066065,-0.5738091541336192,1.0959875190286648,-1.0959875190286648,-0.5784279906300535,-0.5776581893550843,-0.5765804684883443,1.733900301750437,1
1.6189724116298765,0.2935174228967471,-0.0044259572139154,-1.2258476714090278,0.8077365626180215,0.646091668153197,0.9702425509371356,-0.438017450525304,-0.721130416342303,0.8166172678319858,-1.002803930999114,-0.5787359118286177,1.7427397119690018,-0.9124191495230388,0.9124191495230392,1.7288236672481017,-0.5776581893550843,-0.5765804684883443,-0.5767344287272242,0
-0.4814230577016364,-0.3739577120123647,0.6871298574603482,1.1347133863885248,-0.9115834940401768,0.646091668153197,0.9702425509371356,-0.7352624212960392,1.412812421522078,1.7417499425218117,-1.002803930999114,-0.5787359118286177,1.7427397119690018,1.0959875190286648,-1.0959875190286648,-0.5784279906300535,-0.5776581893550843,1.7343632929879855,-0.5767344287272242,0
-1.122923151783182,-0.5646648934149681,1.03290776479748,1.0639657212454554,0.8077365626180215,-1.5477679860172513,-1.0306701134001208,-0.388685550907737,-1.43244469563043,1.2459850642191297,-1.002803930999114,1.7279038324066065,-0.5738091541336192,-0.9124191495230388,0.9124191495230392,-0.5784279906300535,1.731127539482183,-0.5765804684883443,-0.5767344287272242,0
-1.9920523115065667,-1.0414328469214764,-1.0417596792253108,1.5297293706187554,0.8077365626180215,0.646091668153197,0.9702425509371356,-1.5739132354050522,0.7014981422339509,-0.1085154068578397,-1.002803930999114,1.7279038324066065,-0.5738091541336192,1.0959875190286648,-1.0959875190286648,-0.5784279906300535,1.731127539482183,-0.5765804684883443,-0.5767344287272242,0
0.6463754947965651,2.105235646221479,-0.3502038645510472,1.1706112252831842,0.8077365626180215,0.646091668153197,-1.0306701134001208,0.4099176988735305,-0.721130416342303,0.8476025727259034,-1.002803930999114,1.7279038324066065,-0.5738091541336192,1.0959875190286648,-1.0959875190286648,-0.5784279906300535,-0.5776581893550843,-0.5765804684883443,1.733900301750437,0
1.060246523236272,-0.3739577120123647,-0.0044259572139154,0.0956509187931666,0.8077365626180215,-1.5477679860172513,-1.0306701134001208,-1.423037396355219,-0.009816137054176,1.3743527559225026,-1.002803930999114,1.7279038324066065,-0.5738091541336192,1.0959875190286648,-1.0959875190286648,1.7288236672481017,-0.5776581893550843,-0.5765804684883443,-0.5767344287272242,0
-0.2227536649268195,-0.1832505306097613,0.3413519501232164,0.8432729135000603,-0.9115834940401768,0.646091668153197,0.9702425509371356,-1.3236317823473407,-1.43244469563043,-1.2239863830388735,0.9972039090469852,-0.5787359118286177,-0.5738091541336192,1.0959875190286648,-1.0959875190286648,1.7288236672481017,-0.5776581893550843,-0.5765804684883443,-0.5767344287272242,0
1.09128685036925,0.007456650792842,-0.695981771888179,0.3883682714419412,2.52705661927622,0.646091668153197,0.9702425509371356,-0.4640115722127145,-1.43244469563043,-0.7415009211192993,-1.002803930999114,1.7279038324066065,-0.5738091541336192,1.0959875190286648,-1.0959875190286648,-0.5784279906300535,-0.5776581893550843,-0.5765804684883443,1.733900301750437,1
-0.4814230577016364,0.1028102414941437,-0.0044259572139154,1.2656534230717698,-0.9115834940401768,-1.5477679860172513,0.9702425509371356,0.2346056187150533,0.7014981422339509,0.5997201335745627,-1.002803930999114,-0.5787359118286177,1.7427397119690018,-0.9124191495230388,0.9124191495230392,-0.5784279906300535,1.731127539482183,-0.5765804684883443,-0.5767344287272242,0
0.967125541837338,-0.8507256655188732,-1.3875375865624426,0.7621113138539581,-0.9115834940401768,0.646091668153197,0.9702425509371356,0.7324368866998989,1.412812421522078,-1.2062804945280634,-1.002803930999114,-0.5787359118286177,1.7427397119690018,1.0959875190286648,-1.0959875190286648,1.7288236672481017,-0.5776581893550843,-0.5765804684883443,-0.5767344287272242,0
-0.5124633848346144,0.7702853764032556,-1.3875375865624426,-0.1932200880080269,0.8077365626180215,-1.5477679860172513,0.9702425509371356,-0.062118203702678,1.412812421522078,-1.3213687698483287,0.9972039090469852,-0.5787359118286177,-0.5738091541336192,-0.9124191495230388,0.9124191495230392,-0.5784279906300535,-0.5776581893550843,-0.5765804684883443,1.733900301750437,0
0.1911173635128873,-1.3274936190253817,-1.3875375865624426,1.3040078972075526,-0.9115834940401768,-1.5477679860172513,-1.0306701134001208,-1.087617830529413,-0.009816137054176,-1.117751051974013,0.9972039090469852,-0.5787359118286177,-0.5738091541336192,-0.9124191495230388,0.9124191495230392,-0.5784279906300535,1.731127539482183,-0.5765804684883443,-0.5767344287272242,1
0.3049318963338068,1.8191748741175744,1.03290776479748,-1.2258476714090278,0.8077365626180215,0.646091668153197,0.9702425509371356,-0.5978641011811192,1.412812421522078,0.6041466057022651,-1.002803930999114,-0.5787359118286177,1.7427397119690018,1.0959875190286648,-1.0959875190286648,-0.5784279906300535,1.731127539482183,-0.5765804684883443,-0.5767344287272242,0
-0.3469149734587316,0.6749317857019538,-0.695981771888179,0.4813838413192529,-0.9115834940401768,-1.5477679860172513,0.9702425509371356,-0.234801414725114,0.7014981422339509,0.3828229993171393,-1.002803930999114,-0.5787359118286177,1.7427397119690018,1.0959875190286648,-1.0959875190286648,1.7288236672481017,-0.5776581893550843,-0.5765804684883443,-0.5767344287272242,0
-0.429689179146673,-0.1832505306097613,0.3413519501232164,-1.2258476714090278,0.8077365626180215,-1.5477679860172513,0.9702425509371356,-1.3573770511268957,-1.43244469563043,-0.5511626196280912,0.9972039090469852,-0.5787359118286177,-0.5738091541336192,-0.9124191495230388,0.9124191495230392,-0.5784279906300535,1.731127539482183,-0.5765804684883443,-0.5767344287272242,0
-0.1813665620828488,0.007456650792842,1.378685672134612,0.8446808950105815,0.8077365626180215,-1.5477679860172513,-1.0306701134001208,1.2330295280066346,-1.43244469563043,0.6661172154901004,0.9972039090469852,-0.5787359118286177,-0.5738091541336192,1.0959875190286648,-1.0959875190286648,-0.5784279906300535,1.731127539482183,-0.5765804684883443,-0.5767344287272242,0
0.1911173635128873,-0.1832505306097613,-1.3875375865624426,0.7860280875444036,-0.9115834940401768,0.646091668153197,0.9702425509371356,1.08108617819968,1.412812421522078,0.5023377467651073,0.9972039090469852,-0.5787359118286177,-0.5738091541336192,-0.9124191495230388,0.9124191495230392,-0.5784279906300535,-0.5776581893550843,1.7343632929879855,-0.5767344287272242,0
0.8429642333054258,-0.278604121311063,-0.0044259572139154,-1.2258476714090278,0.8077365626180215,0.646091668153197,-1.0306701134001208,1.0666067050405397,1.412812421522078,-1.4497364615517017,0.9972039090469852,-0.5787359118286177,-0.5738091541336192,-0.9124191495230388,0.9124191495230392,-0.5784279906300535,-0.5776581893550843,-0.5765804684883443,1.733900301750437,0
-1.009108618962263,-0.3739577120123647,-1.0417596792253108,1.3157998425275987,0.8077365626180215,0.646091668153197,-1.0306701134001208,-0.9816104823801264,-1.43244469563043,-1.6179424024043974,-1.002803930999114,1.7279038324066065,-0.5738091541336192,-0.9124191495230388,0.9124191495230392,-0.5784279906300535,1.731127539482183,-0.5765804684883443,-0.5767344287272242,0
0.5636012891086236,0.8656389671045572,1.378685672134612,0.603953880688273,-0.9115834940401768,-1.5477679860172513,-1.0306701134001208,1.2725785496823745,0.7014981422339509,1.1486026774096745,-1.002803930999114,1.7279038324066065,-0.5738091541336192,-0.9124191495230388,0.9124191495230392,1.7288236672481017,-0.5776581893550843,-0.5765804684883443,-0.5767344287272242,1
1.3499562431440668,-1.0414328469214764,-0.3502038645510472,-1.2258476714090278,0.8077365626180215,0.646091668153197,-1.0306701134001208,1.349610953632673,0.7014981422339509,-0.0199859643037894,0.9972039090469852,-0.5787359118286177,-0.5738091541336192,1.0959875190286648,-1.0959875190286648,-0.5784279906300535,-0.5776581893550843,-0.5765804684883443,1.733900301750437,0
-0.84356020758638,0.3888710135980487,0.6871298574603482,-1.2258476714090278,0.8077365626180215,0.646091668153197,-1.0306701134001208,-0.8269414067028554,-1.43244469563043,-1.0602069143138804,0.9972039090469852,-0.5787359118286177,-0.5738091541336192,-0.9124191495230388,0.9124191495230392,-0.5784279906300535,-0.5776581893550843,1.7343632929879855,-0.5767344287272242,0
-1.2367376846041016,-0.7553720748175714,-0.695981771888179,0.3173747504494533,-0.9115834940401768,0.646091668153197,-1.0306701134001208,-0.7528656545530663,0.7014981422339509,-1.5913835696381822,0.9972039090469852,-0.5787359118286177,-0.5738091541336192,-0.9124191495230388,0.9124191495230392,1.7288236672481017,-0.5776581893550843,-0.5765804684883443,-0.5767344287272242,0
1.9914563372256129,-1.1367864376227783,-0.0044259572139154,-1.2258476714090278,0.8077365626180215,0.646091668153197,0.9702425509371356,-0.5668120408404456,-1.43244469563043,-0.2191772100504026,0.9972039090469852,-0.5787359118286177,-0.5738091541336192,1.0959875190286648,-1.0959875190286648,1.7288236672481017,-0.5776581893550843,-0.5765804684883443,-0.5767344287272242,0
-0.6055843662335485,-0.0878969399084596,1.03290776479748,-1.2258476714090278,0.8077365626180215,0.646091668153197,-1.0306701134001208,1.3969620721728064,-0.721130416342303,-0.0819565740916246,-1.002803930999114,-0.5787359118286177,1.7427397119690018,-0.9124191495230388,0.9124191495230392,-0.5784279906300535,1.731127539482183,-0.5765804684883443,-0.5767344287272242,0
1.3499562431440668,-1.80426157253189,-1.7333154938995745,0.7779111582785696,0.8077365626180215,0.646091668153197,0.9702425509371356,0.1427847390619738,-0.009816137054176,-1.3789129075084614,0.9972039090469852,-0.5787359118286177,-0.5738091541336192,-0.9124191495230388,0.9124191495230392,-0.5784279906300535,-0.5776581893550843,1.7343632929879855,-0.5767344287272242,0
0.8015771304614552,0.5795781950006521,-0.695981771888179,0.5198944194950184,0.8077365626180215,0.646091668153197,-1.0306701134001208,-0.2745695378105248,0.7014981422339509,1.507146919753578,-1.002803930999114,1.7279038324066065,-0.5738091541336192,-0.9124191495230388,0.9124191495230392,-0.5784279906300535,-0.5776581893550843,1.7343632929879855,-0.5767344287272242,1
1.691399841606825,0.8656389671045572,0.6871298574603482,-1.2258476714090278,0.8077365626180215,0.646091668153197,0.9702425509371356,0.5700098822201837,-1.43244469563043,-1.5338394319780495,0.9972039090469852,-0.5787359118286177,-0.5738091541336192,1.0959875190286648,-1.0959875190286648,-0.5784279906300535,1.731127539482183,-0.5765804684883443,-0.5767344287272242,0
-2.4162701156572663,-0.4693113027136664,0.6871298574603482,-1.2258476714090278,0.8077365626180215,0.646091668153197,-1.0306701134001208,-0.7840083115877391,0.7014981422339509,1.6045293065630335,0.9972039090469852,-0.5787359118286177,-0.5738091541336192,-0.9124191495230388,0.9124191495230392,-0.5784279906300535,-0.5776581893550843,-0.5765804684883443,1.733900301750437,0
1.1637142803461988,-0.3739577120123647,1.378685672134612,-1.2258476714090278,-0.9115834940401768,0.646091668153197,0.9702425509371356,-1.194925702046106,-0.009816137054176,-0.7149420883530843,0.9972039090469852,-0.5787359118286177,-0.5738091541336192,-0.9124191495230388,0.9124191495230392,-0.5784279906300535,-0.5776581893550843,-0.5765804684883443,1.733900301750437,0
-1.7126893673097645,0.1981638321954454,-1.0417596792253108,0.38094627761488,0.8077365626180215,0.646091668153197,0.9702425509371356,-1.5195129637337617,1.412812421522078,1.0733526512387317,0.9972039090469852,-0.5787359118286177,-0.5738091541336192,-0.9124191495230388,0.9124191495230392,-0.5784279906300535,-0.5776581893550843,1.7343632929879855,-0.5767344287272242,0
-0.4503827305686584,-0.6600184841162697,0.3413519501232164,-1.2258476714090278,0.8077365626180215,-1.5477679860172513,-1.0306701134001208,1.6688531842643932,-0.721130416342303,1.5292792803920907,0.9972039090469852,-0.5787359118286177,-0.5738091541336192,1.0959875190286648,-1.0959875190286648,-0.5784279906300535,-0.5776581893550843,-0.5765804684883443,1.733900301750437,0
-0.9780682918292848,-0.278604121311063,0.6871298574603482,1.2563040091370787,0.8077365626180215,0.646091668153197,0.9702425509371356,-1.183244988560506,-0.721130416342303,-0.2324566264335101,0.9972039090469852,-0.5787359118286177,-0.5738091541336192,-0.9124191495230388,0.9124191495230392,-0.5784279906300535,1.731127539482183,-0.5765804684883443,-0.5767344287272242,0
0.1911173635128873,-0.5646648934149681,1.378685672134612,-1.2258476714090278,0.8077365626180215,-1.5477679860172513,0.9702425509371356,0.1239973148526752,-0.721130416342303,0.3651171108063293,0.9972039090469852,-0.5787359118286177,-0.5738091541336192,1.0959875190286648,-1.0959875190286648,-0.5784279906300535,-0.5776581893550843,1.7343632929879855,-0.5767344287272242,0
0.0255689521370046,3.344832325338401,-1.7333154938995745,0.7178611074647848,-0.9115834940401768,0.646091668153197,0.9702425509371356,1.0478276275516094,-0.009816137054176,-0.1085154068578397,0.9972039090469852,-0.5787359118286177,-0.5738091541336192,1.0959875190286648,-1.0959875190286648,-0.5784279906300535,1.731127539482183,-0.5765804684883443,-0.5767344287272242,0
-1.6919958158877793,1.3424069206110656,-0.3502038645510472,1.974597516586736,-0.9115834940401768,0.646091668153197,0.9702425509371356,-1.319518761995787,-1.43244469563043,0.5288965795313224,0.9972039090469852,-0.5787359118286177,-0.5738091541336192,-0.9124191495230388,0.9124191495230392,-0.5784279906300535,-0.5776581893550843,-0.5765804684883443,1.733900301750437,1
0.0773028306919679,0.4842246042993504,0.3413519501232164,1.153874916889765,-0.9115834940401768,0.646091668153197,-1.0306701134001208,0.529301883643286,0.7014981422339509,1.4761616148596606,0.9972039090469852,-0.5787359118286177,-0.5738091541336192,1.0959875190286648,-1.0959875190286648,-0.5784279906300535,-0.5776581893550843,-0.5765804684883443,1.733900301750437,0
1.029206196103294,0.1028102414941437,-0.0044259572139154,1.4713033467424903,2.52705661927622,0.646091668153197,-1.0306701134001208,-1.3848295883086823,0.7014981422339509,-0.3696772623922881,-1.002803930999114,1.7279038324066065,-0.5738091541336192,-0.9124191495230388,0.9124191495230392,-0.5784279906300535,1.731127539482183,-0.5765804684883443,-0.5767344287272242,1
-1.381592544557999,-0.1832505306097613,-0.0044259572139154,0.5901654384215492,-0.9115834940401768,-1.5477679860172513,0.9702425509371356,-1.192417338685384,-0.721130416342303,0.5377495237867274,0.9972039090469852,-0.5787359118286177,-0.5738091541336192,-0.9124191495230388,0.9124191495230392,1.7288236672481017,-0.5776581893550843,-0.5765804684883443,-0.5767344287272242,0
0.6981093733515285,-1.3274936190253817,0.6871298574603482,-1.2258476714090278,0.8077365626180215,0.646091668153197,-1.0306701134001208,-1.2121893281181424,-0.721130416342303,-1.6356482909152072,0.9972039090469852,-0.5787359118286177,-0.5738091541336192,1.0959875190286648,-1.0959875190286648,-0.5784279906300535,-0.5776581893550843,1.7343632929879855,-0.5767344287272242,0
1.9707627858036272,-0.6600184841162697,-1.0417596792253108,0.6504493247531316,-0.9115834940401768,0.646091668153197,-1.0306701134001208,0.2328728047885647,-0.009816137054176,0.4005288878279494,-1.002803930999114,1.7279038324066065,-0.5738091541336192,-0.9124191495230388,0.9124191495230392,-0.5784279906300535,-0.5776581893550843,-0.5765804684883443,1.733900301750437,0
0.6567222705075577,-0.1832505306097613,1.378685672134612,1.1536479730287634,0.8077365626180215,-1.5477679860172513,0.9702425509371356,0.8901554714417788,-0.009816137054176,1.4584557263488505,0.9972039090469852,-0.5787359118286177,-0.5738091541336192,-0.9124191495230388,0.9124191495230392,-0.5784279906300535,-0.5776581893550843,-0.5765804684883443,1.733900301750437,0
-0.3469149734587316,2.105235646221479,0.6871298574603482,0.2337480211945489,-0.9115834940401768,0.646091668153197,0.9702425509371356,0.0304225805821788,-0.721130416342303,0.1792052814428237,-1.002803930999114,-0.5787359118286177,1.7427397119690018,-0.9124191495230388,0.9124191495230392,1.7288236672481017,-0.5776581893550843,-0.5765804684883443,-0.5767344287272242,0
-0.781479553320424,-0.8507256655188732,1.03290776479748,-1.2258476714090278,0.8077365626180215,0.646091668153197,-1.0306701134001208,1.4824364882157457,-0.009816137054176,-0.042118324942302,-1.002803930999114,-0.5787359118286177,1.7427397119690018,1.0959875190286648,-1.0959875190286648,-0.5784279906300535,1.731127539482183,-0.5765804684883443,-0.5767344287272242,0
-0.5021166091236218,0.9609925578058588,-1.7333154938995745,1.8482917184210463,-0.9115834940401768,-1.5477679860172513,-1.0306701134001208,-0.0426037453712874,-0.721130416342303,-0.3032801804767503,0.9972039090469852,-0.5787359118286177,-0.5738091541336192,-0.9124191495230388,0.9124191495230392,1.7288236672481017,-0.5776581893550843,-0.5765804684883443,-0.5767344287272242,0
-1.350552217425021,0.3888710135980487,0.6871298574603482,-1.2258476714090278,0.8077365626180215,0.646091668153197,0.9702425509371356,-1.1109397844688709,-1.43244469563043,-1.1044716355909057,-1.002803930999114,-0.5787359118286177,1.7427397119690018,-0.9124191495230388,0.9124191495230392,-0.5784279906300535,-0.5776581893550843,1.7343632929879855,-0.5767344287272242,0
-0.967721516118292,0.007456650792842,1.03290776479748,1.1173157994848717,-0.9115834940401768,0.646091668153197,-1.0306701134001208,1.353810223428034,-0.721130416342303,0.7634996022995557,0.9972039090469852,-0.5787359118286177,-0.5738091541336192,-0.9124191495230388,0.9124191495230392,-0.5784279906300535,1.731127539482183,-0.5765804684883443,-0.5767344287272242,0
-0.8332134318753873,-0.9460792562201747,-0.3502038645510472,0.7299187822491955,0.8077365626180215,0.646091668153197,0.9702425509371356,1.2816133528111806,-0.009816137054176,-0.6662508949483567,-1.002803930999114,1.7279038324066065,-0.5738091541336192,-0.9124191495230388,0.9124191495230392,-0.5784279906300535,1.731127539482183,-0.5765804684883443,-0.5767344287272242,0
-0.6573182447885119,-0.1832505306097613,0.3413519501232164,0.4476073505490397,-0.9115834940401768,0.646091668153197,-1.0306701134001208,1.5986713510564858,0.7014981422339509,0.6307054384684803,-1.002803930999114,1.7279038324066065,-0.5738091541336192,1.0959875190286648,-1.0959875190286648,1.7288236672481017,-0.5776581893550843,-0.5765804684883443,-0.5767344287272242,0
-0.398648852013695,-0.5646648934149681,-1.7333154938995745,-0.1856831798106707,0.8077365626180215,0.646091668153197,-1.0306701134001208,0.0406186211822436,-0.009816137054176,1.5425586967751983,0.9972039090469852,-0.5787359118286177,-0.5738091541336192,1.0959875190286648,-1.0959875190286648,-0.5784279906300535,-0.5776581893550843,1.7343632929879855,-0.5767344287272242,0
-0.4710762819906437,1.6284676927149706,-1.3875375865624426,-0.0377712362342382,0.8077365626180215,0.646091668153197,0.9702425509371356,-0.6588772359543092,-1.43244469563043,1.6045293065630335,-1.002803930999114,1.7279038324066065,-0.5738091541336192,1.0959875190286648,-1.0959875190286648,-0.5784279906300535,-0.5776581893550843,1.7343632929879855,-0.5767344287272242,1
0.6670690462185503,-1.0414328469214764,0.6871298574603482,1.3445257104929105,-0.9115834940401768,-1.5477679860172513,-1.0306701134001208,1.682609622771618,1.412812421522078,1.6842058048616788,0.9972039090469852,-0.5787359118286177,-0.5738091541336192,-0.9124191495230388,0.9124191495230392,1.7288236672481017,-0.5776581893550843,-0.5765804684883443,-0.5767344287272242,0
-1.5781812830668598,0.1981638321954454,-0.3502038645510472,0.1771824241110139,0.8077365626180215,0.646091668153197,0.9702425509371356,-1.5217641437731313,-0.009816137054176,-1.2416922715496834,-1.002803930999114,1.7279038324066065,-0.5738091541336192,1.0959875190286648,-1.0959875190286648,-0.5784279906300535,1.731127539482183,-0.5765804684883443,-0.5767344287272242,1
1.567238533074913,0.1028102414941437,-0.3502038645510472,-1.2258476714090278,0.8077365626180215,0.646091668153197,0.9702425509371356,-0.3161694182367914,-0.009816137054176,1.0379408742171117,-1.002803930999114,-0.5787359118286177,1.7427397119690018,-0.9124191495230388,0.9124191495230392,1.7288236672481017,-0.5776581893550843,-0.5765804684883443,-0.5767344287272242,0
-0.1296326835278854,-0.6600184841162697,-1.7333154938995745,-1.2258476714090278,0.8077365626180215,0.646091668153197,-1.0306701134001208,1.0440312609040334,-0.721130416342303,-0.3386919574983705,0.9972039090469852,-0.5787359118286177,-0.5738091541336192,1.0959875190286648,-1.0959875190286648,-0.5784279906300535,-0.5776581893550843,-0.5765804684883443,1.733900301750437,0
-1.0504957218062334,-0.7553720748175714,-0.3502038645510472,-1.2258476714090278,0.8077365626180215,-1.5477679860172513,0.9702425509371356,-1.2938353817520931,-1.43244469563043,-0.7946185866517296,0.9972039090469852,-0.5787359118286177,-0.5738091541336192,-0.9124191495230388,0.9124191495230392,-0.5784279906300535,-0.5776581893550843,1.7343632929879855,-0.5767344287272242,0
0.6567222705075577,-0.5646648934149681,-0.695981771888179,-0.6646328124298575,-0.9115834940401768,0.646091668153197,-1.0306701134001208,-0.8072523628037582,-0.009816137054176,0.8166172678319858,-1.002803930999114,1.7279038324066065,-0.5738091541336192,-0.9124191495230388,0.9124191495230392,-0.5784279906300535,1.731127539482183,-0.5765804684883443,-0.5767344287272242,0
1.308569140300096,0.4842246042993504,-0.695981771888179,0.7720210355132686,0.8077365626180215,-1.5477679860172513,0.9702425509371356,-0.3529608921708093,0.7014981422339509,-1.038074553675368,-1.002803930999114,1.7279038324066065,-0.5738091541336192,-0.9124191495230388,0.9124191495230392,-0.5784279906300535,1.731127539482183,-0.5765804684883443,-0.5767344287272242,0
-0.9470279646963068,-1.1367864376227783,-1.3875375865624426,-1.2258476714090278,-0.9115834940401768,-1.5477679860172513,0.9702425509371356,-1.7222050689408248,1.412812421522078,0.2278964748475513,-1.002803930999114,-0.5787359118286177,1.7427397119690018,1.0959875190286648,-1.0959875190286648,1.7288236672481017,-0.5776581893550843,-0.5765804684883443,-0.5767344287272242,0
1.6396659630518615,-1.422847209726683,0.6871298574603482,0.5300560873051017,-0.9115834940401768,0.646091668153197,-1.0306701134001208,1.450675478313778,1.412812421522078,-0.5467361475003887,0.9972039090469852,-0.5787359118286177,-0.5738091541336192,-0.9124191495230388,0.9124191495230392,-0.5784279906300535,1.731127539482183,-0.5765804684883443,-0.5767344287272242,0
-2.2921088071253544,0.007456650792842,0.3413519501232164,-0.4561645216717703,-0.9115834940401768,0.646091668153197,-1.0306701134001208,-0.4385375555382618,-0.009816137054176,0.2323229469752538,0.9972039090469852,-0.5787359118286177,-0.5738091541336192,1.0959875190286648,-1.0959875190286648,-0.5784279906300535,1.731127539482183,-0.5765804684883443,-0.5767344287272242,0
0.2842383449118215,2.5820035997279875,1.03290776479748,-1.2258476714090278,0.8077365626180215,0.646091668153197,0.9702425509371356,-0.9211511872813836,-1.43244469563043,0.130514088038096,0.9972039090469852,-0.5787359118286177,-0.5738091541336192,-0.9124191495230388,0.9124191495230392,-0.5784279906300535,-0.5776581893550843,1.7343632929879855,-0.5767344287272242,0
-1.4022860959799843,0.1028102414941437,1.7244635794717436,0.7191379872250948,-0.9115834940401768,0.646091668153197,-1.0306701134001208,0.6654779308942537,1.412812421522078,1.1663085659204846,-1.002803930999114,-0.5787359118286177,1.7427397119690018,-0.9124191495230388,0.9124191495230392,-0.5784279906300535,1.731127539482183,-0.5765804684883443,-0.5767344287272242,0
-2.2507217042813834,-0.4693113027136664,1.378685672134612,1.2232025801906925,-0.9115834940401768,0.646091668153197,-1.0306701134001208,-1.398114784895106,1.412812421522078,-0.9229862783551024,-1.002803930999114,-0.5787359118286177,1.7427397119690018,-0.9124191495230388,0.9124191495230392,1.7288236672481017,-0.5776581893550843,-0.5765804684883443,-0.5767344287272242,0
-0.1192859078168928,3.630893097442306,0.3413519501232164,0.071162458130834,0.8077365626180215,0.646091668153197,0.9702425509371356,-0.7696543870141404,1.412812421522078,-1.3966187960192715,0.9972039090469852,-0.5787359118286177,-0.5738091541336192,-0.9124191495230388,0.9124191495230392,-0.5784279906300535,1.731127539482183,-0.5765804684883443,-0.5767344287272242,0
0.108343157824946,0.2935174228967471,1.378685672134612,-0.0180216711101063,-0.9115834940401768,0.646091668153197,-1.0306701134001208,-1.260391638245848,-0.721130416342303,0.9803967365569788,-1.002803930999114,-0.5787359118286177,1.7427397119690018,1.0959875190286648,-1.0959875190286648,-0.5784279906300535,-0.5776581893550843,1.7343632929879855,-0.5767344287272242,1
-0.7090521233434752,-0.3739577120123647,1.03290776479748,0.7183875979897776,0.8077365626180215,0.646091668153197,0.9702425509371356,-1.24052383541886,-0.721130416342303,0.9007202382583336,-1.002803930999114,1.7279038324066065,-0.5738091541336192,-0.9124191495230388,0.9124191495230392,-0.5784279906300535,1.731127539482183,-0.5765804684883443,-0.5767344287272242,0
0.7084561490625211,-1.613554391129287,0.6871298574603482,0.607907447893912,-0.9115834940401768,0.646091668153197,0.9702425509371356,1.3460331667247454,-0.721130416342303,0.5864407171914551,0.9972039090469852,-0.5787359118286177,-0.5738091541336192,1.0959875190286648,-1.0959875190286648,-0.5784279906300535,1.731127539482183,-0.5765804684883443,-0.5767344287272242,0
-0.2227536649268195,0.1981638321954454,1.7244635794717436,1.180598838691398,-0.9115834940401768,-1.5477679860172513,-1.0306701134001208,-1.619854453762951,-0.721130416342303,0.852029044853606,-1.002803930999114,-0.5787359118286177,1.7427397119690018,-0.9124191495230388,0.9124191495230392,1.7288236672481017,-0.5776581893550843,-0.5765804684883443,-0.5767344287272242,0
1.1016336260802426,0.4842246042993504,-0.3502038645510472,0.7506498475179411,-0.9115834940401768,0.646091668153197,-1.0306701134001208,0.6441937939547473,-0.721130416342303,-0.3785302066476931,0.9972039090469852,-0.5787359118286177,-0.5738091541336192,1.0959875190286648,-1.0959875190286648,-0.5784279906300535,1.731127539482183,-0.5765804684883443,-0.5767344287272242,0
-0.1192859078168928,-1.613554391129287,-0.3502038645510472,-1.2258476714090278,0.8077365626180215,0.646091668153197,-1.0306701134001208,-1.250291411040012,-0.721130416342303,-0.8433097800564572,0.9972039090469852,-0.5787359118286177,-0.5738091541336192,-0.9124191495230388,0.9124191495230392,-0.5784279906300535,1.731127539482183,-0.5765804684883443,-0.5767344287272242,0
-1.6816490401767863,0.007456650792842,1.378685672134612,1.026817928133317,-0.9115834940401768,-1.5477679860172513,-1.0306701134001208,-1.524142437408112,-0.009816137054176,-1.6090894581489923,-1.002803930999114,-0.5787359118286177,1.7427397119690018,1.0959875190286648,-1.0959875190286648,-0.5784279906300535,-0.5776581893550843,1.7343632929879855,-0.5767344287272242,0
1.3913433459880375,-0.0878969399084596,1.378685672134612,0.4922543881527892,-0.9115834940401768,-1.5477679860172513,-1.0306701134001208,0.8052545446441544,1.412812421522078,-1.6356482909152072,-1.002803930999114,1.7279038324066065,-0.5738091541336192,1.0959875190286648,-1.0959875190286648,-0.5784279906300535,-0.5776581893550843,-0.5765804684883443,1.733900301750437,0
1.8155611501387368,0.1981638321954454,-0.0044259572139154,1.1215862226320357,0.8077365626180215,-1.5477679860172513,-1.0306701134001208,1.4058038573930929,-0.009816137054176,1.6709263884785712,-1.002803930999114,-0.5787359118286177,1.7427397119690018,-0.9124191495230388,0.9124191495230392,-0.5784279906300535,1.731127539482183,-0.5765804684883443,-0.5767344287272242,0
-1.122923151783182,0.3888710135980487,1.03290776479748,1.1079937919062757,-0.9115834940401768,-1.5477679860172513,0.9702425509371356,-1.560480232312104,-0.009816137054176,-1.392192323891569,0.9972039090469852,-0.5787359118286177,-0.5738091541336192,1.0959875190286648,-1.0959875190286648,-0.5784279906300535,-0.5776581893550843,1.7343632929879855,-0.5767344287272242,0
0.0048754007150192,-0.4693113027136664,-0.695981771888179,-1.2258476714090278,0.8077365626180215,0.646091668153197,0.9702425509371356,0.0958031367881517,1.412812421522078,0.1128081995272859,0.9972039090469852,-0.5787359118286177,-0.5738091541336192,-0.9124191495230388,0.9124191495230392,-0.5784279906300535,-0.5776581893550843,-0.5765804684883443,1.733900301750437,0
0.9257384389933672,0.1028102414941437,-1.0417596792253108,0.7341903272939779,0.8077365626180215,0.646091668153197,0.9702425509371356,-1.2046647597059994,-0.721130416342303,-1.2771040485713037,-1.002803930999114,1.7279038324066065,-0.5738091541336192,1.0959875190286648,-1.0959875190286648,-0.5784279906300535,1.731127539482183,-0.5765804684883443,-0.5767344287272242,0
2.063883767202561,-0.6600184841162697,-1.0417596792253108,0.8360075045262467,0.8077365626180215,-1.5477679860172513,-1.0306701134001208,-0.7942262623287711,-0.721130416342303,0.0021463963347231,-1.002803930999114,1.7279038324066065,-0.5738091541336192,-0.9124191495230388,0.9124191495230392,-0.5784279906300535,-0.5776581893550843,-0.5765804684883443,1.733900301750437,0
-1.2884715631590649,0.2935174228967471,-1.3875375865624426,-1.2258476714090278,-0.9115834940401768,-1.5477679860172513,0.9702425509371356,1.1893342729878758,-1.43244469563043,-0.059824213453112,0.9972039090469852,-0.5787359118286177,-0.5738091541336192,-0.9124191495230388,0.9124191495230392,-0.5784279906300535,1.731127539482183,-0.5765804684883443,-0.5767344287272242,0
-0.1296326835278854,-0.4693113027136664,0.6871298574603482,-1.2258476714090278,0.8077365626180215,0.646091668153197,0.9702425509371356,1.7194163990263116,0.7014981422339509,-0.1306477674963523,0.9972039090469852,-0.5787359118286177,-0.5738091541336192,1.0959875190286648,-1.0959875190286648,-0.5784279906300535,-0.5776581893550843,-0.5765804684883443,1.733900301750437,0
0.8946981118603892,0.5795781950006521,1.7244635794717436,-1.2258476714090278,0.8077365626180215,0.646091668153197,-1.0306701134001208,-1.7167412710096466,1.412812421522078,-0.334265485370668,0.9972039090469852,-0.5787359118286177,-0.5738091541336192,-0.9124191495230388,0.9124191495230392,-0.5784279906300535,1.731127539482183,-0.5765804684883443,-0.5767344287272242,0
0.3773593263107555,-0.9460792562201747,0.6871298574603482,0.2745632976197508,-0.9115834940401768,-1.5477679860172513,0.9702425509371356,0.225373276537527,-0.721130416342303,1.1043379561326494,-1.002803930999114,-0.5787359118286177,1.7427397119690018,1.0959875190286648,-1.0959875190286648,-0.5784279906300535,-0.5776581893550843,1.7343632929879855,-0.5767344287272242,0
0.3049318963338068,-0.1832505306097613,1.7244635794717436,0.7584090517147388,-0.9115834940401768,0.646091668153197,-1.0306701134001208,-0.318451724587535,0.7014981422339509,1.728470526138704,0.9972039090469852,-0.5787359118286177,-0.5738091541336192,1.0959875190286648,-1.0959875190286648,-0.5784279906300535,1.731127539482183,-0.5765804684883443,-0.5767344287272242,1
-0.2124068892158268,0.9609925578058588,-1.3875375865624426,-1.2258476714090278,0.8077365626180215,-1.5477679860172513,0.9702425509371356,1.0914736716981963,-0.009816137054176,1.7328969982664064,-1.002803930999114,-0.5787359118286177,1.7427397119690018,1.0959875190286648,-1.0959875190286648,-0.5784279906300535,1.731127539482183,-0.5765804684883443,-0.5767344287272242,0
1.0705932989472646,0.7702853764032556,-1.3875375865624426,1.7474001067235827,-0.9115834940401768,0.646091668153197,-1.0306701134001208,-1.26333542218579,0.7014981422339509,-0.5954273409051164,0.9972039090469852,-0.5787359118286177,-0.5738091541336192,1.0959875190286648,-1.0959875190286648,1.7288236672481017,-0.5776581893550843,-0.5765804684883443,-0.5767344287272242,0
0.0359157278479972,0.1028102414941437,-0.695981771888179,-1.2258476714090278,0.8077365626180215,0.646091668153197,-1.0306701134001208,1.1789544306496975,0.7014981422339509,-0.790192114524027,0.9972039090469852,-0.5787359118286177,-0.5738091541336192,1.0959875190286648,-1.0959875190286648,1.7288236672481017,-0.5776581893550843,-0.5765804684883443,-0.5767344287272242,0
-0.0572052535509367,0.5795781950006521,-0.3502038645510472,-1.2258476714090278,-0.9115834940401768,-1.5477679860172513,0.9702425509371356,1.3011599807939915,1.412812421522078,0.2721611961245765,-1.002803930999114,-0.5787359118286177,1.7427397119690018,-0.9124191495230388,0.9124191495230392,-0.5784279906300535,-0.5776581893550843,1.7343632929879855,-0.5767344287272242,1
0.2428512420678507,-0.0878969399084596,1.7244635794717436,0.1160649678492983,-0.9115834940401768,0.646091668153197,-1.0306701134001208,-0.9506935345754168,-1.43244469563043,-0.6928097277145717,-1.002803930999114,1.7279038324066065,-0.5738091541336192,1.0959875190286648,-1.0959875190286648,1.7288236672481017,-0.5776581893550843,-0.5765804684883443,-0.5767344287272242,0
0.2325044663568581,-0.8507256655188732,-1.3875375865624426,-0.1985460565425896,-0.9115834940401768,0.646091668153197,0.9702425509371356,-0.3878945252628201,1.412812421522078,1.4584557263488505,0.9972039090469852,-0.5787359118286177,-0.5738091541336192,-0.9124191495230388,0.9124191495230392,1.7288236672481017,-0.5776581893550843,-0.5765804684883443,-0.5767344287272242,0
-0.99876184325127,0.8656389671045572,0.6871298574603482,-1.2258476714090278,0.8077365626180215,0.646091668153197,0.9702425509371356,-0.6326495799865903,0.7014981422339509,0.2323229469752538,0.9972039090469852,-0.5787359118286177,-0.5738091541336192,1.0959875190286648,-1.0959875190286648,-0.5784279906300535,-0.5776581893550843,-0.5765804684883443,1.733900301750437,0
0.4808270834206822,-0.5646648934149681,-1.3875375865624426,0.1740834223480726,-0.9115834940401768,0.646091668153197,-1.0306701134001208,1.259559578697702,1.412812421522078,1.4850145591150656,0.9972039090469852,-0.5787359118286177,-0.5738091541336192,1.0959875190286648,-1.0959875190286648,-0.5784279906300535,-0.5776581893550843,1.7343632929879855,-0.5767344287272242,0
0.8740045604384039,0.1981638321954454,0.6871298574603482,-0.0376643354183567,-0.9115834940401768,0.646091668153197,0.9702425509371356,-1.5355729231726667,-0.721130416342303,0.6351319105961827,0.9972039090469852,-0.5787359118286177,-0.5738091541336192,-0.9124191495230388,0.9124191495230392,-0.5784279906300535,1.731127539482183,-0.5765804684883443,-0.5767344287272242,1
1.660359514473847,0.5795781950006521,-0.0044259572139154,-1.2258476714090278,0.8077365626180215,0.646091668153197,0.9702425509371356,0.8004670049528267,-0.009816137054176,-1.038074553675368,0.9972039090469852,-0.5787359118286177,-0.5738091541336192,1.0959875190286648,-1.0959875190286648,1.7288236672481017,-0.5776581893550843,-0.5765804684883443,-0.5767344287272242,0
-0.2641407677707902,0.007456650792842,-0.695981771888179,0.8702885286823586,-0.9115834940401768,-1.5477679860172513,0.9702425509371356,0.3690959762316126,-0.721130416342303,0.1924846978259312,0.9972039090469852,-0.5787359118286177,-0.5738091541336192,1.0959875190286648,-1.0959875190286648,1.7288236672481017,-0.5776581893550843,-0.5765804684883443,-0.5767344287272242,0
-0.4814230577016364,0.1981638321954454,1.7244635794717436,-1.2258476714090278,0.8077365626180215,0.646091668153197,0.9702425509371356,1.1500067871819155,-0.721130416342303,1.1928673986866996,-1.002803930999114,-0.5787359118286177,1.7427397119690018,1.0959875190286648,-1.0959875190286648,1.7288236672481017,-0.5776581893550843,-0.5765804684883443,-0.5767344287272242,0
-0.0985923563949074,-0.3739577120123647,-0.0044259572139154,-1.2258476714090278,0.8077365626180215,0.646091668153197,-1.0306701134001208,-0.120702442848654,0.7014981422339509,0.6218524942130752,0.9972039090469852,-0.5787359118286177,-0.5738091541336192,-0.9124191495230388,0.9124191495230392,-0.5784279906300535,1.731127539482183,-0.5765804684883443,-0.5767344287272242,0
-1.826503900130684,1.4377605113123673,-0.695981771888179,-1.2258476714090278,-0.9115834940401768,0.646091668153197,-1.0306701134001208,0.1446578822246565,-0.721130416342303,-0.7946185866517296,0.9972039090469852,-0.5787359118286177,-0.5738091541336192,-0.9124191495230388,0.9124191495230392,-0.5784279906300535,-0.5776581893550843,1.7343632929879855,-0.5767344287272242,1
0.8326174575944332,-1.7089079818305883,1.03290776479748,0.8947321134399734,-0.9115834940401768,0.646091668153197,-1.0306701134001208,0.1143017296947011,-0.721130416342303,-1.494001182828727,-1.002803930999114,1.7279038324066065,-0.5738091541336192,1.0959875190286648,-1.0959875190286648,-0.5784279906300535,1.731127539482183,-0.5765804684883443,-0.5767344287272242,1
0.8636577847274112,-0.9460792562201747,-1.7333154938995745,1.0178619797203483,-0.9115834940401768,0.646091668153197,-1.0306701134001208,-1.431906308416703,-0.721130416342303,1.5868234180522234,0.9972039090469852,-0.5787359118286177,-0.5738091541336192,1.0959875190286648,-1.0959875190286648,-0.5784279906300535,1.731127539482183,-0.5765804684883443,-0.5767344287272242,0
-0.781479553320424,1.3424069206110656,-1.3875375865624426,0.134907238342689,0.8077365626180215,-1.5477679860172513,0.9702425509371356,-1.2880804919480655,-0.009816137054176,1.2946762576238575,-1.002803930999114,-0.5787359118286177,1.7427397119690018,-0.9124191495230388,0.9124191495230392,-0.5784279906300535,1.731127539482183,-0.5765804684883443,-0.5767344287272242,0
0.0048754007150192,0.1981638321954454,-0.3502038645510472,0.912690969694776,-0.9115834940401768,-1.5477679860172513,0.9702425509371356,0.8905470717390648,-0.009816137054176,0.8874408218752261,-1.002803930999114,1.7279038324066065,-0.5738091541336192,1.0959875190286648,-1.0959875190286648,-0.5784279906300535,-0.5776581893550843,-0.5765804684883443,1.733900301750437,0
0.3773593263107555,-1.1367864376227783,1.378685672134612,1.215543865966245,0.8077365626180215,-1.5477679860172513,-1.0306701134001208,0.4591492639566685,1.412812421522078,0.7192348810225305,-1.002803930999114,1.7279038324066065,-0.5738091541336192,1.0959875190286648,-1.0959875190286648,1.7288236672481017,-0.5776581893550843,-0.5765804684883443,-0.5767344287272242,0
0.2635447934898361,-0.6600184841162697,-0.0044259572139154,-1.2258476714090278,0.8077365626180215,0.646091668153197,0.9702425509371356,-0.4282011857020026,1.412812421522078,1.1308967888988644,0.9972039090469852,-0.5787359118286177,-0.5738091541336192,1.0959875190286648,-1.0959875190286648,1.7288236672481017,-0.5776581893550843,-0.5765804684883443,-0.5767344287272242,0
-1.9920523115065667,-0.3739577120123647,-0.0044259572139154,1.442545424559523,-0.9115834940401768,0.646091668153197,-1.0306701134001208,0.6120493565858545,-0.009816137054176,-0.0155594921760869,-1.002803930999114,-0.5787359118286177,1.7427397119690018,1.0959875190286648,-1.0959875190286648,-0.5784279906300535,-0.5776581893550843,-0.5765804684883443,1.733900301750437,0
-0.6573182447885119,-0.5646648934149681,1.03290776479748,1.1487859892947656,-0.9115834940401768,-1.5477679860172513,-1.0306701134001208,0.3970806168368867,-0.009816137054176,-0.6751038392037616,0.9972039090469852,-0.5787359118286177,-0.5738091541336192,-0.9124191495230388,0.9124191495230392,1.7288236672481017,-0.5776581893550843,-0.5765804684883443,-0.5767344287272242,0
1.4120368974100228,0.2935174228967471,1.7244635794717436,1.1139283097630297,0.8077365626180215,0.646091668153197,0.9702425509371356,-0.3578633731572107,0.7014981422339509,-0.9318392226105074,0.9972039090469852,-0.5787359118286177,-0.5738091541336192,1.0959875190286648,-1.0959875190286648,1.7288236672481017,-0.5776581893550843,-0.5765804684883443,-0.5767344287272242,0
0.905044887571382,0.9609925578058588,-0.695981771888179,-1.2258476714090278,2.52705661927622,0.646091668153197,0.9702425509371356,-0.6090281874539147,-0.721130416342303,-0.6485450064375465,-1.002803930999114,-0.5787359118286177,1.7427397119690018,-0.9124191495230388,0.9124191495230392,-0.5784279906300535,-0.5776581893550843,1.7343632929879855,-0.5767344287272242,1
-0.6262779176555339,0.1028102414941437,-1.0417596792253108,0.6596043298577412,0.8077365626180215,-1.5477679860172513,-1.0306701134001208,-0.1372372958985213,1.412812421522078,-0.1439271838794598,-1.002803930999114,1.7279038324066065,-0.5738091541336192,1.0959875190286648,-1.0959875190286648,1.7288236672481017,-0.5776581893550843,-0.5765804684883443,-0.5767344287272242,0
0.4187464291547262,-1.422847209726683,0.3413519501232164,-1.2258476714090278,0.8077365626180215,0.646091668153197,0.9702425509371356,-0.1265752300778855,-0.009816137054176,-0.0686771577085171,0.9972039090469852,-0.5787359118286177,-0.5738091541336192,-0.9124191495230388,0.9124191495230392,-0.5784279906300535,1.731127539482183,-0.5765804684883443,-0.5767344287272242,0
0.8533110090164185,0.8656389671045572,0.6871298574603482,0.1511297176270892,-0.9115834940401768,0.646091668153197,0.9702425509371356,-1.3255590053024104,-0.721130416342303,1.1087644282603517,-1.002803930999114,1.7279038324066065,-0.5738091541336192,-0.9124191495230388,0.9124191495230392,-0.5784279906300535,1.731127539482183,-0.5765804684883443,-0.5767344287272242,0
-0.460729506279651,-0.278604121311063,-1.7333154938995745,0.2831616812347713,-0.9115834940401768,-1.5477679860172513,0.9702425509371356,0.348615211127568,-0.009816137054176,1.462882198476553,-1.002803930999114,-0.5787359118286177,1.7427397119690018,-0.9124191495230388,0.9124191495230392,1.7288236672481017,-0.5776581893550843,-0.5765804684883443,-0.5767344287272242,0
0.9774723175483306,0.7702853764032556,-0.0044259572139154,-1.2258476714090278,0.8077365626180215,-1.5477679860172513,-1.0306701134001208,0.7946681209768571,-1.43244469563043,0.1349405601657985,0.9972039090469852,-0.5787359118286177,-0.5738091541336192,-0.9124191495230388,0.9124191495230392,-0.5784279906300535,-0.5776581893550843,1.7343632929879855,-0.5767344287272242,0
-1.2884715631590649,-0.8507256655188732,1.378685672134612,-1.2258476714090278,0.8077365626180215,-1.5477679860172513,-1.0306701134001208,0.01574469892428,-1.43244469563043,-0.3918096230308007,0.9972039090469852,-0.5787359118286177,-0.5738091541336192,-0.9124191495230388,0.9124191495230392,-0.5784279906300535,-0.5776581893550843,1.7343632929879855,-0.5767344287272242,0
1.6810530658958325,-0.4693113027136664,-1.7333154938995745,-1.2258476714090278,0.8077365626180215,0.646091668153197,-1.0306701134001208,-0.98980087563166,-0.721130416342303,-0.4493537606909334,0.9972039090469852,-0.5787359118286177,-0.5738091541336192,-0.9124191495230388,0.9124191495230392,1.7288236672481017,-0.5776581893550843,-0.5765804684883443,-0.5767344287272242,0
0.0048754007150192,-1.518200800427985,1.7244635794717436,-1.2258476714090278,0.8077365626180215,0.646091668153197,0.9702425509371356,1.2173863829161284,1.412812421522078,-0.7769126981409195,0.9972039090469852,-0.5787359118286177,-0.5738091541336192,-0.9124191495230388,0.9124191495230392,-0.5784279906300535,-0.5776581893550843,-0.5765804684883443,1.733900301750437,0
1.4844643273869715,1.533114102013669,0.3413519501232164,0.6300386413898533,-0.9115834940401768,0.646091668153197,-1.0306701134001208,1.0509237391382753,-1.43244469563043,-0.7282215047361918,-1.002803930999114,1.7279038324066065,-0.5738091541336192,1.0959875190286648,-1.0959875190286648,-0.5784279906300535,1.731127539482183,-0.5765804684883443,-0.5767344287272242,1
1.7017466173178175,-0.1832505306097613,-1.0417596792253108,0.5495915302552941,0.8077365626180215,0.646091668153197,-1.0306701134001208,-1.6990210097774536,-0.009816137054176,0.0729699503779633,-1.002803930999114,1.7279038324066065,-0.5738091541336192,-0.9124191495230388,0.9124191495230392,-0.5784279906300535,1.731127539482183,-0.5765804684883443,-0.5767344287272242,0
0.5429077376866382,0.2935174228967471,0.6871298574603482,-1.2258476714090278,0.8077365626180215,-1.5477679860172513,0.9702425509371356,-0.4797548779476421,-0.009816137054176,-0.6972361998422743,0.9972039090469852,-0.5787359118286177,-0.5738091541336192,1.0959875190286648,-1.0959875190286648,1.7288236672481017,-0.5776581893550843,-0.5765804684883443,-0.5767344287272242,0
0.3670125505997628,0.3888710135980487,-1.0417596792253108,0.9361456818377164,-0.9115834940401768,0.646091668153197,0.9702425509371356,-0.0390068305625154,0.7014981422339509,-0.2900007640936428,-1.002803930999114,1.7279038324066065,-0.5738091541336192,-0.9124191495230388,0.9124191495230392,-0.5784279906300535,-0.5776581893550843,1.7343632929879855,-0.5767344287272242,0
-0.2951810949037682,-0.5646648934149681,-0.695981771888179,0.3275978020863471,0.8077365626180215,0.646091668153197,-1.0306701134001208,-0.8961677143185843,-0.721130416342303,0.7502201859164481,-1.002803930999114,1.7279038324066065,-0.5738091541336192,-0.9124191495230388,0.9124191495230392,-0.5784279906300535,-0.5776581893550843,1.7343632929879855,-0.5767344287272242,0
-0.9573747404072994,0.5795781950006521,-0.3502038645510472,-1.2258476714090278,-0.9115834940401768,0.646091668153197,-1.0306701134001208,0.5515252005142489,0.7014981422339509,-1.5869570975104796,-1.002803930999114,-0.5787359118286177,1.7427397119690018,-0.9124191495230388,0.9124191495230392,-0.5784279906300535,1.731127539482183,-0.5765804684883443,-0.5767344287272242,0
-1.040148946095241,-0.278604121311063,-1.0417596792253108,0.5992750868081764,0.8077365626180215,0.646091668153197,-1.0306701134001208,1.301247969137875,1.412812421522078,1.653220499967761,-1.002803930999114,1.7279038324066065,-0.5738091541336192,-0.9124191495230388,0.9124191495230392,1.7288236672481017,-0.5776581893550843,-0.5765804684883443,-0.5767344287272242,0
-0.8746005347193581,-0.6600184841162697,1.7244635794717436,1.1383313459353102,-0.9115834940401768,0.646091668153197,0.9702425509371356,1.039875985280615,-0.721130416342303,0.860881989109011,-1.002803930999114,-0.5787359118286177,1.7427397119690018,-0.9124191495230388,0.9124191495230392,-0.5784279906300535,1.731127539482183,-0.5765804684883443,-0.5767344287272242,0
-0.3262214220367463,-1.3274936190253817,-0.3502038645510472,-1.2258476714090278,-0.9115834940401768,0.646091668153197,-1.0306701134001208,0.7900539496231822,0.7014981422339509,0.0995287831441784,0.9972039090469852,-0.5787359118286177,-0.5738091541336192,-0.9124191495230388,0.9124191495230392,1.7288236672481017,-0.5776581893550843,-0.5765804684883443,-0.5767344287272242,0
-2.04378619006153,-0.0878969399084596,1.03290776479748,0.7073936424182673,-0.9115834940401768,0.646091668153197,-1.0306701134001208,0.5148491895453274,1.412812421522078,-1.073486330696988,-1.002803930999114,1.7279038324066065,-0.5738091541336192,1.0959875190286648,-1.0959875190286648,-0.5784279906300535,1.731127539482183,-0.5765804684883443,-0.5767344287272242,0
-1.0815360489392114,-1.80426157253189,0.3413519501232164,-1.2258476714090278,-0.9115834940401768,-1.5477679860172513,0.9702425509371356,-1.3838408497250383,0.7014981422339509,-0.3652507902645856,0.9972039090469852,-0.5787359118286177,-0.5738091541336192,1.0959875190286648,-1.0959875190286648,-0.5784279906300535,1.731127539482183,-0.5765804684883443,-0.5767344287272242,0
0.7705368033284771,0.007456650792842,-1.3875375865624426,-0.4103726676844517,0.8077365626180215,0.646091668153197,0.9702425509371356,1.4595162201940184,0.7014981422339509,0.1659258650597161,-1.002803930999114,1.7279038324066065,-0.5738091541336192,-0.9124191495230388,0.9124191495230392,-0.5784279906300535,1.731127539482183,-0.5765804684883443,-0.5767344287272242,0
-2.2921088071253544,-1.1367864376227783,0.3413519501232164,0.654251435780348,0.8077365626180215,0.646091668153197,0.9702425509371356,-1.322776939069607,0.7014981422339509,1.6753528606062738,0.9972039090469852,-0.5787359118286177,-0.5738091541336192,1.0959875190286648,-1.0959875190286648,1.7288236672481017,-0.5776581893550843,-0.5765804684883443,-0.5767344287272242,0
0.522214186264653,0.007456650792842,1.378685672134612,1.0217456687314983,-0.9115834940401768,-1.5477679860172513,0.9702425509371356,0.8096623085587178,-0.721130416342303,-1.1708687175064434,0.9972039090469852,-0.5787359118286177,-0.5738091541336192,-0.9124191495230388,0.9124191495230392,-0.5784279906300535,-0.5776581893550843,1.7343632929879855,-0.5767344287272242,0
-0.5228101605456071,-1.1367864376227783,0.3413519501232164,-1.2258476714090278,0.8077365626180215,0.646091668153197,0.9702425509371356,1.250981758509067,-0.721130416342303,-1.392192323891569,-1.002803930999114,-0.5787359118286177,1.7427397119690018,1.0959875190286648,-1.0959875190286648,-0.5784279906300535,-0.5776581893550843,-0.5765804684883443,1.733900301750437,0
-0.6469714690775192,-0.5646648934149681,-1.0417596792253108,-1.2258476714090278,0.8077365626180215,0.646091668153197,0.9702425509371356,-1.5233926236950144,-1.43244469563043,-0.6087067572882239,-1.002803930999114,-0.5787359118286177,1.7427397119690018,-0.9124191495230388,0.9124191495230392,-0.5784279906300535,-0.5776581893550843,1.7343632929879855,-0.5767344287272242,0
1.308569140300096,-1.518200800427985,0.3413519501232164,-1.2258476714090278,0.8077365626180215,0.646091668153197,0.9702425509371356,1.0978587388900407,0.7014981422339509,-0.0067065479206819,0.9972039090469852,-0.5787359118286177,-0.5738091541336192,-0.9124191495230388,0.9124191495230392,-0.5784279906300535,-0.5776581893550843,1.7343632929879855,-0.5767344287272242,0
-0.6262779176555339,-1.422847209726683,0.6871298574603482,0.8004843794359812,-0.9115834940401768,0.646091668153197,-1.0306701134001208,-0.7183244912083796,-0.009816137054176,0.267734723996874,0.9972039090469852,-0.5787359118286177,-0.5738091541336192,-0.9124191495230388,0.9124191495230392,-0.5784279906300535,-0.5776581893550843,-0.5765804684883443,1.733900301750437,0
0.1290367092469313,-1.613554391129287,0.3413519501232164,-1.2258476714090278,0.8077365626180215,-1.5477679860172513,0.9702425509371356,0.5518731544196077,0.7014981422339509,-0.5777214523943063,0.9972039090469852,-0.5787359118286177,-0.5738091541336192,-0.9124191495230388,0.9124191495230392,-0.5784279906300535,-0.5776581893550843,1.7343632929879855,-0.5767344287272242,0
1.3603030188550596,0.007456650792842,1.03290776479748,-1.2258476714090278,0.8077365626180215,0.646091668153197,0.9702425509371356,-1.150118420428261,-0.009816137054176,-0.807898003034837,0.9972039090469852,-0.5787359118286177,-0.5738091541336192,-0.9124191495230388,0.9124191495230392,-0.5784279906300535,-0.5776581893550843,1.7343632929879855,-0.5767344287272242,0
-0.9573747404072994,1.8191748741175744,-1.0417596792253108,1.0586112244571793,-0.9115834940401768,0.646091668153197,0.9702425509371356,-0.1964680580930354,-0.009816137054176,-0.5290302589895787,-1.002803930999114,1.7279038324066065,-0.5738091541336192,-0.9124191495230388,0.9124191495230392,1.7288236672481017,-0.5776581893550843,-0.5765804684883443,-0.5767344287272242,0
-2.840487919807966,-0.9460792562201747,-0.3502038645510472,0.6180189508533646,4.246376675934418,0.646091668153197,-1.0306701134001208,0.3348537298101204,-0.721130416342303,-1.436457045168594,-1.002803930999114,1.7279038324066065,-0.5738091541336192,1.0959875190286648,-1.0959875190286648,1.7288236672481017,-0.5776581893550843,-0.5765804684883443,-0.5767344287272242,1
-1.5885280587778523,1.533114102013669,0.6871298574603482,0.8861832535912306,-0.9115834940401768,0.646091668153197,0.9702425509371356,-1.5670550135023225,1.412812421522078,-0.0067065479206819,-1.002803930999114,1.7279038324066065,-0.5738091541336192,1.0959875190286648,-1.0959875190286648,-0.5784279906300535,1.731127539482183,-0.5765804684883443,-0.5767344287272242,0
0.1186899335359386,-0.4693113027136664,-1.0417596792253108,0.6610525394114203,0.8077365626180215,-1.5477679860172513,0.9702425509371356,-0.7819737984979332,-1.43244469563043,0.8210437399596884,0.9972039090469852,-0.5787359118286177,-0.5738091541336192,-0.9124191495230388,0.9124191495230392,-0.5784279906300535,1.731127539482183,-0.5765804684883443,-0.5767344287272242,0
1.7327869444507955,-1.23214002832408,-0.3502038645510472,-1.2258476714090278,0.8077365626180215,0.646091668153197,0.9702425509371356,1.1641362197556049,-0.009816137054176,-1.529412959850347,-1.002803930999114,-0.5787359118286177,1.7427397119690018,-0.9124191495230388,0.9124191495230392,-0.5784279906300535,-0.5776581893550843,-0.5765804684883443,1.733900301750437,0
0.0979963821139533,-0.4693113027136664,1.03290776479748,0.4808256171187809,0.8077365626180215,-1.5477679860172513,0.9702425509371356,1.428896276522419,1.412812421522078,-1.2593981600604935,0.9972039090469852,-0.5787359118286177,-0.5738091541336192,-0.9124191495230388,0.9124191495230392,-0.5784279906300535,-0.5776581893550843,-0.5765804684883443,1.733900301750437,0
-0.781479553320424,0.9609925578058588,0.6871298574603482,0.7167204581295109,4.246376675934418,0.646091668153197,0.9702425509371356,1.1822832070666336,-0.721130416342303,-1.6799130121922323,-1.002803930999114,1.7279038324066065,-0.5738091541336192,-0.9124191495230388,0.9124191495230392,1.7288236672481017,-0.5776581893550843,-0.5765804684883443,-0.5767344287272242,1
1.4016901216990303,-0.3739577120123647,-0.695981771888179,-1.2258476714090278,0.8077365626180215,0.646091668153197,-1.0306701134001208,-0.1282833516232839,-0.009816137054176,-0.343118429626073,0.9972039090469852,-0.5787359118286177,-0.5738091541336192,-0.9124191495230388,0.9124191495230392,-0.5784279906300535,-0.5776581893550843,1.7343632929879855,-0.5767344287272242,0
-0.0675520292619294,-0.0878969399084596,-0.695981771888179,-1.2258476714090278,0.8077365626180215,0.646091668153197,0.9702425509371356,-0.3505940752763353,0.7014981422339509,-0.2324566264335101,0.9972039090469852,-0.5787359118286177,-0.5738091541336192,-0.9124191495230388,0.9124191495230392,-0.5784279906300535,-0.5776581893550843,-0.5765804684883443,1.733900301750437,0
-0.2434472163488049,-0.6600184841162697,-1.3875375865624426,-1.2258476714090278,-0.9115834940401768,0.646091668153197,-1.0306701134001208,0.1175750351991884,1.412812421522078,-1.3877658517638665,0.9972039090469852,-0.5787359118286177,-0.5738091541336192,1.0959875190286648,-1.0959875190286648,-0.5784279906300535,1.731127539482183,-0.5765804684883443,-0.5767344287272242,0
-1.3298586660030356,-0.4693113027136664,1.378685672134612,0.8005605082029131,-0.9115834940401768,0.646091668153197,-1.0306701134001208,1.289538389911001,-0.009816137054176,1.6222351950738436,-1.002803930999114,-0.5787359118286177,1.7427397119690018,-0.9124191495230388,0.9124191495230392,-0.5784279906300535,1.731127539482183,-0.5765804684883443,-0.5767344287272242,1
-0.0054713749959734,0.2935174228967471,-0.3502038645510472,1.8919484409703269,-0.9115834940401768,0.646091668153197,-1.0306701134001208,1.2338377687623114,-0.009816137054176,0.9626908480461688,-1.002803930999114,-0.5787359118286177,1.7427397119690018,-0.9124191495230388,0.9124191495230392,-0.5784279906300535,-0.5776581893550843,1.7343632929879855,-0.5767344287272242,1
-0.0468584778399441,0.1028102414941437,-0.0044259572139154,0.2755787752350793,0.8077365626180215,0.646091668153197,0.9702425509371356,1.3803913977813576,0.7014981422339509,-1.365633491125354,0.9972039090469852,-0.5787359118286177,-0.5738091541336192,-0.9124191495230388,0.9124191495230392,-0.5784279906300535,-0.5776581893550843,-0.5765804684883443,1.733900301750437,0
0.0979963821139533,-1.80426157253189,0.3413519501232164,1.461667047559782,-0.9115834940401768,0.646091668153197,-1.0306701134001208,-0.7331261825517432,1.412812421522078,-1.1575893011233358,0.9972039090469852,-0.5787359118286177,-0.5738091541336192,1.0959875190286648,-1.0959875190286648,1.7288236672481017,-0.5776581893550843,-0.5765804684883443,-0.5767344287272242,0
-1.2677780117370796,-0.1832505306097613,0.3413519501232164,0.4373246780673065,-0.9115834940401768,0.646091668153197,-1.0306701134001208,1.6871112872903269,-0.009816137054176,-0.95397158324902,0.9972039090469852,-0.5787359118286177,-0.5738091541336192,-0.9124191495230388,0.9124191495230392,1.7288236672481017,-0.5776581893550843,-0.5765804684883443,-0.5767344287272242,0
0.6981093733515285,-0.9460792562201747,-0.695981771888179,-1.2258476714090278,-0.9115834940401768,-1.5477679860172513,0.9702425509371356,0.5976956059022637,0.7014981422339509,-1.5648247368719672,0.9972039090469852,-0.5787359118286177,-0.5738091541336192,1.0959875190286648,-1.0959875190286648,-0.5784279906300535,-0.5776581893550843,1.7343632929879855,-0.5767344287272242,0
0.93608521470436,0.3888710135980487,-1.7333154938995745,-1.2258476714090278,0.8077365626180215,0.646091668153197,0.9702425509371356,-1.6896824208052377,-1.43244469563043,-1.6135159302766948,-1.002803930999114,-0.5787359118286177,1.7427397119690018,-0.9124191495230388,0.9124191495230392,-0.5784279906300535,-0.5776581893550843,-0.5765804684883443,1.733900301750437,1
-0.5228101605456071,0.3888710135980487,-0.0044259572139154,0.9221384695354932,-0.9115834940401768,0.646091668153197,-1.0306701134001208,1.6462965202487156,-0.009816137054176,-0.1704860166456749,0.9972039090469852,-0.5787359118286177,-0.5738091541336192,1.0959875190286648,-1.0959875190286648,-0.5784279906300535,1.731127539482183,-0.5765804684883443,-0.5767344287272242,0
0.8533110090164185,-1.0414328469214764,-0.0044259572139154,-1.2258476714090278,0.8077365626180215,-1.5477679860172513,-1.0306701134001208,-1.5185654370819368,1.412812421522078,0.7546466580441507,0.9972039090469852,-0.5787359118286177,-0.5738091541336192,1.0959875190286648,-1.0959875190286648,-0.5784279906300535,-0.5776581893550843,-0.5765804684883443,1.733900301750437,0
-2.3541894613913104,-0.278604121311063,-0.0044259572139154,0.3394496887934092,-0.9115834940401768,0.646091668153197,-1.0306701134001208,0.3179111046922534,-0.721130416342303,1.4584557263488505,0.9972039090469852,-0.5787359118286177,-0.5738091541336192,1.0959875190286648,-1.0959875190286648,-0.5784279906300535,-0.5776581893550843,-0.5765804684883443,1.733900301750437,1
0.905044887571382,-0.5646648934149681,-0.3502038645510472,0.2594854744478312,-0.9115834940401768,0.646091668153197,-1.0306701134001208,0.0995935911754669,-1.43244469563043,1.7063381655001912,0.9972039090469852,-0.5787359118286177,-0.5738091541336192,-0.9124191495230388,0.9124191495230392,-0.5784279906300535,1.731127539482183,-0.5765804684883443,-0.5767344287272242,0
-2.5404314241891783,0.007456650792842,1.7244635794717436,-1.2258476714090278,-0.9115834940401768,0.646091668153197,-1.0306701134001208,1.0558707359666415,-0.721130416342303,-0.6706773670760591,0.9972039090469852,-0.5787359118286177,-0.5738091541336192,-0.9124191495230388,0.9124191495230392,1.7288236672481017,-0.5776581893550843,-0.5765804684883443,-0.5767344287272242,1
-1.3712457688470063,-0.0878969399084596,-0.695981771888179,0.2319430481983634,-0.9115834940401768,-1.5477679860172513,0.9702425509371356,1.0818453819731924,0.7014981422339509,1.060073234855624,0.9972039090469852,-0.5787359118286177,-0.5738091541336192,-0.9124191495230388,0.9124191495230392,-0.5784279906300535,-0.5776581893550843,1.7343632929879855,-0.5767344287272242,0
0.3670125505997628,0.4842246042993504,0.6871298574603482,-0.3434973123052646,-0.9115834940401768,0.646091668153197,-1.0306701134001208,1.4201066583044348,-0.009816137054176,-0.4936184819679585,0.9972039090469852,-0.5787359118286177,-0.5738091541336192,1.0959875190286648,-1.0959875190286648,1.7288236672481017,-0.5776581893550843,-0.5765804684883443,-0.5767344287272242,0
-0.7607860018984386,1.914528464818876,0.6871298574603482,0.5595236898669635,-0.9115834940401768,-1.5477679860172513,0.9702425509371356,1.5820472924326812,1.412812421522078,-0.1040889347301372,-1.002803930999114,1.7279038324066065,-0.5738091541336192,1.0959875190286648,-1.0959875190286648,-0.5784279906300535,-0.5776581893550843,-0.5765804684883443,1.733900301750437,0
-0.1503262349498708,-0.278604121311063,-1.3875375865624426,-1.2258476714090278,-0.9115834940401768,0.646091668153197,-1.0306701134001208,-0.9904020133881948,-0.009816137054176,0.7812054908103657,-1.002803930999114,-0.5787359118286177,1.7427397119690018,1.0959875190286648,-1.0959875190286648,1.7288236672481017,-0.5776581893550843,-0.5765804684883443,-0.5767344287272242,0
1.0085126446813086,2.5820035997279875,1.03290776479748,-1.2258476714090278,-0.9115834940401768,0.646091668153197,0.9702425509371356,1.0997049291015333,0.7014981422339509,0.285440612507684,0.9972039090469852,-0.5787359118286177,-0.5738091541336192,-0.9124191495230388,0.9124191495230392,-0.5784279906300535,1.731127539482183,-0.5765804684883443,-0.5767344287272242,0
1.060246523236272,0.1028102414941437,-1.7333154938995745,-1.1654464666408262,0.8077365626180215,0.646091668153197,-1.0306701134001208,1.3385183361530322,-0.009816137054176,0.0596905339948558,0.9972039090469852,-0.5787359118286177,-0.5738091541336192,1.0959875190286648,-1.0959875190286648,-0.5784279906300535,-0.5776581893550843,1.7343632929879855,-0.5767344287272242,1
-0.1089391321059001,0.5795781950006521,1.03290776479748,0.7068804543936015,-0.9115834940401768,-1.5477679860172513,-1.0306701134001208,1.6525410843143582,1.412812421522078,1.4673086706042555,-1.002803930999114,1.7279038324066065,-0.5738091541336192,-0.9124191495230388,0.9124191495230392,-0.5784279906300535,1.731127539482183,-0.5765804684883443,-0.5767344287272242,0
-0.5435037119675924,-1.80426157253189,1.03290776479748,1.6637413232510223,0.8077365626180215,0.646091668153197,0.9702425509371356,-1.2265773351332456,-1.43244469563043,0.2544553076137664,-1.002803930999114,1.7279038324066065,-0.5738091541336192,-0.9124191495230388,0.9124191495230392,-0.5784279906300535,-0.5776581893550843,-0.5765804684883443,1.733900301750437,0
-1.2367376846041016,-0.1832505306097613,0.6871298574603482,0.7271268598913946,-0.9115834940401768,0.646091668153197,-1.0306701134001208,0.8247796102660132,-1.43244469563043,-0.4050890394139082,0.9972039090469852,-0.5787359118286177,-0.5738091541336192,-0.9124191495230388,0.9124191495230392,-0.5784279906300535,-0.5776581893550843,1.7343632929879855,-0.5767344287272242,0
-1.6402619373328158,-0.0878969399084596,1.03290776479748,-0.3112057331679462,0.8077365626180215,0.646091668153197,-1.0306701134001208,1.5456138580244672,-0.009816137054176,1.3610733395393952,-1.002803930999114,1.7279038324066065,-0.5738091541336192,1.0959875190286648,-1.0959875190286648,-0.5784279906300535,-0.5776581893550843,1.7343632929879855,-0.5767344287272242,0
0.0462625035589899,-0.6600184841162697,0.3413519501232164,0.8726707981385212,-0.9115834940401768,0.646091668153197,-1.0306701134001208,-1.5797630691532707,0.7014981422339509,-0.4050890394139082,-1.002803930999114,1.7279038324066065,-0.5738091541336192,1.0959875190286648,-1.0959875190286648,-0.5784279906300535,-0.5776581893550843,1.7343632929879855,-0.5767344287272242,1
-0.5848908148115631,-1.518200800427985,-0.0044259572139154,1.2786699997773472,-0.9115834940401768,0.646091668153197,-1.0306701134001208,1.0586110685976031,-0.721130416342303,1.1707350380481871,0.9972039090469852,-0.5787359118286177,-0.5738091541336192,-0.9124191495230388,0.9124191495230392,-0.5784279906300535,1.731127539482183,-0.5765804684883443,-0.5767344287272242,0
1.277528813167118,-1.23214002832408,-1.0417596792253108,0.2782113881311321,-0.9115834940401768,0.646091668153197,-1.0306701134001208,-1.2463545412662342,-1.43244469563043,-1.436457045168594,0.9972039090469852,-0.5787359118286177,-0.5738091541336192,-0.9124191495230388,0.9124191495230392,1.7288236672481017,-0.5776581893550843,-0.5765804684883443,-0.5767344287272242,0
2.063883767202561,-0.8507256655188732,1.7244635794717436,1.2418925931502192,0.8077365626180215,0.646091668153197,-1.0306701134001208,-0.6482482092351318,-1.43244469563043,1.4982939754981732,0.9972039090469852,-0.5787359118286177,-0.5738091541336192,-0.9124191495230388,0.9124191495230392,1.7288236672481017,-0.5776581893550843,-0.5765804684883443,-0.5767344287272242,0
-0.3055278706147609,1.0563461485071606,-0.695981771888179,1.387946033186981,-0.9115834940401768,-1.5477679860172513,0.9702425509371356,0.5383307745118315,1.412812421522078,0.4580730254880821,-1.002803930999114,-0.5787359118286177,1.7427397119690018,-0.9124191495230388,0.9124191495230392,-0.5784279906300535,-0.5776581893550843,1.7343632929879855,-0.5767344287272242,0
-1.3712457688470063,0.2935174228967471,0.6871298574603482,1.1946792948809637,0.8077365626180215,0.646091668153197,-1.0306701134001208,0.3353837465535159,-0.009816137054176,-0.3165595968598579,0.9972039090469852,-0.5787359118286177,-0.5738091541336192,-0.9124191495230388,0.9124191495230392,-0.5784279906300535,-0.5776581893550843,-0.5765804684883443,1.733900301750437,0
-0.3469149734587316,1.8191748741175744,-0.695981771888179,0.681774950041399,0.8077365626180215,0.646091668153197,-1.0306701134001208,-1.128389646739128,-0.721130416342303,-0.6839567834591667,-1.002803930999114,1.7279038324066065,-0.5738091541336192,1.0959875190286648,-1.0959875190286648,-0.5784279906300535,-0.5776581893550843,1.7343632929879855,-0.5767344287272242,1
1.5879320844968985,-0.5646648934149681,1.7244635794717436,0.991277814307694,-0.9115834940401768,0.646091668153197,0.9702425509371356,-0.3409370937000652,0.7014981422339509,-0.7282215047361918,-1.002803930999114,1.7279038324066065,-0.5738091541336192,1.0959875190286648,-1.0959875190286648,-0.5784279906300535,-0.5776581893550843,-0.5765804684883443,1.733900301750437,0
0.0773028306919679,-0.7553720748175714,-0.0044259572139154,0.3781796780890271,-0.9115834940401768,-1.5477679860172513,0.9702425509371356,-0.8743252165644313,-0.009816137054176,1.5956763623076284,0.9972039090469852,-0.5787359118286177,-0.5738091541336192,-0.9124191495230388,0.9124191495230392,-0.5784279906300535,1.731127539482183,-0.5765804684883443,-0.5767344287272242,0
-0.6883585719214899,-1.23214002832408,-0.3502038645510472,-1.2258476714090278,0.8077365626180215,0.646091668153197,-1.0306701134001208,0.8261566452367972,-0.721130416342303,-0.8787215570780773,0.9972039090469852,-0.5787359118286177,-0.5738091541336192,-0.9124191495230388,0.9124191495230392,-0.5784279906300535,-0.5776581893550843,-0.5765804684883443,1.733900301750437,0
1.9397224586706487,-0.7553720748175714,-1.0417596792253108,-1.2258476714090278,0.8077365626180215,0.646091668153197,-1.0306701134001208,-1.5974802003653252,-1.43244469563043,0.7812054908103657,0.9972039090469852,-0.5787359118286177,-0.5738091541336192,-0.9124191495230388,0.9124191495230392,-0.5784279906300535,1.731127539482183,-0.5765804684883443,-0.5767344287272242,0
0.7084561490625211,-0.0878969399084596,-1.7333154938995745,-1.2258476714090278,-0.9115834940401768,0.646091668153197,-1.0306701134001208,0.4657857760996117,-1.43244469563043,1.5381322246474958,-1.002803930999114,-0.5787359118286177,1.7427397119690018,-0.9124191495230388,0.9124191495230392,-0.5784279906300535,-0.5776581893550843,-0.5765804684883443,1.733900301750437,0
0.1186899335359386,-0.0878969399084596,-0.3502038645510472,-1.2258476714090278,0.8077365626180215,0.646091668153197,-1.0306701134001208,0.628949900321864,1.412812421522078,-1.5869570975104796,-1.002803930999114,-0.5787359118286177,1.7427397119690018,-0.9124191495230388,0.9124191495230392,-0.5784279906300535,1.731127539482183,-0.5765804684883443,-0.5767344287272242,0
0.139383484957924,0.4842246042993504,1.03290776479748,1.0658636514728423,-0.9115834940401768,0.646091668153197,0.9702425509371356,0.2671345268909166,-0.009816137054176,0.6351319105961827,0.9972039090469852,-0.5787359118286177,-0.5738091541336192,1.0959875190286648,-1.0959875190286648,1.7288236672481017,-0.5776581893550843,-0.5765804684883443,-0.5767344287272242,1
0.0876496064029606,-0.6600184841162697,1.378685672134612,0.3027719707831898,-0.9115834940401768,-1.5477679860172513,0.9702425509371356,1.5208593982017766,-0.721130416342303,1.060073234855624,0.9972039090469852,-0.5787359118286177,-0.5738091541336192,-0.9124191495230388,0.9124191495230392,-0.5784279906300535,-0.5776581893550843,-0.5765804684883443,1.733900301750437,0
-0.8228666561643946,-0.5646648934149681,-0.695981771888179,-0.0744096878278296,-0.9115834940401768,0.646091668153197,-1.0306701134001208,-1.2749302340075983,1.412812421522078,-1.383339379636164,-1.002803930999114,1.7279038324066065,-0.5738091541336192,-0.9124191495230388,0.9124191495230392,1.7288236672481017,-0.5776581893550843,-0.5765804684883443,-0.5767344287272242,0
-0.3572617491697243,-0.1832505306097613,1.378685672134612,-1.2258476714090278,-0.9115834940401768,0.646091668153197,-1.0306701134001208,0.1951518887635202,1.412812421522078,-1.6267953466598024,0.9972039090469852,-0.5787359118286177,-0.5738091541336192,-0.9124191495230388,0.9124191495230392,-0.5784279906300535,-0.5776581893550843,1.7343632929879855,-0.5767344287272242,0
-0.9470279646963068,-1.3274936190253817,-0.0044259572139154,-1.2258476714090278,0.8077365626180215,0.646091668153197,0.9702425509371356,1.0977846617467706,-0.009816137054176,1.2858233133684525,-1.002803930999114,-0.5787359118286177,1.7427397119690018,-0.9124191495230388,0.9124191495230392,-0.5784279906300535,-0.5776581893550843,-0.5765804684883443,1.733900301750437,0
-0.967721516118292,-1.422847209726683,-0.3502038645510472,-1.2258476714090278,-0.9115834940401768,-1.5477679860172513,-1.0306701134001208,-1.3837213872897651,1.412812421522078,-0.3298390132429655,0.9972039090469852,-0.5787359118286177,-0.5738091541336192,1.0959875190286648,-1.0959875190286648,-0.5784279906300535,1.731127539482183,-0.5765804684883443,-0.5767344287272242,0
1.1637142803461988,1.8191748741175744,1.378685672134612,1.7858311904395618,-0.9115834940401768,-1.5477679860172513,0.9702425509371356,-1.117505175598675,1.412812421522078,1.1707350380481871,0.9972039090469852,-0.5787359118286177,-0.5738091541336192,1.0959875190286648,-1.0959875190286648,-0.5784279906300535,-0.5776581893550843,1.7343632929879855,-0.5767344287272242,0
0.1290367092469313,0.6749317857019538,-0.695981771888179,-1.2258476714090278,0.8077365626180215,-1.5477679860172513,0.9702425509371356,1.3247959800873117,-1.43244469563043,-1.4674423500625118,0.9972039090469852,-0.5787359118286177,-0.5738091541336192,-0.9124191495230388,0.9124191495230392,1.7288236672481017,-0.5776581893550843,-0.5765804684883443,-0.5767344287272242,0
1.7224401687398032,1.533114102013669,1.7244635794717436,0.6583231227780479,-0.9115834940401768,0.646091668153197,-1.0306701134001208,-0.072141571525121,-0.009816137054176,-1.684339484319935,0.9972039090469852,-0.5787359118286177,-0.5738091541336192,1.0959875190286648,-1.0959875190286648,-0.5784279906300535,1.731127539482183,-0.5765804684883443,-0.5767344287272242,1
-1.6299151616218233,-0.7553720748175714,-0.695981771888179,-1.2258476714090278,-0.9115834940401768,0.646091668153197,0.9702425509371356,1.3299114763331157,0.7014981422339509,0.8918672940029286,0.9972039090469852,-0.5787359118286177,-0.5738091541336192,1.0959875190286648,-1.0959875190286648,-0.5784279906300535,-0.5776581893550843,-0.5765804684883443,1.733900301750437,1
-0.6676650204995045,-0.3739577120123647,0.6871298574603482,1.4149233435791808,2.52705661927622,0.646091668153197,-1.0306701134001208,0.3429808270988598,-0.009816137054176,-1.401045268146974,0.9972039090469852,-0.5787359118286177,-0.5738091541336192,1.0959875190286648,-1.0959875190286648,-0.5784279906300535,-0.5776581893550843,-0.5765804684883443,1.733900301750437,1
0.7808835790394698,1.6284676927149706,-1.0417596792253108,0.4645914380449366,-0.9115834940401768,0.646091668153197,0.9702425509371356,-0.9397979344744726,-1.43244469563043,0.6218524942130752,-1.002803930999114,-0.5787359118286177,1.7427397119690018,1.0959875190286648,-1.0959875190286648,-0.5784279906300535,-0.5776581893550843,1.7343632929879855,-0.5767344287272242,0
1.215448158901162,0.7702853764032556,-0.0044259572139154,0.4498283872903948,-0.9115834940401768,0.646091668153197,-1.0306701134001208,-0.9034135370484232,0.7014981422339509,-1.6002365138935872,-1.002803930999114,1.7279038324066065,-0.5738091541336192,1.0959875190286648,-1.0959875190286648,-0.5784279906300535,-0.5776581893550843,1.7343632929879855,-0.5767344287272242,1
-2.209334601437413,0.007456650792842,-1.7333154938995745,0.4204808277736531,-0.9115834940401768,-1.5477679860172513,-1.0306701134001208,-1.3545756831032405,-1.43244469563043,0.3961024157002469,0.9972039090469852,-0.5787359118286177,-0.5738091541336192,1.0959875190286648,-1.0959875190286648,-0.5784279906300535,1.731127539482183,-0.5765804684883443,-0.5767344287272242,0
-1.795463572997706,-0.7553720748175714,1.378685672134612,-1.2258476714090278,0.8077365626180215,-1.5477679860172513,0.9702425509371356,1.4601705682929025,-1.43244469563043,-1.3789129075084614,-1.002803930999114,-0.5787359118286177,1.7427397119690018,-0.9124191495230388,0.9124191495230392,-0.5784279906300535,-0.5776581893550843,-0.5765804684883443,1.733900301750437,0
0.3773593263107555,-0.7553720748175714,-1.0417596792253108,-1.2258476714090278,0.8077365626180215,-1.5477679860172513,0.9702425509371356,0.7880895142064702,-0.009816137054176,-1.1487363568679307,0.9972039090469852,-0.5787359118286177,-0.5738091541336192,1.0959875190286648,-1.0959875190286648,-0.5784279906300535,-0.5776581893550843,-0.5765804684883443,1.733900301750437,0
-0.0365117021289514,0.1028102414941437,1.378685672134612,-1.2258476714090278,0.8077365626180215,-1.5477679860172513,0.9702425509371356,-0.1344696625363547,-1.43244469563043,1.0866320676218393,0.9972039090469852,-0.5787359118286177,-0.5738091541336192,1.0959875190286648,-1.0959875190286648,-0.5784279906300535,1.731127539482183,-0.5765804684883443,-0.5767344287272242,0
1.5879320844968985,-0.5646648934149681,0.6871298574603482,0.0010050714058921,-0.9115834940401768,-1.5477679860172513,0.9702425509371356,-0.0284621404970607,-0.721130416342303,1.7151911097555963,-1.002803930999114,-0.5787359118286177,1.7427397119690018,-0.9124191495230388,0.9124191495230392,-0.5784279906300535,1.731127539482183,-0.5765804684883443,-0.5767344287272242,0
0.967125541837338,-0.278604121311063,1.7244635794717436,-1.2258476714090278,0.8077365626180215,0.646091668153197,0.9702425509371356,1.439419752006937,1.412812421522078,0.1128081995272859,0.9972039090469852,-0.5787359118286177,-0.5738091541336192,-0.9124191495230388,0.9124191495230392,-0.5784279906300535,-0.5776581893550843,-0.5765804684883443,1.733900301750437,0
1.277528813167118,0.6749317857019538,1.378685672134612,-1.2258476714090278,0.8077365626180215,0.646091668153197,0.9702425509371356,-1.13577962428533,-0.721130416342303,1.3832057001779077,-1.002803930999114,-0.5787359118286177,1.7427397119690018,-0.9124191495230388,0.9124191495230392,-0.5784279906300535,-0.5776581893550843,-0.5765804684883443,1.733900301750437,0
-0.750439226187446,-0.6600184841162697,-0.3502038645510472,-1.2258476714090278,0.8077365626180215,0.646091668153197,0.9702425509371356,0.7256875199419739,0.7014981422339509,-0.763633281757812,0.9972039090469852,-0.5787359118286177,-0.5738091541336192,-0.9124191495230388,0.9124191495230392,1.7288236672481017,-0.5776581893550843,-0.5765804684883443,-0.5767344287272242,0
-0.4089956277246876,0.9609925578058588,-0.695981771888179,-1.2258476714090278,0.8077365626180215,0.646091668153197,0.9702425509371356,0.7447239546422644,0.7014981422339509,-0.7503538653747044,0.9972039090469852,-0.5787359118286177,-0.5738091541336192,-0.9124191495230388,0.9124191495230392,-0.5784279906300535,-0.5776581893550843,1.7343632929879855,-0.5767344287272242,0
-0.5435037119675924,-1.1367864376227783,1.03290776479748,0.2281560026534451,0.8077365626180215,0.646091668153197,-1.0306701134001208,0.1600820997954991,-1.43244469563043,0.4049553599556519,-1.002803930999114,-0.5787359118286177,1.7427397119690018,-0.9124191495230388,0.9124191495230392,-0.5784279906300535,1.731127539482183,-0.5765804684883443,-0.5767344287272242,0
0.553254513397631,0.1981638321954454,-0.3502038645510472,0.5215367173366019,0.8077365626180215,0.646091668153197,0.9702425509371356,-0.990705973121612,-0.721130416342303,-1.1575893011233358,-1.002803930999114,1.7279038324066065,-0.5738091541336192,-0.9124191495230388,0.9124191495230392,1.7288236672481017,-0.5776581893550843,-0.5765804684883443,-0.5767344287272242,0
-0.84356020758638,0.1981638321954454,-0.3502038645510472,0.7013078286541791,-0.9115834940401768,0.646091668153197,-1.0306701134001208,1.0965467387821273,1.412812421522078,-0.9185598062274,0.9972039090469852,-0.5787359118286177,-0.5738091541336192,-0.9124191495230388,0.9124191495230392,-0.5784279906300535,-0.5776581893550843,1.7343632929879855,-0.5767344287272242,1
0.1290367092469313,-0.278604121311063,1.7244635794717436,-1.2258476714090278,0.8077365626180215,0.646091668153197,-1.0306701134001208,0.6305131714908685,1.412812421522078,1.0290879299617066,0.9972039090469852,-0.5787359118286177,-0.5738091541336192,-0.9124191495230388,0.9124191495230392,-0.5784279906300535,-0.5776581893550843,1.7343632929879855,-0.5767344287272242,0
2.063883767202561,0.1028102414941437,0.6871298574603482,0.4481806402318098,-0.9115834940401768,0.646091668153197,0.9702425509371356,-1.7274643722229763,0.7014981422339509,1.4363233657103378,-1.002803930999114,1.7279038324066065,-0.5738091541336192,1.0959875190286648,-1.0959875190286648,-0.5784279906300535,-0.5776581893550843,1.7343632929879855,-0.5767344287272242,0
-0.1192859078168928,-1.1367864376227783,-0.695981771888179,1.1909731862356256,-0.9115834940401768,-1.5477679860172513,0.9702425509371356,-0.258771108943164,-0.009816137054176,-1.3966187960192715,-1.002803930999114,1.7279038324066065,-0.5738091541336192,-0.9124191495230388,0.9124191495230392,-0.5784279906300535,1.731127539482183,-0.5765804684883443,-0.5767344287272242,0
0.20146413922388,0.5795781950006521,1.378685672134612,0.4558829481922689,-0.9115834940401768,0.646091668153197,-1.0306701134001208,0.9708552156539586,-0.009816137054176,0.5023377467651073,0.9972039090469852,-0.5787359118286177,-0.5738091541336192,1.0959875190286648,-1.0959875190286648,-0.5784279906300535,-0.5776581893550843,1.7343632929879855,-0.5767344287272242,1
-1.7747700215757207,-0.4693113027136664,-0.0044259572139154,0.6588358299894488,0.8077365626180215,-1.5477679860172513,-1.0306701134001208,0.2298486836650765,0.7014981422339509,-0.4139419836693133,0.9972039090469852,-0.5787359118286177,-0.5738091541336192,-0.9124191495230388,0.9124191495230392,-0.5784279906300535,-0.5776581893550843,1.7343632929879855,-0.5767344287272242,0
-1.15396347891616,0.1028102414941437,0.6871298574603482,0.0744670877000359,-0.9115834940401768,0.646091668153197,-1.0306701134001208,1.168533550269708,1.412812421522078,-1.6445012351706123,0.9972039090469852,-0.5787359118286177,-0.5738091541336192,1.0959875190286648,-1.0959875190286648,-0.5784279906300535,1.731127539482183,-0.5765804684883443,-0.5767344287272242,0
1.2257949346121548,-0.9460792562201747,-1.0417596792253108,0.7576275698882959,0.8077365626180215,0.646091668153197,-1.0306701134001208,-0.2646185082312747,-0.721130416342303,-0.4582067049463384,0.9972039090469852,-0.5787359118286177,-0.5738091541336192,-0.9124191495230388,0.9124191495230392,-0.5784279906300535,-0.5776581893550843,-0.5765804684883443,1.733900301750437,0
-0.1917133377938415,-0.0878969399084596,0.3413519501232164,0.161615293306582,0.8077365626180215,0.646091668153197,-1.0306701134001208,-0.0347663488353356,1.412812421522078,-0.7592068096301094,-1.002803930999114,1.7279038324066065,-0.5738091541336192,1.0959875190286648,-1.0959875190286648,-0.5784279906300535,-0.5776581893550843,-0.5765804684883443,1.733900301750437,0
-1.5264474045118963,-1.0414328469214764,-0.0044259572139154,-1.2258476714090278,0.8077365626180215,0.646091668153197,-1.0306701134001208,0.4491218966640488,-0.721130416342303,1.1574556216650795,0.9972039090469852,-0.5787359118286177,-0.5738091541336192,1.0959875190286648,-1.0959875190286648,-0.5784279906300535,-0.5776581893550843,1.7343632929879855,-0.5767344287272242,0
-1.2470844603150943,-0.278604121311063,-1.0417596792253108,-1.2258476714090278,0.8077365626180215,0.646091668153197,0.9702425509371356,-1.4844718666170074,1.412812421522078,1.617808722946141,-1.002803930999114,-0.5787359118286177,1.7427397119690018,1.0959875190286648,-1.0959875190286648,-0.5784279906300535,1.731127539482183,-0.5765804684883443,-0.5767344287272242,0
-1.536794180222889,-0.8507256655188732,-0.3502038645510472,-1.2258476714090278,0.8077365626180215,0.646091668153197,0.9702425509371356,-0.5882067718248336,0.7014981422339509,-0.9318392226105074,0.9972039090469852,-0.5787359118286177,-0.5738091541336192,-0.9124191495230388,0.9124191495230392,1.7288236672481017,-0.5776581893550843,-0.5765804684883443,-0.5767344287272242,0
-1.536794180222889,1.7238212834162725,-0.695981771888179,0.4003478942063606,-0.9115834940401768,0.646091668153197,-1.0306701134001208,-0.9828598820852764,1.412812421522078,1.2194262314529147,-1.002803930999114,1.7279038324066065,-0.5738091541336192,1.0959875190286648,-1.0959875190286648,-0.5784279906300535,-0.5776581893550843,-0.5765804684883443,1.733900301750437,1
0.4601335319986969,-0.278604121311063,-1.0417596792253108,-1.2258476714090278,0.8077365626180215,-1.5477679860172513,0.9702425509371356,1.1765276217025755,-0.009816137054176,-0.635265590054439,0.9972039090469852,-0.5787359118286177,-0.5738091541336192,1.0959875190286648,-1.0959875190286648,-0.5784279906300535,-0.5776581893550843,-0.5765804684883443,1.733900301750437,0
0.0462625035589899,-1.1367864376227783,-1.0417596792253108,0.8847836061772995,-0.9115834940401768,0.646091668153197,-1.0306701134001208,-0.8800500233971308,-1.43244469563043,-0.8654421406949698,0.9972039090469852,-0.5787359118286177,-0.5738091541336192,-0.9124191495230388,0.9124191495230392,1.7288236672481017,-0.5776581893550843,-0.5765804684883443,-0.5767344287272242,0
-1.9092781058186252,0.1981638321954454,-0.695981771888179,-0.6879145920685458,0.8077365626180215,0.646091668153197,-1.0306701134001208,1.3720598058435916,-1.43244469563043,0.0995287831441784,0.9972039090469852,-0.5787359118286177,-0.5738091541336192,1.0959875190286648,-1.0959875190286648,1.7288236672481017,-0.5776581893550843,-0.5765804684883443,-0.5767344287272242,1
1.7224401687398032,-1.1367864376227783,0.6871298574603482,0.8546409417916114,-0.9115834940401768,0.646091668153197,0.9702425509371356,-0.7100068104712275,1.412812421522078,0.3031465010184941,-1.002803930999114,1.7279038324066065,-0.5738091541336192,1.0959875190286648,-1.0959875190286648,-0.5784279906300535,-0.5776581893550843,-0.5765804684883443,1.733900301750437,0
1.3913433459880375,0.7702853764032556,1.378685672134612,0.7299652608647962,-0.9115834940401768,0.646091668153197,0.9702425509371356,-1.1523123906551054,1.412812421522078,-0.205897793667295,0.9972039090469852,-0.5787359118286177,-0.5738091541336192,1.0959875190286648,-1.0959875190286648,-0.5784279906300535,1.731127539482183,-0.5765804684883443,-0.5767344287272242,1
-0.9780682918292848,1.247053329909764,1.378685672134612,-1.2258476714090278,-0.9115834940401768,0.646091668153197,-1.0306701134001208,1.3052003151223366,-1.43244469563043,-0.1616330723902699,0.9972039090469852,-0.5787359118286177,-0.5738091541336192,1.0959875190286648,-1.0959875190286648,1.7288236672481017,-0.5776581893550843,-0.5765804684883443,-0.5767344287272242,1
0.553254513397631,-0.278604121311063,1.03290776479748,0.8159633611418602,-0.9115834940401768,0.646091668153197,-1.0306701134001208,0.8910993464034425,-1.43244469563043,-0.2280301543058076,-1.002803930999114,-0.5787359118286177,1.7427397119690018,-0.9124191495230388,0.9124191495230392,1.7288236672481017,-0.5776581893550843,-0.5765804684883443,-0.5767344287272242,0
1.4016901216990303,-0.5646648934149681,-1.7333154938995745,0.1049801385707344,-0.9115834940401768,-1.5477679860172513,0.9702425509371356,0.9546620564691736,-0.721130416342303,-0.050971269197707,0.9972039090469852,-0.5787359118286177,-0.5738091541336192,1.0959875190286648,-1.0959875190286648,-0.5784279906300535,-0.5776581893550843,1.7343632929879855,-0.5767344287272242,1
-0.3262214220367463,-0.3739577120123647,1.03290776479748,0.8944207067154495,-0.9115834940401768,0.646091668153197,-1.0306701134001208,-0.5983087379307461,-1.43244469563043,-0.4360743443078258,0.9972039090469852,-0.5787359118286177,-0.5738091541336192,1.0959875190286648,-1.0959875190286648,1.7288236672481017,-0.5776581893550843,-0.5765804684883443,-0.5767344287272242,0
-1.1746570303381456,-1.23214002832408,0.6871298574603482,0.4794006468729022,-0.9115834940401768,-1.5477679860172513,-1.0306701134001208,0.0603918278450557,-0.009816137054176,-0.7149420883530843,0.9972039090469852,-0.5787359118286177,-0.5738091541336192,-0.9124191495230388,0.9124191495230392,1.7288236672481017,-0.5776581893550843,-0.5765804684883443,-0.5767344287272242,0
0.20146413922388,-1.3274936190253817,0.6871298574603482,-1.2258476714090278,0.8077365626180215,0.646091668153197,0.9702425509371356,0.7761257077883739,-0.721130416342303,1.4761616148596606,0.9972039090469852,-0.5787359118286177,-0.5738091541336192,-0.9124191495230388,0.9124191495230392,-0.5784279906300535,1.731127539482183,-0.5765804684883443,-0.5767344287272242,0
0.553254513397631,1.0563461485071606,-0.3502038645510472,1.425649325891091,-0.9115834940401768,0.646091668153197,-1.0306701134001208,0.359613406333041,0.7014981422339509,0.4359406648495695,0.9972039090469852,-0.5787359118286177,-0.5738091541336192,-0.9124191495230388,0.9124191495230392,-0.5784279906300535,1.731127539482183,-0.5765804684883443,-0.5767344287272242,1
-0.7193988990544679,0.3888710135980487,-0.0044259572139154,0.2688336062138161,2.52705661927622,0.646091668153197,-1.0306701134001208,0.7119997679877809,1.412812421522078,-1.4630158779348093,-1.002803930999114,1.7279038324066065,-0.5738091541336192,1.0959875190286648,-1.0959875190286648,1.7288236672481017,-0.5776581893550843,-0.5765804684883443,-0.5767344287272242,1
-1.2263909088931089,0.4842246042993504,-0.695981771888179,1.1557093797661937,-0.9115834940401768,0.646091668153197,-1.0306701134001208,-0.4391000897130928,-1.43244469563043,1.5425586967751983,0.9972039090469852,-0.5787359118286177,-0.5738091541336192,-0.9124191495230388,0.9124191495230392,-0.5784279906300535,-0.5776581893550843,1.7343632929879855,-0.5767344287272242,1
2.063883767202561,-0.3739577120123647,-1.0417596792253108,-1.2258476714090278,0.8077365626180215,0.646091668153197,0.9702425509371356,-0.7494412386319086,1.412812421522078,-1.4098982124023791,0.9972039090469852,-0.5787359118286177,-0.5738091541336192,-0.9124191495230388,0.9124191495230392,1.7288236672481017,-0.5776581893550843,-0.5765804684883443,-0.5767344287272242,0
-0.5641972633895778,-0.278604121311063,-1.0417596792253108,-1.2258476714090278,0.8077365626180215,-1.5477679860172513,0.9702425509371356,0.4428580308075546,0.7014981422339509,1.153029149537377,-1.002803930999114,-0.5787359118286177,1.7427397119690018,-0.9124191495230388,0.9124191495230392,-0.5784279906300535,-0.5776581893550843,-0.5765804684883443,1.733900301750437,0
-0.9780682918292848,-1.23214002832408,-0.3502038645510472,-1.2258476714090278,-0.9115834940401768,0.646091668153197,-1.0306701134001208,1.6532964625077016,0.7014981422339509,0.5333230516590249,0.9972039090469852,-0.5787359118286177,-0.5738091541336192,-0.9124191495230388,0.9124191495230392,-0.5784279906300535,-0.5776581893550843,-0.5765804684883443,1.733900301750437,0
2.063883767202561,-0.6600184841162697,-0.3502038645510472,-1.2258476714090278,-0.9115834940401768,0.646091668153197,0.9702425509371356,1.4003671863031115,-0.721130416342303,0.9361320152799536,0.9972039090469852,-0.5787359118286177,-0.5738091541336192,-0.9124191495230388,0.9124191495230392,-0.5784279906300535,1.731127539482183,-0.5765804684883443,-0.5767344287272242,0
0.139383484957924,0.8656389671045572,1.7244635794717436,-1.2258476714090278,-0.9115834940401768,0.646091668153197,-1.0306701134001208,0.697002102605767,-1.43244469563043,-0.4936184819679585,0.9972039090469852,-0.5787359118286177,-0.5738091541336192,-0.9124191495230388,0.9124191495230392,-0.5784279906300535,-0.5776581893550843,1.7343632929879855,-0.5767344287272242,1
0.170423812090902,0.8656389671045572,-1.3875375865624426,0.3309282353007618,0.8077365626180215,-1.5477679860172513,-1.0306701134001208,0.2299961423915857,1.412812421522078,0.5731613008083475,-1.002803930999114,1.7279038324066065,-0.5738091541336192,1.0959875190286648,-1.0959875190286648,-0.5784279906300535,1.731127539482183,-0.5765804684883443,-0.5767344287272242,1
-0.3779553005917097,-0.1832505306097613,0.3413519501232164,0.3182169750183538,0.8077365626180215,0.646091668153197,0.9702425509371356,0.6831616752248342,-0.721130416342303,0.2456023633583614,-1.002803930999114,1.7279038324066065,-0.5738091541336192,1.0959875190286648,-1.0959875190286648,1.7288236672481017,-0.5776581893550843,-0.5765804684883443,-0.5767344287272242,1
0.7394964761954991,-0.9460792562201747,-1.3875375865624426,0.492800912563817,0.8077365626180215,0.646091668153197,-1.0306701134001208,-1.3070498051053931,-0.721130416342303,1.480588086987363,-1.002803930999114,1.7279038324066065,-0.5738091541336192,-0.9124191495230388,0.9124191495230392,1.7288236672481017,-0.5776581893550843,-0.5765804684883443,-0.5767344287272242,0
-2.1265603957494714,-0.8507256655188732,-0.695981771888179,-1.2258476714090278,0.8077365626180215,0.646091668153197,0.9702425509371356,0.4842654149953243,-0.721130416342303,1.042367346344814,0.9972039090469852,-0.5787359118286177,-0.5738091541336192,1.0959875190286648,-1.0959875190286648,-0.5784279906300535,-0.5776581893550843,1.7343632929879855,-0.5767344287272242,0
-0.5021166091236218,-0.6600184841162697,1.7244635794717436,-1.2258476714090278,0.8077365626180215,0.646091668153197,0.9702425509371356,0.2775750568417737,-0.009816137054176,-0.0642506855808146,0.9972039090469852,-0.5787359118286177,-0.5738091541336192,-0.9124191495230388,0.9124191495230392,-0.5784279906300535,-0.5776581893550843,1.7343632929879855,-0.5767344287272242,0
0.5946416162416017,-0.6600184841162697,1.03290776479748,1.7790369784652855,-0.9115834940401768,0.646091668153197,0.9702425509371356,0.3482192635800904,-0.009816137054176,0.3297053337847092,-1.002803930999114,-0.5787359118286177,1.7427397119690018,1.0959875190286648,-1.0959875190286648,-0.5784279906300535,1.731127539482183,-0.5765804684883443,-0.5767344287272242,0
-0.5641972633895778,-0.6600184841162697,-0.695981771888179,0.3241191181152756,0.8077365626180215,-1.5477679860172513,-1.0306701134001208,-1.013811260111506,-1.43244469563043,0.4536465533603796,-1.002803930999114,1.7279038324066065,-0.5738091541336192,-0.9124191495230388,0.9124191495230392,-0.5784279906300535,1.731127539482183,-0.5765804684883443,-0.5767344287272242,0
-1.2574312360260869,0.3888710135980487,-1.7333154938995745,0.7585625914173091,-0.9115834940401768,0.646091668153197,0.9702425509371356,-0.3760588757803809,1.412812421522078,0.4270877205941645,0.9972039090469852,-0.5787359118286177,-0.5738091541336192,1.0959875190286648,-1.0959875190286648,1.7288236672481017,-0.5776581893550843,-0.5765804684883443,-0.5767344287272242,1
0.6256819433745797,0.1981638321954454,-0.695981771888179,-1.2258476714090278,0.8077365626180215,0.646091668153197,0.9702425509371356,1.6286073853278973,0.7014981422339509,1.1928673986866996,0.9972039090469852,-0.5787359118286177,-0.5738091541336192,-0.9124191495230388,0.9124191495230392,-0.5784279906300535,1.731127539482183,-0.5765804684883443,-0.5767344287272242,0
-0.0572052535509367,-1.899615163233192,1.378685672134612,0.8338736552569148,-0.9115834940401768,-1.5477679860172513,-1.0306701134001208,1.3194591218617366,1.412812421522078,0.8387496284704984,0.9972039090469852,-0.5787359118286177,-0.5738091541336192,-0.9124191495230388,0.9124191495230392,-0.5784279906300535,1.731127539482183,-0.5765804684883443,-0.5767344287272242,0
0.0048754007150192,0.5795781950006521,1.03290776479748,0.3115190859681322,-0.9115834940401768,0.646091668153197,-1.0306701134001208,-0.2661876916605404,-0.721130416342303,-0.0686771577085171,-1.002803930999114,-0.5787359118286177,1.7427397119690018,1.0959875190286648,-1.0959875190286648,-0.5784279906300535,1.731127539482183,-0.5765804684883443,-0.5767344287272242,1
1.3189159160110888,-0.0878969399084596,-0.695981771888179,1.0983794498626611,0.8077365626180215,0.646091668153197,0.9702425509371356,0.4627590466260085,-0.721130416342303,-0.0376918528145995,0.9972039090469852,-0.5787359118286177,-0.5738091541336192,-0.9124191495230388,0.9124191495230392,-0.5784279906300535,-0.5776581893550843,-0.5765804684883443,1.733900301750437,0
0.108343157824946,-1.23214002832408,1.03290776479748,-1.2258476714090278,0.8077365626180215,-1.5477679860172513,-1.0306701134001208,1.683005396429088,0.7014981422339509,-0.2634419313274277,0.9972039090469852,-0.5787359118286177,-0.5738091541336192,-0.9124191495230388,0.9124191495230392,-0.5784279906300535,1.731127539482183,-0.5765804684883443,-0.5767344287272242,0
0.8946981118603892,1.0563461485071606,-0.3502038645510472,0.8184557368356699,0.8077365626180215,0.646091668153197,-1.0306701134001208,-1.6669988170839571,-0.721130416342303,-0.2280301543058076,-1.002803930999114,1.7279038324066065,-0.5738091541336192,-0.9124191495230388,0.9124191495230392,1.7288236672481017,-0.5776581893550843,-0.5765804684883443,-0.5767344287272242,0
-0.5641972633895778,-0.1832505306097613,-1.0417596792253108,-1.2258476714090278,-0.9115834940401768,-1.5477679860172513,0.9702425509371356,0.3666578644339915,-0.009816137054176,1.1308967888988644,0.9972039090469852,-0.5787359118286177,-0.5738091541336192,-0.9124191495230388,0.9124191495230392,1.7288236672481017,-0.5776581893550843,-0.5765804684883443,-0.5767344287272242,0
-0.1503262349498708,-0.7553720748175714,0.3413519501232164,-1.2258476714090278,0.8077365626180215,0.646091668153197,0.9702425509371356,-1.699038050998206,-0.009816137054176,1.188440926558997,0.9972039090469852,-0.5787359118286177,-0.5738091541336192,-0.9124191495230388,0.9124191495230392,-0.5784279906300535,-0.5776581893550843,-0.5765804684883443,1.733900301750437,0
-1.009108618962263,-0.7553720748175714,-0.3502038645510472,-1.2258476714090278,0.8077365626180215,0.646091668153197,0.9702425509371356,-0.1913283911361647,-0.721130416342303,-0.945118638993615,0.9972039090469852,-0.5787359118286177,-0.5738091541336192,1.0959875190286648,-1.0959875190286648,1.7288236672481017,-0.5776581893550843,-0.5765804684883443,-0.5767344287272242,0
0.0979963821139533,-0.3739577120123647,0.6871298574603482,-1.2258476714090278,0.8077365626180215,0.646091668153197,-1.0306701134001208,-1.5106110125708192,1.412812421522078,0.6749701597455053,0.9972039090469852,-0.5787359118286177,-0.5738091541336192,-0.9124191495230388,0.9124191495230392,-0.5784279906300535,1.731127539482183,-0.5765804684883443,-0.5767344287272242,0
-0.7400924504764532,-0.7553720748175714,1.378685672134612,-1.2258476714090278,0.8077365626180215,0.646091668153197,-1.0306701134001208,0.2139845243748143,-0.009816137054176,-1.3700599632530566,-1.002803930999114,-0.5787359118286177,1.7427397119690018,1.0959875190286648,-1.0959875190286648,-0.5784279906300535,1.731127539482183,-0.5765804684883443,-0.5767344287272242,0
-0.3779553005917097,0.3888710135980487,0.3413519501232164,-1.2258476714090278,0.8077365626180215,0.646091668153197,0.9702425509371356,0.1556539907500374,-1.43244469563043,-1.2771040485713037,0.9972039090469852,-0.5787359118286177,-0.5738091541336192,1.0959875190286648,-1.0959875190286648,-0.5784279906300535,-0.5776581893550843,1.7343632929879855,-0.5767344287272242,0
-0.6159311419445411,-1.422847209726683,0.3413519501232164,1.1359070854540188,-0.9115834940401768,0.646091668153197,0.9702425509371356,-1.3003393897091875,-0.009816137054176,-0.0199859643037894,0.9972039090469852,-0.5787359118286177,-0.5738091541336192,-0.9124191495230388,0.9124191495230392,-0.5784279906300535,-0.5776581893550843,-0.5765804684883443,1.733900301750437,0
0.3359722234667848,-0.9460792562201747,-1.7333154938995745,0.917023097210928,-0.9115834940401768,0.646091668153197,-1.0306701134001208,-0.7739444273935077,-1.43244469563043,-0.9672509996321276,-1.002803930999114,-0.5787359118286177,1.7427397119690018,-0.9124191495230388,0.9124191495230392,-0.5784279906300535,-0.5776581893550843,1.7343632929879855,-0.5767344287272242,1
-0.3055278706147609,0.007456650792842,0.3413519501232164,-1.2258476714090278,0.8077365626180215,0.646091668153197,0.9702425509371356,-0.7165369019294733,-1.43244469563043,-0.4626331770740409,0.9972039090469852,-0.5787359118286177,-0.5738091541336192,-0.9124191495230388,0.9124191495230392,-0.5784279906300535,-0.5776581893550843,-0.5765804684883443,1.733900301750437,0
-0.3883020763027023,-0.1832505306097613,-0.695981771888179,1.5252563648160076,-0.9115834940401768,-1.5477679860172513,0.9702425509371356,-1.64738385032813,0.7014981422339509,-0.4183684557970157,-1.002803930999114,-0.5787359118286177,1.7427397119690018,-0.9124191495230388,0.9124191495230392,1.7288236672481017,-0.5776581893550843,-0.5765804684883443,-0.5767344287272242,0
-0.5952375905225558,-1.23214002832408,1.378685672134612,-0.0041508495040078,-0.9115834940401768,0.646091668153197,-1.0306701134001208,1.17331552548079,1.412812421522078,0.0065728684624256,-1.002803930999114,-0.5787359118286177,1.7427397119690018,-0.9124191495230388,0.9124191495230392,-0.5784279906300535,1.731127539482183,-0.5765804684883443,-0.5767344287272242,0
-1.381592544557999,0.5795781950006521,-0.3502038645510472,-1.2258476714090278,-0.9115834940401768,-1.5477679860172513,-1.0306701134001208,1.262165320462722,-0.009816137054176,-1.3744864353807589,0.9972039090469852,-0.5787359118286177,-0.5738091541336192,1.0959875190286648,-1.0959875190286648,-0.5784279906300535,-0.5776581893550843,-0.5765804684883443,1.733900301750437,1
-0.84356020758638,-0.4693113027136664,0.3413519501232164,1.0957646270574075,-0.9115834940401768,-1.5477679860172513,-1.0306701134001208,1.6774313522330433,0.7014981422339509,0.4005288878279494,-1.002803930999114,-0.5787359118286177,1.7427397119690018,1.0959875190286648,-1.0959875190286648,-0.5784279906300535,1.731127539482183,-0.5765804684883443,-0.5767344287272242,0
-0.0468584778399441,-0.0878969399084596,-1.0417596792253108,-1.2258476714090278,0.8077365626180215,-1.5477679860172513,-1.0306701134001208,1.3678621010583,-0.009816137054176,-1.6223688745321,0.9972039090469852,-0.5787359118286177,-0.5738091541336192,1.0959875190286648,-1.0959875190286648,-0.5784279906300535,1.731127539482183,-0.5765804684883443,-0.5767344287272242,0
0.8636577847274112,-0.1832505306097613,-1.7333154938995745,1.2224573196302,-0.9115834940401768,0.646091668153197,0.9702425509371356,-0.8885734160133633,0.7014981422339509,0.6926760482563155,-1.002803930999114,-0.5787359118286177,1.7427397119690018,1.0959875190286648,-1.0959875190286648,1.7288236672481017,-0.5776581893550843,-0.5765804684883443,-0.5767344287272242,0
0.3049318963338068,0.4842246042993504,-1.7333154938995745,0.857272432790046,0.8077365626180215,0.646091668153197,0.9702425509371356,-1.159826525666788,1.412812421522078,0.5952936614468601,-1.002803930999114,1.7279038324066065,-0.5738091541336192,-0.9124191495230388,0.9124191495230392,-0.5784279906300535,-0.5776581893550843,1.7343632929879855,-0.5767344287272242,0
0.139383484957924,-0.7553720748175714,0.6871298574603482,0.4435173926472761,-0.9115834940401768,0.646091668153197,-1.0306701134001208,0.5926103665177953,-0.721130416342303,1.5248528082643882,0.9972039090469852,-0.5787359118286177,-0.5738091541336192,1.0959875190286648,-1.0959875190286648,-0.5784279906300535,-0.5776581893550843,1.7343632929879855,-0.5767344287272242,0
-0.4193424034356803,-0.5646648934149681,-0.3502038645510472,0.5624909487953405,-0.9115834940401768,-1.5477679860172513,-1.0306701134001208,0.2408886124723918,0.7014981422339509,0.3783965271894369,0.9972039090469852,-0.5787359118286177,-0.5738091541336192,-0.9124191495230388,0.9124191495230392,1.7288236672481017,-0.5776581893550843,-0.5765804684883443,-0.5767344287272242,0
0.7808835790394698,-0.7553720748175714,1.378685672134612,-1.2258476714090278,0.8077365626180215,0.646091668153197,0.9702425509371356,0.1048045530354847,-0.009816137054176,0.0773964225056658,0.9972039090469852,-0.5787359118286177,-0.5738091541336192,-0.9124191495230388,0.9124191495230392,-0.5784279906300535,1.731127539482183,-0.5765804684883443,-0.5767344287272242,0
-0.2020601135048342,0.1028102414941437,-0.695981771888179,0.5042699116409829,-0.9115834940401768,0.646091668153197,-1.0306701134001208,-0.8284227756782446,0.7014981422339509,0.5377495237867274,-1.002803930999114,1.7279038324066065,-0.5738091541336192,-0.9124191495230388,0.9124191495230392,1.7288236672481017,-0.5776581893550843,-0.5765804684883443,-0.5767344287272242,1
0.5429077376866382,-0.0878969399084596,1.378685672134612,0.3635212843551308,-0.9115834940401768,0.646091668153197,-1.0306701134001208,-0.597648129791586,0.7014981422339509,0.7944849071934733,-1.002803930999114,1.7279038324066065,-0.5738091541336192,1.0959875190286648,-1.0959875190286648,-0.5784279906300535,1.731127539482183,-0.5765804684883443,-0.5767344287272242,0
1.660359514473847,-0.3739577120123647,0.6871298574603482,-1.2258476714090278,-0.9115834940401768,0.646091668153197,0.9702425509371356,-1.7373707120702535,1.412812421522078,1.728470526138704,0.9972039090469852,-0.5787359118286177,-0.5738091541336192,1.0959875190286648,-1.0959875190286648,-0.5784279906300535,-0.5776581893550843,-0.5765804684883443,1.733900301750437,0
-0.5331569362565998,0.3888710135980487,-0.3502038645510472,-1.2258476714090278,-0.9115834940401768,0.646091668153197,-1.0306701134001208,1.2216965945363862,1.412812421522078,-0.2501625149443202,0.9972039090469852,-0.5787359118286177,-0.5738091541336192,1.0959875190286648,-1.0959875190286648,-0.5784279906300535,-0.5776581893550843,1.7343632929879855,-0.5767344287272242,0
0.0566092792699826,0.1981638321954454,0.3413519501232164,0.3957628589129065,0.8077365626180215,0.646091668153197,0.9702425509371356,-1.1278441537850492,-0.721130416342303,-1.6267953466598024,-1.002803930999114,-0.5787359118286177,1.7427397119690018,1.0959875190286648,-1.0959875190286648,-0.5784279906300535,1.731127539482183,-0.5765804684883443,-0.5767344287272242,0
0.6670690462185503,-0.3739577120123647,-1.0417596792253108,1.034062341594566,-0.9115834940401768,0.646091668153197,0.9702425509371356,-0.6900357169796805,-1.43244469563043,0.2987200288907916,0.9972039090469852,-0.5787359118286177,-0.5738091541336192,-0.9124191495230388,0.9124191495230392,-0.5784279906300535,-0.5776581893550843,-0.5765804684883443,1.733900301750437,0
0.0359157278479972,-0.1832505306097613,-0.0044259572139154,-1.2258476714090278,-0.9115834940401768,-1.5477679860172513,0.9702425509371356,-0.4972899463216601,1.412812421522078,-1.6400747630429098,0.9972039090469852,-0.5787359118286177,-0.5738091541336192,1.0959875190286648,-1.0959875190286648,-0.5784279906300535,-0.5776581893550843,1.7343632929879855,-0.5767344287272242,0
-1.671302264465794,-0.0878969399084596,-0.0044259572139154,0.6539706408336851,-0.9115834940401768,-1.5477679860172513,-1.0306701134001208,-0.258372031375548,-0.721130416342303,0.2146170584644438,0.9972039090469852,-0.5787359118286177,-0.5738091541336192,1.0959875190286648,-1.0959875190286648,-0.5784279906300535,1.731127539482183,-0.5765804684883443,-0.5767344287272242,0
1.215448158901162,1.4377605113123673,1.03290776479748,-0.1085540007456403,-0.9115834940401768,0.646091668153197,0.9702425509371356,-0.534002126412178,-0.009816137054176,-0.1660595445179724,0.9972039090469852,-0.5787359118286177,-0.5738091541336192,-0.9124191495230388,0.9124191495230392,-0.5784279906300535,-0.5776581893550843,-0.5765804684883443,1.733900301750437,0
1.6810530658958325,-1.1367864376227783,-1.3875375865624426,0.9742794626849404,-0.9115834940401768,-1.5477679860172513,0.9702425509371356,0.2720147499563354,-0.721130416342303,0.852029044853606,-1.002803930999114,-0.5787359118286177,1.7427397119690018,-0.9124191495230388,0.9124191495230392,-0.5784279906300535,-0.5776581893550843,1.7343632929879855,-0.5767344287272242,0
0.9257384389933672,-0.1832505306097613,1.378685672134612,-1.2258476714090278,0.8077365626180215,0.646091668153197,0.9702425509371356,-0.4671542863214374,-0.009816137054176,0.2278964748475513,0.9972039090469852,-0.5787359118286177,-0.5738091541336192,1.0959875190286648,-1.0959875190286648,-0.5784279906300535,-0.5776581893550843,1.7343632929879855,-0.5767344287272242,0
-2.77840726554201,-0.278604121311063,-1.7333154938995745,-1.2258476714090278,-0.9115834940401768,0.646091668153197,0.9702425509371356,1.3815646336631455,0.7014981422339509,0.2323229469752538,-1.002803930999114,-0.5787359118286177,1.7427397119690018,-0.9124191495230388,0.9124191495230392,-0.5784279906300535,1.731127539482183,-0.5765804684883443,-0.5767344287272242,1
-0.7400924504764532,-0.5646648934149681,0.3413519501232164,-1.2258476714090278,-0.9115834940401768,0.646091668153197,-1.0306701134001208,-0.0886352126431695,0.7014981422339509,-1.5072805992118343,-1.002803930999114,-0.5787359118286177,1.7427397119690018,-0.9124191495230388,0.9124191495230392,-0.5784279906300535,-0.5776581893550843,1.7343632929879855,-0.5767344287272242,1
0.9153916632823744,-0.4693113027136664,1.378685672134612,-1.2258476714090278,-0.9115834940401768,0.646091668153197,-1.0306701134001208,-0.686968297244281,-0.009816137054176,0.8033378514488783,0.9972039090469852,-0.5787359118286177,-0.5738091541336192,-0.9124191495230388,0.9124191495230392,-0.5784279906300535,-0.5776581893550843,1.7343632929879855,-0.5767344287272242,0
-3.109504088293776,1.4377605113123673,-1.3875375865624426,1.2211309161036124,-0.9115834940401768,0.646091668153197,0.9702425509371356,1.5977579068461654,-0.009816137054176,0.1614993929320136,-1.002803930999114,-0.5787359118286177,1.7427397119690018,-0.9124191495230388,0.9124191495230392,-0.5784279906300535,-0.5776581893550843,-0.5765804684883443,1.733900301750437,1
1.2568352617451328,-0.278604121311063,-0.695981771888179,0.5696666059597183,-0.9115834940401768,0.646091668153197,0.9702425509371356,1.5103757435290164,-0.721130416342303,0.7502201859164481,-1.002803930999114,-0.5787359118286177,1.7427397119690018,-0.9124191495230388,0.9124191495230392,-0.5784279906300535,-0.5776581893550843,-0.5765804684883443,1.733900301750437,0
-0.5124633848346144,1.4377605113123673,-1.3875375865624426,0.8743441885712308,0.8077365626180215,0.646091668153197,0.9702425509371356,1.7314447186372557,-1.43244469563043,1.427470421454933,-1.002803930999114,1.7279038324066065,-0.5738091541336192,1.0959875190286648,-1.0959875190286648,1.7288236672481017,-0.5776581893550843,-0.5765804684883443,-0.5767344287272242,0
-0.8228666561643946,-0.0878969399084596,0.3413519501232164,0.4921593473974406,0.8077365626180215,-1.5477679860172513,-1.0306701134001208,-1.062942664550223,0.7014981422339509,0.2810141403799815,0.9972039090469852,-0.5787359118286177,-0.5738091541336192,1.0959875190286648,-1.0959875190286648,-0.5784279906300535,-0.5776581893550843,1.7343632929879855,-0.5767344287272242,0
-0.967721516118292,-0.5646648934149681,-0.695981771888179,-0.3523133440581666,-0.9115834940401768,0.646091668153197,0.9702425509371356,-1.73401706938222,1.412812421522078,-1.082339274952393,0.9972039090469852,-0.5787359118286177,-0.5738091541336192,-0.9124191495230388,0.9124191495230392,-0.5784279906300535,-0.5776581893550843,-0.5765804684883443,1.733900301750437,0
-0.8332134318753873,-0.4693113027136664,1.7244635794717436,-1.2258476714090278,0.8077365626180215,-1.5477679860172513,0.9702425509371356,1.448449512325521,0.7014981422339509,-0.1704860166456749,-1.002803930999114,-0.5787359118286177,1.7427397119690018,-0.9124191495230388,0.9124191495230392,-0.5784279906300535,-0.5776581893550843,-0.5765804684883443,1.733900301750437,0
0.0359157278479972,-0.4693113027136664,-0.0044259572139154,-1.2258476714090278,0.8077365626180215,0.646091668153197,-1.0306701134001208,1.029797842105754,-0.009816137054176,-0.351971373881478,-1.002803930999114,-0.5787359118286177,1.7427397119690018,-0.9124191495230388,0.9124191495230392,-0.5784279906300535,-0.5776581893550843,1.7343632929879855,-0.5767344287272242,0
0.3049318963338068,0.4842246042993504,-0.695981771888179,-1.2258476714090278,0.8077365626180215,0.646091668153197,-1.0306701134001208,-0.2287550852682219,1.412812421522078,-1.560398264744265,0.9972039090469852,-0.5787359118286177,-0.5738091541336192,-0.9124191495230388,0.9124191495230392,-0.5784279906300535,-0.5776581893550843,-0.5765804684883443,1.733900301750437,0
-0.6883585719214899,0.2935174228967471,-0.695981771888179,0.9775453066507792,-0.9115834940401768,0.646091668153197,-1.0306701134001208,-1.294109258514183,-0.009816137054176,-0.3209860689875604,-1.002803930999114,1.7279038324066065,-0.5738091541336192,-0.9124191495230388,0.9124191495230392,-0.5784279906300535,-0.5776581893550843,1.7343632929879855,-0.5767344287272242,0
-0.2951810949037682,-0.278604121311063,-1.7333154938995745,0.5204661064669056,0.8077365626180215,0.646091668153197,-1.0306701134001208,0.1928450639216943,-1.43244469563043,-0.3298390132429655,-1.002803930999114,-0.5787359118286177,1.7427397119690018,1.0959875190286648,-1.0959875190286648,-0.5784279906300535,-0.5776581893550843,1.7343632929879855,-0.5767344287272242,1
-0.2020601135048342,-0.1832505306097613,-1.0417596792253108,0.7262817504429053,0.8077365626180215,-1.5477679860172513,0.9702425509371356,-1.3379726651703638,-0.009816137054176,-0.9318392226105074,-1.002803930999114,1.7279038324066065,-0.5738091541336192,1.0959875190286648,-1.0959875190286648,-0.5784279906300535,1.731127539482183,-0.5765804684883443,-0.5767344287272242,0
1.6189724116298765,0.2935174228967471,1.378685672134612,0.462705848691347,0.8077365626180215,0.646091668153197,0.9702425509371356,0.5286104969727672,1.412812421522078,0.4270877205941645,-1.002803930999114,1.7279038324066065,-0.5738091541336192,1.0959875190286648,-1.0959875190286648,-0.5784279906300535,-0.5776581893550843,-0.5765804684883443,1.733900301750437,0
-0.7400924504764532,-1.0414328469214764,0.3413519501232164,1.1834939756300495,-0.9115834940401768,0.646091668153197,-1.0306701134001208,0.7906462189893261,-0.721130416342303,-0.0819565740916246,-1.002803930999114,1.7279038324066065,-0.5738091541336192,-0.9124191495230388,0.9124191495230392,-0.5784279906300535,-0.5776581893550843,1.7343632929879855,-0.5767344287272242,0
0.0462625035589899,-1.23214002832408,0.6871298574603482,0.4762072454389651,-0.9115834940401768,-1.5477679860172513,0.9702425509371356,-1.1836661501590966,-0.009816137054176,1.5691175295414133,0.9972039090469852,-0.5787359118286177,-0.5738091541336192,1.0959875190286648,-1.0959875190286648,1.7288236672481017,-0.5776581893550843,-0.5765804684883443,-0.5767344287272242,0
1.3809965702770448,-0.0878969399084596,-0.0044259572139154,0.9652650153247504,-0.9115834940401768,-1.5477679860172513,0.9702425509371356,1.214285750189263,0.7014981422339509,0.4447936091049746,0.9972039090469852,-0.5787359118286177,-0.5738091541336192,-0.9124191495230388,0.9124191495230392,-0.5784279906300535,1.731127539482183,-0.5765804684883443,-0.5767344287272242,0
-0.3883020763027023,2.868064371831893,1.378685672134612,0.0367437611098914,-0.9115834940401768,-1.5477679860172513,0.9702425509371356,-1.5882878528895643,-0.721130416342303,0.3252788616570067,-1.002803930999114,1.7279038324066065,-0.5738091541336192,-0.9124191495230388,0.9124191495230392,-0.5784279906300535,1.731127539482183,-0.5765804684883443,-0.5767344287272242,0
-1.1643102546271529,-1.0414328469214764,0.3413519501232164,1.408455122998462,-0.9115834940401768,-1.5477679860172513,0.9702425509371356,-1.6413698644126655,0.7014981422339509,0.2323229469752538,-1.002803930999114,1.7279038324066065,-0.5738091541336192,1.0959875190286648,-1.0959875190286648,1.7288236672481017,-0.5776581893550843,-0.5765804684883443,-0.5767344287272242,0
0.8326174575944332,-0.1832505306097613,-1.3875375865624426,0.8405659348190465,-0.9115834940401768,0.646091668153197,0.9702425509371356,1.4019408908725768,0.7014981422339509,1.1574556216650795,-1.002803930999114,-0.5787359118286177,1.7427397119690018,1.0959875190286648,-1.0959875190286648,-0.5784279906300535,-0.5776581893550843,-0.5765804684883443,1.733900301750437,0
0.3359722234667848,0.9609925578058588,0.6871298574603482,0.5178637848065375,0.8077365626180215,-1.5477679860172513,-1.0306701134001208,0.707261786948641,-0.009816137054176,0.9449849595353588,-1.002803930999114,1.7279038324066065,-0.5738091541336192,1.0959875190286648,-1.0959875190286648,-0.5784279906300535,-0.5776581893550843,-0.5765804684883443,1.733900301750437,0
-0.4917698334126291,0.2935174228967471,0.3413519501232164,-1.2258476714090278,-0.9115834940401768,0.646091668153197,0.9702425509371356,-0.1678450672695837,0.7014981422339509,1.042367346344814,-1.002803930999114,-0.5787359118286177,1.7427397119690018,1.0959875190286648,-1.0959875190286648,1.7288236672481017,-0.5776581893550843,-0.5765804684883443,-0.5767344287272242,0
-2.0644797414835154,-0.278604121311063,-1.0417596792253108,-1.2258476714090278,0.8077365626180215,0.646091668153197,0.9702425509371356,1.3920274215349853,-1.43244469563043,-0.626412645799034,0.9972039090469852,-0.5787359118286177,-0.5738091541336192,1.0959875190286648,-1.0959875190286648,-0.5784279906300535,1.731127539482183,-0.5765804684883443,-0.5767344287272242,0
-0.4814230577016364,0.1028102414941437,-1.3875375865624426,-1.2258476714090278,0.8077365626180215,0.646091668153197,-1.0306701134001208,0.4019803155831651,-1.43244469563043,1.4761616148596606,0.9972039090469852,-0.5787359118286177,-0.5738091541336192,1.0959875190286648,-1.0959875190286648,-0.5784279906300535,-0.5776581893550843,1.7343632929879855,-0.5767344287272242,0
-0.8952940861413433,-1.1367864376227783,0.3413519501232164,-1.2258476714090278,-0.9115834940401768,-1.5477679860172513,-1.0306701134001208,-1.6044914454748098,1.412812421522078,-0.0199859643037894,0.9972039090469852,-0.5787359118286177,-0.5738091541336192,1.0959875190286648,-1.0959875190286648,-0.5784279906300535,-0.5776581893550843,1.7343632929879855,-0.5767344287272242,0
-0.2124068892158268,-1.0414328469214764,1.03290776479748,0.4798494059200802,-0.9115834940401768,0.646091668153197,0.9702425509371356,-1.3866928197409276,1.412812421522078,-1.5072805992118343,-1.002803930999114,1.7279038324066065,-0.5738091541336192,1.0959875190286648,-1.0959875190286648,1.7288236672481017,-0.5776581893550843,-0.5765804684883443,-0.5767344287272242,0
-1.1022296003611969,-1.23214002832408,0.3413519501232164,-1.2258476714090278,-0.9115834940401768,0.646091668153197,-1.0306701134001208,0.0019155743938465,0.7014981422339509,-0.4360743443078258,0.9972039090469852,-0.5787359118286177,-0.5738091541336192,1.0959875190286648,-1.0959875190286648,-0.5784279906300535,-0.5776581893550843,-0.5765804684883443,1.733900301750437,1
0.5118674105536603,-0.0878969399084596,1.03290776479748,0.9347877049067376,-0.9115834940401768,0.646091668153197,-1.0306701134001208,-1.7178679043693772,-1.43244469563043,1.3123821461346674,0.9972039090469852,-0.5787359118286177,-0.5738091541336192,-0.9124191495230388,0.9124191495230392,1.7288236672481017,-0.5776581893550843,-0.5765804684883443,-0.5767344287272242,0
-0.1710197863718562,-0.9460792562201747,1.03290776479748,0.858256817814249,0.8077365626180215,-1.5477679860172513,0.9702425509371356,-0.5258553795525712,-0.009816137054176,0.4713524418711897,-1.002803930999114,1.7279038324066065,-0.5738091541336192,1.0959875190286648,-1.0959875190286648,-0.5784279906300535,1.731127539482183,-0.5765804684883443,-0.5767344287272242,0
0.6049883919525944,-1.0414328469214764,1.03290776479748,0.7726642033905279,0.8077365626180215,0.646091668153197,-1.0306701134001208,0.7853065785236282,-0.009816137054176,0.258881779741469,-1.002803930999114,1.7279038324066065,-0.5738091541336192,-0.9124191495230388,0.9124191495230392,1.7288236672481017,-0.5776581893550843,-0.5765804684883443,-0.5767344287272242,0
1.8362547015607225,-0.4693113027136664,1.03290776479748,0.8485945547152395,0.8077365626180215,-1.5477679860172513,-1.0306701134001208,-1.0773958803182044,0.7014981422339509,-1.0469274979307728,0.9972039090469852,-0.5787359118286177,-0.5738091541336192,-0.9124191495230388,0.9124191495230392,-0.5784279906300535,-0.5776581893550843,-0.5765804684883443,1.733900301750437,0
-0.781479553320424,1.4377605113123673,1.378685672134612,-0.1306678849640475,-0.9115834940401768,0.646091668153197,0.9702425509371356,0.7703416044630568,1.412812421522078,-0.7592068096301094,0.9972039090469852,-0.5787359118286177,-0.5738091541336192,1.0959875190286648,-1.0959875190286648,1.7288236672481017,-0.5776581893550843,-0.5765804684883443,-0.5767344287272242,0
-0.2744875434817829,0.6749317857019538,-0.695981771888179,-1.2258476714090278,0.8077365626180215,0.646091668153197,0.9702425509371356,-0.6480047632243858,-0.721130416342303,-0.0686771577085171,-1.002803930999114,-0.5787359118286177,1.7427397119690018,-0.9124191495230388,0.9124191495230392,-0.5784279906300535,-0.5776581893550843,-0.5765804684883443,1.733900301750437,0
-0.6055843662335485,-0.4693113027136664,1.378685672134612,-1.2258476714090278,0.8077365626180215,0.646091668153197,0.9702425509371356,-1.384686824612381,0.7014981422339509,0.9139996546414412,0.9972039090469852,-0.5787359118286177,-0.5738091541336192,1.0959875190286648,-1.0959875190286648,1.7288236672481017,-0.5776581893550843,-0.5765804684883443,-0.5767344287272242,0
0.1290367092469313,-0.5646648934149681,-0.0044259572139154,1.2948056121319007,0.8077365626180215,0.646091668153197,0.9702425509371356,-1.244329592126851,-0.721130416342303,-1.0557804421861778,0.9972039090469852,-0.5787359118286177,-0.5738091541336192,-0.9124191495230388,0.9124191495230392,-0.5784279906300535,1.731127539482183,-0.5765804684883443,-0.5767344287272242,0
1.6086256359188835,0.1028102414941437,-0.0044259572139154,0.066160557736769,-0.9115834940401768,0.646091668153197,0.9702425509371356,0.7433519624817032,-1.43244469563043,-1.2948099370821138,0.9972039090469852,-0.5787359118286177,-0.5738091541336192,-0.9124191495230388,0.9124191495230392,-0.5784279906300535,-0.5776581893550843,-0.5765804684883443,1.733900301750437,0
-0.6883585719214899,-1.0414328469214764,1.7244635794717436,-1.2258476714090278,0.8077365626180215,0.646091668153197,-1.0306701134001208,-1.3955702524127878,-0.009816137054176,0.4403671369772721,0.9972039090469852,-0.5787359118286177,-0.5738091541336192,-0.9124191495230388,0.9124191495230392,-0.5784279906300535,1.731127539482183,-0.5765804684883443,-0.5767344287272242,0
0.9464319904153524,0.4842246042993504,1.03290776479748,0.503894396481148,-0.9115834940401768,-1.5477679860172513,0.9702425509371356,-1.438330674750282,-1.43244469563043,0.3961024157002469,-1.002803930999114,1.7279038324066065,-0.5738091541336192,1.0959875190286648,-1.0959875190286648,1.7288236672481017,-0.5776581893550843,-0.5765804684883443,-0.5767344287272242,1
-0.5331569362565998,-0.5646648934149681,-1.0417596792253108,-0.3932401691608098,0.8077365626180215,0.646091668153197,-1.0306701134001208,-0.2616056899582856,-0.009816137054176,-0.2900007640936428,-1.002803930999114,1.7279038324066065,-0.5738091541336192,-0.9124191495230388,0.9124191495230392,1.7288236672481017,-0.5776581893550843,-0.5765804684883443,-0.5767344287272242,0
-0.1813665620828488,-0.8507256655188732,-1.0417596792253108,0.5337176405878985,0.8077365626180215,0.646091668153197,0.9702425509371356,0.688996902212408,-0.721130416342303,0.7590731301718532,-1.002803930999114,1.7279038324066065,-0.5738091541336192,-0.9124191495230388,0.9124191495230392,-0.5784279906300535,-0.5776581893550843,1.7343632929879855,-0.5767344287272242,0
0.0359157278479972,-0.9460792562201747,-1.0417596792253108,0.2479348973867317,-0.9115834940401768,0.646091668153197,-1.0306701134001208,-1.0959344679265188,-0.721130416342303,-1.0247951372922603,0.9972039090469852,-0.5787359118286177,-0.5738091541336192,-0.9124191495230388,0.9124191495230392,1.7288236672481017,-0.5776581893550843,-0.5765804684883443,-0.5767344287272242,0
1.029206196103294,-0.1832505306097613,-1.0417596792253108,0.5983107356700084,-0.9115834940401768,-1.5477679860172513,-1.0306701134001208,-0.2044337854546517,1.412812421522078,1.7328969982664064,-1.002803930999114,-0.5787359118286177,1.7427397119690018,1.0959875190286648,-1.0959875190286648,1.7288236672481017,-0.5776581893550843,-0.5765804684883443,-0.5767344287272242,0
1.4844643273869715,-0.3739577120123647,0.3413519501232164,-1.2258476714090278,0.8077365626180215,0.646091668153197,0.9702425509371356,-0.5453074113712063,-0.009816137054176,1.4496027820934454,0.9972039090469852,-0.5787359118286177,-0.5738091541336192,-0.9124191495230388,0.9124191495230392,-0.5784279906300535,1.731127539482183,-0.5765804684883443,-0.5767344287272242,0
1.919028907248664,-0.9460792562201747,1.378685672134612,0.9166847649435732,-0.9115834940401768,0.646091668153197,0.9702425509371356,0.9330501368651992,-1.43244469563043,1.5381322246474958,0.9972039090469852,-0.5787359118286177,-0.5738091541336192,1.0959875190286648,-1.0959875190286648,-0.5784279906300535,-0.5776581893550843,1.7343632929879855,-0.5767344287272242,0
0.1186899335359386,-0.8507256655188732,1.378685672134612,-1.2258476714090278,0.8077365626180215,-1.5477679860172513,0.9702425509371356,1.0049901719407146,1.412812421522078,-0.5644420360111988,-1.002803930999114,-0.5787359118286177,1.7427397119690018,1.0959875190286648,-1.0959875190286648,-0.5784279906300535,-0.5776581893550843,-0.5765804684883443,1.733900301750437,0
-0.7090521233434752,-0.8507256655188732,-1.0417596792253108,-1.2258476714090278,0.8077365626180215,0.646091668153197,0.9702425509371356,0.5553996437752713,-0.721130416342303,-1.4630158779348093,0.9972039090469852,-0.5787359118286177,-0.5738091541336192,-0.9124191495230388,0.9124191495230392,-0.5784279906300535,1.731127539482183,-0.5765804684883443,-0.5767344287272242,0
-1.1746570303381456,-0.1832505306097613,0.3413519501232164,-1.2258476714090278,-0.9115834940401768,0.646091668153197,0.9702425509371356,-1.4309029630724142,-0.721130416342303,-1.1974275502726583,0.9972039090469852,-0.5787359118286177,-0.5738091541336192,-0.9124191495230388,0.9124191495230392,-0.5784279906300535,-0.5776581893550843,1.7343632929879855,-0.5767344287272242,0
0.7705368033284771,0.007456650792842,-0.0044259572139154,0.6461795426903202,-0.9115834940401768,0.646091668153197,-1.0306701134001208,0.4166879324323763,-0.721130416342303,0.6926760482563155,-1.002803930999114,1.7279038324066065,-0.5738091541336192,1.0959875190286648,-1.0959875190286648,-0.5784279906300535,1.731127539482183,-0.5765804684883443,-0.5767344287272242,0
-1.2677780117370796,-0.4693113027136664,-1.3875375865624426,0.7866267000591213,-0.9115834940401768,0.646091668153197,0.9702425509371356,1.3332673795912489,1.412812421522078,0.7546466580441507,0.9972039090469852,-0.5787359118286177,-0.5738091541336192,-0.9124191495230388,0.9124191495230392,-0.5784279906300535,-0.5776581893550843,1.7343632929879855,-0.5767344287272242,0
-0.4710762819906437,0.007456650792842,1.7244635794717436,0.462091048796713,0.8077365626180215,0.646091668153197,-1.0306701134001208,0.6595842768641006,-1.43244469563043,0.8476025727259034,-1.002803930999114,-0.5787359118286177,1.7427397119690018,-0.9124191495230388,0.9124191495230392,-0.5784279906300535,-0.5776581893550843,1.7343632929879855,-0.5767344287272242,0
-0.1606730106608635,-1.422847209726683,-0.3502038645510472,1.0211077898001522,-0.9115834940401768,0.646091668153197,0.9702425509371356,0.7450419994663029,0.7014981422339509,1.3300880346454775,-1.002803930999114,-0.5787359118286177,1.7427397119690018,-0.9124191495230388,0.9124191495230392,-0.5784279906300535,-0.5776581893550843,-0.5765804684883443,1.733900301750437,0
1.153367504635206,-1.23214002832408,0.6871298574603482,0.7568573070380323,0.8077365626180215,0.646091668153197,0.9702425509371356,1.2096541898348203,0.7014981422339509,0.276587668252279,-1.002803930999114,-0.5787359118286177,1.7427397119690018,1.0959875190286648,-1.0959875190286648,-0.5784279906300535,-0.5776581893550843,1.7343632929879855,-0.5767344287272242,0
0.0359157278479972,-0.6600184841162697,-1.3875375865624426,0.6094301835036404,-0.9115834940401768,0.646091668153197,0.9702425509371356,0.4530354651767982,0.7014981422339509,-1.69319242857534,-1.002803930999114,1.7279038324066065,-0.5738091541336192,1.0959875190286648,-1.0959875190286648,-0.5784279906300535,1.731127539482183,-0.5765804684883443,-0.5767344287272242,0
-0.4089956277246876,0.6749317857019538,0.3413519501232164,-1.2258476714090278,0.8077365626180215,0.646091668153197,-1.0306701134001208,-0.9425518305260326,0.7014981422339509,-0.8875745013334824,-1.002803930999114,-0.5787359118286177,1.7427397119690018,-0.9124191495230388,0.9124191495230392,1.7288236672481017,-0.5776581893550843,-0.5765804684883443,-0.5767344287272242,0
-0.4400359548576657,-0.4693113027136664,-0.695981771888179,0.4776503263178192,-0.9115834940401768,0.646091668153197,0.9702425509371356,-1.103349311743819,-0.009816137054176,-0.9672509996321276,-1.002803930999114,1.7279038324066065,-0.5738091541336192,-0.9124191495230388,0.9124191495230392,-0.5784279906300535,-0.5776581893550843,-0.5765804684883443,1.733900301750437,0
1.4844643273869715,1.4377605113123673,-1.3875375865624426,-0.0093766486083968,-0.9115834940401768,0.646091668153197,0.9702425509371356,1.6009082721152263,0.7014981422339509,-1.2593981600604935,-1.002803930999114,1.7279038324066065,-0.5738091541336192,1.0959875190286648,-1.0959875190286648,-0.5784279906300535,1.731127539482183,-0.5765804684883443,-0.5767344287272242,0
0.0979963821139533,-0.0878969399084596,0.6871298574603482,-1.2258476714090278,0.8077365626180215,-1.5477679860172513,0.9702425509371356,0.8085066355677052,-0.721130416342303,0.7679260744272581,0.9972039090469852,-0.5787359118286177,-0.5738091541336192,-0.9124191495230388,0.9124191495230392,-0.5784279906300535,1.731127539482183,-0.5765804684883443,-0.5767344287272242,0
-1.8368506758416767,-0.5646648934149681,-0.0044259572139154,0.7908022427220253,-0.9115834940401768,-1.5477679860172513,0.9702425509371356,0.7930860696870239,1.412812421522078,-1.3612070189976515,0.9972039090469852,-0.5787359118286177,-0.5738091541336192,1.0959875190286648,-1.0959875190286648,-0.5784279906300535,-0.5776581893550843,1.7343632929879855,-0.5767344287272242,0
-0.7607860018984386,-1.0414328469214764,0.6871298574603482,-1.2258476714090278,-0.9115834940401768,0.646091668153197,-1.0306701134001208,0.7509295673461872,-0.721130416342303,1.6842058048616788,-1.002803930999114,-0.5787359118286177,1.7427397119690018,-0.9124191495230388,0.9124191495230392,-0.5784279906300535,-0.5776581893550843,-0.5765804684883443,1.733900301750437,0
-0.5435037119675924,2.391296418325384,1.378685672134612,-1.2258476714090278,-0.9115834940401768,-1.5477679860172513,0.9702425509371356,-1.511258405069396,1.412812421522078,0.6484113269792903,0.9972039090469852,-0.5787359118286177,-0.5738091541336192,1.0959875190286648,-1.0959875190286648,-0.5784279906300535,1.731127539482183,-0.5765804684883443,-0.5767344287272242,1
1.2051013831901694,-0.278604121311063,-0.695981771888179,1.0048085406644671,-0.9115834940401768,-1.5477679860172513,-1.0306701134001208,0.4136834608797555,-0.721130416342303,-1.4585894058071067,0.9972039090469852,-0.5787359118286177,-0.5738091541336192,-0.9124191495230388,0.9124191495230392,1.7288236672481017,-0.5776581893550843,-0.5765804684883443,-0.5767344287272242,0
-0.8332134318753873,-0.9460792562201747,-0.3502038645510472,1.2269415444091274,-0.9115834940401768,0.646091668153197,0.9702425509371356,0.5438119614437775,-0.009816137054176,0.6882495761286129,0.9972039090469852,-0.5787359118286177,-0.5738091541336192,1.0959875190286648,-1.0959875190286648,-0.5784279906300535,-0.5776581893550843,-0.5765804684883443,1.733900301750437,1
-0.0468584778399441,1.0563461485071606,-1.7333154938995745,0.4430429902259737,0.8077365626180215,0.646091668153197,-1.0306701134001208,1.420761701963349,0.7014981422339509,-1.0159421930368553,0.9972039090469852,-0.5787359118286177,-0.5738091541336192,-0.9124191495230388,0.9124191495230392,1.7288236672481017,-0.5776581893550843,-0.5765804684883443,-0.5767344287272242,1
1.4844643273869715,0.1981638321954454,0.6871298574603482,-1.2258476714090278,0.8077365626180215,0.646091668153197,0.9702425509371356,-0.4488998349856648,-0.721130416342303,-1.5072805992118343,0.9972039090469852,-0.5787359118286177,-0.5738091541336192,1.0959875190286648,-1.0959875190286648,-0.5784279906300535,1.731127539482183,-0.5765804684883443,-0.5767344287272242,0
1.215448158901162,-1.0414328469214764,-0.695981771888179,0.5229991910171378,0.8077365626180215,-1.5477679860172513,0.9702425509371356,-0.8551707105489292,-0.009816137054176,0.869734933364416,0.9972039090469852,-0.5787359118286177,-0.5738091541336192,1.0959875190286648,-1.0959875190286648,-0.5784279906300535,-0.5776581893550843,-0.5765804684883443,1.733900301750437,0
-0.6883585719214899,2.5820035997279875,-0.0044259572139154,-1.2258476714090278,-0.9115834940401768,0.646091668153197,-1.0306701134001208,-0.8787854952613132,0.7014981422339509,0.723661353150233,0.9972039090469852,-0.5787359118286177,-0.5738091541336192,1.0959875190286648,-1.0959875190286648,-0.5784279906300535,1.731127539482183,-0.5765804684883443,-0.5767344287272242,1
0.3773593263107555,-0.278604121311063,-0.3502038645510472,0.331313526996982,-0.9115834940401768,-1.5477679860172513,0.9702425509371356,-0.641744375168045,-0.721130416342303,0.9317055431522512,0.9972039090469852,-0.5787359118286177,-0.5738091541336192,1.0959875190286648,-1.0959875190286648,-0.5784279906300535,-0.5776581893550843,1.7343632929879855,-0.5767344287272242,0
0.6774158219295431,2.5820035997279875,-0.0044259572139154,0.7200340628796563,-0.9115834940401768,-1.5477679860172513,-1.0306701134001208,-1.565355064787285,-1.43244469563043,-0.9672509996321276,-1.002803930999114,1.7279038324066065,-0.5738091541336192,-0.9124191495230388,0.9124191495230392,-0.5784279906300535,1.731127539482183,-0.5765804684883443,-0.5767344287272242,1
0.9774723175483306,0.6749317857019538,0.6871298574603482,-1.2258476714090278,0.8077365626180215,0.646091668153197,0.9702425509371356,-0.5620177194388185,0.7014981422339509,-0.5467361475003887,0.9972039090469852,-0.5787359118286177,-0.5738091541336192,1.0959875190286648,-1.0959875190286648,-0.5784279906300535,-0.5776581893550843,1.7343632929879855,-0.5767344287272242,0
0.8222706818834405,-0.4693113027136664,-0.0044259572139154,0.7367258159105342,0.8077365626180215,0.646091668153197,-1.0306701134001208,0.6745669877054551,0.7014981422339509,0.9538379037907638,0.9972039090469852,-0.5787359118286177,-0.5738091541336192,-0.9124191495230388,0.9124191495230392,1.7288236672481017,-0.5776581893550843,-0.5765804684883443,-0.5767344287272242,0
-2.116213620038479,0.007456650792842,-1.3875375865624426,0.2200711276052668,-0.9115834940401768,0.646091668153197,-1.0306701134001208,1.5869243854779616,-0.009816137054176,-0.19704484941189,0.9972039090469852,-0.5787359118286177,-0.5738091541336192,1.0959875190286648,-1.0959875190286648,-0.5784279906300535,1.731127539482183,-0.5765804684883443,-0.5767344287272242,0
-0.1710197863718562,-0.7553720748175714,1.378685672134612,0.5152169077836279,-0.9115834940401768,0.646091668153197,0.9702425509371356,1.3806122380911054,1.412812421522078,0.6793966318732079,-1.002803930999114,-0.5787359118286177,1.7427397119690018,-0.9124191495230388,0.9124191495230392,1.7288236672481017,-0.5776581893550843,-0.5765804684883443,-0.5767344287272242,1
0.7601900276174844,-1.0414328469214764,-0.0044259572139154,-1.2258476714090278,-0.9115834940401768,0.646091668153197,-1.0306701134001208,-0.7084028490404268,0.7014981422339509,0.4005288878279494,0.9972039090469852,-0.5787359118286177,-0.5738091541336192,1.0959875190286648,-1.0959875190286648,1.7288236672481017,-0.5776581893550843,-0.5765804684883443,-0.5767344287272242,0
0.8326174575944332,-0.278604121311063,0.3413519501232164,-1.2258476714090278,-0.9115834940401768,-1.5477679860172513,-1.0306701134001208,0.904890910692218,-1.43244469563043,0.3606906386786268,0.9972039090469852,-0.5787359118286177,-0.5738091541336192,1.0959875190286648,-1.0959875190286648,-0.5784279906300535,-0.5776581893550843,1.7343632929879855,-0.5767344287272242,0
0.8015771304614552,-0.1832505306097613,-1.7333154938995745,-1.2258476714090278,0.8077365626180215,0.646091668153197,0.9702425509371356,-0.4849173244955183,-1.43244469563043,1.0822055954941368,0.9972039090469852,-0.5787359118286177,-0.5738091541336192,-0.9124191495230388,0.9124191495230392,-0.5784279906300535,-0.5776581893550843,1.7343632929879855,-0.5767344287272242,0
-0.3883020763027023,-1.80426157253189,-0.695981771888179,-1.2258476714090278,0.8077365626180215,0.646091668153197,0.9702425509371356,0.8611647032520928,-1.43244469563043,0.9317055431522512,0.9972039090469852,-0.5787359118286177,-0.5738091541336192,-0.9124191495230388,0.9124191495230392,-0.5784279906300535,1.731127539482183,-0.5765804684883443,-0.5767344287272242,0
-0.4193424034356803,-1.1367864376227783,-1.0417596792253108,-1.2258476714090278,0.8077365626180215,0.646091668153197,-1.0306701134001208,-1.487515637311363,-0.009816137054176,0.6616907433623979,0.9972039090469852,-0.5787359118286177,-0.5738091541336192,1.0959875190286648,-1.0959875190286648,-0.5784279906300535,-0.5776581893550843,-0.5765804684883443,1.733900301750437,0
-0.3055278706147609,-0.7553720748175714,0.6871298574603482,0.9643947433154012,-0.9115834940401768,0.646091668153197,0.9702425509371356,0.8450861375823667,0.7014981422339509,-0.188191905156485,0.9972039090469852,-0.5787359118286177,-0.5738091541336192,-0.9124191495230388,0.9124191495230392,-0.5784279906300535,1.731127539482183,-0.5765804684883443,-0.5767344287272242,0
-1.091882824650204,1.3424069206110656,-0.0044259572139154,0.6079989626853188,-0.9115834940401768,0.646091668153197,-1.0306701134001208,1.3999543714248897,-0.009816137054176,-0.5157508426064711,-1.002803930999114,1.7279038324066065,-0.5738091541336192,-0.9124191495230388,0.9124191495230392,-0.5784279906300535,-0.5776581893550843,1.7343632929879855,-0.5767344287272242,1
-1.7126893673097645,-0.1832505306097613,-0.0044259572139154,-1.2258476714090278,0.8077365626180215,-1.5477679860172513,0.9702425509371356,1.219598959373794,0.7014981422339509,0.5687348286806451,0.9972039090469852,-0.5787359118286177,-0.5738091541336192,-0.9124191495230388,0.9124191495230392,-0.5784279906300535,-0.5776581893550843,-0.5765804684883443,1.733900301750437,0
-0.6676650204995045,-1.0414328469214764,-0.0044259572139154,-1.2258476714090278,2.52705661927622,0.646091668153197,-1.0306701134001208,1.224136271344076,-0.721130416342303,-0.5998538130328189,0.9972039090469852,-0.5787359118286177,-0.5738091541336192,1.0959875190286648,-1.0959875190286648,-0.5784279906300535,-0.5776581893550843,1.7343632929879855,-0.5767344287272242,1
-0.336568197747739,-0.1832505306097613,-1.0417596792253108,1.469562802723792,0.8077365626180215,-1.5477679860172513,0.9702425509371356,0.0205710160873192,-1.43244469563043,-0.1350742396240548,0.9972039090469852,-0.5787359118286177,-0.5738091541336192,-0.9124191495230388,0.9124191495230392,-0.5784279906300535,-0.5776581893550843,-0.5765804684883443,1.733900301750437,0
-1.5988748344888453,-0.278604121311063,0.6871298574603482,-1.2258476714090278,0.8077365626180215,-1.5477679860172513,-1.0306701134001208,0.1392518157760265,0.7014981422339509,-1.4054717402746766,0.9972039090469852,-0.5787359118286177,-0.5738091541336192,1.0959875190286648,-1.0959875190286648,-0.5784279906300535,1.731127539482183,-0.5765804684883443,-0.5767344287272242,0
-0.2227536649268195,-1.0414328469214764,1.03290776479748,0.5147123743977292,-0.9115834940401768,0.646091668153197,0.9702425509371356,0.3400846890210208,-1.43244469563043,0.6616907433623979,-1.002803930999114,1.7279038324066065,-0.5738091541336192,-0.9124191495230388,0.9124191495230392,-0.5784279906300535,1.731127539482183,-0.5765804684883443,-0.5767344287272242,0
0.4394399805767116,0.5795781950006521,-1.0417596792253108,0.6420572100287243,0.8077365626180215,-1.5477679860172513,-1.0306701134001208,-1.3380829114352302,1.412812421522078,-1.6445012351706123,-1.002803930999114,1.7279038324066065,-0.5738091541336192,-0.9124191495230388,0.9124191495230392,1.7288236672481017,-0.5776581893550843,-0.5765804684883443,-0.5767344287272242,1
-0.2848343191927756,-1.7089079818305883,1.7244635794717436,-1.2258476714090278,0.8077365626180215,-1.5477679860172513,0.9702425509371356,0.6218491018584265,-0.721130416342303,-1.4231776287854867,0.9972039090469852,-0.5787359118286177,-0.5738091541336192,-0.9124191495230388,0.9124191495230392,-0.5784279906300535,-0.5776581893550843,1.7343632929879855,-0.5767344287272242,0
0.3877061020217482,-0.3739577120123647,0.3413519501232164,-1.2258476714090278,-0.9115834940401768,0.646091668153197,-1.0306701134001208,-1.2972509292828591,-1.43244469563043,1.3035292018792624,-1.002803930999114,-0.5787359118286177,1.7427397119690018,1.0959875190286648,-1.0959875190286648,-0.5784279906300535,-0.5776581893550843,-0.5765804684883443,1.733900301750437,1
-0.8952940861413433,-0.3739577120123647,1.378685672134612,-1.2258476714090278,0.8077365626180215,0.646091668153197,0.9702425509371356,0.0999370239406264,0.7014981422339509,-0.4493537606909334,-1.002803930999114,-0.5787359118286177,1.7427397119690018,1.0959875190286648,-1.0959875190286648,-0.5784279906300535,1.731127539482183,-0.5765804684883443,-0.5767344287272242,0
-1.5885280587778523,-0.6600184841162697,1.03290776479748,0.5617716521511492,4.246376675934418,0.646091668153197,0.9702425509371356,-1.57530870271665,1.412812421522078,0.9538379037907638,-1.002803930999114,1.7279038324066065,-0.5738091541336192,1.0959875190286648,-1.0959875190286648,-0.5784279906300535,-0.5776581893550843,-0.5765804684883443,1.733900301750437,1
1.0188594203923014,-0.1832505306097613,0.6871298574603482,-1.2258476714090278,0.8077365626180215,0.646091668153197,-1.0306701134001208,-1.3873544712201338,-0.009816137054176,-1.1575893011233358,0.9972039090469852,-0.5787359118286177,-0.5738091541336192,-0.9124191495230388,0.9124191495230392,-0.5784279906300535,1.731127539482183,-0.5765804684883443,-0.5767344287272242,0
-0.3262214220367463,-0.0878969399084596,1.7244635794717436,0.1308757793881468,-0.9115834940401768,0.646091668153197,0.9702425509371356,1.4722227108348975,0.7014981422339509,-0.0686771577085171,-1.002803930999114,1.7279038324066065,-0.5738091541336192,-0.9124191495230388,0.9124191495230392,-0.5784279906300535,-0.5776581893550843,-0.5765804684883443,1.733900301750437,0
-1.8678910029746547,-0.7553720748175714,-0.3502038645510472,-0.3326100972785473,0.8077365626180215,0.646091668153197,0.9702425509371356,0.0643791257210597,1.412812421522078,-0.927412750482805,-1.002803930999114,-0.5787359118286177,1.7427397119690018,-0.9124191495230388,0.9124191495230392,-0.5784279906300535,1.731127539482183,-0.5765804684883443,-0.5767344287272242,0
1.1016336260802426,-0.7553720748175714,1.7244635794717436,-0.5921455648946199,0.8077365626180215,-1.5477679860172513,-1.0306701134001208,1.6072505623651825,1.412812421522078,0.852029044853606,0.9972039090469852,-0.5787359118286177,-0.5738091541336192,-0.9124191495230388,0.9124191495230392,-0.5784279906300535,1.731127539482183,-0.5765804684883443,-0.5767344287272242,0
1.122327177502228,-0.7553720748175714,1.03290776479748,-1.2258476714090278,0.8077365626180215,0.646091668153197,0.9702425509371356,-0.0174498602009658,-0.009816137054176,-0.6883832555868692,-1.002803930999114,-0.5787359118286177,1.7427397119690018,-0.9124191495230388,0.9124191495230392,-0.5784279906300535,-0.5776581893550843,1.7343632929879855,-0.5767344287272242,0
0.6567222705075577,0.6749317857019538,-1.3875375865624426,-1.2258476714090278,-0.9115834940401768,0.646091668153197,-1.0306701134001208,0.9055765589924836,-0.721130416342303,0.6218524942130752,0.9972039090469852,-0.5787359118286177,-0.5738091541336192,-0.9124191495230388,0.9124191495230392,-0.5784279906300535,-0.5776581893550843,1.7343632929879855,-0.5767344287272242,1
0.3463189991777775,0.8656389671045572,1.7244635794717436,0.7997291820680158,-0.9115834940401768,0.646091668153197,0.9702425509371356,1.7048023350012298,-1.43244469563043,-0.6396920621821415,-1.002803930999114,1.7279038324066065,-0.5738091541336192,1.0959875190286648,-1.0959875190286648,-0.5784279906300535,1.731127539482183,-0.5765804684883443,-0.5767344287272242,0
0.6981093733515285,-0.1832505306097613,1.03290776479748,-1.2258476714090278,0.8077365626180215,0.646091668153197,0.9702425509371356,-1.7379859349174105,1.412812421522078,0.5023377467651073,0.9972039090469852,-0.5787359118286177,-0.5738091541336192,-0.9124191495230388,0.9124191495230392,-0.5784279906300535,1.731127539482183,-0.5765804684883443,-0.5767344287272242,0
2.063883767202561,-0.7553720748175714,0.3413519501232164,0.8896771633156887,0.8077365626180215,0.646091668153197,0.9702425509371356,1.3677699393542315,0.7014981422339509,0.2146170584644438,0.9972039090469852,-0.5787359118286177,-0.5738091541336192,-0.9124191495230388,0.9124191495230392,-0.5784279906300535,-0.5776581893550843,-0.5765804684883443,1.733900301750437,0
0.1600770363799093,-0.8507256655188732,-0.695981771888179,0.5395907746178419,-0.9115834940401768,-1.5477679860172513,0.9702425509371356,-0.4389119407247876,-0.721130416342303,1.6974852212447862,-1.002803930999114,1.7279038324066065,-0.5738091541336192,-0.9124191495230388,0.9124191495230392,-0.5784279906300535,1.731127539482183,-0.5765804684883443,-0.5767344287272242,0
1.4637707759649865,-1.3274936190253817,1.03290776479748,1.0638205156394756,-0.9115834940401768,0.646091668153197,0.9702425509371356,0.5312125870476264,1.412812421522078,-1.365633491125354,-1.002803930999114,-0.5787359118286177,1.7427397119690018,-0.9124191495230388,0.9124191495230392,-0.5784279906300535,-0.5776581893550843,1.7343632929879855,-0.5767344287272242,0
1.2982223645891036,0.007456650792842,-1.0417596792253108,0.4465723198609411,-0.9115834940401768,-1.5477679860172513,-1.0306701134001208,-0.3579906606428291,-0.721130416342303,1.7196175818832988,-1.002803930999114,-0.5787359118286177,1.7427397119690018,-0.9124191495230388,0.9124191495230392,1.7288236672481017,-0.5776581893550843,-0.5765804684883443,-0.5767344287272242,0
0.1600770363799093,-0.278604121311063,1.03290776479748,-1.2258476714090278,-0.9115834940401768,-1.5477679860172513,0.9702425509371356,1.0185911527810778,-0.009816137054176,-0.4405008164355283,0.9972039090469852,-0.5787359118286177,-0.5738091541336192,1.0959875190286648,-1.0959875190286648,-0.5784279906300535,1.731127539482183,-0.5765804684883443,-0.5767344287272242,0
-0.0468584778399441,2.868064371831893,1.7244635794717436,0.6246814199930766,-0.9115834940401768,0.646091668153197,-1.0306701134001208,-1.037573329660391,-0.721130416342303,0.4182347763387595,-1.002803930999114,-0.5787359118286177,1.7427397119690018,-0.9124191495230388,0.9124191495230392,-0.5784279906300535,1.731127539482183,-0.5765804684883443,-0.5767344287272242,0
-1.350552217425021,-0.0878969399084596,-0.0044259572139154,-1.2258476714090278,0.8077365626180215,0.646091668153197,-1.0306701134001208,1.097168047779553,-0.009816137054176,0.1969111699536337,0.9972039090469852,-0.5787359118286177,-0.5738091541336192,-0.9124191495230388,0.9124191495230392,-0.5784279906300535,-0.5776581893550843,-0.5765804684883443,1.733900301750437,0
1.153367504635206,1.1516997392084622,-0.695981771888179,0.365435562233522,-0.9115834940401768,-1.5477679860172513,0.9702425509371356,-0.2523423953593929,1.412812421522078,1.2415585920914272,0.9972039090469852,-0.5787359118286177,-0.5738091541336192,1.0959875190286648,-1.0959875190286648,-0.5784279906300535,-0.5776581893550843,-0.5765804684883443,1.733900301750437,0
0.0048754007150192,2.2959428276240823,1.03290776479748,0.8571743468840199,-0.9115834940401768,0.646091668153197,0.9702425509371356,-1.534748162866261,-0.009816137054176,0.6174260220853727,-1.002803930999114,-0.5787359118286177,1.7427397119690018,1.0959875190286648,-1.0959875190286648,-0.5784279906300535,-0.5776581893550843,1.7343632929879855,-0.5767344287272242,0
1.4844643273869715,1.6284676927149706,1.378685672134612,0.3279999222468365,-0.9115834940401768,0.646091668153197,0.9702425509371356,-0.4923431233833018,-0.721130416342303,0.3872494714448419,0.9972039090469852,-0.5787359118286177,-0.5738091541336192,-0.9124191495230388,0.9124191495230392,-0.5784279906300535,-0.5776581893550843,1.7343632929879855,-0.5767344287272242,0
0.8429642333054258,0.5795781950006521,0.3413519501232164,0.3575088747494739,-0.9115834940401768,0.646091668153197,-1.0306701134001208,-0.3234100242664001,-0.009816137054176,1.0954850118772443,-1.002803930999114,1.7279038324066065,-0.5738091541336192,1.0959875190286648,-1.0959875190286648,-0.5784279906300535,1.731127539482183,-0.5765804684883443,-0.5767344287272242,1
-2.31280235854734,-0.5646648934149681,1.03290776479748,-1.2258476714090278,-0.9115834940401768,0.646091668153197,0.9702425509371356,-1.4994759659293055,0.7014981422339509,1.5602645852860084,0.9972039090469852,-0.5787359118286177,-0.5738091541336192,-0.9124191495230388,0.9124191495230392,-0.5784279906300535,-0.5776581893550843,-0.5765804684883443,1.733900301750437,0
-0.2537939920597976,-0.4693113027136664,0.6871298574603482,0.5854512246309432,0.8077365626180215,0.646091668153197,0.9702425509371356,-0.7554470517170122,1.412812421522078,0.2544553076137664,0.9972039090469852,-0.5787359118286177,-0.5738091541336192,-0.9124191495230388,0.9124191495230392,-0.5784279906300535,-0.5776581893550843,-0.5765804684883443,1.733900301750437,0
-0.7297456747654606,-0.278604121311063,0.3413519501232164,1.1042907284116152,0.8077365626180215,0.646091668153197,0.9702425509371356,1.215020957141716,-0.009816137054176,0.1260876159103935,-1.002803930999114,1.7279038324066065,-0.5738091541336192,1.0959875190286648,-1.0959875190286648,1.7288236672481017,-0.5776581893550843,-0.5765804684883443,-0.5767344287272242,1
0.4911738591316749,0.007456650792842,1.378685672134612,0.908822025623748,0.8077365626180215,-1.5477679860172513,0.9702425509371356,-0.8138182756035852,-0.721130416342303,-0.790192114524027,-1.002803930999114,1.7279038324066065,-0.5738091541336192,-0.9124191495230388,0.9124191495230392,1.7288236672481017,-0.5776581893550843,-0.5765804684883443,-0.5767344287272242,0
-0.750439226187446,-0.1832505306097613,-1.3875375865624426,0.9482437449363732,-0.9115834940401768,0.646091668153197,-1.0306701134001208,1.7273876908681736,-1.43244469563043,1.7196175818832988,-1.002803930999114,1.7279038324066065,-0.5738091541336192,-0.9124191495230388,0.9124191495230392,-0.5784279906300535,-0.5776581893550843,1.7343632929879855,-0.5767344287272242,0
0.4911738591316749,0.8656389671045572,-0.3502038645510472,0.3967086186048345,0.8077365626180215,-1.5477679860172513,0.9702425509371356,1.3515710417991935,-1.43244469563043,-1.1708687175064434,0.9972039090469852,-0.5787359118286177,-0.5738091541336192,-0.9124191495230388,0.9124191495230392,-0.5784279906300535,1.731127539482183,-0.5765804684883443,-0.5767344287272242,1
1.5568917573639205,0.3888710135980487,-0.3502038645510472,1.3178641341446178,0.8077365626180215,-1.5477679860172513,-1.0306701134001208,-0.0261547939852117,-0.721130416342303,-1.69319242857534,0.9972039090469852,-0.5787359118286177,-0.5738091541336192,-0.9124191495230388,0.9124191495230392,-0.5784279906300535,-0.5776581893550843,-0.5765804684883443,1.733900301750437,0
-1.474713525956933,0.3888710135980487,1.378685672134612,-1.2258476714090278,-0.9115834940401768,0.646091668153197,-1.0306701134001208,0.0632345816905383,-0.009816137054176,1.6576469720954636,0.9972039090469852,-0.5787359118286177,-0.5738091541336192,1.0959875190286648,-1.0959875190286648,1.7288236672481017,-0.5776581893550843,-0.5765804684883443,-0.5767344287272242,0
-0.5952375905225558,0.3888710135980487,1.7244635794717436,-1.2258476714090278,0.8077365626180215,-1.5477679860172513,-1.0306701134001208,-0.8105399272888753,-0.721130416342303,-0.0199859643037894,-1.002803930999114,-0.5787359118286177,1.7427397119690018,-0.9124191495230388,0.9124191495230392,-0.5784279906300535,-0.5776581893550843,-0.5765804684883443,1.733900301750437,0
0.2635447934898361,-1.80426157253189,-1.3875375865624426,0.0654521595265808,-0.9115834940401768,-1.5477679860172513,-1.0306701134001208,-0.5472015952248179,-0.009816137054176,-0.9982363045260452,0.9972039090469852,-0.5787359118286177,-0.5738091541336192,-0.9124191495230388,0.9124191495230392,1.7288236672481017,-0.5776581893550843,-0.5765804684883443,-0.5767344287272242,0
0.998165868970316,0.1981638321954454,1.378685672134612,-1.2258476714090278,-0.9115834940401768,0.646091668153197,-1.0306701134001208,-1.1765276175639934,-1.43244469563043,0.4890583303819997,-1.002803930999114,-0.5787359118286177,1.7427397119690018,-0.9124191495230388,0.9124191495230392,-0.5784279906300535,-0.5776581893550843,1.7343632929879855,-0.5767344287272242,1
-1.4022860959799843,0.1981638321954454,1.03290776479748,-1.2258476714090278,0.8077365626180215,0.646091668153197,0.9702425509371356,1.4774373243850767,1.412812421522078,-0.2634419313274277,0.9972039090469852,-0.5787359118286177,-0.5738091541336192,-0.9124191495230388,0.9124191495230392,1.7288236672481017,-0.5776581893550843,-0.5765804684883443,-0.5767344287272242,0
-0.2848343191927756,0.007456650792842,-1.3875375865624426,1.3529654257305364,-0.9115834940401768,-1.5477679860172513,-1.0306701134001208,-0.3706618516121501,1.412812421522078,0.1172346716549885,0.9972039090469852,-0.5787359118286177,-0.5738091541336192,1.0959875190286648,-1.0959875190286648,-0.5784279906300535,-0.5776581893550843,1.7343632929879855,-0.5767344287272242,0
-0.429689179146673,-0.6600184841162697,-0.3502038645510472,0.3749906039744736,-0.9115834940401768,0.646091668153197,0.9702425509371356,0.3565546810980254,-0.009816137054176,1.2415585920914272,-1.002803930999114,-0.5787359118286177,1.7427397119690018,-0.9124191495230388,0.9124191495230392,-0.5784279906300535,-0.5776581893550843,1.7343632929879855,-0.5767344287272242,0
-0.3469149734587316,-1.422847209726683,-0.3502038645510472,0.9745972802529956,0.8077365626180215,0.646091668153197,0.9702425509371356,-0.1546772464383409,-1.43244469563043,-0.0376918528145995,0.9972039090469852,-0.5787359118286177,-0.5738091541336192,1.0959875190286648,-1.0959875190286648,-0.5784279906300535,-0.5776581893550843,1.7343632929879855,-0.5767344287272242,0
0.5118674105536603,-0.0878969399084596,1.378685672134612,-0.1686574218318216,-0.9115834940401768,0.646091668153197,0.9702425509371356,0.0149587160895858,-0.721130416342303,-0.8300303636733497,0.9972039090469852,-0.5787359118286177,-0.5738091541336192,-0.9124191495230388,0.9124191495230392,-0.5784279906300535,-0.5776581893550843,1.7343632929879855,-0.5767344287272242,0
-1.2367376846041016,2.391296418325384,-1.0417596792253108,1.5909947570949512,0.8077365626180215,0.646091668153197,0.9702425509371356,-0.6845847869090701,-1.43244469563043,1.2415585920914272,-1.002803930999114,1.7279038324066065,-0.5738091541336192,1.0959875190286648,-1.0959875190286648,1.7288236672481017,-0.5776581893550843,-0.5765804684883443,-0.5767344287272242,0
1.4948111030979645,-0.5646648934149681,1.378685672134612,0.4498301502723659,-0.9115834940401768,0.646091668153197,0.9702425509371356,0.3610580845168108,-1.43244469563043,-0.9982363045260452,-1.002803930999114,1.7279038324066065,-0.5738091541336192,1.0959875190286648,-1.0959875190286648,-0.5784279906300535,-0.5776581893550843,-0.5765804684883443,1.733900301750437,1
-0.6469714690775192,-0.7553720748175714,-0.3502038645510472,0.3705704876308575,0.8077365626180215,-1.5477679860172513,0.9702425509371356,-1.1166035559088765,-0.721130416342303,1.042367346344814,0.9972039090469852,-0.5787359118286177,-0.5738091541336192,-0.9124191495230388,0.9124191495230392,1.7288236672481017,-0.5776581893550843,-0.5765804684883443,-0.5767344287272242,0
-1.0711892732282189,0.9609925578058588,-1.0417596792253108,-1.2258476714090278,-0.9115834940401768,-1.5477679860172513,-1.0306701134001208,-0.6020647620965411,1.412812421522078,0.0508375897394507,0.9972039090469852,-0.5787359118286177,-0.5738091541336192,1.0959875190286648,-1.0959875190286648,1.7288236672481017,-0.5776581893550843,-0.5765804684883443,-0.5767344287272242,1
-1.764423245864728,0.4842246042993504,1.7244635794717436,0.8514029849951331,-0.9115834940401768,0.646091668153197,-1.0306701134001208,-1.645304473616344,-1.43244469563043,0.7457937137887456,-1.002803930999114,1.7279038324066065,-0.5738091541336192,-0.9124191495230388,0.9124191495230392,-0.5784279906300535,1.731127539482183,-0.5765804684883443,-0.5767344287272242,1
-0.5538504876785851,-1.23214002832408,1.03290776479748,1.17804860513472,-0.9115834940401768,0.646091668153197,-1.0306701134001208,-1.0043827700053216,-0.721130416342303,-0.5201773147341736,0.9972039090469852,-0.5787359118286177,-0.5738091541336192,1.0959875190286648,-1.0959875190286648,1.7288236672481017,-0.5776581893550843,-0.5765804684883443,-0.5767344287272242,0
1.0188594203923014,-1.0414328469214764,-0.695981771888179,-1.2258476714090278,-0.9115834940401768,0.646091668153197,-1.0306701134001208,-1.6811953712006096,-1.43244469563043,0.905146710386036,-1.002803930999114,-0.5787359118286177,1.7427397119690018,1.0959875190286648,-1.0959875190286648,-0.5784279906300535,1.731127539482183,-0.5765804684883443,-0.5767344287272242,0
-0.2020601135048342,0.6749317857019538,1.378685672134612,1.3502957902130914,-0.9115834940401768,-1.5477679860172513,0.9702425509371356,-0.1145451715668647,-0.009816137054176,-0.1350742396240548,-1.002803930999114,-0.5787359118286177,1.7427397119690018,-0.9124191495230388,0.9124191495230392,-0.5784279906300535,-0.5776581893550843,-0.5765804684883443,1.733900301750437,0
-0.429689179146673,-1.23214002832408,0.6871298574603482,-1.2258476714090278,0.8077365626180215,0.646091668153197,-1.0306701134001208,-0.0282788604289704,-0.009816137054176,0.9317055431522512,0.9972039090469852,-0.5787359118286177,-0.5738091541336192,-0.9124191495230388,0.9124191495230392,-0.5784279906300535,-0.5776581893550843,-0.5765804684883443,1.733900301750437,0
-0.6366246933665265,-1.7089079818305883,-0.695981771888179,-1.2258476714090278,0.8077365626180215,-1.5477679860172513,0.9702425509371356,-0.7736157752790005,-1.43244469563043,-0.7946185866517296,0.9972039090469852,-0.5787359118286177,-0.5738091541336192,1.0959875190286648,-1.0959875190286648,-0.5784279906300535,-0.5776581893550843,-0.5765804684883443,1.733900301750437,0
0.4601335319986969,0.007456650792842,-0.3502038645510472,-0.1757322684816728,-0.9115834940401768,0.646091668153197,0.9702425509371356,-1.7188378628321923,1.412812421522078,-0.4980449540956611,-1.002803930999114,-0.5787359118286177,1.7427397119690018,-0.9124191495230388,0.9124191495230392,-0.5784279906300535,-0.5776581893550843,1.7343632929879855,-0.5767344287272242,0
-0.1399794592388781,2.2959428276240823,-0.0044259572139154,-1.2258476714090278,-0.9115834940401768,0.646091668153197,-1.0306701134001208,-1.2519640590238448,-1.43244469563043,-1.5692512089996695,0.9972039090469852,-0.5787359118286177,-0.5738091541336192,1.0959875190286648,-1.0959875190286648,-0.5784279906300535,-0.5776581893550843,1.7343632929879855,-0.5767344287272242,1
-0.3883020763027023,0.4842246042993504,-0.695981771888179,-1.2258476714090278,0.8077365626180215,-1.5477679860172513,0.9702425509371356,0.6329853657299942,1.412812421522078,-0.6396920621821415,0.9972039090469852,-0.5787359118286177,-0.5738091541336192,-0.9124191495230388,0.9124191495230392,-0.5784279906300535,1.731127539482183,-0.5765804684883443,-0.5767344287272242,0
-2.0023990872175594,-0.0878969399084596,0.6871298574603482,1.4105634891647574,-0.9115834940401768,0.646091668153197,0.9702425509371356,1.099628765278171,-0.009816137054176,1.427470421454933,0.9972039090469852,-0.5787359118286177,-0.5738091541336192,1.0959875190286648,-1.0959875190286648,-0.5784279906300535,-0.5776581893550843,-0.5765804684883443,1.733900301750437,0
2.063883767202561,-0.3739577120123647,-0.695981771888179,1.3776335502828283,-0.9115834940401768,0.646091668153197,-1.0306701134001208,1.4515736202034228,-0.009816137054176,0.860881989109011,0.9972039090469852,-0.5787359118286177,-0.5738091541336192,-0.9124191495230388,0.9124191495230392,-0.5784279906300535,1.731127539482183,-0.5765804684883443,-0.5767344287272242,0
-0.7193988990544679,1.533114102013669,0.3413519501232164,-1.2258476714090278,-0.9115834940401768,0.646091668153197,0.9702425509371356,-1.3502230423211097,-1.43244469563043,1.3566468674116927,0.9972039090469852,-0.5787359118286177,-0.5738091541336192,1.0959875190286648,-1.0959875190286648,-0.5784279906300535,-0.5776581893550843,-0.5765804684883443,1.733900301750437,0
0.3049318963338068,-0.4693113027136664,-1.3875375865624426,-1.2258476714090278,0.8077365626180215,0.646091668153197,-1.0306701134001208,1.1641037023241696,-0.009816137054176,-0.1217948232409472,0.9972039090469852,-0.5787359118286177,-0.5738091541336192,1.0959875190286648,-1.0959875190286648,1.7288236672481017,-0.5776581893550843,-0.5765804684883443,-0.5767344287272242,0
-0.367608524880717,0.1981638321954454,1.378685672134612,0.5213192294698087,-0.9115834940401768,0.646091668153197,-1.0306701134001208,1.6764686971505505,-1.43244469563043,-0.2014713215395925,-1.002803930999114,-0.5787359118286177,1.7427397119690018,1.0959875190286648,-1.0959875190286648,-0.5784279906300535,-0.5776581893550843,1.7343632929879855,-0.5767344287272242,0
0.1807705878018947,1.914528464818876,-0.0044259572139154,0.7001311183240428,-0.9115834940401768,-1.5477679860172513,0.9702425509371356,-0.8631107021894097,-0.009816137054176,-0.7282215047361918,-1.002803930999114,1.7279038324066065,-0.5738091541336192,1.0959875190286648,-1.0959875190286648,1.7288236672481017,-0.5776581893550843,-0.5765804684883443,-0.5767344287272242,0
1.1740610560571914,0.007456650792842,1.378685672134612,0.9913667647616884,-0.9115834940401768,0.646091668153197,-1.0306701134001208,-0.8697508660225142,-0.721130416342303,0.4093818320833545,-1.002803930999114,1.7279038324066065,-0.5738091541336192,1.0959875190286648,-1.0959875190286648,-0.5784279906300535,1.731127539482183,-0.5765804684883443,-0.5767344287272242,1
0.6670690462185503,-0.6600184841162697,1.7244635794717436,-1.2258476714090278,0.8077365626180215,0.646091668153197,-1.0306701134001208,-0.681348867756233,-0.009816137054176,1.0866320676218393,0.9972039090469852,-0.5787359118286177,-0.5738091541336192,1.0959875190286648,-1.0959875190286648,1.7288236672481017,-0.5776581893550843,-0.5765804684883443,-0.5767344287272242,0
0.0462625035589899,-0.4693113027136664,-0.695981771888179,-1.2258476714090278,0.8077365626180215,0.646091668153197,-1.0306701134001208,1.0354894359469873,-1.43244469563043,-0.4360743443078258,0.9972039090469852,-0.5787359118286177,-0.5738091541336192,1.0959875190286648,-1.0959875190286648,1.7288236672481017,-0.5776581893550843,-0.5765804684883443,-0.5767344287272242,0
0.553254513397631,-1.518200800427985,0.3413519501232164,1.4441849977926058,-0.9115834940401768,0.646091668153197,0.9702425509371356,0.9691404862882688,0.7014981422339509,1.2149997593252122,0.9972039090469852,-0.5787359118286177,-0.5738091541336192,-0.9124191495230388,0.9124191495230392,-0.5784279906300535,1.731127539482183,-0.5765804684883443,-0.5767344287272242,0
-0.8849473104303507,1.247053329909764,-0.0044259572139154,0.3403270127306425,0.8077365626180215,0.646091668153197,-1.0306701134001208,1.3038394519222665,-0.721130416342303,-1.2505452158050885,-1.002803930999114,1.7279038324066065,-0.5738091541336192,-0.9124191495230388,0.9124191495230392,-0.5784279906300535,-0.5776581893550843,1.7343632929879855,-0.5767344287272242,1
-0.3262214220367463,-1.1367864376227783,-1.3875375865624426,1.250083888201014,-0.9115834940401768,0.646091668153197,-1.0306701134001208,0.9790789957869656,-0.721130416342303,-0.7769126981409195,0.9972039090469852,-0.5787359118286177,-0.5738091541336192,-0.9124191495230388,0.9124191495230392,-0.5784279906300535,-0.5776581893550843,-0.5765804684883443,1.733900301750437,0
0.1186899335359386,-0.3739577120123647,0.3413519501232164,-1.2258476714090278,0.8077365626180215,-1.5477679860172513,-1.0306701134001208,-1.698320059156513,0.7014981422339509,0.5466024680421324,-1.002803930999114,-0.5787359118286177,1.7427397119690018,1.0959875190286648,-1.0959875190286648,1.7288236672481017,-0.5776581893550843,-0.5765804684883443,-0.5767344287272242,1
0.4601335319986969,0.007456650792842,-0.0044259572139154,-1.2258476714090278,0.8077365626180215,-1.5477679860172513,-1.0306701134001208,0.0464886261713525,-0.009816137054176,-1.2682511043158986,-1.002803930999114,-0.5787359118286177,1.7427397119690018,1.0959875190286648,-1.0959875190286648,1.7288236672481017,-0.5776581893550843,-0.5765804684883443,-0.5767344287272242,0
-0.1296326835278854,-1.422847209726683,-1.3875375865624426,-1.2258476714090278,0.8077365626180215,-1.5477679860172513,0.9702425509371356,1.0869327080377529,-1.43244469563043,-0.1749124887733774,0.9972039090469852,-0.5787359118286177,-0.5738091541336192,-0.9124191495230388,0.9124191495230392,-0.5784279906300535,1.731127539482183,-0.5765804684883443,-0.5767344287272242,0
-0.7193988990544679,0.1981638321954454,-1.0417596792253108,0.8242392793272659,0.8077365626180215,0.646091668153197,0.9702425509371356,-0.9717719596358428,-0.721130416342303,-0.4582067049463384,-1.002803930999114,1.7279038324066065,-0.5738091541336192,-0.9124191495230388,0.9124191495230392,-0.5784279906300535,-0.5776581893550843,-0.5765804684883443,1.733900301750437,0
0.4704803077096895,0.4842246042993504,1.03290776479748,1.3687776110289451,-0.9115834940401768,-1.5477679860172513,-1.0306701134001208,-0.4265134092875022,0.7014981422339509,0.7944849071934733,0.9972039090469852,-0.5787359118286177,-0.5738091541336192,-0.9124191495230388,0.9124191495230392,-0.5784279906300535,1.731127539482183,-0.5765804684883443,-0.5767344287272242,0
1.3809965702770448,-1.0414328469214764,-1.0417596792253108,-0.100203877046362,0.8077365626180215,0.646091668153197,0.9702425509371356,1.3765566014420854,1.412812421522078,0.9759702644292764,-1.002803930999114,1.7279038324066065,-0.5738091541336192,-0.9124191495230388,0.9124191495230392,-0.5784279906300535,1.731127539482183,-0.5765804684883443,-0.5767344287272242,0
-2.3852297885242884,-0.4693113027136664,-1.3875375865624426,0.946625327486943,-0.9115834940401768,-1.5477679860172513,-1.0306701134001208,0.8586843361826069,-0.009816137054176,1.626661667201546,-1.002803930999114,1.7279038324066065,-0.5738091541336192,1.0959875190286648,-1.0959875190286648,1.7288236672481017,-0.5776581893550843,-0.5765804684883443,-0.5767344287272242,1
-0.367608524880717,0.1981638321954454,-0.3502038645510472,-1.2258476714090278,-0.9115834940401768,-1.5477679860172513,0.9702425509371356,0.8553426919051026,-0.721130416342303,-0.8964274455888874,-1.002803930999114,-0.5787359118286177,1.7427397119690018,-0.9124191495230388,0.9124191495230392,-0.5784279906300535,-0.5776581893550843,1.7343632929879855,-0.5767344287272242,0
0.2842383449118215,0.3888710135980487,-1.0417596792253108,1.232601517891661,0.8077365626180215,0.646091668153197,0.9702425509371356,1.6300106776898398,-1.43244469563043,-1.4718688221902143,-1.002803930999114,1.7279038324066065,-0.5738091541336192,1.0959875190286648,-1.0959875190286648,-0.5784279906300535,1.731127539482183,-0.5765804684883443,-0.5767344287272242,0
-0.6055843662335485,-1.23214002832408,-0.3502038645510472,0.4583141003303563,0.8077365626180215,0.646091668153197,-1.0306701134001208,0.568817344547544,-1.43244469563043,1.5159998640089831,-1.002803930999114,1.7279038324066065,-0.5738091541336192,1.0959875190286648,-1.0959875190286648,-0.5784279906300535,1.731127539482183,-0.5765804684883443,-0.5767344287272242,0
0.0359157278479972,1.4377605113123673,-0.0044259572139154,-1.2258476714090278,0.8077365626180215,-1.5477679860172513,0.9702425509371356,-0.920768107594474,-0.009816137054176,0.0287052291009382,-1.002803930999114,-0.5787359118286177,1.7427397119690018,1.0959875190286648,-1.0959875190286648,-0.5784279906300535,-0.5776581893550843,-0.5765804684883443,1.733900301750437,0
-0.1503262349498708,-0.278604121311063,-0.0044259572139154,0.6582840166325081,0.8077365626180215,0.646091668153197,0.9702425509371356,0.1996789412233495,0.7014981422339509,-1.347927602614544,0.9972039090469852,-0.5787359118286177,-0.5738091541336192,-0.9124191495230388,0.9124191495230392,-0.5784279906300535,-0.5776581893550843,-0.5765804684883443,1.733900301750437,0
0.5118674105536603,1.4377605113123673,-1.3875375865624426,0.0469559143127822,-0.9115834940401768,-1.5477679860172513,0.9702425509371356,0.689392154199855,1.412812421522078,-0.2678684034551303,-1.002803930999114,-0.5787359118286177,1.7427397119690018,-0.9124191495230388,0.9124191495230392,-0.5784279906300535,-0.5776581893550843,1.7343632929879855,-0.5767344287272242,0
-1.1125763760721894,-1.613554391129287,1.03290776479748,-1.2258476714090278,0.8077365626180215,-1.5477679860172513,-1.0306701134001208,0.4781450083951625,-0.009816137054176,-1.573677681127372,0.9972039090469852,-0.5787359118286177,-0.5738091541336192,-0.9124191495230388,0.9124191495230392,-0.5784279906300535,-0.5776581893550843,1.7343632929879855,-0.5767344287272242,0
-0.6366246933665265,0.1981638321954454,0.6871298574603482,0.2585610308106443,-0.9115834940401768,0.646091668153197,0.9702425509371356,0.0189298421948761,1.412812421522078,-1.6445012351706123,-1.002803930999114,1.7279038324066065,-0.5738091541336192,1.0959875190286648,-1.0959875190286648,-0.5784279906300535,-0.5776581893550843,-0.5765804684883443,1.733900301750437,0
1.060246523236272,0.3888710135980487,-0.0044259572139154,-1.2258476714090278,0.8077365626180215,0.646091668153197,-1.0306701134001208,0.1702638814149349,1.412812421522078,1.006955569323194,0.9972039090469852,-0.5787359118286177,-0.5738091541336192,1.0959875190286648,-1.0959875190286648,-0.5784279906300535,-0.5776581893550843,-0.5765804684883443,1.733900301750437,0
1.1326739532132206,-0.1832505306097613,0.6871298574603482,-1.2258476714090278,-0.9115834940401768,-1.5477679860172513,-1.0306701134001208,-1.169010352532173,-0.009816137054176,-0.2678684034551303,0.9972039090469852,-0.5787359118286177,-0.5738091541336192,-0.9124191495230388,0.9124191495230392,1.7288236672481017,-0.5776581893550843,-0.5765804684883443,-0.5767344287272242,1
2.063883767202561,-1.0414328469214764,-0.3502038645510472,1.145718721207303,-0.9115834940401768,0.646091668153197,-1.0306701134001208,-0.684805279438803,-0.721130416342303,0.9582643759184664,-1.002803930999114,1.7279038324066065,-0.5738091541336192,-0.9124191495230388,0.9124191495230392,-0.5784279906300535,-0.5776581893550843,-0.5765804684883443,1.733900301750437,1
1.1016336260802426,-0.5646648934149681,-1.3875375865624426,0.7308807293210394,-0.9115834940401768,0.646091668153197,-1.0306701134001208,-1.0000266514230376,-0.721130416342303,-0.8300303636733497,-1.002803930999114,1.7279038324066065,-0.5738091541336192,-0.9124191495230388,0.9124191495230392,1.7288236672481017,-0.5776581893550843,-0.5765804684883443,-0.5767344287272242,0
0.1497302606689167,-1.0414328469214764,1.03290776479748,1.8417861546767584,0.8077365626180215,0.646091668153197,-1.0306701134001208,-0.2930366566256847,0.7014981422339509,-1.2682511043158986,0.9972039090469852,-0.5787359118286177,-0.5738091541336192,-0.9124191495230388,0.9124191495230392,-0.5784279906300535,-0.5776581893550843,-0.5765804684883443,1.733900301750437,0
0.8533110090164185,0.2935174228967471,1.378685672134612,1.1863477626279255,-0.9115834940401768,-1.5477679860172513,0.9702425509371356,1.2150369550224218,-0.009816137054176,-1.3744864353807589,0.9972039090469852,-0.5787359118286177,-0.5738091541336192,-0.9124191495230388,0.9124191495230392,-0.5784279906300535,-0.5776581893550843,-0.5765804684883443,1.733900301750437,0
-0.781479553320424,-0.1832505306097613,-1.7333154938995745,-1.2258476714090278,0.8077365626180215,-1.5477679860172513,-1.0306701134001208,-1.2168113245221628,-0.721130416342303,1.4318968935826355,-1.002803930999114,-0.5787359118286177,1.7427397119690018,1.0959875190286648,-1.0959875190286648,-0.5784279906300535,1.731127539482183,-0.5765804684883443,-0.5767344287272242,0
-0.2951810949037682,-0.4693113027136664,0.6871298574603482,0.3556391522336242,-0.9115834940401768,0.646091668153197,-1.0306701134001208,0.674982063153777,1.412812421522078,1.7196175818832988,-1.002803930999114,1.7279038324066065,-0.5738091541336192,1.0959875190286648,-1.0959875190286648,-0.5784279906300535,1.731127539482183,-0.5765804684883443,-0.5767344287272242,1
0.522214186264653,-0.5646648934149681,1.378685672134612,1.1383166009951884,-0.9115834940401768,0.646091668153197,-1.0306701134001208,1.574081565071065,1.412812421522078,-1.67548654006453,0.9972039090469852,-0.5787359118286177,-0.5738091541336192,-0.9124191495230388,0.9124191495230392,1.7288236672481017,-0.5776581893550843,-0.5765804684883443,-0.5767344287272242,0
0.139383484957924,-0.3739577120123647,-1.3875375865624426,0.6176625079530345,-0.9115834940401768,-1.5477679860172513,0.9702425509371356,1.2098492944234327,-0.721130416342303,0.3164259174016017,-1.002803930999114,-0.5787359118286177,1.7427397119690018,-0.9124191495230388,0.9124191495230392,1.7288236672481017,-0.5776581893550843,-0.5765804684883443,-0.5767344287272242,0
0.584294840530609,0.2935174228967471,-1.0417596792253108,-0.9550922659869732,-0.9115834940401768,0.646091668153197,0.9702425509371356,-0.3927771827883464,-0.009816137054176,1.0999114840049469,0.9972039090469852,-0.5787359118286177,-0.5738091541336192,-0.9124191495230388,0.9124191495230392,-0.5784279906300535,1.731127539482183,-0.5765804684883443,-0.5767344287272242,0
-0.6055843662335485,-0.278604121311063,-1.3875375865624426,0.8012197031890002,-0.9115834940401768,-1.5477679860172513,-1.0306701134001208,1.3846501379593434,-0.721130416342303,1.5469851689029008,0.9972039090469852,-0.5787359118286177,-0.5738091541336192,-0.9124191495230388,0.9124191495230392,-0.5784279906300535,-0.5776581893550843,1.7343632929879855,-0.5767344287272242,0
0.8740045604384039,-0.9460792562201747,1.7244635794717436,-1.2258476714090278,0.8077365626180215,0.646091668153197,0.9702425509371356,-0.0880747651484305,-0.721130416342303,-0.7415009211192993,-1.002803930999114,-0.5787359118286177,1.7427397119690018,-0.9124191495230388,0.9124191495230392,1.7288236672481017,-0.5776581893550843,-0.5765804684883443,-0.5767344287272242,0
1.443077224543001,0.1028102414941437,1.378685672134612,-1.2258476714090278,0.8077365626180215,0.646091668153197,0.9702425509371356,-0.5126823420210981,0.7014981422339509,-0.1129418789855422,0.9972039090469852,-0.5787359118286177,-0.5738091541336192,1.0959875190286648,-1.0959875190286648,-0.5784279906300535,-0.5776581893550843,-0.5765804684883443,1.733900301750437,0
-0.6676650204995045,2.391296418325384,-1.3875375865624426,-1.2258476714090278,0.8077365626180215,0.646091668153197,0.9702425509371356,-0.8065020274206376,-1.43244469563043,0.8298966842150934,0.9972039090469852,-0.5787359118286177,-0.5738091541336192,-0.9124191495230388,0.9124191495230392,1.7288236672481017,-0.5776581893550843,-0.5765804684883443,-0.5767344287272242,0
-0.5435037119675924,-0.0878969399084596,0.3413519501232164,-1.2258476714090278,0.8077365626180215,-1.5477679860172513,-1.0306701134001208,1.2814500700939733,0.7014981422339509,1.2858233133684525,-1.002803930999114,-0.5787359118286177,1.7427397119690018,1.0959875190286648,-1.0959875190286648,-0.5784279906300535,-0.5776581893550843,1.7343632929879855,-0.5767344287272242,0
0.6049883919525944,0.3888710135980487,1.03290776479748,-1.2258476714090278,0.8077365626180215,-1.5477679860172513,-1.0306701134001208,1.181502267042162,0.7014981422339509,1.1353232610265669,0.9972039090469852,-0.5787359118286177,-0.5738091541336192,1.0959875190286648,-1.0959875190286648,-0.5784279906300535,1.731127539482183,-0.5765804684883443,-0.5767344287272242,1
-0.2641407677707902,0.3888710135980487,1.03290776479748,2.006757192618402,-0.9115834940401768,0.646091668153197,-1.0306701134001208,0.572631274085895,0.7014981422339509,-0.3032801804767503,0.9972039090469852,-0.5787359118286177,-0.5738091541336192,-0.9124191495230388,0.9124191495230392,-0.5784279906300535,1.731127539482183,-0.5765804684883443,-0.5767344287272242,1
0.3566657748887701,-0.7553720748175714,0.6871298574603482,0.7366607458486935,0.8077365626180215,0.646091668153197,0.9702425509371356,1.4029325855863513,1.412812421522078,1.5027204476258755,-1.002803930999114,-0.5787359118286177,1.7427397119690018,-0.9124191495230388,0.9124191495230392,-0.5784279906300535,1.731127539482183,-0.5765804684883443,-0.5767344287272242,0
-1.381592544557999,1.914528464818876,1.03290776479748,1.2441059368793366,0.8077365626180215,0.646091668153197,-1.0306701134001208,0.0199945707118743,-1.43244469563043,1.1751615101758894,-1.002803930999114,1.7279038324066065,-0.5738091541336192,1.0959875190286648,-1.0959875190286648,1.7288236672481017,-0.5776581893550843,-0.5765804684883443,-0.5767344287272242,1
-0.4814230577016364,1.3424069206110656,1.03290776479748,1.0893283004232557,-0.9115834940401768,0.646091668153197,-1.0306701134001208,1.580811803928145,-0.009816137054176,1.6753528606062738,0.9972039090469852,-0.5787359118286177,-0.5738091541336192,-0.9124191495230388,0.9124191495230392,1.7288236672481017,-0.5776581893550843,-0.5765804684883443,-0.5767344287272242,1
0.0566092792699826,2.2959428276240823,1.03290776479748,-1.2258476714090278,0.8077365626180215,-1.5477679860172513,0.9702425509371356,-0.7490452910844311,1.412812421522078,0.5997201335745627,0.9972039090469852,-0.5787359118286177,-0.5738091541336192,-0.9124191495230388,0.9124191495230392,1.7288236672481017,-0.5776581893550843,-0.5765804684883443,-0.5767344287272242,0
-0.6366246933665265,1.914528464818876,-1.0417596792253108,-1.2258476714090278,0.8077365626180215,0.646091668153197,0.9702425509371356,0.4533312520798547,0.7014981422339509,-1.392192323891569,0.9972039090469852,-0.5787359118286177,-0.5738091541336192,1.0959875190286648,-1.0959875190286648,-0.5784279906300535,-0.5776581893550843,-0.5765804684883443,1.733900301750437,1
0.2428512420678507,0.4842246042993504,-0.3502038645510472,0.8832212836087668,-0.9115834940401768,-1.5477679860172513,0.9702425509371356,1.23904942618236,-0.721130416342303,-0.2147507379227001,-1.002803930999114,1.7279038324066065,-0.5738091541336192,1.0959875190286648,-1.0959875190286648,-0.5784279906300535,1.731127539482183,-0.5765804684883443,-0.5767344287272242,1
-0.0054713749959734,0.007456650792842,-0.3502038645510472,-1.2258476714090278,0.8077365626180215,-1.5477679860172513,-1.0306701134001208,1.49867903216271,-0.721130416342303,0.8653084612367135,0.9972039090469852,-0.5787359118286177,-0.5738091541336192,1.0959875190286648,-1.0959875190286648,1.7288236672481017,-0.5776581893550843,-0.5765804684883443,-0.5767344287272242,0
-1.505753853089911,-0.4693113027136664,1.7244635794717436,0.4489658082932831,-0.9115834940401768,-1.5477679860172513,0.9702425509371356,0.4583897124031409,-0.009816137054176,-1.6046629860212898,0.9972039090469852,-0.5787359118286177,-0.5738091541336192,-0.9124191495230388,0.9124191495230392,1.7288236672481017,-0.5776581893550843,-0.5765804684883443,-0.5767344287272242,0
-0.3469149734587316,-0.1832505306097613,1.378685672134612,0.4042343078260113,-0.9115834940401768,0.646091668153197,-1.0306701134001208,0.4134415798790786,1.412812421522078,-0.8034715309071345,-1.002803930999114,-0.5787359118286177,1.7427397119690018,1.0959875190286648,-1.0959875190286648,-0.5784279906300535,1.731127539482183,-0.5765804684883443,-0.5767344287272242,0
0.3152786720447995,-0.4693113027136664,-0.695981771888179,-1.2258476714090278,0.8077365626180215,-1.5477679860172513,-1.0306701134001208,-0.7698813134741571,-0.721130416342303,0.0951023110164759,0.9972039090469852,-0.5787359118286177,-0.5738091541336192,-0.9124191495230388,0.9124191495230392,-0.5784279906300535,1.731127539482183,-0.5765804684883443,-0.5767344287272242,0
-1.4333264231129623,-0.278604121311063,-1.7333154938995745,0.8545378874818486,-0.9115834940401768,0.646091668153197,-1.0306701134001208,-0.818488787319747,-0.721130416342303,-1.1398834126125257,0.9972039090469852,-0.5787359118286177,-0.5738091541336192,-0.9124191495230388,0.9124191495230392,-0.5784279906300535,-0.5776581893550843,1.7343632929879855,-0.5767344287272242,0
-1.1125763760721894,-0.8507256655188732,0.3413519501232164,-0.0481588862787932,-0.9115834940401768,0.646091668153197,0.9702425509371356,1.332039368357043,-0.009816137054176,0.3385582780401142,-1.002803930999114,1.7279038324066065,-0.5738091541336192,-0.9124191495230388,0.9124191495230392,-0.5784279906300535,1.731127539482183,-0.5765804684883443,-0.5767344287272242,0
-1.091882824650204,-0.1832505306097613,1.378685672134612,0.3100162239733506,0.8077365626180215,-1.5477679860172513,0.9702425509371356,0.0842782287494291,1.412812421522078,-0.8875745013334824,-1.002803930999114,1.7279038324066065,-0.5738091541336192,-0.9124191495230388,0.9124191495230392,-0.5784279906300535,1.731127539482183,-0.5765804684883443,-0.5767344287272242,0
0.2531980177788434,-0.0878969399084596,-1.3875375865624426,0.4412421842780832,-0.9115834940401768,-1.5477679860172513,-1.0306701134001208,-1.3567143563076436,-1.43244469563043,1.3743527559225026,0.9972039090469852,-0.5787359118286177,-0.5738091541336192,1.0959875190286648,-1.0959875190286648,1.7288236672481017,-0.5776581893550843,-0.5765804684883443,-0.5767344287272242,1
-0.0054713749959734,-0.1832505306097613,-0.0044259572139154,0.4885269634527102,-0.9115834940401768,-1.5477679860172513,-1.0306701134001208,-1.314525162645364,1.412812421522078,0.2013376420813362,0.9972039090469852,-0.5787359118286177,-0.5738091541336192,-0.9124191495230388,0.9124191495230392,-0.5784279906300535,-0.5776581893550843,1.7343632929879855,-0.5767344287272242,0
-0.5331569362565998,0.1981638321954454,-1.0417596792253108,0.2378875028625906,-0.9115834940401768,0.646091668153197,-1.0306701134001208,0.2718690301299031,-1.43244469563043,-0.9982363045260452,0.9972039090469852,-0.5787359118286177,-0.5738091541336192,1.0959875190286648,-1.0959875190286648,-0.5784279906300535,1.731127539482183,-0.5765804684883443,-0.5767344287272242,0
0.998165868970316,-1.7089079818305883,-0.3502038645510472,0.0727584376279053,0.8077365626180215,0.646091668153197,-1.0306701134001208,1.1753630803211714,-1.43244469563043,-0.635265590054439,0.9972039090469852,-0.5787359118286177,-0.5738091541336192,1.0959875190286648,-1.0959875190286648,-0.5784279906300535,-0.5776581893550843,-0.5765804684883443,1.733900301750437,0
1.3706497945660523,0.1028102414941437,0.3413519501232164,-1.2258476714090278,0.8077365626180215,0.646091668153197,-1.0306701134001208,0.1678440280681198,-1.43244469563043,-0.9938098323983428,0.9972039090469852,-0.5787359118286177,-0.5738091541336192,-0.9124191495230388,0.9124191495230392,-0.5784279906300535,1.731127539482183,-0.5765804684883443,-0.5767344287272242,0
-0.84356020758638,-0.278604121311063,-1.3875375865624426,-0.1506259627740289,-0.9115834940401768,0.646091668153197,-1.0306701134001208,0.9509255079842386,1.412812421522078,-1.3213687698483287,0.9972039090469852,-0.5787359118286177,-0.5738091541336192,-0.9124191495230388,0.9124191495230392,-0.5784279906300535,-0.5776581893550843,1.7343632929879855,-0.5767344287272242,0
-1.0504957218062334,0.9609925578058588,0.3413519501232164,0.7748028607925082,-0.9115834940401768,-1.5477679860172513,0.9702425509371356,-0.1137045872697604,-0.009816137054176,-0.8654421406949698,-1.002803930999114,1.7279038324066065,-0.5738091541336192,1.0959875190286648,-1.0959875190286648,1.7288236672481017,-0.5776581893550843,-0.5765804684883443,-0.5767344287272242,0
-0.460729506279651,-1.3274936190253817,-0.695981771888179,1.1363353298018972,2.52705661927622,0.646091668153197,-1.0306701134001208,-0.9495820296463536,1.412812421522078,-0.8920009734611849,-1.002803930999114,-0.5787359118286177,1.7427397119690018,1.0959875190286648,-1.0959875190286648,-0.5784279906300535,-0.5776581893550843,-0.5765804684883443,1.733900301750437,1
0.2738915692008288,-1.1367864376227783,-1.0417596792253108,-1.2258476714090278,0.8077365626180215,0.646091668153197,0.9702425509371356,-1.391073978484317,-0.009816137054176,0.57758777293605,0.9972039090469852,-0.5787359118286177,-0.5738091541336192,-0.9124191495230388,0.9124191495230392,-0.5784279906300535,-0.5776581893550843,1.7343632929879855,-0.5767344287272242,0
-0.2951810949037682,0.3888710135980487,1.03290776479748,-1.2258476714090278,0.8077365626180215,0.646091668153197,-1.0306701134001208,0.0091801772445145,-0.721130416342303,0.1924846978259312,0.9972039090469852,-0.5787359118286177,-0.5738091541336192,-0.9124191495230388,0.9124191495230392,-0.5784279906300535,1.731127539482183,-0.5765804684883443,-0.5767344287272242,0
0.4704803077096895,-0.3739577120123647,-0.3502038645510472,1.5773298838372898,-0.9115834940401768,0.646091668153197,-1.0306701134001208,-0.5392396934433702,-0.721130416342303,0.5023377467651073,-1.002803930999114,1.7279038324066065,-0.5738091541336192,1.0959875190286648,-1.0959875190286648,-0.5784279906300535,-0.5776581893550843,1.7343632929879855,-0.5767344287272242,0
0.3463189991777775,-1.23214002832408,-0.0044259572139154,0.1700960379428069,-0.9115834940401768,-1.5477679860172513,-1.0306701134001208,0.1044310372989973,1.412812421522078,1.2725438969853449,0.9972039090469852,-0.5787359118286177,-0.5738091541336192,1.0959875190286648,-1.0959875190286648,-0.5784279906300535,-0.5776581893550843,1.7343632929879855,-0.5767344287272242,0
2.063883767202561,3.058771553234496,1.7244635794717436,-0.1102304363290272,-0.9115834940401768,0.646091668153197,-1.0306701134001208,-0.0382008503769386,-0.721130416342303,0.7944849071934733,-1.002803930999114,-0.5787359118286177,1.7427397119690018,-0.9124191495230388,0.9124191495230392,-0.5784279906300535,-0.5776581893550843,-0.5765804684883443,1.733900301750437,1
-1.5885280587778523,-0.9460792562201747,-0.3502038645510472,0.1468230732139738,-0.9115834940401768,-1.5477679860172513,-1.0306701134001208,-0.6409102248012247,1.412812421522078,0.6351319105961827,0.9972039090469852,-0.5787359118286177,-0.5738091541336192,1.0959875190286648,-1.0959875190286648,-0.5784279906300535,1.731127539482183,-0.5765804684883443,-0.5767344287272242,1
-1.2367376846041016,0.2935174228967471,0.3413519501232164,0.1897356571003799,0.8077365626180215,0.646091668153197,-1.0306701134001208,-0.4319686866083044,-1.43244469563043,-1.2726775764436011,-1.002803930999114,1.7279038324066065,-0.5738091541336192,1.0959875190286648,-1.0959875190286648,1.7288236672481017,-0.5776581893550843,-0.5765804684883443,-0.5767344287272242,0
0.3566657748887701,-1.80426157253189,-0.3502038645510472,0.4525102034105489,0.8077365626180215,0.646091668153197,-1.0306701134001208,-1.067665517158695,1.412812421522078,1.3389409789008826,0.9972039090469852,-0.5787359118286177,-0.5738091541336192,-0.9124191495230388,0.9124191495230392,1.7288236672481017,-0.5776581893550843,-0.5765804684883443,-0.5767344287272242,0
-0.6262779176555339,0.1028102414941437,1.03290776479748,-1.2258476714090278,0.8077365626180215,0.646091668153197,-1.0306701134001208,-0.6461267511414882,0.7014981422339509,0.5952936614468601,0.9972039090469852,-0.5787359118286177,-0.5738091541336192,-0.9124191495230388,0.9124191495230392,-0.5784279906300535,1.731127539482183,-0.5765804684883443,-0.5767344287272242,0
-0.6366246933665265,2.105235646221479,-1.3875375865624426,-1.2258476714090278,-0.9115834940401768,0.646091668153197,-1.0306701134001208,-0.6778524613718976,0.7014981422339509,1.4009115886887178,0.9972039090469852,-0.5787359118286177,-0.5738091541336192,1.0959875190286648,-1.0959875190286648,-0.5784279906300535,-0.5776581893550843,-0.5765804684883443,1.733900301750437,1
1.09128685036925,-1.422847209726683,-1.3875375865624426,-1.2258476714090278,0.8077365626180215,0.646091668153197,-1.0306701134001208,1.4622760285058394,1.412812421522078,1.28139684124075,0.9972039090469852,-0.5787359118286177,-0.5738091541336192,1.0959875190286648,-1.0959875190286648,1.7288236672481017,-0.5776581893550843,-0.5765804684883443,-0.5767344287272242,0
-1.350552217425021,-0.3739577120123647,-0.3502038645510472,0.6281812597478008,-0.9115834940401768,0.646091668153197,0.9702425509371356,-0.1705780965202227,1.412812421522078,-1.4674423500625118,-1.002803930999114,-0.5787359118286177,1.7427397119690018,1.0959875190286648,-1.0959875190286648,-0.5784279906300535,-0.5776581893550843,1.7343632929879855,-0.5767344287272242,0
2.063883767202561,-0.5646648934149681,1.7244635794717436,-1.2258476714090278,-0.9115834940401768,0.646091668153197,-1.0306701134001208,-1.655928805305314,-1.43244469563043,-1.0956186913355006,0.9972039090469852,-0.5787359118286177,-0.5738091541336192,-0.9124191495230388,0.9124191495230392,-0.5784279906300535,-0.5776581893550843,-0.5765804684883443,1.733900301750437,1
0.5636012891086236,-0.7553720748175714,1.378685672134612,0.5522307142659661,0.8077365626180215,0.646091668153197,-1.0306701134001208,1.1023680545690866,-0.009816137054176,-0.6131332294159264,-1.002803930999114,1.7279038324066065,-0.5738091541336192,1.0959875190286648,-1.0959875190286648,1.7288236672481017,-0.5776581893550843,-0.5765804684883443,-0.5767344287272242,0
0.8636577847274112,-0.4693113027136664,0.3413519501232164,0.915348424609512,-0.9115834940401768,0.646091668153197,0.9702425509371356,-1.5125474516962958,0.7014981422339509,0.3828229993171393,0.9972039090469852,-0.5787359118286177,-0.5738091541336192,-0.9124191495230388,0.9124191495230392,1.7288236672481017,-0.5776581893550843,-0.5765804684883443,-0.5767344287272242,0
1.8466014772717152,-0.1832505306097613,-0.695981771888179,0.4322811071902895,-0.9115834940401768,-1.5477679860172513,-1.0306701134001208,-1.7210958245818615,-0.009816137054176,-1.4143246845300816,-1.002803930999114,1.7279038324066065,-0.5738091541336192,1.0959875190286648,-1.0959875190286648,-0.5784279906300535,-0.5776581893550843,1.7343632929879855,-0.5767344287272242,0
0.5015206348426676,-0.4693113027136664,-0.3502038645510472,1.74195313351737,0.8077365626180215,0.646091668153197,-1.0306701134001208,0.3607216073519582,-0.009816137054176,-0.7857656423963245,-1.002803930999114,1.7279038324066065,-0.5738091541336192,-0.9124191495230388,0.9124191495230392,-0.5784279906300535,-0.5776581893550843,1.7343632929879855,-0.5767344287272242,0
-1.6506087130438083,-1.899615163233192,-1.0417596792253108,0.791327451078312,-0.9115834940401768,-1.5477679860172513,-1.0306701134001208,0.5147189459295782,-0.721130416342303,1.2725438969853449,-1.002803930999114,1.7279038324066065,-0.5738091541336192,-0.9124191495230388,0.9124191495230392,-0.5784279906300535,-0.5776581893550843,-0.5765804684883443,1.733900301750437,0
-0.4503827305686584,-0.1832505306097613,-0.3502038645510472,0.952670111852432,-0.9115834940401768,-1.5477679860172513,-1.0306701134001208,1.4050340463291122,-1.43244469563043,-0.5777214523943063,-1.002803930999114,1.7279038324066065,-0.5738091541336192,1.0959875190286648,-1.0959875190286648,-0.5784279906300535,-0.5776581893550843,1.7343632929879855,-0.5767344287272242,0
0.3359722234667848,-0.9460792562201747,1.378685672134612,-1.2258476714090278,0.8077365626180215,0.646091668153197,0.9702425509371356,-0.8910184834112913,-0.009816137054176,-0.6131332294159264,0.9972039090469852,-0.5787359118286177,-0.5738091541336192,1.0959875190286648,-1.0959875190286648,-0.5784279906300535,1.731127539482183,-0.5765804684883443,-0.5767344287272242,0
-0.1710197863718562,-0.1832505306097613,0.6871298574603482,1.0701775080849305,0.8077365626180215,0.646091668153197,-1.0306701134001208,1.6107734000306846,-0.721130416342303,0.6793966318732079,-1.002803930999114,1.7279038324066065,-0.5738091541336192,1.0959875190286648,-1.0959875190286648,1.7288236672481017,-0.5776581893550843,-0.5765804684883443,-0.5767344287272242,0
-0.2641407677707902,0.9609925578058588,-1.0417596792253108,0.069406367816573,-0.9115834940401768,0.646091668153197,0.9702425509371356,-1.392362503441194,-1.43244469563043,0.3119994452738991,-1.002803930999114,-0.5787359118286177,1.7427397119690018,1.0959875190286648,-1.0959875190286648,-0.5784279906300535,-0.5776581893550843,1.7343632929879855,-0.5767344287272242,0
0.2221576906458654,1.3424069206110656,1.378685672134612,1.4892460156173768,4.246376675934418,0.646091668153197,0.9702425509371356,0.8211300067849154,0.7014981422339509,-1.65778065155372,0.9972039090469852,-0.5787359118286177,-0.5738091541336192,1.0959875190286648,-1.0959875190286648,1.7288236672481017,-0.5776581893550843,-0.5765804684883443,-0.5767344287272242,1
1.536198205941935,-1.0414328469214764,-0.695981771888179,1.054067058291236,-0.9115834940401768,0.646091668153197,-1.0306701134001208,-0.9572241477036856,-1.43244469563043,-0.93626569473821,-1.002803930999114,-0.5787359118286177,1.7427397119690018,1.0959875190286648,-1.0959875190286648,-0.5784279906300535,-0.5776581893550843,-0.5765804684883443,1.733900301750437,0
-0.9159876375633288,-0.3739577120123647,-0.695981771888179,1.0547478898742408,-0.9115834940401768,-1.5477679860172513,0.9702425509371356,1.3393436181294611,-0.009816137054176,1.015808513578599,-1.002803930999114,1.7279038324066065,-0.5738091541336192,-0.9124191495230388,0.9124191495230392,1.7288236672481017,-0.5776581893550843,-0.5765804684883443,-0.5767344287272242,0
2.063883767202561,0.1981638321954454,1.03290776479748,0.903162532954479,-0.9115834940401768,0.646091668153197,0.9702425509371356,1.3086447283943767,0.7014981422339509,0.6395583827238852,-1.002803930999114,-0.5787359118286177,1.7427397119690018,-0.9124191495230388,0.9124191495230392,1.7288236672481017,-0.5776581893550843,-0.5765804684883443,-0.5767344287272242,0
-1.1953505817601309,0.5795781950006521,-1.0417596792253108,-1.2258476714090278,0.8077365626180215,0.646091668153197,-1.0306701134001208,0.4446026692545649,1.412812421522078,-0.781339170268622,0.9972039090469852,-0.5787359118286177,-0.5738091541336192,-0.9124191495230388,0.9124191495230392,1.7288236672481017,-0.5776581893550843,-0.5765804684883443,-0.5767344287272242,0
-1.0298021703842482,-0.7553720748175714,-1.3875375865624426,-1.2258476714090278,0.8077365626180215,0.646091668153197,0.9702425509371356,1.4783293801244528,0.7014981422339509,-1.4674423500625118,0.9972039090469852,-0.5787359118286177,-0.5738091541336192,-0.9124191495230388,0.9124191495230392,-0.5784279906300535,-0.5776581893550843,-0.5765804684883443,1.733900301750437,0
-0.1399794592388781,-0.3739577120123647,1.03290776479748,1.1321857510552942,0.8077365626180215,0.646091668153197,0.9702425509371356,-0.2665653807572121,-0.721130416342303,0.8210437399596884,-1.002803930999114,1.7279038324066065,-0.5738091541336192,-0.9124191495230388,0.9124191495230392,-0.5784279906300535,1.731127539482183,-0.5765804684883443,-0.5767344287272242,0
0.0979963821139533,-0.3739577120123647,0.3413519501232164,0.3891843718234522,-0.9115834940401768,0.646091668153197,-1.0306701134001208,-1.4066072250899724,-0.721130416342303,0.2323229469752538,0.9972039090469852,-0.5787359118286177,-0.5738091541336192,1.0959875190286648,-1.0959875190286648,1.7288236672481017,-0.5776581893550843,-0.5765804684883443,-0.5767344287272242,0
1.4534240002539935,-1.3274936190253817,0.6871298574603482,-1.2258476714090278,-0.9115834940401768,0.646091668153197,-1.0306701134001208,-0.1812622463718334,1.412812421522078,0.5908671893191576,-1.002803930999114,-0.5787359118286177,1.7427397119690018,-0.9124191495230388,0.9124191495230392,-0.5784279906300535,-0.5776581893550843,1.7343632929879855,-0.5767344287272242,0
0.0048754007150192,0.2935174228967471,-1.3875375865624426,0.643662645520004,-0.9115834940401768,0.646091668153197,-1.0306701134001208,-0.9626279535822158,-0.721130416342303,0.2278964748475513,-1.002803930999114,1.7279038324066065,-0.5738091541336192,1.0959875190286648,-1.0959875190286648,1.7288236672481017,-0.5776581893550843,-0.5765804684883443,-0.5767344287272242,1
0.2221576906458654,-0.4693113027136664,-1.3875375865624426,1.0524338959016846,0.8077365626180215,0.646091668153197,0.9702425509371356,1.1939827006730628,-0.721130416342303,1.0822055954941368,0.9972039090469852,-0.5787359118286177,-0.5738091541336192,1.0959875190286648,-1.0959875190286648,1.7288236672481017,-0.5776581893550843,-0.5765804684883443,-0.5767344287272242,0
0.6256819433745797,1.247053329909764,-0.0044259572139154,-1.2258476714090278,-0.9115834940401768,0.646091668153197,0.9702425509371356,1.038448696097613,-0.721130416342303,-1.5426923762334546,0.9972039090469852,-0.5787359118286177,-0.5738091541336192,-0.9124191495230388,0.9124191495230392,-0.5784279906300535,-0.5776581893550843,-0.5765804684883443,1.733900301750437,0
-1.3091651145810503,-0.1832505306097613,1.378685672134612,0.8172974576806855,0.8077365626180215,0.646091668153197,-1.0306701134001208,1.3831985041752664,-0.721130416342303,-0.4183684557970157,-1.002803930999114,1.7279038324066065,-0.5738091541336192,1.0959875190286648,-1.0959875190286648,-0.5784279906300535,-0.5776581893550843,-0.5765804684883443,1.733900301750437,0
-0.750439226187446,0.6749317857019538,-0.0044259572139154,0.5888452854674042,-0.9115834940401768,0.646091668153197,-1.0306701134001208,-0.753282468901465,0.7014981422339509,1.3699262837948,0.9972039090469852,-0.5787359118286177,-0.5738091541336192,-0.9124191495230388,0.9124191495230392,-0.5784279906300535,-0.5776581893550843,1.7343632929879855,-0.5767344287272242,0
-1.319511890292043,-1.422847209726683,-0.0044259572139154,1.5345322143211786,-0.9115834940401768,-1.5477679860172513,0.9702425509371356,0.9573319636470268,1.412812421522078,-0.2191772100504026,-1.002803930999114,-0.5787359118286177,1.7427397119690018,1.0959875190286648,-1.0959875190286648,-0.5784279906300535,1.731127539482183,-0.5765804684883443,-0.5767344287272242,0
-1.2781247874480723,-1.0414328469214764,-1.0417596792253108,0.7583561622556071,0.8077365626180215,0.646091668153197,0.9702425509371356,0.9695489539162988,-0.721130416342303,0.878587877619821,-1.002803930999114,1.7279038324066065,-0.5738091541336192,1.0959875190286648,-1.0959875190286648,-0.5784279906300535,-0.5776581893550843,1.7343632929879855,-0.5767344287272242,0
-0.8021731047424093,-0.8507256655188732,0.3413519501232164,-1.2258476714090278,0.8077365626180215,0.646091668153197,-1.0306701134001208,-0.5894876456213727,-0.721130416342303,-0.2678684034551303,0.9972039090469852,-0.5787359118286177,-0.5738091541336192,1.0959875190286648,-1.0959875190286648,-0.5784279906300535,-0.5776581893550843,1.7343632929879855,-0.5767344287272242,0
0.2118109149348727,-0.9460792562201747,-0.695981771888179,-1.2258476714090278,0.8077365626180215,0.646091668153197,-1.0306701134001208,1.0077425029822058,-1.43244469563043,-0.2236036821781051,0.9972039090469852,-0.5787359118286177,-0.5738091541336192,1.0959875190286648,-1.0959875190286648,1.7288236672481017,-0.5776581893550843,-0.5765804684883443,-0.5767344287272242,0
-1.9299716572406107,-0.1832505306097613,-0.3502038645510472,1.2742875471394766,-0.9115834940401768,-1.5477679860172513,-1.0306701134001208,0.7577291883163303,0.7014981422339509,0.732514297405638,-1.002803930999114,1.7279038324066065,-0.5738091541336192,-0.9124191495230388,0.9124191495230392,-0.5784279906300535,-0.5776581893550843,1.7343632929879855,-0.5767344287272242,0
-1.474713525956933,-0.0878969399084596,-0.695981771888179,1.439919703320266,0.8077365626180215,-1.5477679860172513,0.9702425509371356,-1.3472310908490412,-0.009816137054176,0.8077643235765808,0.9972039090469852,-0.5787359118286177,-0.5738091541336192,1.0959875190286648,-1.0959875190286648,1.7288236672481017,-0.5776581893550843,-0.5765804684883443,-0.5767344287272242,0
0.3566657748887701,-0.0878969399084596,-0.3502038645510472,-1.2258476714090278,0.8077365626180215,0.646091668153197,0.9702425509371356,-1.116466530582828,0.7014981422339509,1.591249890179926,-1.002803930999114,-0.5787359118286177,1.7427397119690018,-0.9124191495230388,0.9124191495230392,1.7288236672481017,-0.5776581893550843,-0.5765804684883443,-0.5767344287272242,0
-0.4400359548576657,-0.8507256655188732,-1.0417596792253108,0.233538707153258,0.8077365626180215,0.646091668153197,-1.0306701134001208,0.5718012970792592,0.7014981422339509,-1.0070892487814502,-1.002803930999114,1.7279038324066065,-0.5738091541336192,1.0959875190286648,-1.0959875190286648,-0.5784279906300535,1.731127539482183,-0.5765804684883443,-0.5767344287272242,0
0.553254513397631,0.5795781950006521,0.3413519501232164,-1.2258476714090278,-0.9115834940401768,0.646091668153197,0.9702425509371356,0.6546821436577152,1.412812421522078,0.4182347763387595,0.9972039090469852,-0.5787359118286177,-0.5738091541336192,1.0959875190286648,-1.0959875190286648,-0.5784279906300535,1.731127539482183,-0.5765804684883443,-0.5767344287272242,0
0.5015206348426676,2.391296418325384,1.378685672134612,0.5869709150899943,-0.9115834940401768,0.646091668153197,-1.0306701134001208,-1.2539111054397896,-0.721130416342303,0.7989113793211757,0.9972039090469852,-0.5787359118286177,-0.5738091541336192,-0.9124191495230388,0.9124191495230392,-0.5784279906300535,-0.5776581893550843,-0.5765804684883443,1.733900301750437,1
-0.812519880453402,0.7702853764032556,-1.0417596792253108,-1.2258476714090278,0.8077365626180215,0.646091668153197,-1.0306701134001208,-1.1127315471079615,0.7014981422339509,1.7019116933724887,0.9972039090469852,-0.5787359118286177,-0.5738091541336192,1.0959875190286648,-1.0959875190286648,-0.5784279906300535,1.731127539482183,-0.5765804684883443,-0.5767344287272242,0
0.3463189991777775,-1.23214002832408,-1.0417596792253108,0.6018099343403797,-0.9115834940401768,-1.5477679860172513,-1.0306701134001208,-0.0557326148408108,0.7014981422339509,-0.9893833602706402,-1.002803930999114,1.7279038324066065,-0.5738091541336192,1.0959875190286648,-1.0959875190286648,-0.5784279906300535,-0.5776581893550843,1.7343632929879855,-0.5767344287272242,0
0.9567787661263452,1.914528464818876,-0.0044259572139154,0.5144615501445744,-0.9115834940401768,0.646091668153197,0.9702425509371356,1.600431117934164,1.412812421522078,-0.7769126981409195,-1.002803930999114,1.7279038324066065,-0.5738091541336192,-0.9124191495230388,0.9124191495230392,-0.5784279906300535,-0.5776581893550843,-0.5765804684883443,1.733900301750437,1
0.2945851206228141,1.8191748741175744,1.03290776479748,0.7911724689359473,0.8077365626180215,0.646091668153197,0.9702425509371356,-0.2274841232021203,-0.721130416342303,-0.1527801281348648,-1.002803930999114,1.7279038324066065,-0.5738091541336192,-0.9124191495230388,0.9124191495230392,1.7288236672481017,-0.5776581893550843,-0.5765804684883443,-0.5767344287272242,0
-3.026729882605834,1.247053329909764,1.03290776479748,1.0747213537086966,2.52705661927622,0.646091668153197,-1.0306701134001208,0.7280578146366014,0.7014981422339509,1.635514611456951,-1.002803930999114,-0.5787359118286177,1.7427397119690018,1.0959875190286648,-1.0959875190286648,-0.5784279906300535,-0.5776581893550843,-0.5765804684883443,1.733900301750437,1
0.6360287190855723,1.3424069206110656,0.3413519501232164,0.93348454068795,0.8077365626180215,0.646091668153197,0.9702425509371356,0.5670970507016083,-0.721130416342303,1.1043379561326494,-1.002803930999114,1.7279038324066065,-0.5738091541336192,-0.9124191495230388,0.9124191495230392,1.7288236672481017,-0.5776581893550843,-0.5765804684883443,-0.5767344287272242,0
-0.5641972633895778,-0.6600184841162697,-0.3502038645510472,-1.2258476714090278,0.8077365626180215,-1.5477679860172513,0.9702425509371356,0.807094996485394,-0.009816137054176,0.9715437923015738,-1.002803930999114,-0.5787359118286177,1.7427397119690018,-0.9124191495230388,0.9124191495230392,-0.5784279906300535,-0.5776581893550843,1.7343632929879855,-0.5767344287272242,0
-1.505753853089911,-0.9460792562201747,-0.695981771888179,1.1067627496772132,0.8077365626180215,0.646091668153197,0.9702425509371356,-0.7315603030326236,-1.43244469563043,0.4182347763387595,-1.002803930999114,1.7279038324066065,-0.5738091541336192,-0.9124191495230388,0.9124191495230392,-0.5784279906300535,-0.5776581893550843,-0.5765804684883443,1.733900301750437,0
0.0773028306919679,-0.278604121311063,1.03290776479748,1.5638382636260564,-0.9115834940401768,0.646091668153197,0.9702425509371356,-0.0898075790749191,-1.43244469563043,-0.0155594921760869,0.9972039090469852,-0.5787359118286177,-0.5738091541336192,-0.9124191495230388,0.9124191495230392,-0.5784279906300535,1.731127539482183,-0.5765804684883443,-0.5767344287272242,0
-1.3091651145810503,-0.278604121311063,1.7244635794717436,-1.2258476714090278,0.8077365626180215,0.646091668153197,-1.0306701134001208,0.1656185837498861,-0.721130416342303,-1.0247951372922603,0.9972039090469852,-0.5787359118286177,-0.5738091541336192,1.0959875190286648,-1.0959875190286648,-0.5784279906300535,1.731127539482183,-0.5765804684883443,-0.5767344287272242,0
0.0979963821139533,-0.8507256655188732,0.6871298574603482,1.1189393456091263,-0.9115834940401768,-1.5477679860172513,-1.0306701134001208,-0.0563808767894258,-1.43244469563043,1.5204263361366857,0.9972039090469852,-0.5787359118286177,-0.5738091541336192,-0.9124191495230388,0.9124191495230392,-0.5784279906300535,-0.5776581893550843,1.7343632929879855,-0.5767344287272242,0
0.7084561490625211,3.5355395067410043,1.7244635794717436,0.2975657247515705,-0.9115834940401768,0.646091668153197,-1.0306701134001208,1.3242529215933403,0.7014981422339509,-0.3962360951585032,-1.002803930999114,1.7279038324066065,-0.5738091541336192,1.0959875190286648,-1.0959875190286648,1.7288236672481017,-0.5776581893550843,-0.5765804684883443,-0.5767344287272242,0
0.7808835790394698,-0.8507256655188732,0.6871298574603482,0.2622307579189432,-0.9115834940401768,0.646091668153197,-1.0306701134001208,0.8010038034065216,1.412812421522078,-1.0867657470800955,-1.002803930999114,1.7279038324066065,-0.5738091541336192,-0.9124191495230388,0.9124191495230392,1.7288236672481017,-0.5776581893550843,-0.5765804684883443,-0.5767344287272242,0
-0.4400359548576657,-0.5646648934149681,-0.3502038645510472,-1.2258476714090278,-0.9115834940401768,0.646091668153197,-1.0306701134001208,-0.3614453334253223,-0.721130416342303,0.9449849595353588,0.9972039090469852,-0.5787359118286177,-0.5738091541336192,1.0959875190286648,-1.0959875190286648,1.7288236672481017,-0.5776581893550843,-0.5765804684883443,-0.5767344287272242,1
-1.0504957218062334,-0.4693113027136664,-0.3502038645510472,-1.2258476714090278,0.8077365626180215,-1.5477679860172513,-1.0306701134001208,0.6846628676610989,-0.009816137054176,-1.1841481338895508,0.9972039090469852,-0.5787359118286177,-0.5738091541336192,1.0959875190286648,-1.0959875190286648,-0.5784279906300535,-0.5776581893550843,1.7343632929879855,-0.5767344287272242,0
1.3913433459880375,-0.0878969399084596,-1.3875375865624426,-1.2258476714090278,-0.9115834940401768,0.646091668153197,-1.0306701134001208,0.6064346221280139,-0.009816137054176,-0.3563978460091805,0.9972039090469852,-0.5787359118286177,-0.5738091541336192,1.0959875190286648,-1.0959875190286648,1.7288236672481017,-0.5776581893550843,-0.5765804684883443,-0.5767344287272242,1
-1.2574312360260869,0.6749317857019538,1.03290776479748,-1.2258476714090278,-0.9115834940401768,-1.5477679860172513,-1.0306701134001208,0.4594469636498092,-0.009816137054176,-0.4360743443078258,0.9972039090469852,-0.5787359118286177,-0.5738091541336192,-0.9124191495230388,0.9124191495230392,-0.5784279906300535,1.731127539482183,-0.5765804684883443,-0.5767344287272242,1
-0.7297456747654606,-0.3739577120123647,-1.3875375865624426,0.4104773475277001,-0.9115834940401768,-1.5477679860172513,0.9702425509371356,1.1858535167042314,0.7014981422339509,0.7590731301718532,0.9972039090469852,-0.5787359118286177,-0.5738091541336192,1.0959875190286648,-1.0959875190286648,1.7288236672481017,-0.5776581893550843,-0.5765804684883443,-0.5767344287272242,0
-0.4917698334126291,0.007456650792842,-0.0044259572139154,1.3768028652322837,0.8077365626180215,0.646091668153197,-1.0306701134001208,-0.7892446613888775,1.412812421522078,-1.3877658517638665,-1.002803930999114,-0.5787359118286177,1.7427397119690018,1.0959875190286648,-1.0959875190286648,-0.5784279906300535,1.731127539482183,-0.5765804684883443,-0.5767344287272242,0
0.0255689521370046,-0.5646648934149681,-1.3875375865624426,-1.2258476714090278,0.8077365626180215,-1.5477679860172513,-1.0306701134001208,-0.8122527438644809,0.7014981422339509,-0.1527801281348648,0.9972039090469852,-0.5787359118286177,-0.5738091541336192,-0.9124191495230388,0.9124191495230392,-0.5784279906300535,-0.5776581893550843,1.7343632929879855,-0.5767344287272242,0
0.5429077376866382,0.2935174228967471,1.378685672134612,-0.2125016615543872,-0.9115834940401768,-1.5477679860172513,0.9702425509371356,0.647324335762933,-0.009816137054176,-1.3523540747422464,-1.002803930999114,1.7279038324066065,-0.5738091541336192,-0.9124191495230388,0.9124191495230392,-0.5784279906300535,-0.5776581893550843,-0.5765804684883443,1.733900301750437,0
0.6463754947965651,-0.0878969399084596,1.378685672134612,-0.0672986199120277,0.8077365626180215,0.646091668153197,0.9702425509371356,-1.2859748578451209,-1.43244469563043,-0.1616330723902699,0.9972039090469852,-0.5787359118286177,-0.5738091541336192,-0.9124191495230388,0.9124191495230392,-0.5784279906300535,-0.5776581893550843,-0.5765804684883443,1.733900301750437,0
1.2671820374561256,-0.5646648934149681,1.378685672134612,-1.2258476714090278,0.8077365626180215,0.646091668153197,0.9702425509371356,-1.7210229646686452,-0.009816137054176,-1.4054717402746766,0.9972039090469852,-0.5787359118286177,-0.5738091541336192,-0.9124191495230388,0.9124191495230392,-0.5784279906300535,-0.5776581893550843,-0.5765804684883443,1.733900301750437,0
0.9567787661263452,-0.8507256655188732,0.6871298574603482,0.0178436327536323,-0.9115834940401768,-1.5477679860172513,-1.0306701134001208,0.7706259146256067,1.412812421522078,0.3341318059124117,0.9972039090469852,-0.5787359118286177,-0.5738091541336192,-0.9124191495230388,0.9124191495230392,-0.5784279906300535,1.731127539482183,-0.5765804684883443,-0.5767344287272242,0
-1.0711892732282189,-0.9460792562201747,0.3413519501232164,0.4481976289671672,-0.9115834940401768,0.646091668153197,0.9702425509371356,-1.0942891206738914,-0.721130416342303,-0.2678684034551303,0.9972039090469852,-0.5787359118286177,-0.5738091541336192,1.0959875190286648,-1.0959875190286648,-0.5784279906300535,-0.5776581893550843,-0.5765804684883443,1.733900301750437,0
1.4016901216990303,-0.7553720748175714,1.378685672134612,-1.2258476714090278,0.8077365626180215,0.646091668153197,0.9702425509371356,-1.4238092940992917,-1.43244469563043,-0.9141333340996974,-1.002803930999114,-0.5787359118286177,1.7427397119690018,-0.9124191495230388,0.9124191495230392,-0.5784279906300535,-0.5776581893550843,-0.5765804684883443,1.733900301750437,0
1.308569140300096,-0.9460792562201747,1.378685672134612,0.8775598676864382,-0.9115834940401768,0.646091668153197,0.9702425509371356,1.1069116265796453,-0.721130416342303,-0.1749124887733774,0.9972039090469852,-0.5787359118286177,-0.5738091541336192,1.0959875190286648,-1.0959875190286648,-0.5784279906300535,1.731127539482183,-0.5765804684883443,-0.5767344287272242,1
0.3670125505997628,0.007456650792842,-0.3502038645510472,-1.2258476714090278,0.8077365626180215,0.646091668153197,-1.0306701134001208,0.9552419796447724,0.7014981422339509,1.6399410835846535,0.9972039090469852,-0.5787359118286177,-0.5738091541336192,-0.9124191495230388,0.9124191495230392,1.7288236672481017,-0.5776581893550843,-0.5765804684883443,-0.5767344287272242,0
0.4497867562877042,-0.9460792562201747,-0.0044259572139154,0.372277374721017,-0.9115834940401768,-1.5477679860172513,-1.0306701134001208,0.2126266173048748,-1.43244469563043,-0.9805304160152352,0.9972039090469852,-0.5787359118286177,-0.5738091541336192,1.0959875190286648,-1.0959875190286648,1.7288236672481017,-0.5776581893550843,-0.5765804684883443,-0.5767344287272242,0
0.8326174575944332,0.1028102414941437,-0.0044259572139154,1.5200124550786431,-0.9115834940401768,0.646091668153197,0.9702425509371356,1.0368718615080093,-0.721130416342303,1.5823969459245208,-1.002803930999114,-0.5787359118286177,1.7427397119690018,1.0959875190286648,-1.0959875190286648,-0.5784279906300535,-0.5776581893550843,-0.5765804684883443,1.733900301750437,1
0.615335167663587,0.9609925578058588,1.7244635794717436,0.8442919170793313,-0.9115834940401768,0.646091668153197,0.9702425509371356,1.6202458843088108,1.412812421522078,1.2548380084745347,-1.002803930999114,1.7279038324066065,-0.5738091541336192,-0.9124191495230388,0.9124191495230392,1.7288236672481017,-0.5776581893550843,-0.5765804684883443,-0.5767344287272242,0
-1.091882824650204,-0.1832505306097613,1.03290776479748,0.6133284571838237,-0.9115834940401768,0.646091668153197,-1.0306701134001208,0.6253119474712807,1.412812421522078,1.555838113158306,-1.002803930999114,1.7279038324066065,-0.5738091541336192,1.0959875190286648,-1.0959875190286648,-0.5784279906300535,1.731127539482183,-0.5765804684883443,-0.5767344287272242,1
0.553254513397631,-0.3739577120123647,-0.695981771888179,1.245629794386683,0.8077365626180215,0.646091668153197,0.9702425509371356,-1.040362177603494,0.7014981422339509,0.121661143782691,-1.002803930999114,1.7279038324066065,-0.5738091541336192,1.0959875190286648,-1.0959875190286648,-0.5784279906300535,-0.5776581893550843,1.7343632929879855,-0.5767344287272242,0
-0.5331569362565998,-0.8507256655188732,1.378685672134612,0.464109663153573,-0.9115834940401768,0.646091668153197,0.9702425509371356,0.3657652870245921,-0.009816137054176,-1.538265904105752,0.9972039090469852,-0.5787359118286177,-0.5738091541336192,-0.9124191495230388,0.9124191495230392,1.7288236672481017,-0.5776581893550843,-0.5765804684883443,-0.5767344287272242,0
1.3189159160110888,-0.1832505306097613,-1.7333154938995745,0.4668991814450498,0.8077365626180215,0.646091668153197,0.9702425509371356,0.5844370144870142,-1.43244469563043,0.0021463963347231,-1.002803930999114,1.7279038324066065,-0.5738091541336192,1.0959875190286648,-1.0959875190286648,-0.5784279906300535,1.731127539482183,-0.5765804684883443,-0.5767344287272242,1
0.8740045604384039,-1.3274936190253817,-0.695981771888179,0.2441395177452229,-0.9115834940401768,-1.5477679860172513,-1.0306701134001208,-1.2464263578394044,-0.009816137054176,1.325661562517775,0.9972039090469852,-0.5787359118286177,-0.5738091541336192,1.0959875190286648,-1.0959875190286648,-0.5784279906300535,-0.5776581893550843,1.7343632929879855,-0.5767344287272242,0
-0.2124068892158268,-0.278604121311063,1.03290776479748,0.8031681188091947,0.8077365626180215,0.646091668153197,0.9702425509371356,0.5967503398205383,-0.721130416342303,1.608955778690736,0.9972039090469852,-0.5787359118286177,-0.5738091541336192,1.0959875190286648,-1.0959875190286648,-0.5784279906300535,-0.5776581893550843,1.7343632929879855,-0.5767344287272242,0
1.1016336260802426,1.1516997392084622,-1.3875375865624426,-1.2258476714090278,-0.9115834940401768,0.646091668153197,0.9702425509371356,-1.3433891650194545,-0.721130416342303,0.5908671893191576,0.9972039090469852,-0.5787359118286177,-0.5738091541336192,1.0959875190286648,-1.0959875190286648,-0.5784279906300535,-0.5776581893550843,-0.5765804684883443,1.733900301750437,1
-0.8952940861413433,-0.5646648934149681,-1.0417596792253108,0.6294746474302034,-0.9115834940401768,-1.5477679860172513,0.9702425509371356,0.2131886298096828,-0.721130416342303,0.8210437399596884,-1.002803930999114,1.7279038324066065,-0.5738091541336192,1.0959875190286648,-1.0959875190286648,-0.5784279906300535,-0.5776581893550843,1.7343632929879855,-0.5767344287272242,1
-0.6055843662335485,-0.0878969399084596,1.03290776479748,0.6858339756231249,0.8077365626180215,-1.5477679860172513,0.9702425509371356,-1.4036316192786258,-0.009816137054176,0.0552640618671533,0.9972039090469852,-0.5787359118286177,-0.5738091541336192,1.0959875190286648,-1.0959875190286648,-0.5784279906300535,1.731127539482183,-0.5765804684883443,-0.5767344287272242,0
-0.6573182447885119,0.9609925578058588,0.6871298574603482,1.2646685572343024,0.8077365626180215,0.646091668153197,-1.0306701134001208,-1.509052958102045,-1.43244469563043,-1.2771040485713037,-1.002803930999114,1.7279038324066065,-0.5738091541336192,1.0959875190286648,-1.0959875190286648,1.7288236672481017,-0.5776581893550843,-0.5765804684883443,-0.5767344287272242,1
0.4497867562877042,-0.278604121311063,-0.695981771888179,0.3372802593424796,-0.9115834940401768,0.646091668153197,0.9702425509371356,0.2964854212864991,1.412812421522078,-0.3741037345199906,0.9972039090469852,-0.5787359118286177,-0.5738091541336192,-0.9124191495230388,0.9124191495230392,-0.5784279906300535,-0.5776581893550843,-0.5765804684883443,1.733900301750437,0
0.4187464291547262,-0.5646648934149681,0.3413519501232164,-1.2258476714090278,0.8077365626180215,0.646091668153197,0.9702425509371356,0.0055309215434321,-0.721130416342303,-0.6175597015436289,0.9972039090469852,-0.5787359118286177,-0.5738091541336192,1.0959875190286648,-1.0959875190286648,1.7288236672481017,-0.5776581893550843,-0.5765804684883443,-0.5767344287272242,0
0.4601335319986969,-1.518200800427985,-1.3875375865624426,-1.2258476714090278,0.8077365626180215,0.646091668153197,0.9702425509371356,0.7245314991709462,-1.43244469563043,-0.0465447970700045,0.9972039090469852,-0.5787359118286177,-0.5738091541336192,1.0959875190286648,-1.0959875190286648,-0.5784279906300535,1.731127539482183,-0.5765804684883443,-0.5767344287272242,0
0.6463754947965651,0.4842246042993504,-1.3875375865624426,-0.2091053569226903,-0.9115834940401768,0.646091668153197,-1.0306701134001208,-0.6210453781043674,1.412812421522078,0.2278964748475513,0.9972039090469852,-0.5787359118286177,-0.5738091541336192,-0.9124191495230388,0.9124191495230392,-0.5784279906300535,1.731127539482183,-0.5765804684883443,-0.5767344287272242,0
1.277528813167118,1.247053329909764,-1.0417596792253108,-0.3190189487214935,-0.9115834940401768,0.646091668153197,-1.0306701134001208,0.229118171742831,1.412812421522078,1.5027204476258755,0.9972039090469852,-0.5787359118286177,-0.5738091541336192,1.0959875190286648,-1.0959875190286648,-0.5784279906300535,-0.5776581893550843,1.7343632929879855,-0.5767344287272242,1
-1.8782377786856477,-0.5646648934149681,-1.3875375865624426,0.8227136588379487,-0.9115834940401768,0.646091668153197,-1.0306701134001208,1.1022362459432686,-1.43244469563043,1.4451763099657429,0.9972039090469852,-0.5787359118286177,-0.5738091541336192,-0.9124191495230388,0.9124191495230392,-0.5784279906300535,-0.5776581893550843,1.7343632929879855,-0.5767344287272242,0
0.7912303547504624,-0.4693113027136664,-1.0417596792253108,1.1206350137231065,-0.9115834940401768,0.646091668153197,0.9702425509371356,-0.4871792857153639,-0.721130416342303,0.1792052814428237,-1.002803930999114,1.7279038324066065,-0.5738091541336192,-0.9124191495230388,0.9124191495230392,-0.5784279906300535,1.731127539482183,-0.5765804684883443,-0.5767344287272242,0
-0.5848908148115631,-1.1367864376227783,-1.7333154938995745,1.9321627008144864,-0.9115834940401768,-1.5477679860172513,-1.0306701134001208,0.9011371470965226,-0.721130416342303,0.3695435829340318,0.9972039090469852,-0.5787359118286177,-0.5738091541336192,-0.9124191495230388,0.9124191495230392,-0.5784279906300535,-0.5776581893550843,1.7343632929879855,-0.5767344287272242,0
0.7705368033284771,0.5795781950006521,1.03290776479748,0.6479949333072439,-0.9115834940401768,-1.5477679860172513,-1.0306701134001208,1.2759038482991565,1.412812421522078,-0.5201773147341736,-1.002803930999114,1.7279038324066065,-0.5738091541336192,-0.9124191495230388,0.9124191495230392,-0.5784279906300535,1.731127539482183,-0.5765804684883443,-0.5767344287272242,1
-0.015818150706966,0.2935174228967471,0.6871298574603482,-1.2258476714090278,0.8077365626180215,-1.5477679860172513,0.9702425509371356,-1.3409741805928543,1.412812421522078,-1.3789129075084614,0.9972039090469852,-0.5787359118286177,-0.5738091541336192,1.0959875190286648,-1.0959875190286648,-0.5784279906300535,1.731127539482183,-0.5765804684883443,-0.5767344287272242,0
-0.3469149734587316,-1.0414328469214764,-1.7333154938995745,-1.2258476714090278,0.8077365626180215,0.646091668153197,0.9702425509371356,-1.6083505864151566,-0.009816137054176,1.3964851165610153,0.9972039090469852,-0.5787359118286177,-0.5738091541336192,1.0959875190286648,-1.0959875190286648,-0.5784279906300535,-0.5776581893550843,-0.5765804684883443,1.733900301750437,1
0.2118109149348727,-0.9460792562201747,0.3413519501232164,-1.2258476714090278,0.8077365626180215,-1.5477679860172513,-1.0306701134001208,-1.5309549262388231,-0.721130416342303,-1.2328393272942786,-1.002803930999114,-0.5787359118286177,1.7427397119690018,1.0959875190286648,-1.0959875190286648,-0.5784279906300535,1.731127539482183,-0.5765804684883443,-0.5767344287272242,0
-2.074826517194508,0.6749317857019538,-0.0044259572139154,1.620882750721366,-0.9115834940401768,0.646091668153197,-1.0306701134001208,-0.7975148701539342,-1.43244469563043,-1.631221818787505,-1.002803930999114,-0.5787359118286177,1.7427397119690018,1.0959875190286648,-1.0959875190286648,-0.5784279906300535,1.731127539482183,-0.5765804684883443,-0.5767344287272242,0
0.3256254477557921,-0.6600184841162697,-1.0417596792253108,0.4596252781035577,0.8077365626180215,0.646091668153197,0.9702425509371356,1.1142909968353791,-0.009816137054176,0.852029044853606,-1.002803930999114,1.7279038324066065,-0.5738091541336192,-0.9124191495230388,0.9124191495230392,1.7288236672481017,-0.5776581893550843,-0.5765804684883443,-0.5767344287272242,0
-0.3158746463257536,0.1028102414941437,-0.0044259572139154,0.5082391854132733,0.8077365626180215,0.646091668153197,-1.0306701134001208,-0.8758474496916245,1.412812421522078,1.5248528082643882,-1.002803930999114,1.7279038324066065,-0.5738091541336192,-0.9124191495230388,0.9124191495230392,-0.5784279906300535,-0.5776581893550843,-0.5765804684883443,1.733900301750437,0
-1.412632871690977,-0.3739577120123647,-0.695981771888179,0.7139277344162686,-0.9115834940401768,0.646091668153197,-1.0306701134001208,-1.566428313914659,0.7014981422339509,-1.5161335434672394,0.9972039090469852,-0.5787359118286177,-0.5738091541336192,-0.9124191495230388,0.9124191495230392,1.7288236672481017,-0.5776581893550843,-0.5765804684883443,-0.5767344287272242,0
0.7705368033284771,-1.3274936190253817,1.378685672134612,-1.2258476714090278,0.8077365626180215,0.646091668153197,0.9702425509371356,1.1914508621613045,-0.721130416342303,1.3964851165610153,0.9972039090469852,-0.5787359118286177,-0.5738091541336192,1.0959875190286648,-1.0959875190286648,-0.5784279906300535,-0.5776581893550843,-0.5765804684883443,1.733900301750437,0
-1.2884715631590649,2.105235646221479,0.3413519501232164,0.9193051972369166,0.8077365626180215,0.646091668153197,0.9702425509371356,-0.9548202922375766,-1.43244469563043,-0.0642506855808146,-1.002803930999114,1.7279038324066065,-0.5738091541336192,-0.9124191495230388,0.9124191495230392,-0.5784279906300535,1.731127539482183,-0.5765804684883443,-0.5767344287272242,0
-1.2677780117370796,0.6749317857019538,1.378685672134612,0.9467176436337912,-0.9115834940401768,0.646091668153197,-1.0306701134001208,0.5748071597519412,0.7014981422339509,0.697102520384018,-1.002803930999114,1.7279038324066065,-0.5738091541336192,1.0959875190286648,-1.0959875190286648,-0.5784279906300535,-0.5776581893550843,1.7343632929879855,-0.5767344287272242,1
0.0359157278479972,0.1028102414941437,-0.0044259572139154,0.4679553679168012,-0.9115834940401768,0.646091668153197,-1.0306701134001208,1.278558453156334,1.412812421522078,-1.5781041532550746,-1.002803930999114,-0.5787359118286177,1.7427397119690018,-0.9124191495230388,0.9124191495230392,1.7288236672481017,-0.5776581893550843,-0.5765804684883443,-0.5767344287272242,0
0.3566657748887701,-0.5646648934149681,0.3413519501232164,1.5774975273956284,-0.9115834940401768,0.646091668153197,0.9702425509371356,-0.9765262863357044,-1.43244469563043,1.5115733918812806,0.9972039090469852,-0.5787359118286177,-0.5738091541336192,-0.9124191495230388,0.9124191495230392,-0.5784279906300535,-0.5776581893550843,1.7343632929879855,-0.5767344287272242,0
1.060246523236272,-0.5646648934149681,-0.0044259572139154,0.7385638047509052,0.8077365626180215,0.646091668153197,0.9702425509371356,-0.3002974338961836,0.7014981422339509,-0.5113243704787686,0.9972039090469852,-0.5787359118286177,-0.5738091541336192,-0.9124191495230388,0.9124191495230392,-0.5784279906300535,1.731127539482183,-0.5765804684883443,-0.5767344287272242,0
-0.936681188985314,-1.422847209726683,-1.3875375865624426,0.6346483584309023,-0.9115834940401768,0.646091668153197,-1.0306701134001208,-0.1800724909393162,-0.721130416342303,-0.0686771577085171,0.9972039090469852,-0.5787359118286177,-0.5738091541336192,-0.9124191495230388,0.9124191495230392,1.7288236672481017,-0.5776581893550843,-0.5765804684883443,-0.5767344287272242,0
1.277528813167118,-1.0414328469214764,-1.3875375865624426,-0.0836914673632672,0.8077365626180215,-1.5477679860172513,0.9702425509371356,-0.5448090426092077,1.412812421522078,-0.644118534309844,0.9972039090469852,-0.5787359118286177,-0.5738091541336192,1.0959875190286648,-1.0959875190286648,-0.5784279906300535,1.731127539482183,-0.5765804684883443,-0.5767344287272242,0
0.4601335319986969,1.0563461485071606,1.03290776479748,-1.2258476714090278,-0.9115834940401768,0.646091668153197,-1.0306701134001208,0.4571804812897642,-0.721130416342303,0.3252788616570067,0.9972039090469852,-0.5787359118286177,-0.5738091541336192,1.0959875190286648,-1.0959875190286648,-0.5784279906300535,-0.5776581893550843,1.7343632929879855,-0.5767344287272242,1
1.1016336260802426,0.6749317857019538,-1.7333154938995745,-1.2258476714090278,0.8077365626180215,0.646091668153197,-1.0306701134001208,-1.0890764199137968,1.412812421522078,0.6262789663407777,0.9972039090469852,-0.5787359118286177,-0.5738091541336192,-0.9124191495230388,0.9124191495230392,1.7288236672481017,-0.5776581893550843,-0.5765804684883443,-0.5767344287272242,0
-1.9092781058186252,1.6284676927149706,-1.0417596792253108,0.5679084321213099,2.52705661927622,0.646091668153197,-1.0306701134001208,1.6961904323710904,-0.009816137054176,-0.0908095183470296,-1.002803930999114,1.7279038324066065,-0.5738091541336192,1.0959875190286648,-1.0959875190286648,-0.5784279906300535,-0.5776581893550843,-0.5765804684883443,1.733900301750437,1
-1.4540199745349478,0.4842246042993504,0.3413519501232164,-1.2258476714090278,0.8077365626180215,0.646091668153197,0.9702425509371356,1.3116187691956545,-0.009816137054176,0.5731613008083475,0.9972039090469852,-0.5787359118286177,-0.5738091541336192,-0.9124191495230388,0.9124191495230392,-0.5784279906300535,-0.5776581893550843,-0.5765804684883443,1.733900301750437,0
-0.1089391321059001,2.5820035997279875,1.378685672134612,0.6339021362438803,-0.9115834940401768,-1.5477679860172513,0.9702425509371356,1.4701671570541628,-1.43244469563043,1.3389409789008826,0.9972039090469852,-0.5787359118286177,-0.5738091541336192,1.0959875190286648,-1.0959875190286648,1.7288236672481017,-0.5776581893550843,-0.5765804684883443,-0.5767344287272242,0
-1.4850603016679258,0.2935174228967471,0.3413519501232164,-1.2258476714090278,0.8077365626180215,0.646091668153197,-1.0306701134001208,-1.1357279789530503,-1.43244469563043,-0.5290302589895787,0.9972039090469852,-0.5787359118286177,-0.5738091541336192,-0.9124191495230388,0.9124191495230392,1.7288236672481017,-0.5776581893550843,-0.5765804684883443,-0.5767344287272242,0
-0.5124633848346144,-0.3739577120123647,-1.0417596792253108,-1.2258476714090278,0.8077365626180215,0.646091668153197,0.9702425509371356,0.3285293502309548,1.412812421522078,-0.2413095706889152,0.9972039090469852,-0.5787359118286177,-0.5738091541336192,-0.9124191495230388,0.9124191495230392,-0.5784279906300535,-0.5776581893550843,1.7343632929879855,-0.5767344287272242,0
0.1807705878018947,0.007456650792842,-1.7333154938995745,0.7311390863153433,-0.9115834940401768,0.646091668153197,-1.0306701134001208,0.2235604732075077,1.412812421522078,0.6307054384684803,-1.002803930999114,1.7279038324066065,-0.5738091541336192,1.0959875190286648,-1.0959875190286648,1.7288236672481017,-0.5776581893550843,-0.5765804684883443,-0.5767344287272242,1
0.3773593263107555,-0.3739577120123647,1.03290776479748,-1.2258476714090278,0.8077365626180215,0.646091668153197,-1.0306701134001208,-1.5607704547349148,1.412812421522078,0.896293766130631,0.9972039090469852,-0.5787359118286177,-0.5738091541336192,-0.9124191495230388,0.9124191495230392,-0.5784279906300535,-0.5776581893550843,1.7343632929879855,-0.5767344287272242,0
0.3049318963338068,-1.1367864376227783,-0.695981771888179,-1.2258476714090278,-0.9115834940401768,0.646091668153197,-1.0306701134001208,-1.1761221060660938,-0.009816137054176,1.188440926558997,0.9972039090469852,-0.5787359118286177,-0.5738091541336192,-0.9124191495230388,0.9124191495230392,1.7288236672481017,-0.5776581893550843,-0.5765804684883443,-0.5767344287272242,0
-2.085173292905501,1.247053329909764,0.3413519501232164,-1.2258476714090278,0.8077365626180215,-1.5477679860172513,0.9702425509371356,0.4091937947715764,-0.009816137054176,1.7196175818832988,0.9972039090469852,-0.5787359118286177,-0.5738091541336192,-0.9124191495230388,0.9124191495230392,-0.5784279906300535,-0.5776581893550843,1.7343632929879855,-0.5767344287272242,0
-0.5228101605456071,0.1981638321954454,-1.3875375865624426,-1.2258476714090278,0.8077365626180215,0.646091668153197,0.9702425509371356,-0.1547028082694693,0.7014981422339509,-0.6175597015436289,0.9972039090469852,-0.5787359118286177,-0.5738091541336192,1.0959875190286648,-1.0959875190286648,-0.5784279906300535,-0.5776581893550843,1.7343632929879855,-0.5767344287272242,0
2.063883767202561,0.4842246042993504,0.6871298574603482,0.2024603801542033,-0.9115834940401768,0.646091668153197,-1.0306701134001208,0.0721735714251156,-1.43244469563043,0.2721611961245765,-1.002803930999114,-0.5787359118286177,1.7427397119690018,-0.9124191495230388,0.9124191495230392,-0.5784279906300535,-0.5776581893550843,1.7343632929879855,-0.5767344287272242,1
-1.2160441331821163,1.247053329909764,0.6871298574603482,-1.2258476714090278,-0.9115834940401768,-1.5477679860172513,0.9702425509371356,1.63497906298915,1.412812421522078,-0.0731036298362196,-1.002803930999114,-0.5787359118286177,1.7427397119690018,1.0959875190286648,-1.0959875190286648,1.7288236672481017,-0.5776581893550843,-0.5765804684883443,-0.5767344287272242,1
-0.0261649264179587,-1.23214002832408,1.378685672134612,1.3853506031834089,-0.9115834940401768,0.646091668153197,-1.0306701134001208,-0.0299438572524652,1.412812421522078,1.3964851165610153,0.9972039090469852,-0.5787359118286177,-0.5738091541336192,-0.9124191495230388,0.9124191495230392,-0.5784279906300535,1.731127539482183,-0.5765804684883443,-0.5767344287272242,0
1.4534240002539935,-0.3739577120123647,-0.0044259572139154,0.854929109208335,-0.9115834940401768,0.646091668153197,0.9702425509371356,1.4229075046580677,0.7014981422339509,-1.5825306253827771,-1.002803930999114,1.7279038324066065,-0.5738091541336192,-0.9124191495230388,0.9124191495230392,1.7288236672481017,-0.5776581893550843,-0.5765804684883443,-0.5767344287272242,1
-0.1399794592388781,-1.1367864376227783,0.6871298574603482,0.9513211101023972,-0.9115834940401768,0.646091668153197,0.9702425509371356,0.0230892911784789,-0.009816137054176,-0.5467361475003887,-1.002803930999114,1.7279038324066065,-0.5738091541336192,1.0959875190286648,-1.0959875190286648,1.7288236672481017,-0.5776581893550843,-0.5765804684883443,-0.5767344287272242,0
-0.1503262349498708,3.5355395067410043,1.378685672134612,0.8021361332717734,-0.9115834940401768,0.646091668153197,0.9702425509371356,-1.0485675253956874,0.7014981422339509,1.0644997069833266,-1.002803930999114,-0.5787359118286177,1.7427397119690018,-0.9124191495230388,0.9124191495230392,1.7288236672481017,-0.5776581893550843,-0.5765804684883443,-0.5767344287272242,0
1.474117551675979,2.2959428276240823,-1.7333154938995745,-1.2258476714090278,0.8077365626180215,-1.5477679860172513,0.9702425509371356,-1.2680666215146306,-1.43244469563043,-0.343118429626073,-1.002803930999114,-0.5787359118286177,1.7427397119690018,-0.9124191495230388,0.9124191495230392,-0.5784279906300535,1.731127539482183,-0.5765804684883443,-0.5767344287272242,0
0.4497867562877042,-0.6600184841162697,-1.7333154938995745,0.2479490012425002,-0.9115834940401768,0.646091668153197,0.9702425509371356,-0.6977932980021091,0.7014981422339509,1.1131909003880542,0.9972039090469852,-0.5787359118286177,-0.5738091541336192,-0.9124191495230388,0.9124191495230392,-0.5784279906300535,-0.5776581893550843,-0.5765804684883443,1.733900301750437,0
-0.3469149734587316,-0.3739577120123647,-1.0417596792253108,0.44911502067647,-0.9115834940401768,0.646091668153197,0.9702425509371356,0.826781258144368,1.412812421522078,0.6661172154901004,0.9972039090469852,-0.5787359118286177,-0.5738091541336192,1.0959875190286648,-1.0959875190286648,-0.5784279906300535,-0.5776581893550843,1.7343632929879855,-0.5767344287272242,0
0.4601335319986969,0.6749317857019538,-0.3502038645510472,-1.2258476714090278,0.8077365626180215,0.646091668153197,0.9702425509371356,0.6511655660324892,-0.721130416342303,-0.4759125934571485,0.9972039090469852,-0.5787359118286177,-0.5738091541336192,-0.9124191495230388,0.9124191495230392,-0.5784279906300535,-0.5776581893550843,1.7343632929879855,-0.5767344287272242,0
-0.398648852013695,-0.8507256655188732,1.378685672134612,1.06458885523668,-0.9115834940401768,0.646091668153197,-1.0306701134001208,0.1008615971114381,1.412812421522078,0.6926760482563155,-1.002803930999114,1.7279038324066065,-0.5738091541336192,-0.9124191495230388,0.9124191495230392,-0.5784279906300535,1.731127539482183,-0.5765804684883443,-0.5767344287272242,1
1.0498997475252794,-0.278604121311063,0.6871298574603482,-1.2258476714090278,0.8077365626180215,0.646091668153197,-1.0306701134001208,1.4741807123213255,-1.43244469563043,0.7546466580441507,0.9972039090469852,-0.5787359118286177,-0.5738091541336192,1.0959875190286648,-1.0959875190286648,-0.5784279906300535,-0.5776581893550843,1.7343632929879855,-0.5767344287272242,0
1.2982223645891036,-0.5646648934149681,1.03290776479748,0.6193588171513675,-0.9115834940401768,-1.5477679860172513,-1.0306701134001208,0.5118497608029291,0.7014981422339509,0.2278964748475513,-1.002803930999114,1.7279038324066065,-0.5738091541336192,-0.9124191495230388,0.9124191495230392,-0.5784279906300535,1.731127539482183,-0.5765804684883443,-0.5767344287272242,1
-1.3919393202689916,0.5795781950006521,1.03290776479748,0.5218171917410882,-0.9115834940401768,-1.5477679860172513,0.9702425509371356,0.2734928150215789,1.412812421522078,-1.6710600679368277,-1.002803930999114,-0.5787359118286177,1.7427397119690018,1.0959875190286648,-1.0959875190286648,-0.5784279906300535,1.731127539482183,-0.5765804684883443,-0.5767344287272242,0
-1.040148946095241,0.6749317857019538,0.6871298574603482,-1.2258476714090278,0.8077365626180215,0.646091668153197,-1.0306701134001208,0.5303664382702766,1.412812421522078,-0.5910008687774139,0.9972039090469852,-0.5787359118286177,-0.5738091541336192,1.0959875190286648,-1.0959875190286648,-0.5784279906300535,1.731127539482183,-0.5765804684883443,-0.5767344287272242,0
0.7291497004845064,1.7238212834162725,-1.3875375865624426,-1.2258476714090278,-0.9115834940401768,0.646091668153197,0.9702425509371356,1.6667482457214784,0.7014981422339509,-1.684339484319935,-1.002803930999114,-0.5787359118286177,1.7427397119690018,-0.9124191495230388,0.9124191495230392,-0.5784279906300535,-0.5776581893550843,1.7343632929879855,-0.5767344287272242,0
1.3189159160110888,-0.7553720748175714,1.378685672134612,1.6954972764113163,0.8077365626180215,0.646091668153197,-1.0306701134001208,1.5744173466758866,0.7014981422339509,0.4890583303819997,-1.002803930999114,1.7279038324066065,-0.5738091541336192,-0.9124191495230388,0.9124191495230392,-0.5784279906300535,1.731127539482183,-0.5765804684883443,-0.5767344287272242,0
0.6670690462185503,-1.7089079818305883,0.3413519501232164,-0.000300176337043,-0.9115834940401768,0.646091668153197,0.9702425509371356,1.2767261741454552,0.7014981422339509,1.7196175818832988,0.9972039090469852,-0.5787359118286177,-0.5738091541336192,-0.9124191495230388,0.9124191495230392,-0.5784279906300535,1.731127539482183,-0.5765804684883443,-0.5767344287272242,0
0.8946981118603892,0.3888710135980487,-1.7333154938995745,0.0577783798198352,-0.9115834940401768,0.646091668153197,-1.0306701134001208,-1.0463003474756116,1.412812421522078,-0.9406921668659124,0.9972039090469852,-0.5787359118286177,-0.5738091541336192,-0.9124191495230388,0.9124191495230392,-0.5784279906300535,-0.5776581893550843,-0.5765804684883443,1.733900301750437,1
0.9464319904153524,0.3888710135980487,0.3413519501232164,0.3298667598830974,-0.9115834940401768,-1.5477679860172513,0.9702425509371356,-0.6811308096866077,1.412812421522078,-1.0247951372922603,-1.002803930999114,1.7279038324066065,-0.5738091541336192,1.0959875190286648,-1.0959875190286648,-0.5784279906300535,1.731127539482183,-0.5765804684883443,-0.5767344287272242,1
0.0359157278479972,-0.1832505306097613,-1.0417596792253108,1.1078607669030054,0.8077365626180215,-1.5477679860172513,-1.0306701134001208,1.4991118443918148,1.412812421522078,-0.6573979506929516,-1.002803930999114,1.7279038324066065,-0.5738091541336192,-0.9124191495230388,0.9124191495230392,-0.5784279906300535,-0.5776581893550843,-0.5765804684883443,1.733900301750437,0
-0.5952375905225558,-0.9460792562201747,-0.0044259572139154,0.404331111563331,2.52705661927622,0.646091668153197,-1.0306701134001208,0.60000312630412,-0.721130416342303,-0.5157508426064711,-1.002803930999114,1.7279038324066065,-0.5738091541336192,1.0959875190286648,-1.0959875190286648,-0.5784279906300535,1.731127539482183,-0.5765804684883443,-0.5767344287272242,0
-0.0882455806839148,0.1981638321954454,-0.3502038645510472,1.3028707738362209,-0.9115834940401768,0.646091668153197,-1.0306701134001208,-0.5669794969178371,1.412812421522078,0.5023377467651073,-1.002803930999114,1.7279038324066065,-0.5738091541336192,-0.9124191495230388,0.9124191495230392,1.7288236672481017,-0.5776581893550843,-0.5765804684883443,-0.5767344287272242,0
0.0048754007150192,1.6284676927149706,-1.0417596792253108,-1.2258476714090278,-0.9115834940401768,0.646091668153197,-1.0306701134001208,0.2509657123072065,0.7014981422339509,-1.2372657994219811,0.9972039090469852,-0.5787359118286177,-0.5738091541336192,-0.9124191495230388,0.9124191495230392,-0.5784279906300535,1.731127539482183,-0.5765804684883443,-0.5767344287272242,1
-0.5228101605456071,1.7238212834162725,1.378685672134612,0.9932021892646468,0.8077365626180215,0.646091668153197,0.9702425509371356,0.0601313406135576,-0.009816137054176,1.5469851689029008,-1.002803930999114,1.7279038324066065,-0.5738091541336192,-0.9124191495230388,0.9124191495230392,1.7288236672481017,-0.5776581893550843,-0.5765804684883443,-0.5767344287272242,0
2.063883767202561,1.533114102013669,-1.7333154938995745,0.3562025051089209,-0.9115834940401768,0.646091668153197,0.9702425509371356,-0.2864502248049519,0.7014981422339509,0.0331317012286407,-1.002803930999114,1.7279038324066065,-0.5738091541336192,-0.9124191495230388,0.9124191495230392,-0.5784279906300535,-0.5776581893550843,-0.5765804684883443,1.733900301750437,1
-1.1022296003611969,-0.8507256655188732,1.03290776479748,1.1019557389264945,-0.9115834940401768,0.646091668153197,0.9702425509371356,-0.3375797993218702,-1.43244469563043,-0.9672509996321276,-1.002803930999114,-0.5787359118286177,1.7427397119690018,-0.9124191495230388,0.9124191495230392,1.7288236672481017,-0.5776581893550843,-0.5765804684883443,-0.5767344287272242,0
0.6567222705075577,1.533114102013669,1.378685672134612,1.6602374767190913,-0.9115834940401768,0.646091668153197,0.9702425509371356,0.000651567928052,-1.43244469563043,0.2013376420813362,-1.002803930999114,1.7279038324066065,-0.5738091541336192,1.0959875190286648,-1.0959875190286648,-0.5784279906300535,1.731127539482183,-0.5765804684883443,-0.5767344287272242,0
-0.7918263290314166,-0.4693113027136664,-0.0044259572139154,0.5743885127625615,0.8077365626180215,0.646091668153197,0.9702425509371356,-1.4275814900358004,0.7014981422339509,0.2987200288907916,0.9972039090469852,-0.5787359118286177,-0.5738091541336192,1.0959875190286648,-1.0959875190286648,-0.5784279906300535,1.731127539482183,-0.5765804684883443,-0.5767344287272242,0
-2.5197378727671933,-0.1832505306097613,-1.3875375865624426,-1.2258476714090278,-0.9115834940401768,0.646091668153197,0.9702425509371356,-0.8856065047024003,-1.43244469563043,1.29910272975156,-1.002803930999114,-0.5787359118286177,1.7427397119690018,-0.9124191495230388,0.9124191495230392,-0.5784279906300535,1.731127539482183,-0.5765804684883443,-0.5767344287272242,1
1.4120368974100228,-0.3739577120123647,-1.3875375865624426,0.4773018969719032,-0.9115834940401768,0.646091668153197,0.9702425509371356,-1.4516875140198682,1.412812421522078,-0.4227949279247183,0.9972039090469852,-0.5787359118286177,-0.5738091541336192,1.0959875190286648,-1.0959875190286648,1.7288236672481017,-0.5776581893550843,-0.5765804684883443,-0.5767344287272242,0
0.553254513397631,0.1981638321954454,1.378685672134612,-0.2309134439046634,0.8077365626180215,0.646091668153197,-1.0306701134001208,0.5035929415684636,-0.009816137054176,1.6576469720954636,-1.002803930999114,1.7279038324066065,-0.5738091541336192,-0.9124191495230388,0.9124191495230392,-0.5784279906300535,-0.5776581893550843,1.7343632929879855,-0.5767344287272242,0
-1.350552217425021,-0.8507256655188732,-0.695981771888179,1.0723842806994286,0.8077365626180215,0.646091668153197,0.9702425509371356,-1.7248450670373574,-1.43244469563043,-0.0067065479206819,0.9972039090469852,-0.5787359118286177,-0.5738091541336192,-0.9124191495230388,0.9124191495230392,1.7288236672481017,-0.5776581893550843,-0.5765804684883443,-0.5767344287272242,0
-0.3572617491697243,2.5820035997279875,-1.3875375865624426,0.9513134170901598,-0.9115834940401768,0.646091668153197,-1.0306701134001208,1.45633351138353,-0.721130416342303,-1.347927602614544,0.9972039090469852,-0.5787359118286177,-0.5738091541336192,1.0959875190286648,-1.0959875190286648,1.7288236672481017,-0.5776581893550843,-0.5765804684883443,-0.5767344287272242,1
-0.7090521233434752,-1.23214002832408,0.3413519501232164,0.6084600626062944,-0.9115834940401768,0.646091668153197,0.9702425509371356,-1.495603609348375,-0.721130416342303,-0.5600155638834963,-1.002803930999114,1.7279038324066065,-0.5738091541336192,-0.9124191495230388,0.9124191495230392,-0.5784279906300535,-0.5776581893550843,-0.5765804684883443,1.733900301750437,0
0.9153916632823744,-1.1367864376227783,1.03290776479748,0.3596565073323977,-0.9115834940401768,0.646091668153197,0.9702425509371356,0.1196318062099766,-0.721130416342303,-0.5865743966497113,-1.002803930999114,-0.5787359118286177,1.7427397119690018,1.0959875190286648,-1.0959875190286648,-0.5784279906300535,1.731127539482183,-0.5765804684883443,-0.5767344287272242,0
0.4187464291547262,-1.0414328469214764,-1.3875375865624426,-1.2258476714090278,0.8077365626180215,-1.5477679860172513,-1.0306701134001208,-0.1256325723462754,1.412812421522078,-0.1660595445179724,0.9972039090469852,-0.5787359118286177,-0.5738091541336192,-0.9124191495230388,0.9124191495230392,-0.5784279906300535,1.731127539482183,-0.5765804684883443,-0.5767344287272242,0
-0.0468584778399441,0.2935174228967471,-0.695981771888179,0.3742422982633041,-0.9115834940401768,-1.5477679860172513,0.9702425509371356,-1.342094901692324,-0.009816137054176,-1.2505452158050885,-1.002803930999114,-0.5787359118286177,1.7427397119690018,1.0959875190286648,-1.0959875190286648,-0.5784279906300535,1.731127539482183,-0.5765804684883443,-0.5767344287272242,0
0.0876496064029606,-0.5646648934149681,1.03290776479748,0.6238345475626162,-0.9115834940401768,-1.5477679860172513,0.9702425509371356,-1.7137039342455749,-1.43244469563043,-0.050971269197707,-1.002803930999114,-0.5787359118286177,1.7427397119690018,1.0959875190286648,-1.0959875190286648,-0.5784279906300535,-0.5776581893550843,-0.5765804684883443,1.733900301750437,0
0.4911738591316749,-0.9460792562201747,-0.0044259572139154,0.2994130093150616,-0.9115834940401768,0.646091668153197,0.9702425509371356,0.915235105578823,-1.43244469563043,-0.8477362521841597,0.9972039090469852,-0.5787359118286177,-0.5738091541336192,-0.9124191495230388,0.9124191495230392,1.7288236672481017,-0.5776581893550843,-0.5765804684883443,-0.5767344287272242,0
-1.0194553946732554,-0.4693113027136664,-0.3502038645510472,-1.2258476714090278,0.8077365626180215,0.646091668153197,-1.0306701134001208,0.6989761019729014,0.7014981422339509,1.2017203429421046,-1.002803930999114,-0.5787359118286177,1.7427397119690018,1.0959875190286648,-1.0959875190286648,-0.5784279906300535,1.731127539482183,-0.5765804684883443,-0.5767344287272242,0
-0.967721516118292,1.7238212834162725,-1.3875375865624426,0.6980966371294433,-0.9115834940401768,0.646091668153197,-1.0306701134001208,0.5613258152368591,-1.43244469563043,1.5381322246474958,-1.002803930999114,1.7279038324066065,-0.5738091541336192,-0.9124191495230388,0.9124191495230392,-0.5784279906300535,1.731127539482183,-0.5765804684883443,-0.5767344287272242,1
0.9153916632823744,-0.8507256655188732,0.3413519501232164,-1.2258476714090278,-0.9115834940401768,-1.5477679860172513,-1.0306701134001208,0.3914994431505274,-0.721130416342303,-0.9672509996321276,0.9972039090469852,-0.5787359118286177,-0.5738091541336192,1.0959875190286648,-1.0959875190286648,-0.5784279906300535,-0.5776581893550843,-0.5765804684883443,1.733900301750437,0
-0.367608524880717,2.391296418325384,-1.7333154938995745,0.0813890357316699,0.8077365626180215,-1.5477679860172513,0.9702425509371356,-1.1162721215542464,-0.009816137054176,-0.0908095183470296,0.9972039090469852,-0.5787359118286177,-0.5738091541336192,-0.9124191495230388,0.9124191495230392,-0.5784279906300535,-0.5776581893550843,-0.5765804684883443,1.733900301750437,0
-2.054132965772523,-0.5646648934149681,0.6871298574603482,1.2369302797149586,-0.9115834940401768,0.646091668153197,-1.0306701134001208,0.2048074792197289,0.7014981422339509,-1.383339379636164,-1.002803930999114,1.7279038324066065,-0.5738091541336192,-0.9124191495230388,0.9124191495230392,-0.5784279906300535,-0.5776581893550843,-0.5765804684883443,1.733900301750437,0
0.2118109149348727,0.5795781950006521,-1.0417596792253108,0.4790656802984014,-0.9115834940401768,-1.5477679860172513,0.9702425509371356,1.0115943405422303,-0.009816137054176,-1.6046629860212898,0.9972039090469852,-0.5787359118286177,-0.5738091541336192,-0.9124191495230388,0.9124191495230392,1.7288236672481017,-0.5776581893550843,-0.5765804684883443,-0.5767344287272242,0
-0.9573747404072994,-0.7553720748175714,0.6871298574603482,-1.2258476714090278,0.8077365626180215,0.646091668153197,-1.0306701134001208,1.158629818772546,-1.43244469563043,0.3651171108063293,-1.002803930999114,-0.5787359118286177,1.7427397119690018,1.0959875190286648,-1.0959875190286648,-0.5784279906300535,-0.5776581893550843,-0.5765804684883443,1.733900301750437,0
-1.474713525956933,0.4842246042993504,-0.695981771888179,0.624498871223528,0.8077365626180215,-1.5477679860172513,-1.0306701134001208,-0.571331442139937,1.412812421522078,0.2101905863367413,0.9972039090469852,-0.5787359118286177,-0.5738091541336192,-0.9124191495230388,0.9124191495230392,-0.5784279906300535,1.731127539482183,-0.5765804684883443,-0.5767344287272242,0
0.170423812090902,-1.1367864376227783,-0.695981771888179,0.4748930225150864,0.8077365626180215,0.646091668153197,-1.0306701134001208,-1.6765697231064278,-1.43244469563043,0.3385582780401142,-1.002803930999114,1.7279038324066065,-0.5738091541336192,1.0959875190286648,-1.0959875190286648,1.7288236672481017,-0.5776581893550843,-0.5765804684883443,-0.5767344287272242,0
-1.7747700215757207,-0.1832505306097613,0.3413519501232164,0.6723059738748527,-0.9115834940401768,-1.5477679860172513,0.9702425509371356,1.042829854841002,-0.721130416342303,1.5469851689029008,-1.002803930999114,-0.5787359118286177,1.7427397119690018,-0.9124191495230388,0.9124191495230392,-0.5784279906300535,1.731127539482183,-0.5765804684883443,-0.5767344287272242,0
-1.2056973574711236,-0.4693113027136664,0.6871298574603482,0.7222727294407221,0.8077365626180215,0.646091668153197,0.9702425509371356,-0.5201265732496951,-0.009816137054176,-1.1310304683571206,0.9972039090469852,-0.5787359118286177,-0.5738091541336192,1.0959875190286648,-1.0959875190286648,-0.5784279906300535,-0.5776581893550843,-0.5765804684883443,1.733900301750437,0
1.6500127387628545,1.1516997392084622,-0.0044259572139154,-1.2258476714090278,0.8077365626180215,-1.5477679860172513,0.9702425509371356,1.4682315873787244,-1.43244469563043,-0.351971373881478,0.9972039090469852,-0.5787359118286177,-0.5738091541336192,1.0959875190286648,-1.0959875190286648,1.7288236672481017,-0.5776581893550843,-0.5765804684883443,-0.5767344287272242,0
-0.1089391321059001,0.007456650792842,-0.695981771888179,-1.2258476714090278,-0.9115834940401768,0.646091668153197,0.9702425509371356,0.1027170034933378,-1.43244469563043,-0.2944272362213453,-1.002803930999114,-0.5787359118286177,1.7427397119690018,-0.9124191495230388,0.9124191495230392,-0.5784279906300535,-0.5776581893550843,-0.5765804684883443,1.733900301750437,0
0.6877625976405357,-0.3739577120123647,-1.3875375865624426,-1.2258476714090278,2.52705661927622,-1.5477679860172513,-1.0306701134001208,1.2986088404913814,-0.009816137054176,0.9007202382583336,-1.002803930999114,-0.5787359118286177,1.7427397119690018,-0.9124191495230388,0.9124191495230392,-0.5784279906300535,1.731127539482183,-0.5765804684883443,-0.5767344287272242,1
-1.6195683859108303,-0.8507256655188732,-0.695981771888179,0.1477548893212215,-0.9115834940401768,-1.5477679860172513,0.9702425509371356,-1.2555585393725095,-0.721130416342303,-0.3829566787753957,0.9972039090469852,-0.5787359118286177,-0.5738091541336192,-0.9124191495230388,0.9124191495230392,-0.5784279906300535,-0.5776581893550843,1.7343632929879855,-0.5767344287272242,0
0.0048754007150192,-0.7553720748175714,0.6871298574603482,0.9860225253230618,0.8077365626180215,0.646091668153197,-1.0306701134001208,0.5185834774601632,-0.009816137054176,-0.8123244751625396,-1.002803930999114,1.7279038324066065,-0.5738091541336192,-0.9124191495230388,0.9124191495230392,1.7288236672481017,-0.5776581893550843,-0.5765804684883443,-0.5767344287272242,0
0.2738915692008288,0.2935174228967471,-0.0044259572139154,0.3701339091863886,-0.9115834940401768,0.646091668153197,-1.0306701134001208,-1.375161825551936,-1.43244469563043,0.0906758388887734,0.9972039090469852,-0.5787359118286177,-0.5738091541336192,-0.9124191495230388,0.9124191495230392,-0.5784279906300535,1.731127539482183,-0.5765804684883443,-0.5767344287272242,0
-2.31280235854734,0.1028102414941437,1.03290776479748,-1.2258476714090278,0.8077365626180215,0.646091668153197,0.9702425509371356,-0.2994297227578819,1.412812421522078,0.7590731301718532,-1.002803930999114,-0.5787359118286177,1.7427397119690018,-0.9124191495230388,0.9124191495230392,-0.5784279906300535,-0.5776581893550843,-0.5765804684883443,1.733900301750437,0
-0.0261649264179587,1.3424069206110656,0.3413519501232164,0.556389428464601,-0.9115834940401768,0.646091668153197,0.9702425509371356,0.3730297159852522,0.7014981422339509,0.4802053861265947,-1.002803930999114,-0.5787359118286177,1.7427397119690018,1.0959875190286648,-1.0959875190286648,-0.5784279906300535,-0.5776581893550843,1.7343632929879855,-0.5767344287272242,0
0.5015206348426676,-0.7553720748175714,0.3413519501232164,0.6091549980450671,-0.9115834940401768,-1.5477679860172513,-1.0306701134001208,0.6661044565919092,0.7014981422339509,-1.1310304683571206,-1.002803930999114,-0.5787359118286177,1.7427397119690018,-0.9124191495230388,0.9124191495230392,1.7288236672481017,-0.5776581893550843,-0.5765804684883443,-0.5767344287272242,0
-1.2677780117370796,0.007456650792842,-1.7333154938995745,0.8197181921980347,-0.9115834940401768,-1.5477679860172513,0.9702425509371356,-1.35447169687865,0.7014981422339509,0.2101905863367413,-1.002803930999114,1.7279038324066065,-0.5738091541336192,-0.9124191495230388,0.9124191495230392,-0.5784279906300535,-0.5776581893550843,1.7343632929879855,-0.5767344287272242,1
-0.2227536649268195,-0.9460792562201747,0.3413519501232164,-1.2258476714090278,0.8077365626180215,0.646091668153197,0.9702425509371356,-0.1955817407239123,0.7014981422339509,-1.4718688221902143,-1.002803930999114,-0.5787359118286177,1.7427397119690018,-0.9124191495230388,0.9124191495230392,-0.5784279906300535,-0.5776581893550843,1.7343632929879855,-0.5767344287272242,0
-0.6055843662335485,0.007456650792842,0.6871298574603482,-1.2258476714090278,0.8077365626180215,0.646091668153197,-1.0306701134001208,-0.2957157799739441,1.412812421522078,-0.1926183772841875,0.9972039090469852,-0.5787359118286177,-0.5738091541336192,-0.9124191495230388,0.9124191495230392,-0.5784279906300535,-0.5776581893550843,-0.5765804684883443,1.733900301750437,0
0.9464319904153524,-0.278604121311063,-1.0417596792253108,0.8536462994177586,0.8077365626180215,-1.5477679860172513,-1.0306701134001208,-0.9184631955427324,-0.009816137054176,1.3610733395393952,-1.002803930999114,1.7279038324066065,-0.5738091541336192,1.0959875190286648,-1.0959875190286648,-0.5784279906300535,1.731127539482183,-0.5765804684883443,-0.5767344287272242,1
-0.8332134318753873,-1.9949687539344931,-0.3502038645510472,0.1006747763263253,-0.9115834940401768,0.646091668153197,-1.0306701134001208,-0.4917320738963293,1.412812421522078,-0.4405008164355283,0.9972039090469852,-0.5787359118286177,-0.5738091541336192,1.0959875190286648,-1.0959875190286648,-0.5784279906300535,-0.5776581893550843,-0.5765804684883443,1.733900301750437,0
-0.8849473104303507,-0.0878969399084596,-1.7333154938995745,0.7366359038300103,-0.9115834940401768,-1.5477679860172513,-1.0306701134001208,-0.5695054231693345,0.7014981422339509,0.2013376420813362,-1.002803930999114,-0.5787359118286177,1.7427397119690018,-0.9124191495230388,0.9124191495230392,-0.5784279906300535,-0.5776581893550843,1.7343632929879855,-0.5767344287272242,0
0.1911173635128873,-0.9460792562201747,1.378685672134612,-1.2258476714090278,-0.9115834940401768,0.646091668153197,0.9702425509371356,-0.1076140897509189,1.412812421522078,-1.2018540224003609,-1.002803930999114,-0.5787359118286177,1.7427397119690018,-0.9124191495230388,0.9124191495230392,1.7288236672481017,-0.5776581893550843,-0.5765804684883443,-0.5767344287272242,0
-0.99876184325127,0.1981638321954454,-0.3502038645510472,0.571638901972066,-0.9115834940401768,-1.5477679860172513,0.9702425509371356,-1.11025378838859,-1.43244469563043,1.2858233133684525,-1.002803930999114,-0.5787359118286177,1.7427397119690018,1.0959875190286648,-1.0959875190286648,1.7288236672481017,-0.5776581893550843,-0.5765804684883443,-0.5767344287272242,0
-1.350552217425021,0.2935174228967471,0.3413519501232164,-1.2258476714090278,0.8077365626180215,0.646091668153197,0.9702425509371356,-1.1421041777545031,-0.721130416342303,1.3964851165610153,-1.002803930999114,-0.5787359118286177,1.7427397119690018,1.0959875190286648,-1.0959875190286648,-0.5784279906300535,-0.5776581893550843,-0.5765804684883443,1.733900301750437,0
-0.2434472163488049,-0.3739577120123647,0.6871298574603482,-1.2258476714090278,-0.9115834940401768,0.646091668153197,-1.0306701134001208,1.5237637091099767,0.7014981422339509,-1.5515453204888596,-1.002803930999114,-0.5787359118286177,1.7427397119690018,1.0959875190286648,-1.0959875190286648,-0.5784279906300535,1.731127539482183,-0.5765804684883443,-0.5767344287272242,0
-1.009108618962263,-0.5646648934149681,-0.3502038645510472,0.6666796573208572,-0.9115834940401768,-1.5477679860172513,-1.0306701134001208,-0.0982442005773212,0.7014981422339509,-1.7064718449584475,0.9972039090469852,-0.5787359118286177,-0.5738091541336192,-0.9124191495230388,0.9124191495230392,-0.5784279906300535,-0.5776581893550843,-0.5765804684883443,1.733900301750437,0
1.24648848603414,-1.1367864376227783,-1.0417596792253108,-1.2258476714090278,0.8077365626180215,0.646091668153197,0.9702425509371356,1.7291118102942782,-0.721130416342303,1.3787792280502051,0.9972039090469852,-0.5787359118286177,-0.5738091541336192,-0.9124191495230388,0.9124191495230392,-0.5784279906300535,-0.5776581893550843,1.7343632929879855,-0.5767344287272242,0
0.3463189991777775,0.8656389671045572,-0.695981771888179,-0.0509102600512598,-0.9115834940401768,-1.5477679860172513,-1.0306701134001208,-1.371329637562779,-0.009816137054176,-0.1217948232409472,0.9972039090469852,-0.5787359118286177,-0.5738091541336192,1.0959875190286648,-1.0959875190286648,1.7288236672481017,-0.5776581893550843,-0.5765804684883443,-0.5767344287272242,1
-0.6055843662335485,0.2935174228967471,-1.3875375865624426,1.1341327242356942,0.8077365626180215,0.646091668153197,0.9702425509371356,-0.6445619149624146,-0.721130416342303,0.1393670322935011,0.9972039090469852,-0.5787359118286177,-0.5738091541336192,-0.9124191495230388,0.9124191495230392,-0.5784279906300535,1.731127539482183,-0.5765804684883443,-0.5767344287272242,0
-1.122923151783182,-0.7553720748175714,-0.695981771888179,-1.2258476714090278,0.8077365626180215,0.646091668153197,0.9702425509371356,0.263049502830599,-1.43244469563043,1.4982939754981732,0.9972039090469852,-0.5787359118286177,-0.5738091541336192,1.0959875190286648,-1.0959875190286648,1.7288236672481017,-0.5776581893550843,-0.5765804684883443,-0.5767344287272242,0
-1.2160441331821163,0.7702853764032556,1.378685672134612,0.1099677748379425,-0.9115834940401768,0.646091668153197,0.9702425509371356,0.6539309388245559,1.412812421522078,-0.8344568358010521,0.9972039090469852,-0.5787359118286177,-0.5738091541336192,-0.9124191495230388,0.9124191495230392,-0.5784279906300535,-0.5776581893550843,1.7343632929879855,-0.5767344287272242,0
0.6567222705075577,0.007456650792842,-0.695981771888179,1.176415442745168,0.8077365626180215,0.646091668153197,-1.0306701134001208,-0.6302448550704429,0.7014981422339509,-1.6445012351706123,-1.002803930999114,1.7279038324066065,-0.5738091541336192,-0.9124191495230388,0.9124191495230392,-0.5784279906300535,-0.5776581893550843,-0.5765804684883443,1.733900301750437,0
1.09128685036925,2.200589236922781,-0.695981771888179,-1.2258476714090278,-0.9115834940401768,0.646091668153197,0.9702425509371356,-1.545729142960974,-0.009816137054176,-0.0288389085591944,0.9972039090469852,-0.5787359118286177,-0.5738091541336192,-0.9124191495230388,0.9124191495230392,-0.5784279906300535,-0.5776581893550843,-0.5765804684883443,1.733900301750437,1
0.3359722234667848,0.1028102414941437,1.03290776479748,-1.2258476714090278,-0.9115834940401768,0.646091668153197,-1.0306701134001208,-0.421544502318169,0.7014981422339509,-1.7064718449584475,-1.002803930999114,-0.5787359118286177,1.7427397119690018,-0.9124191495230388,0.9124191495230392,-0.5784279906300535,-0.5776581893550843,1.7343632929879855,-0.5767344287272242,0
1.3706497945660523,0.1981638321954454,-0.0044259572139154,0.483291227540848,-0.9115834940401768,0.646091668153197,-1.0306701134001208,1.3364441761414765,1.412812421522078,-0.480339065584851,-1.002803930999114,1.7279038324066065,-0.5738091541336192,1.0959875190286648,-1.0959875190286648,-0.5784279906300535,-0.5776581893550843,1.7343632929879855,-0.5767344287272242,0
0.8326174575944332,0.007456650792842,-1.0417596792253108,0.8066490465755021,-0.9115834940401768,0.646091668153197,0.9702425509371356,-0.4388863788936595,-1.43244469563043,-0.9008539177165898,-1.002803930999114,-0.5787359118286177,1.7427397119690018,1.0959875190286648,-1.0959875190286648,-0.5784279906300535,-0.5776581893550843,-0.5765804684883443,1.733900301750437,0
0.7291497004845064,1.4377605113123673,-0.0044259572139154,-1.2258476714090278,0.8077365626180215,0.646091668153197,0.9702425509371356,-1.6623383909882408,1.412812421522078,1.1353232610265669,0.9972039090469852,-0.5787359118286177,-0.5738091541336192,-0.9124191495230388,0.9124191495230392,1.7288236672481017,-0.5776581893550843,-0.5765804684883443,-0.5767344287272242,0
-1.1022296003611969,-0.0878969399084596,1.03290776479748,-1.2258476714090278,-0.9115834940401768,0.646091668153197,0.9702425509371356,-0.032719489554985,-0.009816137054176,0.2411758912306589,0.9972039090469852,-0.5787359118286177,-0.5738091541336192,-0.9124191495230388,0.9124191495230392,-0.5784279906300535,1.731127539482183,-0.5765804684883443,-0.5767344287272242,0
2.063883767202561,0.007456650792842,0.3413519501232164,0.3265882545012848,-0.9115834940401768,0.646091668153197,0.9702425509371356,0.3754450481918679,0.7014981422339509,1.2238527035806173,0.9972039090469852,-0.5787359118286177,-0.5738091541336192,-0.9124191495230388,0.9124191495230392,1.7288236672481017,-0.5776581893550843,-0.5765804684883443,-0.5767344287272242,0
0.2842383449118215,-1.0414328469214764,-0.3502038645510472,-1.2258476714090278,0.8077365626180215,0.646091668153197,0.9702425509371356,0.7709053558679417,1.412812421522078,0.732514297405638,0.9972039090469852,-0.5787359118286177,-0.5738091541336192,1.0959875190286648,-1.0959875190286648,-0.5784279906300535,-0.5776581893550843,1.7343632929879855,-0.5767344287272242,1
0.5015206348426676,0.1028102414941437,-1.0417596792253108,-1.2258476714090278,-0.9115834940401768,0.646091668153197,-1.0306701134001208,-0.3773920904692305,-0.721130416342303,-1.6622071236814224,-1.002803930999114,-0.5787359118286177,1.7427397119690018,-0.9124191495230388,0.9124191495230392,1.7288236672481017,-0.5776581893550843,-0.5765804684883443,-0.5767344287272242,0
-0.4710762819906437,2.391296418325384,-1.0417596792253108,0.8505556317514077,-0.9115834940401768,0.646091668153197,0.9702425509371356,-1.503947721366694,-1.43244469563043,-1.0026627766537477,0.9972039090469852,-0.5787359118286177,-0.5738091541336192,1.0959875190286648,-1.0959875190286648,-0.5784279906300535,-0.5776581893550843,-0.5765804684883443,1.733900301750437,0
-1.6506087130438083,-0.278604121311063,-1.7333154938995745,-0.3704948168545876,-0.9115834940401768,0.646091668153197,0.9702425509371356,0.0668412343397399,-1.43244469563043,-0.2944272362213453,0.9972039090469852,-0.5787359118286177,-0.5738091541336192,1.0959875190286648,-1.0959875190286648,-0.5784279906300535,1.731127539482183,-0.5765804684883443,-0.5767344287272242,0
-0.0261649264179587,-0.0878969399084596,1.7244635794717436,0.0995506349131442,-0.9115834940401768,0.646091668153197,-1.0306701134001208,-0.4389604560369292,-0.009816137054176,1.591249890179926,0.9972039090469852,-0.5787359118286177,-0.5738091541336192,-0.9124191495230388,0.9124191495230392,-0.5784279906300535,-0.5776581893550843,1.7343632929879855,-0.5767344287272242,0
1.0498997475252794,-0.8507256655188732,-0.3502038645510472,0.0807364118602023,-0.9115834940401768,0.646091668153197,0.9702425509371356,-1.099061184154536,-1.43244469563043,-0.9008539177165898,-1.002803930999114,1.7279038324066065,-0.5738091541336192,-0.9124191495230388,0.9124191495230392,-0.5784279906300535,-0.5776581893550843,-0.5765804684883443,1.733900301750437,0
-0.0054713749959734,1.0563461485071606,0.6871298574603482,0.8523517898377382,-0.9115834940401768,-1.5477679860172513,-1.0306701134001208,-1.0096415516174502,1.412812421522078,-0.5378832032449837,-1.002803930999114,-0.5787359118286177,1.7427397119690018,1.0959875190286648,-1.0959875190286648,-0.5784279906300535,-0.5776581893550843,1.7343632929879855,-0.5767344287272242,0
-0.367608524880717,2.5820035997279875,0.6871298574603482,-1.2258476714090278,0.8077365626180215,0.646091668153197,0.9702425509371356,-0.4435836696710031,-1.43244469563043,1.7151911097555963,0.9972039090469852,-0.5787359118286177,-0.5738091541336192,-0.9124191495230388,0.9124191495230392,-0.5784279906300535,-0.5776581893550843,1.7343632929879855,-0.5767344287272242,0
0.20146413922388,0.1028102414941437,-1.0417596792253108,1.1328811673073322,-0.9115834940401768,-1.5477679860172513,0.9702425509371356,-0.5258468589421953,-0.721130416342303,0.6262789663407777,-1.002803930999114,1.7279038324066065,-0.5738091541336192,1.0959875190286648,-1.0959875190286648,-0.5784279906300535,1.731127539482183,-0.5765804684883443,-0.5767344287272242,0
0.4704803077096895,-0.6600184841162697,-0.3502038645510472,0.1271868197492545,-0.9115834940401768,-1.5477679860172513,0.9702425509371356,-0.8307687257717976,1.412812421522078,-0.5113243704787686,-1.002803930999114,1.7279038324066065,-0.5738091541336192,-0.9124191495230388,0.9124191495230392,-0.5784279906300535,-0.5776581893550843,1.7343632929879855,-0.5767344287272242,0
-0.6676650204995045,-0.6600184841162697,-1.3875375865624426,1.175246265156181,-0.9115834940401768,0.646091668153197,-1.0306701134001208,-1.1869763203452113,-0.009816137054176,-0.4405008164355283,-1.002803930999114,1.7279038324066065,-0.5738091541336192,-0.9124191495230388,0.9124191495230392,-0.5784279906300535,1.731127539482183,-0.5765804684883443,-0.5767344287272242,0
-1.536794180222889,0.1028102414941437,0.6871298574603482,0.6542009503875403,-0.9115834940401768,-1.5477679860172513,-1.0306701134001208,1.6726145990204264,-1.43244469563043,0.2987200288907916,-1.002803930999114,1.7279038324066065,-0.5738091541336192,1.0959875190286648,-1.0959875190286648,1.7288236672481017,-0.5776581893550843,-0.5765804684883443,-0.5767344287272242,0
0.0773028306919679,0.4842246042993504,-1.0417596792253108,1.473058795972398,-0.9115834940401768,0.646091668153197,0.9702425509371356,-1.493915311263852,-0.721130416342303,0.1836317535705262,0.9972039090469852,-0.5787359118286177,-0.5738091541336192,-0.9124191495230388,0.9124191495230392,-0.5784279906300535,-0.5776581893550843,-0.5765804684883443,1.733900301750437,0
-0.6469714690775192,-1.613554391129287,1.378685672134612,-0.149175509425114,-0.9115834940401768,0.646091668153197,0.9702425509371356,1.103236635157427,-0.721130416342303,0.5377495237867274,-1.002803930999114,-0.5787359118286177,1.7427397119690018,1.0959875190286648,-1.0959875190286648,-0.5784279906300535,-0.5776581893550843,-0.5765804684883443,1.733900301750437,1
0.584294840530609,0.8656389671045572,0.6871298574603482,0.458388946928582,-0.9115834940401768,0.646091668153197,0.9702425509371356,1.3955446947202417,1.412812421522078,0.6085730778299676,-1.002803930999114,1.7279038324066065,-0.5738091541336192,1.0959875190286648,-1.0959875190286648,-0.5784279906300535,-0.5776581893550843,1.7343632929879855,-0.5767344287272242,1
0.6567222705075577,-0.9460792562201747,1.378685672134612,-1.2258476714090278,0.8077365626180215,0.646091668153197,-1.0306701134001208,0.5060600929973665,-0.009816137054176,-1.254971687932791,-1.002803930999114,-0.5787359118286177,1.7427397119690018,-0.9124191495230388,0.9124191495230392,1.7288236672481017,-0.5776581893550843,-0.5765804684883443,-0.5767344287272242,0
-0.0882455806839148,-1.899615163233192,-0.695981771888179,0.5997278526325615,-0.9115834940401768,0.646091668153197,0.9702425509371356,1.3223806478806963,1.412812421522078,1.2681174248576423,-1.002803930999114,1.7279038324066065,-0.5738091541336192,1.0959875190286648,-1.0959875190286648,-0.5784279906300535,-0.5776581893550843,1.7343632929879855,-0.5767344287272242,0
-2.04378619006153,-0.1832505306097613,-0.3502038645510472,0.8870823743964696,0.8077365626180215,0.646091668153197,-1.0306701134001208,-1.584851612447885,1.412812421522078,-0.2545889870720227,0.9972039090469852,-0.5787359118286177,-0.5738091541336192,1.0959875190286648,-1.0959875190286648,1.7288236672481017,-0.5776581893550843,-0.5765804684883443,-0.5767344287272242,0
-0.2951810949037682,-0.0878969399084596,-0.0044259572139154,-1.2258476714090278,0.8077365626180215,-1.5477679860172513,-1.0306701134001208,0.0905189672349025,-1.43244469563043,0.7369407695333405,0.9972039090469852,-0.5787359118286177,-0.5738091541336192,-0.9124191495230388,0.9124191495230392,-0.5784279906300535,-0.5776581893550843,-0.5765804684883443,1.733900301750437,0
1.9397224586706487,-0.4693113027136664,1.03290776479748,-1.2258476714090278,0.8077365626180215,0.646091668153197,-1.0306701134001208,-1.262757411800276,-0.721130416342303,-1.547118848361157,0.9972039090469852,-0.5787359118286177,-0.5738091541336192,1.0959875190286648,-1.0959875190286648,1.7288236672481017,-0.5776581893550843,-0.5765804684883443,-0.5767344287272242,0
-1.795463572997706,-0.4693113027136664,1.03290776479748,1.0172992679294044,0.8077365626180215,0.646091668153197,0.9702425509371356,1.561281695496063,0.7014981422339509,-1.082339274952393,-1.002803930999114,1.7279038324066065,-0.5738091541336192,-0.9124191495230388,0.9124191495230392,1.7288236672481017,-0.5776581893550843,-0.5765804684883443,-0.5767344287272242,0
0.2842383449118215,1.533114102013669,-0.3502038645510472,0.8520174643475905,-0.9115834940401768,0.646091668153197,0.9702425509371356,1.4612822471119729,1.412812421522078,-0.5511626196280912,-1.002803930999114,1.7279038324066065,-0.5738091541336192,-0.9124191495230388,0.9124191495230392,-0.5784279906300535,-0.5776581893550843,-0.5765804684883443,1.733900301750437,1
0.7394964761954991,-0.3739577120123647,-1.3875375865624426,0.7001553192583727,-0.9115834940401768,0.646091668153197,-1.0306701134001208,0.4373431092141197,-0.721130416342303,-1.2505452158050885,-1.002803930999114,-0.5787359118286177,1.7427397119690018,1.0959875190286648,-1.0959875190286648,-0.5784279906300535,-0.5776581893550843,-0.5765804684883443,1.733900301750437,0
-1.040148946095241,-0.0878969399084596,-1.0417596792253108,0.431217227706301,-0.9115834940401768,-1.5477679860172513,0.9702425509371356,-0.1601893857916529,-0.009816137054176,1.5646910574137107,-1.002803930999114,1.7279038324066065,-0.5738091541336192,-0.9124191495230388,0.9124191495230392,1.7288236672481017,-0.5776581893550843,-0.5765804684883443,-0.5767344287272242,0
-0.2641407677707902,0.007456650792842,-1.0417596792253108,-1.2258476714090278,0.8077365626180215,0.646091668153197,-1.0306701134001208,0.0054394553993948,-0.009816137054176,-0.6839567834591667,0.9972039090469852,-0.5787359118286177,-0.5738091541336192,-0.9124191495230388,0.9124191495230392,-0.5784279906300535,-0.5776581893550843,1.7343632929879855,-0.5767344287272242,0
-0.3055278706147609,-0.6600184841162697,-1.3875375865624426,-1.2258476714090278,0.8077365626180215,0.646091668153197,0.9702425509371356,1.1944370752631197,1.412812421522078,0.7723525465549607,0.9972039090469852,-0.5787359118286177,-0.5738091541336192,-0.9124191495230388,0.9124191495230392,-0.5784279906300535,1.731127539482183,-0.5765804684883443,-0.5767344287272242,0
0.6256819433745797,1.3424069206110656,-0.0044259572139154,0.758389017828704,-0.9115834940401768,0.646091668153197,-1.0306701134001208,0.0406601808940781,1.412812421522078,0.8830143497475236,-1.002803930999114,1.7279038324066065,-0.5738091541336192,1.0959875190286648,-1.0959875190286648,-0.5784279906300535,1.731127539482183,-0.5765804684883443,-0.5767344287272242,0
0.0462625035589899,2.009882055520177,-0.695981771888179,-1.2258476714090278,0.8077365626180215,0.646091668153197,0.9702425509371356,-0.2279487573026298,-1.43244469563043,1.507146919753578,0.9972039090469852,-0.5787359118286177,-0.5738091541336192,1.0959875190286648,-1.0959875190286648,-0.5784279906300535,-0.5776581893550843,1.7343632929879855,-0.5767344287272242,0
-0.6055843662335485,-0.3739577120123647,0.3413519501232164,0.0608913251674569,-0.9115834940401768,0.646091668153197,-1.0306701134001208,-0.4766584185809607,1.412812421522078,0.2057641142090388,-1.002803930999114,-0.5787359118286177,1.7427397119690018,-0.9124191495230388,0.9124191495230392,1.7288236672481017,-0.5776581893550843,-0.5765804684883443,-0.5767344287272242,1
-1.2884715631590649,-0.0878969399084596,-1.0417596792253108,-1.2258476714090278,0.8077365626180215,-1.5477679860172513,-1.0306701134001208,-0.7317162823695086,1.412812421522078,0.4492200812326771,-1.002803930999114,-0.5787359118286177,1.7427397119690018,-0.9124191495230388,0.9124191495230392,-0.5784279906300535,-0.5776581893550843,-0.5765804684883443,1.733900301750437,0
-0.0882455806839148,-0.8507256655188732,-0.0044259572139154,0.8537288390282218,-0.9115834940401768,0.646091668153197,-1.0306701134001208,-1.7303396434998943,-1.43244469563043,-0.4050890394139082,-1.002803930999114,1.7279038324066065,-0.5738091541336192,1.0959875190286648,-1.0959875190286648,-0.5784279906300535,-0.5776581893550843,-0.5765804684883443,1.733900301750437,0
0.6360287190855723,0.007456650792842,-0.0044259572139154,1.3881345119867956,0.8077365626180215,0.646091668153197,0.9702425509371356,-1.3283078585437482,-0.721130416342303,1.2681174248576423,-1.002803930999114,-0.5787359118286177,1.7427397119690018,1.0959875190286648,-1.0959875190286648,-0.5784279906300535,1.731127539482183,-0.5765804684883443,-0.5767344287272242,0
0.6049883919525944,0.1028102414941437,1.378685672134612,0.8828331070329578,-0.9115834940401768,0.646091668153197,0.9702425509371356,0.0674752373077257,-1.43244469563043,-1.3789129075084614,0.9972039090469852,-0.5787359118286177,-0.5738091541336192,1.0959875190286648,-1.0959875190286648,1.7288236672481017,-0.5776581893550843,-0.5765804684883443,-0.5767344287272242,0
-0.0675520292619294,0.1028102414941437,-0.3502038645510472,0.0125683098829655,0.8077365626180215,0.646091668153197,0.9702425509371356,0.2731787696677166,-0.009816137054176,0.6262789663407777,-1.002803930999114,1.7279038324066065,-0.5738091541336192,1.0959875190286648,-1.0959875190286648,1.7288236672481017,-0.5776581893550843,-0.5765804684883443,-0.5767344287272242,1
0.4601335319986969,1.6284676927149706,-1.3875375865624426,-1.2258476714090278,2.52705661927622,0.646091668153197,-1.0306701134001208,1.524045932592434,-0.721130416342303,-1.6622071236814224,-1.002803930999114,-0.5787359118286177,1.7427397119690018,-0.9124191495230388,0.9124191495230392,1.7288236672481017,-0.5776581893550843,-0.5765804684883443,-0.5767344287272242,1
1.2051013831901694,0.2935174228967471,-1.0417596792253108,0.9156367522973242,-0.9115834940401768,0.646091668153197,-1.0306701134001208,-1.2428690899523824,1.412812421522078,-0.0996624626024347,0.9972039090469852,-0.5787359118286177,-0.5738091541336192,1.0959875190286648,-1.0959875190286648,-0.5784279906300535,-0.5776581893550843,1.7343632929879855,-0.5767344287272242,0
0.4394399805767116,0.1028102414941437,-0.3502038645510472,0.8682857811632382,-0.9115834940401768,0.646091668153197,0.9702425509371356,0.0317996155529627,-0.009816137054176,1.3433674510285851,0.9972039090469852,-0.5787359118286177,-0.5738091541336192,-0.9124191495230388,0.9124191495230392,-0.5784279906300535,-0.5776581893550843,-0.5765804684883443,1.733900301750437,0
-1.2677780117370796,-0.3739577120123647,-0.695981771888179,1.2853935322016934,-0.9115834940401768,0.646091668153197,-1.0306701134001208,1.725519764405721,0.7014981422339509,1.6620734442231662,0.9972039090469852,-0.5787359118286177,-0.5738091541336192,-0.9124191495230388,0.9124191495230392,-0.5784279906300535,-0.5776581893550843,1.7343632929879855,-0.5767344287272242,0
-1.2574312360260869,0.3888710135980487,-0.0044259572139154,-1.2258476714090278,0.8077365626180215,-1.5477679860172513,-1.0306701134001208,-0.3584500780431083,0.7014981422339509,-0.9141333340996974,-1.002803930999114,-0.5787359118286177,1.7427397119690018,1.0959875190286648,-1.0959875190286648,-0.5784279906300535,1.731127539482183,-0.5765804684883443,-0.5767344287272242,0
-0.7400924504764532,-0.7553720748175714,0.3413519501232164,1.0136128726279248,-0.9115834940401768,-1.5477679860172513,0.9702425509371356,0.6212244889508557,0.7014981422339509,0.2544553076137664,-1.002803930999114,1.7279038324066065,-0.5738091541336192,-0.9124191495230388,0.9124191495230392,-0.5784279906300535,-0.5776581893550843,-0.5765804684883443,1.733900301750437,0
0.6567222705075577,0.5795781950006521,1.378685672134612,0.4799490945369891,0.8077365626180215,0.646091668153197,0.9702425509371356,1.1133733792648746,1.412812421522078,0.3961024157002469,-1.002803930999114,1.7279038324066065,-0.5738091541336192,1.0959875190286648,-1.0959875190286648,1.7288236672481017,-0.5776581893550843,-0.5765804684883443,-0.5767344287272242,0
-1.2160441331821163,0.007456650792842,-1.0417596792253108,-1.2258476714090278,-0.9115834940401768,-1.5477679860172513,0.9702425509371356,-0.4594226149101524,-0.721130416342303,-1.4231776287854867,0.9972039090469852,-0.5787359118286177,-0.5738091541336192,1.0959875190286648,-1.0959875190286648,-0.5784279906300535,1.731127539482183,-0.5765804684883443,-0.5767344287272242,1
1.5775853087859055,2.4866500090266856,-1.0417596792253108,1.2048159604012756,0.8077365626180215,-1.5477679860172513,0.9702425509371356,-1.619960526667633,1.412812421522078,-1.263824632188196,0.9972039090469852,-0.5787359118286177,-0.5738091541336192,1.0959875190286648,-1.0959875190286648,-0.5784279906300535,-0.5776581893550843,1.7343632929879855,-0.5767344287272242,0
-0.6987053476324826,-0.0878969399084596,1.03290776479748,-1.2258476714090278,-0.9115834940401768,0.646091668153197,-1.0306701134001208,-0.9084306115498828,-1.43244469563043,-0.8521627243118622,0.9972039090469852,-0.5787359118286177,-0.5738091541336192,-0.9124191495230388,0.9124191495230392,-0.5784279906300535,-0.5776581893550843,1.7343632929879855,-0.5767344287272242,0
0.3359722234667848,0.1981638321954454,-1.7333154938995745,1.159998554630687,-0.9115834940401768,0.646091668153197,0.9702425509371356,1.1097848111764712,-0.721130416342303,-1.3789129075084614,-1.002803930999114,-0.5787359118286177,1.7427397119690018,-0.9124191495230388,0.9124191495230392,-0.5784279906300535,1.731127539482183,-0.5765804684883443,-0.5767344287272242,0
-0.9573747404072994,0.7702853764032556,1.378685672134612,-1.2258476714090278,0.8077365626180215,0.646091668153197,-1.0306701134001208,0.0642878334670299,-0.721130416342303,-1.573677681127372,0.9972039090469852,-0.5787359118286177,-0.5738091541336192,1.0959875190286648,-1.0959875190286648,-0.5784279906300535,-0.5776581893550843,1.7343632929879855,-0.5767344287272242,0
-0.015818150706966,0.1981638321954454,-1.7333154938995745,-1.2258476714090278,0.8077365626180215,-1.5477679860172513,0.9702425509371356,0.5299607528823692,0.7014981422339509,-0.2634419313274277,0.9972039090469852,-0.5787359118286177,-0.5738091541336192,-0.9124191495230388,0.9124191495230392,-0.5784279906300535,1.731127539482183,-0.5765804684883443,-0.5767344287272242,0
-0.1917133377938415,0.1981638321954454,-0.695981771888179,0.8023941697239005,-0.9115834940401768,-1.5477679860172513,-1.0306701134001208,1.3485914365176703,-0.009816137054176,-1.2505452158050885,-1.002803930999114,1.7279038324066065,-0.5738091541336192,-0.9124191495230388,0.9124191495230392,-0.5784279906300535,-0.5776581893550843,1.7343632929879855,-0.5767344287272242,1
0.584294840530609,-0.4693113027136664,1.378685672134612,1.3816212552302705,0.8077365626180215,0.646091668153197,-1.0306701134001208,-0.0900308538447746,-0.009816137054176,1.4407498378380403,-1.002803930999114,1.7279038324066065,-0.5738091541336192,-0.9124191495230388,0.9124191495230392,-0.5784279906300535,-0.5776581893550843,-0.5765804684883443,1.733900301750437,0
0.6670690462185503,0.1981638321954454,-0.3502038645510472,0.2849942208581407,-0.9115834940401768,-1.5477679860172513,0.9702425509371356,0.9169373148639602,1.412812421522078,0.9936761529400864,0.9972039090469852,-0.5787359118286177,-0.5738091541336192,-0.9124191495230388,0.9124191495230392,-0.5784279906300535,1.731127539482183,-0.5765804684883443,-0.5767344287272242,1
0.1290367092469313,-0.278604121311063,0.3413519501232164,0.0123025804186008,-0.9115834940401768,-1.5477679860172513,-1.0306701134001208,-1.117630550294209,1.412812421522078,1.4938675033704707,-1.002803930999114,1.7279038324066065,-0.5738091541336192,1.0959875190286648,-1.0959875190286648,-0.5784279906300535,-0.5776581893550843,1.7343632929879855,-0.5767344287272242,1
0.6567222705075577,1.3424069206110656,-1.3875375865624426,0.3631097082004333,-0.9115834940401768,0.646091668153197,0.9702425509371356,-0.4798353890211958,-0.009816137054176,1.7417499425218117,-1.002803930999114,1.7279038324066065,-0.5738091541336192,-0.9124191495230388,0.9124191495230392,-0.5784279906300535,-0.5776581893550843,1.7343632929879855,-0.5767344287272242,1
-0.9573747404072994,0.1028102414941437,-0.3502038645510472,1.366807558811833,-0.9115834940401768,-1.5477679860172513,-1.0306701134001208,-0.1340987551499826,-0.721130416342303,0.0951023110164759,-1.002803930999114,-0.5787359118286177,1.7427397119690018,-0.9124191495230388,0.9124191495230392,1.7288236672481017,-0.5776581893550843,-0.5765804684883443,-0.5767344287272242,0
0.1600770363799093,0.4842246042993504,-1.0417596792253108,0.7345001313076192,-0.9115834940401768,-1.5477679860172513,-1.0306701134001208,-0.5480206171609703,1.412812421522078,1.0202349857063016,-1.002803930999114,1.7279038324066065,-0.5738091541336192,1.0959875190286648,-1.0959875190286648,-0.5784279906300535,1.731127539482183,-0.5765804684883443,-0.5767344287272242,1
0.3359722234667848,-0.3739577120123647,0.3413519501232164,1.7797266249581454,0.8077365626180215,0.646091668153197,0.9702425509371356,-1.0800983049274924,-0.009816137054176,-0.4227949279247183,0.9972039090469852,-0.5787359118286177,-0.5738091541336192,1.0959875190286648,-1.0959875190286648,-0.5784279906300535,-0.5776581893550843,-0.5765804684883443,1.733900301750437,0
0.5739480648196164,-0.0878969399084596,1.03290776479748,-1.2258476714090278,0.8077365626180215,-1.5477679860172513,0.9702425509371356,-0.9295312945312912,-0.009816137054176,0.9715437923015738,-1.002803930999114,-0.5787359118286177,1.7427397119690018,-0.9124191495230388,0.9124191495230392,-0.5784279906300535,1.731127539482183,-0.5765804684883443,-0.5767344287272242,0
0.8326174575944332,-0.8507256655188732,-0.0044259572139154,-1.2258476714090278,0.8077365626180215,0.646091668153197,-1.0306701134001208,1.5552457994396325,0.7014981422339509,-0.8344568358010521,0.9972039090469852,-0.5787359118286177,-0.5738091541336192,1.0959875190286648,-1.0959875190286648,-0.5784279906300535,-0.5776581893550843,-0.5765804684883443,1.733900301750437,0
-0.936681188985314,0.7702853764032556,-1.3875375865624426,-1.2258476714090278,-0.9115834940401768,-1.5477679860172513,-1.0306701134001208,0.5006714155495041,-1.43244469563043,0.6882495761286129,-1.002803930999114,-0.5787359118286177,1.7427397119690018,-0.9124191495230388,0.9124191495230392,-0.5784279906300535,-0.5776581893550843,-0.5765804684883443,1.733900301750437,1
-2.364536237102303,1.4377605113123673,-0.3502038645510472,-1.2258476714090278,0.8077365626180215,0.646091668153197,0.9702425509371356,-1.6158473324260716,1.412812421522078,0.55988188442524,-1.002803930999114,-0.5787359118286177,1.7427397119690018,1.0959875190286648,-1.0959875190286648,-0.5784279906300535,-0.5776581893550843,1.7343632929879855,-0.5767344287272242,0
-0.2537939920597976,-1.23214002832408,1.03290776479748,1.155947542603375,2.52705661927622,-1.5477679860172513,0.9702425509371356,0.0767164478756434,1.412812421522078,-0.8698686128226722,-1.002803930999114,-0.5787359118286177,1.7427397119690018,1.0959875190286648,-1.0959875190286648,-0.5784279906300535,-0.5776581893550843,1.7343632929879855,-0.5767344287272242,1
-0.4917698334126291,0.6749317857019538,-0.3502038645510472,0.3592295451532254,0.8077365626180215,0.646091668153197,0.9702425509371356,-0.2417053696998625,-0.009816137054176,0.860881989109011,-1.002803930999114,1.7279038324066065,-0.5738091541336192,-0.9124191495230388,0.9124191495230392,1.7288236672481017,-0.5776581893550843,-0.5765804684883443,-0.5767344287272242,0
-0.6469714690775192,-0.6600184841162697,-0.695981771888179,0.5228594346281594,-0.9115834940401768,-1.5477679860172513,0.9702425509371356,-1.653629631623826,-0.009816137054176,-0.7060891440976792,-1.002803930999114,-0.5787359118286177,1.7427397119690018,-0.9124191495230388,0.9124191495230392,-0.5784279906300535,1.731127539482183,-0.5765804684883443,-0.5767344287272242,0
0.1807705878018947,-0.1832505306097613,0.6871298574603482,0.8359704819048546,-0.9115834940401768,0.646091668153197,-1.0306701134001208,-0.1380790974256794,-0.009816137054176,0.6484113269792903,0.9972039090469852,-0.5787359118286177,-0.5738091541336192,1.0959875190286648,-1.0959875190286648,-0.5784279906300535,-0.5776581893550843,1.7343632929879855,-0.5767344287272242,0
0.3463189991777775,2.2959428276240823,-0.695981771888179,0.076287446720696,-0.9115834940401768,0.646091668153197,-1.0306701134001208,-0.529441687070875,-0.721130416342303,1.1663085659204846,-1.002803930999114,1.7279038324066065,-0.5738091541336192,1.0959875190286648,-1.0959875190286648,-0.5784279906300535,-0.5776581893550843,1.7343632929879855,-0.5767344287272242,1
-1.122923151783182,-0.4693113027136664,1.03290776479748,0.5155606892679839,-0.9115834940401768,-1.5477679860172513,0.9702425509371356,0.7761563124297249,-1.43244469563043,-0.3741037345199906,-1.002803930999114,-0.5787359118286177,1.7427397119690018,-0.9124191495230388,0.9124191495230392,-0.5784279906300535,-0.5776581893550843,-0.5765804684883443,1.733900301750437,0
0.3463189991777775,0.1028102414941437,-1.0417596792253108,-0.0992858442527062,-0.9115834940401768,0.646091668153197,0.9702425509371356,0.2674184892734511,1.412812421522078,-0.6706773670760591,-1.002803930999114,-0.5787359118286177,1.7427397119690018,-0.9124191495230388,0.9124191495230392,1.7288236672481017,-0.5776581893550843,-0.5765804684883443,-0.5767344287272242,1
0.4187464291547262,0.4842246042993504,0.3413519501232164,0.9228443034082692,0.8077365626180215,0.646091668153197,0.9702425509371356,1.6951175310237316,0.7014981422339509,-1.2018540224003609,0.9972039090469852,-0.5787359118286177,-0.5738091541336192,1.0959875190286648,-1.0959875190286648,-0.5784279906300535,-0.5776581893550843,1.7343632929879855,-0.5767344287272242,0
-1.505753853089911,0.1028102414941437,0.3413519501232164,-0.4586349402264857,0.8077365626180215,0.646091668153197,0.9702425509371356,0.9559034572339709,-1.43244469563043,1.3433674510285851,-1.002803930999114,1.7279038324066065,-0.5738091541336192,-0.9124191495230388,0.9124191495230392,1.7288236672481017,-0.5776581893550843,-0.5765804684883443,-0.5767344287272242,0
0.3049318963338068,-0.5646648934149681,-1.3875375865624426,0.7468022195016538,-0.9115834940401768,0.646091668153197,-1.0306701134001208,0.6063673266950435,1.412812421522078,-1.347927602614544,0.9972039090469852,-0.5787359118286177,-0.5738091541336192,-0.9124191495230388,0.9124191495230392,-0.5784279906300535,1.731127539482183,-0.5765804684883443,-0.5767344287272242,0
-0.9159876375633288,-0.7553720748175714,1.378685672134612,0.6517762090929842,-0.9115834940401768,0.646091668153197,0.9702425509371356,0.1492805741887074,0.7014981422339509,0.6749701597455053,-1.002803930999114,1.7279038324066065,-0.5738091541336192,1.0959875190286648,-1.0959875190286648,-0.5784279906300535,-0.5776581893550843,1.7343632929879855,-0.5767344287272242,0
-0.8539069832973727,-1.23214002832408,-1.3875375865624426,0.5840982161037013,0.8077365626180215,0.646091668153197,-1.0306701134001208,-1.3562465921869962,1.412812421522078,-0.7459273932470019,-1.002803930999114,1.7279038324066065,-0.5738091541336192,-0.9124191495230388,0.9124191495230392,-0.5784279906300535,1.731127539482183,-0.5765804684883443,-0.5767344287272242,0
1.0395529718142866,-0.278604121311063,0.3413519501232164,1.496059620393335,0.8077365626180215,0.646091668153197,0.9702425509371356,-1.2577791147705282,1.412812421522078,-1.0070892487814502,-1.002803930999114,1.7279038324066065,-0.5738091541336192,1.0959875190286648,-1.0959875190286648,-0.5784279906300535,1.731127539482183,-0.5765804684883443,-0.5767344287272242,0
-1.7747700215757207,-0.3739577120123647,-1.0417596792253108,0.5866644767692069,-0.9115834940401768,0.646091668153197,-1.0306701134001208,1.6616850903679852,0.7014981422339509,1.2504115363468322,0.9972039090469852,-0.5787359118286177,-0.5738091541336192,1.0959875190286648,-1.0959875190286648,-0.5784279906300535,1.731127539482183,-0.5765804684883443,-0.5767344287272242,0
-0.460729506279651,-0.5646648934149681,1.03290776479748,-1.2258476714090278,0.8077365626180215,0.646091668153197,0.9702425509371356,-0.6418883560944005,-0.721130416342303,0.1482199765489061,-1.002803930999114,-0.5787359118286177,1.7427397119690018,-0.9124191495230388,0.9124191495230392,1.7288236672481017,-0.5776581893550843,-0.5765804684883443,-0.5767344287272242,0
0.1807705878018947,-0.8507256655188732,1.03290776479748,-1.2258476714090278,0.8077365626180215,0.646091668153197,-1.0306701134001208,0.6673109054651633,1.412812421522078,-0.7237950326084893,-1.002803930999114,-0.5787359118286177,1.7427397119690018,1.0959875190286648,-1.0959875190286648,-0.5784279906300535,-0.5776581893550843,1.7343632929879855,-0.5767344287272242,0
0.170423812090902,-0.1832505306097613,-0.0044259572139154,0.251392585845239,2.52705661927622,0.646091668153197,-1.0306701134001208,1.35662202485215,-0.721130416342303,0.1526464486766086,-1.002803930999114,1.7279038324066065,-0.5738091541336192,1.0959875190286648,-1.0959875190286648,1.7288236672481017,-0.5776581893550843,-0.5765804684883443,-0.5767344287272242,1
-0.7607860018984386,0.4842246042993504,-1.3875375865624426,1.2116536058404754,-0.9115834940401768,-1.5477679860172513,0.9702425509371356,-0.9628418382916568,0.7014981422339509,1.5248528082643882,-1.002803930999114,1.7279038324066065,-0.5738091541336192,1.0959875190286648,-1.0959875190286648,-0.5784279906300535,-0.5776581893550843,1.7343632929879855,-0.5767344287272242,1
0.0462625035589899,1.914528464818876,0.6871298574603482,-1.2258476714090278,-0.9115834940401768,0.646091668153197,-1.0306701134001208,-0.193570007225112,0.7014981422339509,0.4846318582542972,0.9972039090469852,-0.5787359118286177,-0.5738091541336192,1.0959875190286648,-1.0959875190286648,1.7288236672481017,-0.5776581893550843,-0.5765804684883443,-0.5767344287272242,1
-0.4193424034356803,0.1981638321954454,0.3413519501232164,-1.2258476714090278,2.52705661927622,-1.5477679860172513,-1.0306701134001208,-0.7646192279518826,-0.721130416342303,0.9139996546414412,0.9972039090469852,-0.5787359118286177,-0.5738091541336192,-0.9124191495230388,0.9124191495230392,-0.5784279906300535,-0.5776581893550843,1.7343632929879855,-0.5767344287272242,1
-0.398648852013695,2.2959428276240823,-1.0417596792253108,0.8011541523138946,-0.9115834940401768,-1.5477679860172513,0.9702425509371356,0.825202162984665,1.412812421522078,0.1172346716549885,0.9972039090469852,-0.5787359118286177,-0.5738091541336192,1.0959875190286648,-1.0959875190286648,1.7288236672481017,-0.5776581893550843,-0.5765804684883443,-0.5767344287272242,0
0.2635447934898361,-0.278604121311063,-1.3875375865624426,0.1000668680884874,-0.9115834940401768,0.646091668153197,-1.0306701134001208,0.2385750059202664,1.412812421522078,1.1574556216650795,-1.002803930999114,-0.5787359118286177,1.7427397119690018,-0.9124191495230388,0.9124191495230392,-0.5784279906300535,1.731127539482183,-0.5765804684883443,-0.5767344287272242,0
-1.7230361430207572,1.0563461485071606,-1.0417596792253108,0.223133747831169,0.8077365626180215,-1.5477679860172513,-1.0306701134001208,-0.9028311794127172,1.412812421522078,1.5602645852860084,0.9972039090469852,-0.5787359118286177,-0.5738091541336192,1.0959875190286648,-1.0959875190286648,-0.5784279906300535,1.731127539482183,-0.5765804684883443,-0.5767344287272242,0
-1.091882824650204,-0.5646648934149681,-1.3875375865624426,0.8981914046093634,0.8077365626180215,-1.5477679860172513,0.9702425509371356,0.127626051532852,1.412812421522078,1.290249785496155,-1.002803930999114,1.7279038324066065,-0.5738091541336192,-0.9124191495230388,0.9124191495230392,-0.5784279906300535,-0.5776581893550843,-0.5765804684883443,1.733900301750437,0
-0.1089391321059001,2.677357190429289,-0.695981771888179,-1.2258476714090278,-0.9115834940401768,-1.5477679860172513,0.9702425509371356,-0.9933572740686436,1.412812421522078,-0.644118534309844,0.9972039090469852,-0.5787359118286177,-0.5738091541336192,1.0959875190286648,-1.0959875190286648,-0.5784279906300535,1.731127539482183,-0.5765804684883443,-0.5767344287272242,0
-0.4503827305686584,-1.1367864376227783,-1.0417596792253108,-1.2258476714090278,0.8077365626180215,0.646091668153197,-1.0306701134001208,-0.6363396998394765,-0.009816137054176,-1.0159421930368553,0.9972039090469852,-0.5787359118286177,-0.5738091541336192,1.0959875190286648,-1.0959875190286648,1.7288236672481017,-0.5776581893550843,-0.5765804684883443,-0.5767344287272242,0
0.4704803077096895,-1.899615163233192,-1.3875375865624426,0.5520156304654972,-0.9115834940401768,0.646091668153197,0.9702425509371356,-1.6923603269234433,0.7014981422339509,1.1707350380481871,0.9972039090469852,-0.5787359118286177,-0.5738091541336192,-0.9124191495230388,0.9124191495230392,-0.5784279906300535,-0.5776581893550843,1.7343632929879855,-0.5767344287272242,0
0.7601900276174844,1.3424069206110656,-1.3875375865624426,1.012941657310217,0.8077365626180215,0.646091668153197,0.9702425509371356,-1.5159090933246828,-0.721130416342303,-1.0425010258030705,-1.002803930999114,1.7279038324066065,-0.5738091541336192,1.0959875190286648,-1.0959875190286648,1.7288236672481017,-0.5776581893550843,-0.5765804684883443,-0.5767344287272242,0
-1.3298586660030356,-0.4693113027136664,-0.695981771888179,-1.2258476714090278,0.8077365626180215,0.646091668153197,0.9702425509371356,-1.6727505768678466,-1.43244469563043,0.5554554122975375,0.9972039090469852,-0.5787359118286177,-0.5738091541336192,1.0959875190286648,-1.0959875190286648,-0.5784279906300535,-0.5776581893550843,1.7343632929879855,-0.5767344287272242,0
0.170423812090902,0.007456650792842,1.378685672134612,-1.2258476714090278,0.8077365626180215,0.646091668153197,-1.0306701134001208,-0.5428226970515282,1.412812421522078,-0.3165595968598579,-1.002803930999114,-0.5787359118286177,1.7427397119690018,-0.9124191495230388,0.9124191495230392,-0.5784279906300535,-0.5776581893550843,1.7343632929879855,-0.5767344287272242,0
0.2118109149348727,-0.4693113027136664,-0.0044259572139154,1.4147396729120143,-0.9115834940401768,0.646091668153197,-1.0306701134001208,0.185343101210549,-0.721130416342303,1.5868234180522234,0.9972039090469852,-0.5787359118286177,-0.5738091541336192,1.0959875190286648,-1.0959875190286648,-0.5784279906300535,1.731127539482183,-0.5765804684883443,-0.5767344287272242,0
-0.2848343191927756,-1.422847209726683,0.6871298574603482,1.1488542647783715,0.8077365626180215,0.646091668153197,0.9702425509371356,0.1631105681691793,-0.009816137054176,1.2282791757083198,0.9972039090469852,-0.5787359118286177,-0.5738091541336192,1.0959875190286648,-1.0959875190286648,-0.5784279906300535,-0.5776581893550843,1.7343632929879855,-0.5767344287272242,0
0.3256254477557921,0.1028102414941437,-0.3502038645510472,-1.2258476714090278,0.8077365626180215,0.646091668153197,0.9702425509371356,0.7069614789053851,1.412812421522078,0.9405584874076562,0.9972039090469852,-0.5787359118286177,-0.5738091541336192,-0.9124191495230388,0.9124191495230392,-0.5784279906300535,-0.5776581893550843,-0.5765804684883443,1.733900301750437,0
-0.1813665620828488,0.3888710135980487,-0.695981771888179,1.084689093501964,-0.9115834940401768,0.646091668153197,0.9702425509371356,1.0182341565953197,-1.43244469563043,1.3787792280502051,-1.002803930999114,1.7279038324066065,-0.5738091541336192,-0.9124191495230388,0.9124191495230392,-0.5784279906300535,-0.5776581893550843,-0.5765804684883443,1.733900301750437,0
1.9707627858036272,-0.278604121311063,-0.0044259572139154,1.2747228434152391,-0.9115834940401768,-1.5477679860172513,-1.0306701134001208,0.3925173952554609,0.7014981422339509,-1.6135159302766948,0.9972039090469852,-0.5787359118286177,-0.5738091541336192,1.0959875190286648,-1.0959875190286648,1.7288236672481017,-0.5776581893550843,-0.5765804684883443,-0.5767344287272242,0
-0.1917133377938415,0.3888710135980487,-1.0417596792253108,0.3770797376101758,-0.9115834940401768,0.646091668153197,-1.0306701134001208,-1.318345700004007,1.412812421522078,1.0290879299617066,0.9972039090469852,-0.5787359118286177,-0.5738091541336192,-0.9124191495230388,0.9124191495230392,-0.5784279906300535,-0.5776581893550843,-0.5765804684883443,1.733900301750437,0
1.5258514302309425,-1.0414328469214764,-0.695981771888179,-1.2258476714090278,0.8077365626180215,0.646091668153197,-1.0306701134001208,-1.7003829163175697,-0.721130416342303,0.1128081995272859,0.9972039090469852,-0.5787359118286177,-0.5738091541336192,-0.9124191495230388,0.9124191495230392,-0.5784279906300535,1.731127539482183,-0.5765804684883443,-0.5767344287272242,0
1.2051013831901694,-0.4693113027136664,1.03290776479748,-1.2258476714090278,0.8077365626180215,0.646091668153197,-1.0306701134001208,-0.0925524328460799,-1.43244469563043,1.3477939231562877,0.9972039090469852,-0.5787359118286177,-0.5738091541336192,1.0959875190286648,-1.0959875190286648,-0.5784279906300535,1.731127539482183,-0.5765804684883443,-0.5767344287272242,0
-1.5885280587778523,0.1981638321954454,-0.0044259572139154,0.0650207097569367,-0.9115834940401768,-1.5477679860172513,-1.0306701134001208,-0.197556783431093,-0.721130416342303,-1.2062804945280634,-1.002803930999114,1.7279038324066065,-0.5738091541336192,-0.9124191495230388,0.9124191495230392,-0.5784279906300535,-0.5776581893550843,1.7343632929879855,-0.5767344287272242,1
0.6463754947965651,0.3888710135980487,-0.0044259572139154,0.1588006124542457,-0.9115834940401768,0.646091668153197,0.9702425509371356,0.5201204912380087,-0.009816137054176,0.2500288354860639,0.9972039090469852,-0.5787359118286177,-0.5738091541336192,-0.9124191495230388,0.9124191495230392,-0.5784279906300535,-0.5776581893550843,-0.5765804684883443,1.733900301750437,0
0.4394399805767116,0.6749317857019538,-0.695981771888179,1.2056142706919877,-0.9115834940401768,0.646091668153197,-1.0306701134001208,1.4023533579707836,-1.43244469563043,0.3916759435725444,-1.002803930999114,-0.5787359118286177,1.7427397119690018,1.0959875190286648,-1.0959875190286648,-0.5784279906300535,-0.5776581893550843,-0.5765804684883443,1.733900301750437,0
0.6360287190855723,3.344832325338401,-0.0044259572139154,-1.2258476714090278,0.8077365626180215,-1.5477679860172513,-1.0306701134001208,0.8926744420929693,-0.721130416342303,1.4850145591150656,-1.002803930999114,-0.5787359118286177,1.7427397119690018,-0.9124191495230388,0.9124191495230392,-0.5784279906300535,1.731127539482183,-0.5765804684883443,-0.5767344287272242,0
2.063883767202561,-0.9460792562201747,0.6871298574603482,-1.2258476714090278,0.8077365626180215,0.646091668153197,-1.0306701134001208,-1.3363967000307988,1.412812421522078,-1.6179424024043974,-1.002803930999114,-0.5787359118286177,1.7427397119690018,1.0959875190286648,-1.0959875190286648,-0.5784279906300535,-0.5776581893550843,1.7343632929879855,-0.5767344287272242,0
-0.7711327776094312,-1.23214002832408,1.03290776479748,-1.2258476714090278,0.8077365626180215,-1.5477679860172513,0.9702425509371356,-1.1474858996020585,0.7014981422339509,-1.175295189634146,-1.002803930999114,-0.5787359118286177,1.7427397119690018,-0.9124191495230388,0.9124191495230392,-0.5784279906300535,-0.5776581893550843,1.7343632929879855,-0.5767344287272242,0
0.2738915692008288,1.8191748741175744,-1.3875375865624426,0.2169583425287335,-0.9115834940401768,-1.5477679860172513,0.9702425509371356,-1.6885060549033115,0.7014981422339509,-1.1133245798463105,0.9972039090469852,-0.5787359118286177,-0.5738091541336192,1.0959875190286648,-1.0959875190286648,-0.5784279906300535,1.731127539482183,-0.5765804684883443,-0.5767344287272242,0
1.7948675987167515,0.9609925578058588,1.03290776479748,0.9094677578384196,-0.9115834940401768,0.646091668153197,0.9702425509371356,-0.560010507080218,-1.43244469563043,1.418617477199528,-1.002803930999114,1.7279038324066065,-0.5738091541336192,-0.9124191495230388,0.9124191495230392,-0.5784279906300535,-0.5776581893550843,1.7343632929879855,-0.5767344287272242,0
-0.4503827305686584,0.7702853764032556,-0.3502038645510472,1.159407955670383,-0.9115834940401768,0.646091668153197,0.9702425509371356,-0.3589025398430805,1.412812421522078,1.0202349857063016,-1.002803930999114,1.7279038324066065,-0.5738091541336192,-0.9124191495230388,0.9124191495230392,-0.5784279906300535,1.731127539482183,-0.5765804684883443,-0.5767344287272242,0
-0.6159311419445411,-0.4693113027136664,-0.3502038645510472,1.1884006749976772,-0.9115834940401768,0.646091668153197,0.9702425509371356,-0.4836820098809902,1.412812421522078,1.4761616148596606,-1.002803930999114,1.7279038324066065,-0.5738091541336192,1.0959875190286648,-1.0959875190286648,-0.5784279906300535,-0.5776581893550843,1.7343632929879855,-0.5767344287272242,0
2.063883767202561,0.1028102414941437,0.3413519501232164,-1.2258476714090278,-0.9115834940401768,0.646091668153197,-1.0306701134001208,0.6415644031486826,-1.43244469563043,-1.4984276549564297,0.9972039090469852,-0.5787359118286177,-0.5738091541336192,-0.9124191495230388,0.9124191495230392,1.7288236672481017,-0.5776581893550843,-0.5765804684883443,-0.5767344287272242,1
0.6567222705075577,-1.3274936190253817,-1.0417596792253108,-1.2258476714090278,-0.9115834940401768,0.646091668153197,0.9702425509371356,0.5719101522240638,-0.009816137054176,-0.5423096753726862,-1.002803930999114,-0.5787359118286177,1.7427397119690018,-0.9124191495230388,0.9124191495230392,1.7288236672481017,-0.5776581893550843,-0.5765804684883443,-0.5767344287272242,0
-0.5124633848346144,0.2935174228967471,-0.3502038645510472,0.3249977242212149,-0.9115834940401768,0.646091668153197,0.9702425509371356,1.7241613356657584,-0.721130416342303,-1.6445012351706123,-1.002803930999114,-0.5787359118286177,1.7427397119690018,1.0959875190286648,-1.0959875190286648,-0.5784279906300535,-0.5776581893550843,1.7343632929879855,-0.5767344287272242,0
-1.73338291873175,-0.9460792562201747,1.378685672134612,-1.2258476714090278,-0.9115834940401768,0.646091668153197,0.9702425509371356,-0.3209277444068294,1.412812421522078,-1.6267953466598024,0.9972039090469852,-0.5787359118286177,-0.5738091541336192,-0.9124191495230388,0.9124191495230392,-0.5784279906300535,1.731127539482183,-0.5765804684883443,-0.5767344287272242,0
1.0188594203923014,2.5820035997279875,0.3413519501232164,1.699616243380058,0.8077365626180215,0.646091668153197,0.9702425509371356,1.6578617707692196,-0.721130416342303,-1.4320305730408918,-1.002803930999114,1.7279038324066065,-0.5738091541336192,-0.9124191495230388,0.9124191495230392,-0.5784279906300535,1.731127539482183,-0.5765804684883443,-0.5767344287272242,0
0.5636012891086236,1.533114102013669,1.03290776479748,-1.2258476714090278,0.8077365626180215,0.646091668153197,0.9702425509371356,-1.49019493454963,-0.009816137054176,0.6838231040009104,0.9972039090469852,-0.5787359118286177,-0.5738091541336192,1.0959875190286648,-1.0959875190286648,-0.5784279906300535,1.731127539482183,-0.5765804684883443,-0.5767344287272242,0
1.5775853087859055,-0.1832505306097613,-1.3875375865624426,-1.2258476714090278,0.8077365626180215,-1.5477679860172513,-1.0306701134001208,-1.6108307795946353,0.7014981422339509,0.2500288354860639,-1.002803930999114,-0.5787359118286177,1.7427397119690018,1.0959875190286648,-1.0959875190286648,-0.5784279906300535,-0.5776581893550843,-0.5765804684883443,1.733900301750437,0
-0.6469714690775192,-0.3739577120123647,-0.695981771888179,0.4466833877251178,-0.9115834940401768,0.646091668153197,-1.0306701134001208,-0.097229204602518,1.412812421522078,1.2327056478360223,-1.002803930999114,1.7279038324066065,-0.5738091541336192,-0.9124191495230388,0.9124191495230392,-0.5784279906300535,1.731127539482183,-0.5765804684883443,-0.5767344287272242,0
1.598278860207891,-0.5646648934149681,-0.695981771888179,0.4676337038426274,0.8077365626180215,-1.5477679860172513,0.9702425509371356,-1.1608783863232184,-0.009816137054176,0.4536465533603796,-1.002803930999114,1.7279038324066065,-0.5738091541336192,1.0959875190286648,-1.0959875190286648,-0.5784279906300535,-0.5776581893550843,-0.5765804684883443,1.733900301750437,0
-0.4089956277246876,-0.278604121311063,1.7244635794717436,0.4296654830295943,-0.9115834940401768,0.646091668153197,-1.0306701134001208,1.0513021237949778,0.7014981422339509,-1.3744864353807589,-1.002803930999114,1.7279038324066065,-0.5738091541336192,1.0959875190286648,-1.0959875190286648,-0.5784279906300535,-0.5776581893550843,1.7343632929879855,-0.5767344287272242,0
0.905044887571382,0.007456650792842,-0.0044259572139154,-1.2258476714090278,0.8077365626180215,0.646091668153197,0.9702425509371356,0.2486408029045823,-0.009816137054176,-0.4095155115416107,0.9972039090469852,-0.5787359118286177,-0.5738091541336192,-0.9124191495230388,0.9124191495230392,-0.5784279906300535,-0.5776581893550843,-0.5765804684883443,1.733900301750437,0
-1.6506087130438083,2.772710781130591,-0.695981771888179,0.498214228841491,-0.9115834940401768,-1.5477679860172513,0.9702425509371356,0.2365903992626638,0.7014981422339509,0.7944849071934733,0.9972039090469852,-0.5787359118286177,-0.5738091541336192,1.0959875190286648,-1.0959875190286648,-0.5784279906300535,-0.5776581893550843,1.7343632929879855,-0.5767344287272242,0
-0.367608524880717,-0.6600184841162697,-1.3875375865624426,-1.2258476714090278,0.8077365626180215,-1.5477679860172513,-1.0306701134001208,-1.7032698382250018,0.7014981422339509,1.2238527035806173,0.9972039090469852,-0.5787359118286177,-0.5738091541336192,-0.9124191495230388,0.9124191495230392,-0.5784279906300535,-0.5776581893550843,1.7343632929879855,-0.5767344287272242,0
-1.7540764701537352,0.4842246042993504,1.378685672134612,1.5837535490554675,-0.9115834940401768,0.646091668153197,-1.0306701134001208,-0.6014804916707508,0.7014981422339509,-0.8787215570780773,0.9972039090469852,-0.5787359118286177,-0.5738091541336192,-0.9124191495230388,0.9124191495230392,-0.5784279906300535,-0.5776581893550843,1.7343632929879855,-0.5767344287272242,1
0.1600770363799093,0.3888710135980487,0.6871298574603482,0.9823792429443288,0.8077365626180215,0.646091668153197,0.9702425509371356,0.330561602750661,-0.009816137054176,0.9317055431522512,0.9972039090469852,-0.5787359118286177,-0.5738091541336192,-0.9124191495230388,0.9124191495230392,-0.5784279906300535,-0.5776581893550843,-0.5765804684883443,1.733900301750437,1
1.0395529718142866,-0.0878969399084596,0.6871298574603482,-1.2258476714090278,0.8077365626180215,-1.5477679860172513,-1.0306701134001208,-0.1608592101012198,-0.009816137054176,0.2101905863367413,-1.002803930999114,-0.5787359118286177,1.7427397119690018,-0.9124191495230388,0.9124191495230392,-0.5784279906300535,-0.5776581893550843,1.7343632929879855,-0.5767344287272242,0
-0.7607860018984386,-0.7553720748175714,-0.3502038645510472,-0.2448094280716217,-0.9115834940401768,0.646091668153197,0.9702425509371356,0.7852905806429218,-0.721130416342303,-1.6533541794260174,-1.002803930999114,1.7279038324066065,-0.5738091541336192,1.0959875190286648,-1.0959875190286648,-0.5784279906300535,1.731127539482183,-0.5765804684883443,-0.5767344287272242,0
-0.3779553005917097,-0.3739577120123647,0.3413519501232164,0.8272294570212665,-0.9115834940401768,-1.5477679860172513,-1.0306701134001208,-0.5327294254459994,0.7014981422339509,0.989249680812384,-1.002803930999114,1.7279038324066065,-0.5738091541336192,1.0959875190286648,-1.0959875190286648,-0.5784279906300535,-0.5776581893550843,1.7343632929879855,-0.5767344287272242,1
-0.1296326835278854,0.2935174228967471,1.03290776479748,1.1009333696543695,-0.9115834940401768,0.646091668153197,-1.0306701134001208,1.623810977246178,0.7014981422339509,0.8476025727259034,-1.002803930999114,1.7279038324066065,-0.5738091541336192,-0.9124191495230388,0.9124191495230392,-0.5784279906300535,-0.5776581893550843,1.7343632929879855,-0.5767344287272242,1
0.5429077376866382,1.6284676927149706,1.378685672134612,-1.2258476714090278,-0.9115834940401768,-1.5477679860172513,-1.0306701134001208,-0.252886671083418,-0.009816137054176,0.0729699503779633,0.9972039090469852,-0.5787359118286177,-0.5738091541336192,-0.9124191495230388,0.9124191495230392,-0.5784279906300535,-0.5776581893550843,-0.5765804684883443,1.733900301750437,1
-1.5471409559338818,-0.1832505306097613,-0.3502038645510472,-1.2258476714090278,0.8077365626180215,-1.5477679860172513,-1.0306701134001208,-1.5236232018451925,0.7014981422339509,-0.6795303113314641,0.9972039090469852,-0.5787359118286177,-0.5738091541336192,-0.9124191495230388,0.9124191495230392,-0.5784279906300535,1.731127539482183,-0.5765804684883443,-0.5767344287272242,0
0.7912303547504624,2.200589236922781,-0.0044259572139154,-1.2258476714090278,0.8077365626180215,-1.5477679860172513,0.9702425509371356,-1.0683329070081542,1.412812421522078,-0.0332653806868969,0.9972039090469852,-0.5787359118286177,-0.5738091541336192,-0.9124191495230388,0.9124191495230392,-0.5784279906300535,1.731127539482183,-0.5765804684883443,-0.5767344287272242,0
-1.1746570303381456,0.007456650792842,-0.695981771888179,0.9427701667295064,-0.9115834940401768,0.646091668153197,-1.0306701134001208,-1.1887360872228894,-0.721130416342303,0.6174260220853727,-1.002803930999114,1.7279038324066065,-0.5738091541336192,-0.9124191495230388,0.9124191495230392,-0.5784279906300535,-0.5776581893550843,1.7343632929879855,-0.5767344287272242,1
-1.6299151616218233,-0.0878969399084596,-0.695981771888179,0.9218934150415162,-0.9115834940401768,0.646091668153197,-1.0306701134001208,-0.1827917828793487,1.412812421522078,-0.3829566787753957,0.9972039090469852,-0.5787359118286177,-0.5738091541336192,-0.9124191495230388,0.9124191495230392,-0.5784279906300535,-0.5776581893550843,-0.5765804684883443,1.733900301750437,0
1.7948675987167515,0.5795781950006521,-0.695981771888179,0.8450067261330505,-0.9115834940401768,-1.5477679860172513,-1.0306701134001208,-0.6944900834163014,-0.721130416342303,1.3300880346454775,0.9972039090469852,-0.5787359118286177,-0.5738091541336192,-0.9124191495230388,0.9124191495230392,1.7288236672481017,-0.5776581893550843,-0.5765804684883443,-0.5767344287272242,0
1.2568352617451328,0.2935174228967471,-0.695981771888179,-0.0226075077590018,0.8077365626180215,0.646091668153197,-1.0306701134001208,-0.1252307125385368,-0.721130416342303,-1.1841481338895508,-1.002803930999114,1.7279038324066065,-0.5738091541336192,-0.9124191495230388,0.9124191495230392,-0.5784279906300535,1.731127539482183,-0.5765804684883443,-0.5767344287272242,1
0.2325044663568581,0.007456650792842,1.03290776479748,0.988457684238356,-0.9115834940401768,0.646091668153197,0.9702425509371356,0.1804677470653451,-0.009816137054176,0.7590731301718532,-1.002803930999114,-0.5787359118286177,1.7427397119690018,-0.9124191495230388,0.9124191495230392,-0.5784279906300535,-0.5776581893550843,-0.5765804684883443,1.733900301750437,0
-0.967721516118292,-0.4693113027136664,-0.695981771888179,-1.2258476714090278,-0.9115834940401768,-1.5477679860172513,0.9702425509371356,0.4058199808426523,0.7014981422339509,-0.5201773147341736,-1.002803930999114,-0.5787359118286177,1.7427397119690018,-0.9124191495230388,0.9124191495230392,-0.5784279906300535,1.731127539482183,-0.5765804684883443,-0.5767344287272242,0
1.6707062901848395,-1.3274936190253817,-0.0044259572139154,-0.3472808318862408,-0.9115834940401768,0.646091668153197,-1.0306701134001208,0.5489719735315463,-0.009816137054176,1.6753528606062738,-1.002803930999114,1.7279038324066065,-0.5738091541336192,-0.9124191495230388,0.9124191495230392,-0.5784279906300535,-0.5776581893550843,1.7343632929879855,-0.5767344287272242,0
-0.9573747404072994,1.6284676927149706,0.6871298574603482,0.717199668683462,0.8077365626180215,0.646091668153197,0.9702425509371356,0.2810559870154261,0.7014981422339509,0.860881989109011,0.9972039090469852,-0.5787359118286177,-0.5738091541336192,1.0959875190286648,-1.0959875190286648,-0.5784279906300535,1.731127539482183,-0.5765804684883443,-0.5767344287272242,0
-0.967721516118292,-0.0878969399084596,-1.0417596792253108,0.8559705507399646,-0.9115834940401768,-1.5477679860172513,-1.0306701134001208,0.0345309059035249,-0.721130416342303,0.9582643759184664,-1.002803930999114,1.7279038324066065,-0.5738091541336192,1.0959875190286648,-1.0959875190286648,-0.5784279906300535,-0.5776581893550843,1.7343632929879855,-0.5767344287272242,0
1.277528813167118,-0.278604121311063,1.03290776479748,0.6517649901168048,-0.9115834940401768,-1.5477679860172513,-1.0306701134001208,0.0302246937534437,0.7014981422339509,0.4447936091049746,-1.002803930999114,-0.5787359118286177,1.7427397119690018,1.0959875190286648,-1.0959875190286648,-0.5784279906300535,1.731127539482183,-0.5765804684883443,-0.5767344287272242,0
-0.8849473104303507,0.1028102414941437,-1.3875375865624426,0.2165073396863195,0.8077365626180215,-1.5477679860172513,0.9702425509371356,0.3650652058536898,0.7014981422339509,-0.1350742396240548,-1.002803930999114,1.7279038324066065,-0.5738091541336192,1.0959875190286648,-1.0959875190286648,-0.5784279906300535,-0.5776581893550843,1.7343632929879855,-0.5767344287272242,0
1.629319187340869,0.5795781950006521,0.6871298574603482,0.6753929553061733,0.8077365626180215,0.646091668153197,-1.0306701134001208,0.8180172017575125,-1.43244469563043,-0.2103242657949975,0.9972039090469852,-0.5787359118286177,-0.5738091541336192,-0.9124191495230388,0.9124191495230392,-0.5784279906300535,-0.5776581893550843,-0.5765804684883443,1.733900301750437,0
1.4120368974100228,0.1028102414941437,0.3413519501232164,-1.2258476714090278,0.8077365626180215,0.646091668153197,0.9702425509371356,-0.2771504133044476,-0.009816137054176,-0.0376918528145995,0.9972039090469852,-0.5787359118286177,-0.5738091541336192,1.0959875190286648,-1.0959875190286648,-0.5784279906300535,-0.5776581893550843,-0.5765804684883443,1.733900301750437,0
-2.116213620038479,-1.3274936190253817,-0.695981771888179,0.95708910629843,-0.9115834940401768,0.646091668153197,-1.0306701134001208,1.332923772936082,0.7014981422339509,0.0154258127178306,-1.002803930999114,1.7279038324066065,-0.5738091541336192,-0.9124191495230388,0.9124191495230392,-0.5784279906300535,1.731127539482183,-0.5765804684883443,-0.5767344287272242,0
2.063883767202561,4.012307460247513,-0.0044259572139154,-1.2258476714090278,0.8077365626180215,0.646091668153197,0.9702425509371356,-0.9609643478787824,-0.721130416342303,-1.6356482909152072,0.9972039090469852,-0.5787359118286177,-0.5738091541336192,-0.9124191495230388,0.9124191495230392,-0.5784279906300535,-0.5776581893550843,-0.5765804684883443,1.733900301750437,0
0.0048754007150192,0.4842246042993504,-1.0417596792253108,-1.2258476714090278,2.52705661927622,0.646091668153197,-1.0306701134001208,0.0424310767322476,-0.721130416342303,1.7063381655001912,0.9972039090469852,-0.5787359118286177,-0.5738091541336192,-0.9124191495230388,0.9124191495230392,-0.5784279906300535,1.731127539482183,-0.5765804684883443,-0.5767344287272242,1
-0.3779553005917097,-1.1367864376227783,1.378685672134612,0.4796702228433857,0.8077365626180215,-1.5477679860172513,-1.0306701134001208,-0.3928076135396896,-0.721130416342303,0.9671173201738712,0.9972039090469852,-0.5787359118286177,-0.5738091541336192,1.0959875190286648,-1.0959875190286648,-0.5784279906300535,-0.5776581893550843,-0.5765804684883443,1.733900301750437,0
-1.2367376846041016,0.7702853764032556,0.3413519501232164,-1.2258476714090278,-0.9115834940401768,-1.5477679860172513,-1.0306701134001208,1.6503570258179512,-0.721130416342303,-0.4272214000524208,0.9972039090469852,-0.5787359118286177,-0.5738091541336192,1.0959875190286648,-1.0959875190286648,-0.5784279906300535,-0.5776581893550843,-0.5765804684883443,1.733900301750437,1
-0.5641972633895778,0.007456650792842,1.7244635794717436,0.1612391370623938,-0.9115834940401768,-1.5477679860172513,0.9702425509371356,0.5508616362449583,-0.009816137054176,1.2548380084745347,0.9972039090469852,-0.5787359118286177,-0.5738091541336192,1.0959875190286648,-1.0959875190286648,1.7288236672481017,-0.5776581893550843,-0.5765804684883443,-0.5767344287272242,0
-0.9263344132743214,-0.5646648934149681,0.3413519501232164,-1.2258476714090278,0.8077365626180215,0.646091668153197,-1.0306701134001208,-0.9534175215456568,-1.43244469563043,0.431514192721867,-1.002803930999114,-0.5787359118286177,1.7427397119690018,1.0959875190286648,-1.0959875190286648,1.7288236672481017,-0.5776581893550843,-0.5765804684883443,-0.5767344287272242,0
-0.6366246933665265,-0.1832505306097613,0.6871298574603482,0.1388042298541659,0.8077365626180215,0.646091668153197,-1.0306701134001208,-0.2364930167197833,-0.721130416342303,0.8830143497475236,0.9972039090469852,-0.5787359118286177,-0.5738091541336192,-0.9124191495230388,0.9124191495230392,-0.5784279906300535,-0.5776581893550843,-0.5765804684883443,1.733900301750437,1
-0.0468584778399441,0.007456650792842,-1.7333154938995745,1.2493767721595317,-0.9115834940401768,0.646091668153197,-1.0306701134001208,1.242075807875948,0.7014981422339509,-0.8167509472902421,-1.002803930999114,1.7279038324066065,-0.5738091541336192,-0.9124191495230388,0.9124191495230392,-0.5784279906300535,1.731127539482183,-0.5765804684883443,-0.5767344287272242,0
1.308569140300096,0.2935174228967471,-0.0044259572139154,1.1386608632928097,-0.9115834940401768,0.646091668153197,0.9702425509371356,-1.0654378122703614,-0.009816137054176,-0.480339065584851,0.9972039090469852,-0.5787359118286177,-0.5738091541336192,1.0959875190286648,-1.0959875190286648,1.7288236672481017,-0.5776581893550843,-0.5765804684883443,-0.5767344287272242,0
1.5568917573639205,0.6749317857019538,0.3413519501232164,-1.2258476714090278,0.8077365626180215,0.646091668153197,0.9702425509371356,1.215812852236671,-0.009816137054176,-0.2191772100504026,-1.002803930999114,-0.5787359118286177,1.7427397119690018,1.0959875190286648,-1.0959875190286648,-0.5784279906300535,-0.5776581893550843,-0.5765804684883443,1.733900301750437,0
0.584294840530609,0.4842246042993504,0.3413519501232164,-1.2258476714090278,0.8077365626180215,0.646091668153197,0.9702425509371356,1.6076466838026675,0.7014981422339509,-0.635265590054439,0.9972039090469852,-0.5787359118286177,-0.5738091541336192,1.0959875190286648,-1.0959875190286648,-0.5784279906300535,1.731127539482183,-0.5765804684883443,-0.5767344287272242,0
0.7601900276174844,1.4377605113123673,1.03290776479748,1.5339001051490109,-0.9115834940401768,0.646091668153197,0.9702425509371356,0.6401198988549209,-0.721130416342303,-0.1837654330287825,-1.002803930999114,1.7279038324066065,-0.5738091541336192,-0.9124191495230388,0.9124191495230392,-0.5784279906300535,-0.5776581893550843,-0.5765804684883443,1.733900301750437,0
-1.702342591598772,2.200589236922781,1.378685672134612,0.6710710851396715,0.8077365626180215,0.646091668153197,-1.0306701134001208,1.1814885297315556,-0.721130416342303,-1.3612070189976515,-1.002803930999114,1.7279038324066065,-0.5738091541336192,-0.9124191495230388,0.9124191495230392,-0.5784279906300535,-0.5776581893550843,1.7343632929879855,-0.5767344287272242,1
-0.3262214220367463,0.9609925578058588,1.378685672134612,1.1038527075273514,-0.9115834940401768,0.646091668153197,-1.0306701134001208,-1.0764380941559266,0.7014981422339509,-0.6131332294159264,0.9972039090469852,-0.5787359118286177,-0.5738091541336192,1.0959875190286648,-1.0959875190286648,1.7288236672481017,-0.5776581893550843,-0.5765804684883443,-0.5767344287272242,0
0.6981093733515285,2.2959428276240823,0.6871298574603482,0.7487703484657063,-0.9115834940401768,0.646091668153197,0.9702425509371356,0.0078000122535925,-1.43244469563043,0.9936761529400864,-1.002803930999114,1.7279038324066065,-0.5738091541336192,-0.9124191495230388,0.9124191495230392,-0.5784279906300535,-0.5776581893550843,-0.5765804684883443,1.733900301750437,0
-1.919624881529618,0.1981638321954454,1.378685672134612,0.6528684565595979,-0.9115834940401768,0.646091668153197,-1.0306701134001208,1.1857683106004704,-0.009816137054176,-0.4936184819679585,0.9972039090469852,-0.5787359118286177,-0.5738091541336192,-0.9124191495230388,0.9124191495230392,-0.5784279906300535,-0.5776581893550843,-0.5765804684883443,1.733900301750437,0
-1.2781247874480723,-1.3274936190253817,0.3413519501232164,-1.2258476714090278,0.8077365626180215,-1.5477679860172513,0.9702425509371356,-0.0579342362279929,-0.009816137054176,-0.781339170268622,0.9972039090469852,-0.5787359118286177,-0.5738091541336192,1.0959875190286648,-1.0959875190286648,-0.5784279906300535,-0.5776581893550843,-0.5765804684883443,1.733900301750437,0
0.5946416162416017,2.677357190429289,-1.3875375865624426,-1.2258476714090278,0.8077365626180215,-1.5477679860172513,0.9702425509371356,-1.6737462710517976,-1.43244469563043,0.2013376420813362,0.9972039090469852,-0.5787359118286177,-0.5738091541336192,1.0959875190286648,-1.0959875190286648,1.7288236672481017,-0.5776581893550843,-0.5765804684883443,-0.5767344287272242,0
0.9774723175483306,-1.0414328469214764,0.3413519501232164,-1.2258476714090278,0.8077365626180215,0.646091668153197,-1.0306701134001208,0.9442043114075568,0.7014981422339509,0.1880582256982287,0.9972039090469852,-0.5787359118286177,-0.5738091541336192,1.0959875190286648,-1.0959875190286648,-0.5784279906300535,-0.5776581893550843,-0.5765804684883443,1.733900301750437,0
-1.350552217425021,-0.9460792562201747,1.03290776479748,0.311917519893591,-0.9115834940401768,0.646091668153197,-1.0306701134001208,-1.6588028593521782,1.412812421522078,0.0464111176117482,0.9972039090469852,-0.5787359118286177,-0.5738091541336192,1.0959875190286648,-1.0959875190286648,-0.5784279906300535,1.731127539482183,-0.5765804684883443,-0.5767344287272242,0
-0.0468584778399441,1.0563461485071606,-0.0044259572139154,1.060333497571814,0.8077365626180215,0.646091668153197,0.9702425509371356,0.732394457538026,0.7014981422339509,1.5248528082643882,-1.002803930999114,-0.5787359118286177,1.7427397119690018,1.0959875190286648,-1.0959875190286648,-0.5784279906300535,1.731127539482183,-0.5765804684883443,-0.5767344287272242,1
-0.99876184325127,-1.23214002832408,1.03290776479748,1.1643465489845777,-0.9115834940401768,0.646091668153197,0.9702425509371356,1.3541858258446131,-1.43244469563043,0.1083817273995834,-1.002803930999114,-0.5787359118286177,1.7427397119690018,-0.9124191495230388,0.9124191495230392,-0.5784279906300535,-0.5776581893550843,-0.5765804684883443,1.733900301750437,0
-0.6883585719214899,0.1981638321954454,-0.695981771888179,0.1940729132913562,-0.9115834940401768,0.646091668153197,-1.0306701134001208,1.3721251884864778,-0.009816137054176,0.9538379037907638,-1.002803930999114,1.7279038324066065,-0.5738091541336192,1.0959875190286648,-1.0959875190286648,-0.5784279906300535,-0.5776581893550843,-0.5765804684883443,1.733900301750437,0
-1.6299151616218233,-0.278604121311063,-1.0417596792253108,-1.2258476714090278,0.8077365626180215,-1.5477679860172513,0.9702425509371356,-0.0055634348362853,-0.721130416342303,-1.6710600679368277,0.9972039090469852,-0.5787359118286177,-0.5738091541336192,1.0959875190286648,-1.0959875190286648,-0.5784279906300535,-0.5776581893550843,1.7343632929879855,-0.5767344287272242,0
0.4290932048657189,-0.8507256655188732,-1.0417596792253108,-1.2258476714090278,0.8077365626180215,-1.5477679860172513,0.9702425509371356,0.5285618077706182,0.7014981422339509,0.6395583827238852,0.9972039090469852,-0.5787359118286177,-0.5738091541336192,-0.9124191495230388,0.9124191495230392,1.7288236672481017,-0.5776581893550843,-0.5765804684883443,-0.5767344287272242,0
-0.9159876375633288,-0.7553720748175714,-1.0417596792253108,0.5805389157752258,-0.9115834940401768,-1.5477679860172513,0.9702425509371356,1.500324031635322,1.412812421522078,-1.5825306253827771,-1.002803930999114,1.7279038324066065,-0.5738091541336192,-0.9124191495230388,0.9124191495230392,-0.5784279906300535,-0.5776581893550843,-0.5765804684883443,1.733900301750437,0
0.108343157824946,-0.7553720748175714,-0.695981771888179,0.9549260876910318,0.8077365626180215,0.646091668153197,-1.0306701134001208,-0.6003088207990319,-0.009816137054176,0.8387496284704984,0.9972039090469852,-0.5787359118286177,-0.5738091541336192,1.0959875190286648,-1.0959875190286648,-0.5784279906300535,1.731127539482183,-0.5765804684883443,-0.5767344287272242,0
1.0085126446813086,0.5795781950006521,-1.0417596792253108,0.695033536090276,-0.9115834940401768,-1.5477679860172513,-1.0306701134001208,-0.4562230387689194,-0.721130416342303,0.5952936614468601,-1.002803930999114,1.7279038324066065,-0.5738091541336192,-0.9124191495230388,0.9124191495230392,-0.5784279906300535,-0.5776581893550843,1.7343632929879855,-0.5767344287272242,1
-0.5848908148115631,-0.3739577120123647,-1.0417596792253108,-1.2258476714090278,0.8077365626180215,0.646091668153197,-1.0306701134001208,0.0589565397217006,0.7014981422339509,-1.0115157209091528,0.9972039090469852,-0.5787359118286177,-0.5738091541336192,-0.9124191495230388,0.9124191495230392,1.7288236672481017,-0.5776581893550843,-0.5765804684883443,-0.5767344287272242,0
0.1807705878018947,-1.422847209726683,0.6871298574603482,1.5622653631656973,-0.9115834940401768,-1.5477679860172513,-1.0306701134001208,0.1107135093863128,-0.721130416342303,1.5956763623076284,-1.002803930999114,-0.5787359118286177,1.7427397119690018,1.0959875190286648,-1.0959875190286648,-0.5784279906300535,-0.5776581893550843,-0.5765804684883443,1.733900301750437,1
1.6810530658958325,-0.9460792562201747,-0.0044259572139154,0.4739778746010195,-0.9115834940401768,-1.5477679860172513,-1.0306701134001208,1.5282608524884855,1.412812421522078,-1.219559910911171,-1.002803930999114,1.7279038324066065,-0.5738091541336192,1.0959875190286648,-1.0959875190286648,-0.5784279906300535,1.731127539482183,-0.5765804684883443,-0.5767344287272242,1
0.7498432519064918,-0.4693113027136664,-0.0044259572139154,-1.2258476714090278,0.8077365626180215,-1.5477679860172513,0.9702425509371356,-1.5302009391655411,0.7014981422339509,0.0021463963347231,0.9972039090469852,-0.5787359118286177,-0.5738091541336192,-0.9124191495230388,0.9124191495230392,1.7288236672481017,-0.5776581893550843,-0.5765804684883443,-0.5767344287272242,0
-0.9884150675402774,-1.422847209726683,-0.0044259572139154,-1.2258476714090278,0.8077365626180215,0.646091668153197,-1.0306701134001208,-1.2620375071684984,-0.009816137054176,0.6218524942130752,0.9972039090469852,-0.5787359118286177,-0.5738091541336192,-0.9124191495230388,0.9124191495230392,-0.5784279906300535,-0.5776581893550843,1.7343632929879855,-0.5767344287272242,0
1.629319187340869,0.007456650792842,-0.695981771888179,0.7649905839548704,-0.9115834940401768,-1.5477679860172513,0.9702425509371356,1.2407420715170752,1.412812421522078,-0.5998538130328189,-1.002803930999114,1.7279038324066065,-0.5738091541336192,-0.9124191495230388,0.9124191495230392,-0.5784279906300535,-0.5776581893550843,-0.5765804684883443,1.733900301750437,0
-0.9159876375633288,-1.1367864376227783,-0.695981771888179,-1.2258476714090278,0.8077365626180215,0.646091668153197,-1.0306701134001208,-1.2511944218498725,-1.43244469563043,1.4850145591150656,0.9972039090469852,-0.5787359118286177,-0.5738091541336192,1.0959875190286648,-1.0959875190286648,-0.5784279906300535,1.731127539482183,-0.5765804684883443,-0.5767344287272242,0
0.7912303547504624,0.5795781950006521,0.3413519501232164,0.608019797926795,0.8077365626180215,0.646091668153197,0.9702425509371356,0.0797901276513191,1.412812421522078,-1.1531628289956333,-1.002803930999114,1.7279038324066065,-0.5738091541336192,-0.9124191495230388,0.9124191495230392,-0.5784279906300535,-0.5776581893550843,1.7343632929879855,-0.5767344287272242,1
-0.5641972633895778,-1.7089079818305883,-0.3502038645510472,2.1467862027178857,0.8077365626180215,-1.5477679860172513,0.9702425509371356,1.6903418158529258,1.412812421522078,1.28139684124075,0.9972039090469852,-0.5787359118286177,-0.5738091541336192,-0.9124191495230388,0.9124191495230392,1.7288236672481017,-0.5776581893550843,-0.5765804684883443,-0.5767344287272242,1
0.2325044663568581,-0.4693113027136664,-1.3875375865624426,0.8115631184131906,2.52705661927622,-1.5477679860172513,0.9702425509371356,-0.4066789933419882,1.412812421522078,-0.3829566787753957,-1.002803930999114,1.7279038324066065,-0.5738091541336192,1.0959875190286648,-1.0959875190286648,1.7288236672481017,-0.5776581893550843,-0.5765804684883443,-0.5767344287272242,0
-0.0985923563949074,-0.7553720748175714,1.378685672134612,0.5771217759020529,-0.9115834940401768,0.646091668153197,0.9702425509371356,-1.179993940977001,0.7014981422339509,-0.1837654330287825,0.9972039090469852,-0.5787359118286177,-0.5738091541336192,-0.9124191495230388,0.9124191495230392,-0.5784279906300535,1.731127539482183,-0.5765804684883443,-0.5767344287272242,0
-1.5471409559338818,0.1028102414941437,-0.3502038645510472,0.7908786920311339,-0.9115834940401768,0.646091668153197,0.9702425509371356,0.0059746888430206,-0.009816137054176,1.4009115886887178,0.9972039090469852,-0.5787359118286177,-0.5738091541336192,-0.9124191495230388,0.9124191495230392,1.7288236672481017,-0.5776581893550843,-0.5765804684883443,-0.5767344287272242,0
0.615335167663587,-0.8507256655188732,1.7244635794717436,-1.2258476714090278,0.8077365626180215,0.646091668153197,-1.0306701134001208,-1.4013820042493252,1.412812421522078,-0.8256038915456472,-1.002803930999114,-0.5787359118286177,1.7427397119690018,1.0959875190286648,-1.0959875190286648,-0.5784279906300535,-0.5776581893550843,1.7343632929879855,-0.5767344287272242,0
-0.8539069832973727,-0.5646648934149681,0.6871298574603482,-1.2258476714090278,0.8077365626180215,0.646091668153197,-1.0306701134001208,0.7539935092814328,-1.43244469563043,-0.9495451111213176,0.9972039090469852,-0.5787359118286177,-0.5738091541336192,-0.9124191495230388,0.9124191495230392,-0.5784279906300535,-0.5776581893550843,1.7343632929879855,-0.5767344287272242,0
-0.0468584778399441,0.6749317857019538,1.03290776479748,-1.2258476714090278,0.8077365626180215,0.646091668153197,-1.0306701134001208,0.5732964033652546,1.412812421522078,-0.0553977413254095,0.9972039090469852,-0.5787359118286177,-0.5738091541336192,1.0959875190286648,-1.0959875190286648,1.7288236672481017,-0.5776581893550843,-0.5765804684883443,-0.5767344287272242,0
0.6774158219295431,-0.7553720748175714,1.03290776479748,0.5303715008068324,0.8077365626180215,0.646091668153197,0.9702425509371356,-0.8448746831944508,-1.43244469563043,-0.945118638993615,0.9972039090469852,-0.5787359118286177,-0.5738091541336192,-0.9124191495230388,0.9124191495230392,1.7288236672481017,-0.5776581893550843,-0.5765804684883443,-0.5767344287272242,0
-0.2331004406378122,0.6749317857019538,-1.3875375865624426,-0.4746501889937426,4.246376675934418,0.646091668153197,-1.0306701134001208,-1.1966779916534542,-1.43244469563043,0.9715437923015738,0.9972039090469852,-0.5787359118286177,-0.5738091541336192,1.0959875190286648,-1.0959875190286648,1.7288236672481017,-0.5776581893550843,-0.5765804684883443,-0.5767344287272242,1
1.3913433459880375,-0.5646648934149681,-0.0044259572139154,0.9638496613441684,0.8077365626180215,0.646091668153197,0.9702425509371356,1.2003192525527653,-0.009816137054176,-1.0557804421861778,-1.002803930999114,1.7279038324066065,-0.5738091541336192,1.0959875190286648,-1.0959875190286648,-0.5784279906300535,-0.5776581893550843,1.7343632929879855,-0.5767344287272242,0
-0.812519880453402,0.007456650792842,-1.0417596792253108,-1.2258476714090278,0.8077365626180215,0.646091668153197,0.9702425509371356,-1.7308134937708106,1.412812421522078,1.5956763623076284,0.9972039090469852,-0.5787359118286177,-0.5738091541336192,1.0959875190286648,-1.0959875190286648,-0.5784279906300535,-0.5776581893550843,1.7343632929879855,-0.5767344287272242,0
1.3292626917220816,-0.0878969399084596,0.6871298574603482,-1.2258476714090278,0.8077365626180215,0.646091668153197,0.9702425509371356,0.6686528146543964,0.7014981422339509,-0.7680597538855144,-1.002803930999114,-0.5787359118286177,1.7427397119690018,1.0959875190286648,-1.0959875190286648,-0.5784279906300535,1.731127539482183,-0.5765804684883443,-0.5767344287272242,0
0.1600770363799093,-0.5646648934149681,-1.0417596792253108,0.763521378888627,-0.9115834940401768,0.646091668153197,-1.0306701134001208,-0.316574408064668,0.7014981422339509,-0.6529714785652491,-1.002803930999114,1.7279038324066065,-0.5738091541336192,-0.9124191495230388,0.9124191495230392,-0.5784279906300535,-0.5776581893550843,-0.5765804684883443,1.733900301750437,0
-1.764423245864728,-0.3739577120123647,-1.0417596792253108,1.4297306291540874,-0.9115834940401768,0.646091668153197,0.9702425509371356,1.7022847554701008,1.412812421522078,-0.0642506855808146,0.9972039090469852,-0.5787359118286177,-0.5738091541336192,-0.9124191495230388,0.9124191495230392,-0.5784279906300535,1.731127539482183,-0.5765804684883443,-0.5767344287272242,0
2.063883767202561,-0.1832505306097613,1.378685672134612,0.7375754129494955,-0.9115834940401768,-1.5477679860172513,0.9702425509371356,1.7320070789220787,-0.721130416342303,-1.6710600679368277,-1.002803930999114,1.7279038324066065,-0.5738091541336192,-0.9124191495230388,0.9124191495230392,-0.5784279906300535,-0.5776581893550843,1.7343632929879855,-0.5767344287272242,1
-0.6366246933665265,1.0563461485071606,-0.3502038645510472,-1.2258476714090278,0.8077365626180215,-1.5477679860172513,0.9702425509371356,1.4256673129698885,0.7014981422339509,-0.7326479768638944,0.9972039090469852,-0.5787359118286177,-0.5738091541336192,1.0959875190286648,-1.0959875190286648,-0.5784279906300535,-0.5776581893550843,1.7343632929879855,-0.5767344287272242,0
1.2671820374561256,-0.1832505306097613,-1.0417596792253108,0.4280730294964651,0.8077365626180215,0.646091668153197,-1.0306701134001208,1.3594393907565114,0.7014981422339509,1.2548380084745347,-1.002803930999114,-0.5787359118286177,1.7427397119690018,-0.9124191495230388,0.9124191495230392,-0.5784279906300535,-0.5776581893550843,-0.5765804684883443,1.733900301750437,0
-1.5781812830668598,-1.3274936190253817,1.03290776479748,0.7246952269400424,-0.9115834940401768,0.646091668153197,0.9702425509371356,0.5585390539738481,0.7014981422339509,0.8254702120873909,-1.002803930999114,1.7279038324066065,-0.5738091541336192,-0.9124191495230388,0.9124191495230392,1.7288236672481017,-0.5776581893550843,-0.5765804684883443,-0.5767344287272242,0
-0.781479553320424,-1.613554391129287,1.03290776479748,0.4606744126474247,-0.9115834940401768,0.646091668153197,0.9702425509371356,-1.1423384075948422,-1.43244469563043,0.8830143497475236,-1.002803930999114,-0.5787359118286177,1.7427397119690018,1.0959875190286648,-1.0959875190286648,-0.5784279906300535,1.731127539482183,-0.5765804684883443,-0.5767344287272242,0
-0.5745440391005705,-0.9460792562201747,0.3413519501232164,1.1892098837223926,-0.9115834940401768,0.646091668153197,-1.0306701134001208,-0.2142182284065484,0.7014981422339509,-0.5600155638834963,0.9972039090469852,-0.5787359118286177,-0.5738091541336192,-0.9124191495230388,0.9124191495230392,-0.5784279906300535,-0.5776581893550843,-0.5765804684883443,1.733900301750437,0
-0.2331004406378122,1.0563461485071606,-0.3502038645510472,1.066903330022501,-0.9115834940401768,-1.5477679860172513,0.9702425509371356,0.1655184231054648,1.412812421522078,-1.3302217141037338,0.9972039090469852,-0.5787359118286177,-0.5738091541336192,1.0959875190286648,-1.0959875190286648,1.7288236672481017,-0.5776581893550843,-0.5765804684883443,-0.5767344287272242,1
-0.0778988049729221,2.200589236922781,1.378685672134612,-1.2258476714090278,0.8077365626180215,-1.5477679860172513,-1.0306701134001208,0.9699685505048204,1.412812421522078,0.2013376420813362,0.9972039090469852,-0.5787359118286177,-0.5738091541336192,-0.9124191495230388,0.9124191495230392,-0.5784279906300535,-0.5776581893550843,1.7343632929879855,-0.5767344287272242,0
-1.919624881529618,-0.5646648934149681,-0.0044259572139154,-1.2258476714090278,0.8077365626180215,-1.5477679860172513,0.9702425509371356,-0.3719881107006928,1.412812421522078,1.7417499425218117,0.9972039090469852,-0.5787359118286177,-0.5738091541336192,-0.9124191495230388,0.9124191495230392,-0.5784279906300535,1.731127539482183,-0.5765804684883443,-0.5767344287272242,0
-2.2507217042813834,0.9609925578058588,1.7244635794717436,-1.2258476714090278,-0.9115834940401768,0.646091668153197,0.9702425509371356,-0.2152520045021804,-1.43244469563043,0.3341318059124117,0.9972039090469852,-0.5787359118286177,-0.5738091541336192,1.0959875190286648,-1.0959875190286648,-0.5784279906300535,-0.5776581893550843,1.7343632929879855,-0.5767344287272242,0
0.2325044663568581,0.1981638321954454,1.378685672134612,0.3546191870278237,-0.9115834940401768,0.646091668153197,-1.0306701134001208,0.8913447052042732,-0.721130416342303,1.1574556216650795,-1.002803930999114,1.7279038324066065,-0.5738091541336192,1.0959875190286648,-1.0959875190286648,-0.5784279906300535,-0.5776581893550843,-0.5765804684883443,1.733900301750437,0
-1.4333264231129623,-0.8507256655188732,0.3413519501232164,-1.2258476714090278,0.8077365626180215,0.646091668153197,-1.0306701134001208,-0.195851096345802,-0.721130416342303,-0.5998538130328189,0.9972039090469852,-0.5787359118286177,-0.5738091541336192,1.0959875190286648,-1.0959875190286648,-0.5784279906300535,1.731127539482183,-0.5765804684883443,-0.5767344287272242,0
0.7705368033284771,-0.5646648934149681,0.6871298574603482,0.6202002403648266,0.8077365626180215,0.646091668153197,0.9702425509371356,1.342242538447423,-0.721130416342303,-0.6042802851605215,-1.002803930999114,1.7279038324066065,-0.5738091541336192,1.0959875190286648,-1.0959875190286648,-0.5784279906300535,-0.5776581893550843,1.7343632929879855,-0.5767344287272242,0
-0.3469149734587316,0.1028102414941437,-0.0044259572139154,1.8194363514164065,0.8077365626180215,0.646091668153197,0.9702425509371356,0.1209871049298011,0.7014981422339509,-0.5334567311172812,0.9972039090469852,-0.5787359118286177,-0.5738091541336192,-0.9124191495230388,0.9124191495230392,-0.5784279906300535,1.731127539482183,-0.5765804684883443,-0.5767344287272242,0
2.063883767202561,-0.7553720748175714,-0.3502038645510472,1.1235229384627856,-0.9115834940401768,0.646091668153197,0.9702425509371356,-0.1776359441517641,-0.721130416342303,0.3562641665509243,-1.002803930999114,1.7279038324066065,-0.5738091541336192,-0.9124191495230388,0.9124191495230392,-0.5784279906300535,1.731127539482183,-0.5765804684883443,-0.5767344287272242,0
1.6086256359188835,-0.6600184841162697,-0.695981771888179,-0.2039032779393665,-0.9115834940401768,0.646091668153197,-1.0306701134001208,0.9825281040892132,-1.43244469563043,-0.8654421406949698,0.9972039090469852,-0.5787359118286177,-0.5738091541336192,1.0959875190286648,-1.0959875190286648,-0.5784279906300535,1.731127539482183,-0.5765804684883443,-0.5767344287272242,0
-1.060842497517226,-0.5646648934149681,-1.3875375865624426,0.0580492379590249,0.8077365626180215,-1.5477679860172513,0.9702425509371356,-0.3102992393576749,-0.009816137054176,-0.3652507902645856,0.9972039090469852,-0.5787359118286177,-0.5738091541336192,1.0959875190286648,-1.0959875190286648,-0.5784279906300535,1.731127539482183,-0.5765804684883443,-0.5767344287272242,0
2.063883767202561,0.5795781950006521,-1.3875375865624426,0.7274544539958346,-0.9115834940401768,-1.5477679860172513,-1.0306701134001208,-1.6210866383573406,-0.009816137054176,-0.6087067572882239,-1.002803930999114,1.7279038324066065,-0.5738091541336192,1.0959875190286648,-1.0959875190286648,1.7288236672481017,-0.5776581893550843,-0.5765804684883443,-0.5767344287272242,1
-1.009108618962263,0.4842246042993504,-0.3502038645510472,-1.2258476714090278,-0.9115834940401768,0.646091668153197,-1.0306701134001208,-1.5528541121354784,-1.43244469563043,0.7679260744272581,-1.002803930999114,-0.5787359118286177,1.7427397119690018,-0.9124191495230388,0.9124191495230392,-0.5784279906300535,1.731127539482183,-0.5765804684883443,-0.5767344287272242,0
0.615335167663587,-0.7553720748175714,-1.3875375865624426,-1.2258476714090278,0.8077365626180215,0.646091668153197,-1.0306701134001208,-1.391275517003213,-0.009816137054176,-0.1527801281348648,0.9972039090469852,-0.5787359118286177,-0.5738091541336192,1.0959875190286648,-1.0959875190286648,-0.5784279906300535,-0.5776581893550843,1.7343632929879855,-0.5767344287272242,0
1.277528813167118,0.7702853764032556,0.3413519501232164,0.2922862348326085,-0.9115834940401768,-1.5477679860172513,0.9702425509371356,-0.6718984675090814,1.412812421522078,0.0375581733563432,0.9972039090469852,-0.5787359118286177,-0.5738091541336192,1.0959875190286648,-1.0959875190286648,1.7288236672481017,-0.5776581893550843,-0.5765804684883443,-0.5767344287272242,0
-1.7126893673097645,-0.6600184841162697,0.3413519501232164,0.4127320411975934,0.8077365626180215,0.646091668153197,0.9702425509371356,1.6331728674794226,0.7014981422339509,0.7856319629380683,-1.002803930999114,-0.5787359118286177,1.7427397119690018,-0.9124191495230388,0.9124191495230392,-0.5784279906300535,-0.5776581893550843,1.7343632929879855,-0.5767344287272242,0
0.8429642333054258,2.105235646221479,1.378685672134612,0.2945989466364583,0.8077365626180215,0.646091668153197,0.9702425509371356,0.9987782991965158,-0.009816137054176,-0.4405008164355283,-1.002803930999114,1.7279038324066065,-0.5738091541336192,1.0959875190286648,-1.0959875190286648,-0.5784279906300535,1.731127539482183,-0.5765804684883443,-0.5767344287272242,1
-1.1643102546271529,2.200589236922781,-0.695981771888179,-0.0229892734912796,-0.9115834940401768,-1.5477679860172513,-1.0306701134001208,-1.4329965987648297,0.7014981422339509,-0.807898003034837,0.9972039090469852,-0.5787359118286177,-0.5738091541336192,1.0959875190286648,-1.0959875190286648,-0.5784279906300535,1.731127539482183,-0.5765804684883443,-0.5767344287272242,1
-0.4710762819906437,1.247053329909764,-1.3875375865624426,-0.2105343339457761,-0.9115834940401768,0.646091668153197,-1.0306701134001208,0.1529745196217625,-0.721130416342303,-0.7503538653747044,0.9972039090469852,-0.5787359118286177,-0.5738091541336192,-0.9124191495230388,0.9124191495230392,1.7288236672481017,-0.5776581893550843,-0.5765804684883443,-0.5767344287272242,0
0.3670125505997628,0.007456650792842,-0.3502038645510472,1.3021338473723194,0.8077365626180215,0.646091668153197,-1.0306701134001208,1.0908182802592663,-1.43244469563043,-1.254971687932791,-1.002803930999114,1.7279038324066065,-0.5738091541336192,1.0959875190286648,-1.0959875190286648,-0.5784279906300535,1.731127539482183,-0.5765804684883443,-0.5767344287272242,0
-1.0815360489392114,-0.8507256655188732,-0.0044259572139154,-1.2258476714090278,0.8077365626180215,-1.5477679860172513,0.9702425509371356,1.7119966862887968,0.7014981422339509,0.8918672940029286,0.9972039090469852,-0.5787359118286177,-0.5738091541336192,1.0959875190286648,-1.0959875190286648,1.7288236672481017,-0.5776581893550843,-0.5765804684883443,-0.5767344287272242,0
-0.1606730106608635,3.726246688143608,0.3413519501232164,-0.4639766153276997,-0.9115834940401768,0.646091668153197,0.9702425509371356,0.3357788246509551,0.7014981422339509,1.28139684124075,0.9972039090469852,-0.5787359118286177,-0.5738091541336192,1.0959875190286648,-1.0959875190286648,-0.5784279906300535,1.731127539482183,-0.5765804684883443,-0.5767344287272242,0
0.4911738591316749,1.247053329909764,1.7244635794717436,0.4939314648205291,2.52705661927622,0.646091668153197,-1.0306701134001208,-1.239556137526145,0.7014981422339509,-1.126603996229418,-1.002803930999114,1.7279038324066065,-0.5738091541336192,-0.9124191495230388,0.9124191495230392,-0.5784279906300535,-0.5776581893550843,1.7343632929879855,-0.5767344287272242,1
0.2428512420678507,0.5795781950006521,0.6871298574603482,1.0511560545148446,-0.9115834940401768,0.646091668153197,-1.0306701134001208,-1.0968451298967166,-0.721130416342303,0.4580730254880821,0.9972039090469852,-0.5787359118286177,-0.5738091541336192,-0.9124191495230388,0.9124191495230392,-0.5784279906300535,1.731127539482183,-0.5765804684883443,-0.5767344287272242,0
1.0705932989472646,-1.1367864376227783,0.6871298574603482,0.6585933398328845,0.8077365626180215,-1.5477679860172513,0.9702425509371356,-0.2118368047514297,-0.721130416342303,0.2456023633583614,-1.002803930999114,1.7279038324066065,-0.5738091541336192,-0.9124191495230388,0.9124191495230392,1.7288236672481017,-0.5776581893550843,-0.5765804684883443,-0.5767344287272242,0
