0,1,2,3,4,5,6,7,8,9,10,11,12,13,14,15,16,17,18,Exited
-0.2227536649268195,-0.6600184841162697,-0.695981771888179,-1.2258476714090278,0.8077365626180215,0.646091668153197,0.9702425509371356,-1.4725979613328797,-1.43244469563043,-0.0244124364314919,-1.002803930999114,-0.5787359118286177,1.7427397119690018,-0.9124191495230388,0.9124191495230392,-0.5784279906300535,-0.5776581893550843,-0.5765804684883443,1.733900301750437,0
0.6774158219295431,-0.8507256655188732,-1.0417596792253108,2.0720630132300832,0.8077365626180215,-1.5477679860172513,-1.0306701134001208,-0.6021042351282835,-0.721130416342303,0.697102520384018,-1.002803930999114,1.7279038324066065,-0.5738091541336192,1.0959875190286648,-1.0959875190286648,-0.5784279906300535,1.731127539482183,-0.5765804684883443,-0.5767344287272242,0
-1.3919393202689916,1.1516997392084622,1.03290776479748,0.6993983589084363,0.8077365626180215,-1.5477679860172513,0.9702425509371356,1.194333958488568,-0.721130416342303,-1.4187511566577842,0.9972039090469852,-0.5787359118286177,-0.5738091541336192,-0.9124191495230388,0.9124191495230392,-0.5784279906300535,-0.5776581893550843,1.7343632929879855,-0.5767344287272242,0
0.4290932048657189,1.4377605113123673,-0.0044259572139154,-1.2258476714090278,0.8077365626180215,0.646091668153197,0.9702425509371356,-0.1976851142567577,-0.009816137054176,-0.2413095706889152,0.9972039090469852,-0.5787359118286177,-0.5738091541336192,-0.9124191495230388,0.9124191495230392,-0.5784279906300535,-0.5776581893550843,1.7343632929879855,-0.5767344287272242,0
-0.398648852013695,2.2959428276240823,-1.0417596792253108,0.8837873610925645,0.8077365626180215,0.646091668153197,-1.0306701134001208,0.3828943222306875,0.7014981422339509,0.1570729208043111,-1.002803930999114,-0.5787359118286177,1.7427397119690018,1.0959875190286648,-1.0959875190286648,-0.5784279906300535,-0.5776581893550843,-0.5765804684883443,1.733900301750437,1
1.1119804017912354,0.1028102414941437,-0.0044259572139154,0.2726841191096925,0.8077365626180215,-1.5477679860172513,-1.0306701134001208,0.4021827235520996,-1.43244469563043,0.8254702120873909,-1.002803930999114,-0.5787359118286177,1.7427397119690018,1.0959875190286648,-1.0959875190286648,1.7288236672481017,-0.5776581893550843,-0.5765804684883443,-0.5767344287272242,0
1.2878755888781108,-0.8507256655188732,-0.3502038645510472,-1.2258476714090278,0.8077365626180215,-1.5477679860172513,0.9702425509371356,-0.7412776244415573,1.412812421522078,-1.0557804421861778,-1.002803930999114,-0.5787359118286177,1.7427397119690018,-0.9124191495230388,0.9124191495230392,-0.5784279906300535,-0.5776581893550843,1.7343632929879855,-0.5767344287272242,0
-0.5745440391005705,-0.7553720748175714,-0.3502038645510472,-1.2258476714090278,0.8077365626180215,0.646091668153197,-1.0306701134001208,1.563368897258195,-0.721130416342303,-0.4227949279247183,0.9972039090469852,-0.5787359118286177,-0.5738091541336192,-0.9124191495230388,0.9124191495230392,-0.5784279906300535,-0.5776581893550843,1.7343632929879855,-0.5767344287272242,0
-0.4503827305686584,-1.0414328469214764,-1.3875375865624426,0.9528149969162354,0.8077365626180215,0.646091668153197,0.9702425509371356,0.1820611012056777,-0.721130416342303,-0.1572066002625674,-1.002803930999114,-0.5787359118286177,1.7427397119690018,-0.9124191495230388,0.9124191495230392,-0.5784279906300535,-0.5776581893550843,-0.5765804684883443,1.733900301750437,0
0.0359157278479972,-0.278604121311063,-1.0417596792253108,-1.2258476714090278,0.8077365626180215,0.646091668153197,0.9702425509371356,0.8096643952388098,-1.43244469563043,-0.1350742396240548,-1.002803930999114,-0.5787359118286177,1.7427397119690018,1.0959875190286648,-1.0959875190286648,-0.5784279906300535,-0.5776581893550843,1.7343632929879855,-0.5767344287272242,0
0.6256819433745797,-0.0878969399084596,-1.0417596792253108,0.8420029253965462,0.8077365626180215,0.646091668153197,0.9702425509371356,-1.4905048065433082,0.7014981422339509,-1.263824632188196,0.9972039090469852,-0.5787359118286177,-0.5738091541336192,1.0959875190286648,-1.0959875190286648,1.7288236672481017,-0.5776581893550843,-0.5765804684883443,-0.5767344287272242,1
1.82590792584973,0.6749317857019538,-1.3875375865624426,1.711541854787728,-0.9115834940401768,0.646091668153197,0.9702425509371356,-1.5064086127553205,0.7014981422339509,-0.4227949279247183,-1.002803930999114,-0.5787359118286177,1.7427397119690018,-0.9124191495230388,0.9124191495230392,1.7288236672481017,-0.5776581893550843,-0.5765804684883443,-0.5767344287272242,0
-0.2434472163488049,-0.8507256655188732,-0.3502038645510472,0.0542538583175162,0.8077365626180215,0.646091668153197,-1.0306701134001208,0.5170906317442672,0.7014981422339509,-0.9318392226105074,-1.002803930999114,1.7279038324066065,-0.5738091541336192,1.0959875190286648,-1.0959875190286648,1.7288236672481017,-0.5776581893550843,-0.5765804684883443,-0.5767344287272242,0
2.063883767202561,0.2935174228967471,1.378685672134612,0.5902018199585883,-0.9115834940401768,0.646091668153197,0.9702425509371356,1.7059220127606538,-1.43244469563043,1.6886322769893811,0.9972039090469852,-0.5787359118286177,-0.5738091541336192,1.0959875190286648,-1.0959875190286648,-0.5784279906300535,-0.5776581893550843,-0.5765804684883443,1.733900301750437,0
0.2531980177788434,-0.5646648934149681,-0.695981771888179,-1.2258476714090278,0.8077365626180215,0.646091668153197,-1.0306701134001208,-0.9519114601891776,1.412812421522078,-0.5290302589895787,-1.002803930999114,-0.5787359118286177,1.7427397119690018,-0.9124191495230388,0.9124191495230392,-0.5784279906300535,1.731127539482183,-0.5765804684883443,-0.5767344287272242,0
-0.015818150706966,-1.422847209726683,0.6871298574603482,0.3960192926541511,-0.9115834940401768,-1.5477679860172513,-1.0306701134001208,0.5738558075199475,-0.721130416342303,-0.3121331247321554,-1.002803930999114,1.7279038324066065,-0.5738091541336192,-0.9124191495230388,0.9124191495230392,-0.5784279906300535,-0.5776581893550843,-0.5765804684883443,1.733900301750437,0
-2.1265603957494714,2.105235646221479,-1.0417596792253108,0.980368962684059,-0.9115834940401768,-1.5477679860172513,0.9702425509371356,-1.2203670273991156,-0.009816137054176,-1.2018540224003609,-1.002803930999114,1.7279038324066065,-0.5738091541336192,1.0959875190286648,-1.0959875190286648,-0.5784279906300535,-0.5776581893550843,1.7343632929879855,-0.5767344287272242,0
0.4808270834206822,1.1516997392084622,-1.3875375865624426,1.144726803441951,-0.9115834940401768,0.646091668153197,0.9702425509371356,-0.8087467735297232,0.7014981422339509,0.1437935044212036,-1.002803930999114,1.7279038324066065,-0.5738091541336192,-0.9124191495230388,0.9124191495230392,1.7288236672481017,-0.5776581893550843,-0.5765804684883443,-0.5767344287272242,0
-0.8952940861413433,-0.6600184841162697,1.7244635794717436,1.0159473812997808,0.8077365626180215,0.646091668153197,-1.0306701134001208,-1.4730572048431512,-1.43244469563043,0.57758777293605,-1.002803930999114,1.7279038324066065,-0.5738091541336192,1.0959875190286648,-1.0959875190286648,-0.5784279906300535,-0.5776581893550843,-0.5765804684883443,1.733900301750437,0
0.5325609619756456,0.1028102414941437,-1.3875375865624426,0.4337472671058558,-0.9115834940401768,-1.5477679860172513,-1.0306701134001208,-1.571578240381983,-0.009816137054176,0.8741614054921185,0.9972039090469852,-0.5787359118286177,-0.5738091541336192,1.0959875190286648,-1.0959875190286648,1.7288236672481017,-0.5776581893550843,-0.5765804684883443,-0.5767344287272242,1
-0.3779553005917097,2.5820035997279875,-1.0417596792253108,-1.2258476714090278,0.8077365626180215,-1.5477679860172513,0.9702425509371356,1.390988950409146,1.412812421522078,0.7590731301718532,-1.002803930999114,-0.5787359118286177,1.7427397119690018,-0.9124191495230388,0.9124191495230392,-0.5784279906300535,-0.5776581893550843,-0.5765804684883443,1.733900301750437,0
-1.6402619373328158,-0.8507256655188732,1.7244635794717436,0.0109462061985049,0.8077365626180215,-1.5477679860172513,0.9702425509371356,0.8105009800657379,1.412812421522078,-0.2413095706889152,-1.002803930999114,1.7279038324066065,-0.5738091541336192,1.0959875190286648,-1.0959875190286648,-0.5784279906300535,1.731127539482183,-0.5765804684883443,-0.5767344287272242,0
1.4534240002539935,-0.7553720748175714,-1.3875375865624426,0.8615282712681773,-0.9115834940401768,-1.5477679860172513,-1.0306701134001208,-0.0616212260607408,-1.43244469563043,0.0065728684624256,-1.002803930999114,1.7279038324066065,-0.5738091541336192,-0.9124191495230388,0.9124191495230392,-0.5784279906300535,1.731127539482183,-0.5765804684883443,-0.5767344287272242,0
0.4394399805767116,-0.0878969399084596,0.6871298574603482,1.952949380150864,0.8077365626180215,0.646091668153197,0.9702425509371356,-1.4921859751375168,1.412812421522078,1.7019116933724887,0.9972039090469852,-0.5787359118286177,-0.5738091541336192,-0.9124191495230388,0.9124191495230392,1.7288236672481017,-0.5776581893550843,-0.5765804684883443,-0.5767344287272242,0
-0.5641972633895778,-0.4693113027136664,-0.3502038645510472,0.3679074232280321,0.8077365626180215,-1.5477679860172513,0.9702425509371356,-1.656962581400946,-1.43244469563043,1.179587982303592,-1.002803930999114,1.7279038324066065,-0.5738091541336192,-0.9124191495230388,0.9124191495230392,-0.5784279906300535,1.731127539482183,-0.5765804684883443,-0.5767344287272242,0
0.9567787661263452,0.6749317857019538,1.378685672134612,-1.2258476714090278,-0.9115834940401768,0.646091668153197,-1.0306701134001208,0.2320708240731645,-0.721130416342303,0.6838231040009104,0.9972039090469852,-0.5787359118286177,-0.5738091541336192,1.0959875190286648,-1.0959875190286648,1.7288236672481017,-0.5776581893550843,-0.5765804684883443,-0.5767344287272242,0
2.063883767202561,-0.3739577120123647,-1.0417596792253108,0.8344129674689701,4.246376675934418,0.646091668153197,-1.0306701134001208,-0.4279657386316098,-0.009816137054176,-0.4405008164355283,0.9972039090469852,-0.5787359118286177,-0.5738091541336192,1.0959875190286648,-1.0959875190286648,-0.5784279906300535,-0.5776581893550843,1.7343632929879855,-0.5767344287272242,1
-0.398648852013695,-0.6600184841162697,-0.695981771888179,0.7197539090173467,-0.9115834940401768,0.646091668153197,-1.0306701134001208,1.112742680207035,-1.43244469563043,-0.0819565740916246,0.9972039090469852,-0.5787359118286177,-0.5738091541336192,-0.9124191495230388,0.9124191495230392,-0.5784279906300535,-0.5776581893550843,1.7343632929879855,-0.5767344287272242,0
0.1497302606689167,0.007456650792842,1.7244635794717436,-0.4834147737273075,-0.9115834940401768,0.646091668153197,-1.0306701134001208,0.6385550626758468,-0.721130416342303,-0.6087067572882239,0.9972039090469852,-0.5787359118286177,-0.5738091541336192,-0.9124191495230388,0.9124191495230392,-0.5784279906300535,1.731127539482183,-0.5765804684883443,-0.5767344287272242,0
-0.3779553005917097,0.1028102414941437,0.3413519501232164,-1.2258476714090278,-0.9115834940401768,0.646091668153197,0.9702425509371356,-1.386780634194804,0.7014981422339509,-0.7459273932470019,0.9972039090469852,-0.5787359118286177,-0.5738091541336192,-0.9124191495230388,0.9124191495230392,-0.5784279906300535,-0.5776581893550843,1.7343632929879855,-0.5767344287272242,1
-0.5124633848346144,-0.3739577120123647,1.03290776479748,-0.0790466509538855,-0.9115834940401768,0.646091668153197,-1.0306701134001208,1.3440690790880487,0.7014981422339509,-0.7016626719699768,-1.002803930999114,1.7279038324066065,-0.5738091541336192,-0.9124191495230388,0.9124191495230392,1.7288236672481017,-0.5776581893550843,-0.5765804684883443,-0.5767344287272242,0
1.060246523236272,0.6749317857019538,1.378685672134612,0.5997953267607266,2.52705661927622,0.646091668153197,-1.0306701134001208,-0.1351102733246322,-0.009816137054176,-1.2948099370821138,-1.002803930999114,1.7279038324066065,-0.5738091541336192,1.0959875190286648,-1.0959875190286648,-0.5784279906300535,-0.5776581893550843,1.7343632929879855,-0.5767344287272242,1
-0.0572052535509367,0.4842246042993504,1.7244635794717436,-1.2258476714090278,0.8077365626180215,-1.5477679860172513,0.9702425509371356,1.1584027184225214,0.7014981422339509,1.6974852212447862,0.9972039090469852,-0.5787359118286177,-0.5738091541336192,-0.9124191495230388,0.9124191495230392,-0.5784279906300535,-0.5776581893550843,1.7343632929879855,-0.5767344287272242,0
-0.6573182447885119,-0.5646648934149681,0.3413519501232164,0.8994008102415082,-0.9115834940401768,0.646091668153197,-1.0306701134001208,-0.7705852202252284,-1.43244469563043,-0.5644420360111988,-1.002803930999114,1.7279038324066065,-0.5738091541336192,-0.9124191495230388,0.9124191495230392,-0.5784279906300535,-0.5776581893550843,-0.5765804684883443,1.733900301750437,0
1.567238533074913,0.1028102414941437,-0.0044259572139154,-1.2258476714090278,0.8077365626180215,0.646091668153197,0.9702425509371356,1.3033656016513502,0.7014981422339509,-1.2151334387834685,-1.002803930999114,-0.5787359118286177,1.7427397119690018,-0.9124191495230388,0.9124191495230392,-0.5784279906300535,1.731127539482183,-0.5765804684883443,-0.5767344287272242,0
-0.4917698334126291,0.1028102414941437,1.03290776479748,1.160541072264507,-0.9115834940401768,-1.5477679860172513,-1.0306701134001208,0.0862957006184825,-1.43244469563043,-1.126603996229418,-1.002803930999114,1.7279038324066065,-0.5738091541336192,1.0959875190286648,-1.0959875190286648,1.7288236672481017,-0.5776581893550843,-0.5765804684883443,-0.5767344287272242,0
0.2118109149348727,0.4842246042993504,-1.7333154938995745,0.1323701470152499,0.8077365626180215,-1.5477679860172513,0.9702425509371356,-1.137523393282302,0.7014981422339509,1.1353232610265669,-1.002803930999114,1.7279038324066065,-0.5738091541336192,1.0959875190286648,-1.0959875190286648,-0.5784279906300535,-0.5776581893550843,-0.5765804684883443,1.733900301750437,0
-0.6055843662335485,-0.5646648934149681,-1.0417596792253108,1.2835305410715507,-0.9115834940401768,0.646091668153197,0.9702425509371356,-1.0946382918093045,-1.43244469563043,-1.0203686651645578,-1.002803930999114,1.7279038324066065,-0.5738091541336192,-0.9124191495230388,0.9124191495230392,-0.5784279906300535,-0.5776581893550843,1.7343632929879855,-0.5767344287272242,0
1.0085126446813086,2.009882055520177,-1.7333154938995745,1.2156531708484506,-0.9115834940401768,0.646091668153197,-1.0306701134001208,0.4634706045374174,1.412812421522078,-0.6131332294159264,0.9972039090469852,-0.5787359118286177,-0.5738091541336192,-0.9124191495230388,0.9124191495230392,-0.5784279906300535,-0.5776581893550843,-0.5765804684883443,1.733900301750437,1
0.615335167663587,-1.422847209726683,0.6871298574603482,0.4265339462357325,0.8077365626180215,0.646091668153197,-1.0306701134001208,1.2726380200649992,-1.43244469563043,0.0641170061225583,-1.002803930999114,1.7279038324066065,-0.5738091541336192,1.0959875190286648,-1.0959875190286648,1.7288236672481017,-0.5776581893550843,-0.5765804684883443,-0.5767344287272242,0
0.3463189991777775,0.1981638321954454,-1.0417596792253108,0.6939230177195985,0.8077365626180215,-1.5477679860172513,-1.0306701134001208,0.3511609608399403,-0.721130416342303,1.454029254221148,-1.002803930999114,-0.5787359118286177,1.7427397119690018,-0.9124191495230388,0.9124191495230392,-0.5784279906300535,1.731127539482183,-0.5765804684883443,-0.5767344287272242,0
-0.3779553005917097,-0.1832505306097613,1.378685672134612,-1.2258476714090278,0.8077365626180215,0.646091668153197,0.9702425509371356,-0.6619495246099236,-0.721130416342303,0.1437935044212036,-1.002803930999114,-0.5787359118286177,1.7427397119690018,1.0959875190286648,-1.0959875190286648,-0.5784279906300535,-0.5776581893550843,-0.5765804684883443,1.733900301750437,0
-0.367608524880717,2.105235646221479,-1.3875375865624426,0.4452621037142693,-0.9115834940401768,0.646091668153197,-1.0306701134001208,-0.6476463759185661,-0.009816137054176,0.0287052291009382,0.9972039090469852,-0.5787359118286177,-0.5738091541336192,1.0959875190286648,-1.0959875190286648,-0.5784279906300535,1.731127539482183,-0.5765804684883443,-0.5767344287272242,1
1.7845208230057592,1.3424069206110656,-0.3502038645510472,0.7768187505408675,-0.9115834940401768,-1.5477679860172513,0.9702425509371356,0.5420040270339732,-1.43244469563043,-1.6135159302766948,-1.002803930999114,1.7279038324066065,-0.5738091541336192,1.0959875190286648,-1.0959875190286648,1.7288236672481017,-0.5776581893550843,-0.5765804684883443,-0.5767344287272242,1
-0.5228101605456071,-0.6600184841162697,0.6871298574603482,0.3588799939096913,-0.9115834940401768,0.646091668153197,-1.0306701134001208,0.5718019926392895,0.7014981422339509,0.2721611961245765,0.9972039090469852,-0.5787359118286177,-0.5738091541336192,1.0959875190286648,-1.0959875190286648,1.7288236672481017,-0.5776581893550843,-0.5765804684883443,-0.5767344287272242,0
1.8052143744277445,-0.4693113027136664,1.378685672134612,-1.2258476714090278,0.8077365626180215,0.646091668153197,0.9702425509371356,-1.1851852532661515,-0.009816137054176,1.480588086987363,0.9972039090469852,-0.5787359118286177,-0.5738091541336192,-0.9124191495230388,0.9124191495230392,-0.5784279906300535,-0.5776581893550843,-0.5765804684883443,1.733900301750437,0
-0.5331569362565998,-0.0878969399084596,1.378685672134612,0.2023541204226752,-0.9115834940401768,-1.5477679860172513,-1.0306701134001208,0.9937702669754556,-0.009816137054176,-0.0288389085591944,-1.002803930999114,1.7279038324066065,-0.5738091541336192,-0.9124191495230388,0.9124191495230392,-0.5784279906300535,-0.5776581893550843,-0.5765804684883443,1.733900301750437,0
0.2945851206228141,-0.4693113027136664,0.6871298574603482,1.3467496321138546,-0.9115834940401768,0.646091668153197,-1.0306701134001208,0.3793219259129977,-0.721130416342303,1.4407498378380403,0.9972039090469852,-0.5787359118286177,-0.5738091541336192,-0.9124191495230388,0.9124191495230392,1.7288236672481017,-0.5776581893550843,-0.5765804684883443,-0.5767344287272242,0
0.2945851206228141,-0.5646648934149681,0.3413519501232164,-1.2258476714090278,0.8077365626180215,0.646091668153197,0.9702425509371356,-0.0360715672329494,1.412812421522078,-0.3785302066476931,0.9972039090469852,-0.5787359118286177,-0.5738091541336192,1.0959875190286648,-1.0959875190286648,-0.5784279906300535,-0.5776581893550843,1.7343632929879855,-0.5767344287272242,0
-0.5641972633895778,-0.8507256655188732,0.3413519501232164,0.7189759531548459,4.246376675934418,0.646091668153197,-1.0306701134001208,-1.0114919151891273,-0.721130416342303,-1.2815305206990062,-1.002803930999114,-0.5787359118286177,1.7427397119690018,-0.9124191495230388,0.9124191495230392,-0.5784279906300535,-0.5776581893550843,-0.5765804684883443,1.733900301750437,1
0.1186899335359386,-0.6600184841162697,1.378685672134612,-1.2258476714090278,0.8077365626180215,-1.5477679860172513,-1.0306701134001208,-0.6086299793363374,-1.43244469563043,0.2810141403799815,0.9972039090469852,-0.5787359118286177,-0.5738091541336192,-0.9124191495230388,0.9124191495230392,-0.5784279906300535,-0.5776581893550843,1.7343632929879855,-0.5767344287272242,0
0.2118109149348727,-0.3739577120123647,-1.3875375865624426,1.095658848139144,-0.9115834940401768,0.646091668153197,0.9702425509371356,1.372375763987538,1.412812421522078,0.551028940169835,-1.002803930999114,1.7279038324066065,-0.5738091541336192,-0.9124191495230388,0.9124191495230392,-0.5784279906300535,-0.5776581893550843,1.7343632929879855,-0.5767344287272242,0
0.8740045604384039,0.4842246042993504,1.378685672134612,0.7083299461159868,-0.9115834940401768,0.646091668153197,-1.0306701134001208,-0.4391400844148583,-0.721130416342303,-0.3829566787753957,0.9972039090469852,-0.5787359118286177,-0.5738091541336192,-0.9124191495230388,0.9124191495230392,-0.5784279906300535,-0.5776581893550843,-0.5765804684883443,1.733900301750437,0
-1.060842497517226,-0.278604121311063,-1.0417596792253108,0.5197262951234147,0.8077365626180215,0.646091668153197,0.9702425509371356,0.7019899635859368,0.7014981422339509,0.8564555169813085,-1.002803930999114,1.7279038324066065,-0.5738091541336192,1.0959875190286648,-1.0959875190286648,-0.5784279906300535,-0.5776581893550843,-0.5765804684883443,1.733900301750437,0
0.3566657748887701,0.3888710135980487,0.3413519501232164,0.654174185115798,-0.9115834940401768,-1.5477679860172513,-1.0306701134001208,-0.5458148224136041,0.7014981422339509,1.6310881393292485,-1.002803930999114,-0.5787359118286177,1.7427397119690018,1.0959875190286648,-1.0959875190286648,1.7288236672481017,-0.5776581893550843,-0.5765804684883443,-0.5767344287272242,0
-1.4954070773789183,-0.4693113027136664,0.6871298574603482,-1.2258476714090278,0.8077365626180215,-1.5477679860172513,-1.0306701134001208,0.2739091076999546,-1.43244469563043,1.427470421454933,0.9972039090469852,-0.5787359118286177,-0.5738091541336192,-0.9124191495230388,0.9124191495230392,1.7288236672481017,-0.5776581893550843,-0.5765804684883443,-0.5767344287272242,0
-1.3919393202689916,-0.1832505306097613,1.03290776479748,0.5875094259466079,-0.9115834940401768,-1.5477679860172513,-1.0306701134001208,-1.681983788495411,-0.721130416342303,-1.038074553675368,0.9972039090469852,-0.5787359118286177,-0.5738091541336192,1.0959875190286648,-1.0959875190286648,1.7288236672481017,-0.5776581893550843,-0.5765804684883443,-0.5767344287272242,0
-2.054132965772523,-0.3739577120123647,1.03290776479748,-1.2258476714090278,0.8077365626180215,0.646091668153197,0.9702425509371356,0.8611827878128913,-1.43244469563043,-0.4095155115416107,0.9972039090469852,-0.5787359118286177,-0.5738091541336192,1.0959875190286648,-1.0959875190286648,-0.5784279906300535,-0.5776581893550843,1.7343632929879855,-0.5767344287272242,0
-1.3608989931360136,0.7702853764032556,0.3413519501232164,1.2951527593091106,0.8077365626180215,-1.5477679860172513,-1.0306701134001208,0.8205554741995548,-1.43244469563043,1.4496027820934454,-1.002803930999114,-0.5787359118286177,1.7427397119690018,1.0959875190286648,-1.0959875190286648,-0.5784279906300535,-0.5776581893550843,1.7343632929879855,-0.5767344287272242,1
-0.367608524880717,-0.8507256655188732,1.03290776479748,-1.2258476714090278,0.8077365626180215,-1.5477679860172513,-1.0306701134001208,-1.685117460323735,-0.721130416342303,-0.7547803375024069,0.9972039090469852,-0.5787359118286177,-0.5738091541336192,-0.9124191495230388,0.9124191495230392,-0.5784279906300535,1.731127539482183,-0.5765804684883443,-0.5767344287272242,0
0.6877625976405357,-0.0878969399084596,0.6871298574603482,0.3361392894650292,-0.9115834940401768,-1.5477679860172513,-1.0306701134001208,1.549107308278672,-0.721130416342303,0.3075729731461966,0.9972039090469852,-0.5787359118286177,-0.5738091541336192,-0.9124191495230388,0.9124191495230392,-0.5784279906300535,-0.5776581893550843,1.7343632929879855,-0.5767344287272242,0
-1.567834507355867,0.4842246042993504,0.3413519501232164,0.0182939945116933,0.8077365626180215,0.646091668153197,-1.0306701134001208,0.1414150074715122,0.7014981422339509,-0.2722948755828328,-1.002803930999114,1.7279038324066065,-0.5738091541336192,1.0959875190286648,-1.0959875190286648,-0.5784279906300535,-0.5776581893550843,1.7343632929879855,-0.5767344287272242,0
0.4083996534437335,-0.7553720748175714,-1.0417596792253108,0.9740404984923184,0.8077365626180215,0.646091668153197,-1.0306701134001208,-0.7773398036833835,1.412812421522078,-0.4006625672862057,-1.002803930999114,1.7279038324066065,-0.5738091541336192,-0.9124191495230388,0.9124191495230392,-0.5784279906300535,-0.5776581893550843,-0.5765804684883443,1.733900301750437,0
-0.0572052535509367,0.5795781950006521,0.3413519501232164,1.2650472778159023,-0.9115834940401768,-1.5477679860172513,0.9702425509371356,-1.6804907688895074,-0.009816137054176,0.9007202382583336,0.9972039090469852,-0.5787359118286177,-0.5738091541336192,-0.9124191495230388,0.9124191495230392,-0.5784279906300535,-0.5776581893550843,1.7343632929879855,-0.5767344287272242,0
-1.0298021703842482,-0.0878969399084596,1.7244635794717436,-1.2258476714090278,0.8077365626180215,0.646091668153197,0.9702425509371356,-1.7367085389210246,-0.721130416342303,1.3522203952839902,0.9972039090469852,-0.5787359118286177,-0.5738091541336192,1.0959875190286648,-1.0959875190286648,-0.5784279906300535,-0.5776581893550843,-0.5765804684883443,1.733900301750437,0
-1.1125763760721894,-0.278604121311063,-0.695981771888179,-1.2258476714090278,0.8077365626180215,-1.5477679860172513,-1.0306701134001208,-1.2880145876351567,-0.721130416342303,-1.5559717926165622,0.9972039090469852,-0.5787359118286177,-0.5738091541336192,1.0959875190286648,-1.0959875190286648,1.7288236672481017,-0.5776581893550843,-0.5765804684883443,-0.5767344287272242,0
-0.8642537590083653,0.7702853764032556,-1.0417596792253108,-1.2258476714090278,-0.9115834940401768,-1.5477679860172513,-1.0306701134001208,0.1879784042768741,1.412812421522078,-0.2722948755828328,0.9972039090469852,-0.5787359118286177,-0.5738091541336192,1.0959875190286648,-1.0959875190286648,1.7288236672481017,-0.5776581893550843,-0.5765804684883443,-0.5767344287272242,1
-0.4400359548576657,0.4842246042993504,-0.0044259572139154,0.7959374886615374,-0.9115834940401768,-1.5477679860172513,0.9702425509371356,0.5622637779382619,-1.43244469563043,0.9361320152799536,-1.002803930999114,1.7279038324066065,-0.5738091541336192,1.0959875190286648,-1.0959875190286648,1.7288236672481017,-0.5776581893550843,-0.5765804684883443,-0.5767344287272242,1
-0.3883020763027023,1.1516997392084622,0.6871298574603482,1.134338191770866,-0.9115834940401768,0.646091668153197,0.9702425509371356,-0.807881496851529,-1.43244469563043,0.276587668252279,-1.002803930999114,1.7279038324066065,-0.5738091541336192,1.0959875190286648,-1.0959875190286648,-0.5784279906300535,-0.5776581893550843,-0.5765804684883443,1.733900301750437,1
-1.1436167032051676,-0.7553720748175714,0.6871298574603482,-1.2258476714090278,-0.9115834940401768,-1.5477679860172513,0.9702425509371356,1.442615154787986,-1.43244469563043,-0.6618244228206541,0.9972039090469852,-0.5787359118286177,-0.5738091541336192,1.0959875190286648,-1.0959875190286648,-0.5784279906300535,1.731127539482183,-0.5765804684883443,-0.5767344287272242,1
1.4844643273869715,-0.0878969399084596,1.378685672134612,1.6523215273979577,-0.9115834940401768,0.646091668153197,-1.0306701134001208,-1.3301542226452487,0.7014981422339509,0.9184261267691436,-1.002803930999114,-0.5787359118286177,1.7427397119690018,-0.9124191495230388,0.9124191495230392,-0.5784279906300535,-0.5776581893550843,1.7343632929879855,-0.5767344287272242,0
-1.8782377786856477,1.247053329909764,1.03290776479748,1.0098258270830065,2.52705661927622,-1.5477679860172513,-1.0306701134001208,0.8695035985701816,0.7014981422339509,0.1570729208043111,-1.002803930999114,1.7279038324066065,-0.5738091541336192,1.0959875190286648,-1.0959875190286648,-0.5784279906300535,1.731127539482183,-0.5765804684883443,-0.5767344287272242,1
1.2982223645891036,0.007456650792842,1.03290776479748,0.7809314669371665,0.8077365626180215,0.646091668153197,-1.0306701134001208,0.7721730140238975,-0.009816137054176,-0.5777214523943063,0.9972039090469852,-0.5787359118286177,-0.5738091541336192,-0.9124191495230388,0.9124191495230392,-0.5784279906300535,-0.5776581893550843,-0.5765804684883443,1.733900301750437,0
0.6256819433745797,-1.3274936190253817,0.6871298574603482,-1.2258476714090278,2.52705661927622,0.646091668153197,0.9702425509371356,-1.572156250767497,-0.009816137054176,1.144176205281972,0.9972039090469852,-0.5787359118286177,-0.5738091541336192,1.0959875190286648,-1.0959875190286648,-0.5784279906300535,-0.5776581893550843,1.7343632929879855,-0.5767344287272242,0
0.7291497004845064,0.2935174228967471,-0.3502038645510472,0.4239303424066582,-0.9115834940401768,-1.5477679860172513,-1.0306701134001208,-1.7198132118852454,-0.721130416342303,0.8166172678319858,0.9972039090469852,-0.5787359118286177,-0.5738091541336192,-0.9124191495230388,0.9124191495230392,1.7288236672481017,-0.5776581893550843,-0.5765804684883443,-0.5767344287272242,0
1.598278860207891,0.5795781950006521,1.378685672134612,0.6426883575743627,-0.9115834940401768,0.646091668153197,-1.0306701134001208,1.553507421032898,-1.43244469563043,1.2327056478360223,-1.002803930999114,1.7279038324066065,-0.5738091541336192,1.0959875190286648,-1.0959875190286648,-0.5784279906300535,1.731127539482183,-0.5765804684883443,-0.5767344287272242,1
1.4844643273869715,-0.8507256655188732,-1.3875375865624426,1.257882038272263,-0.9115834940401768,-1.5477679860172513,0.9702425509371356,0.9855774392638148,0.7014981422339509,-0.7326479768638944,-1.002803930999114,-0.5787359118286177,1.7427397119690018,1.0959875190286648,-1.0959875190286648,-0.5784279906300535,-0.5776581893550843,1.7343632929879855,-0.5767344287272242,0
1.8466014772717152,1.0563461485071606,0.6871298574603482,-1.2258476714090278,0.8077365626180215,-1.5477679860172513,0.9702425509371356,1.3627519954027336,-0.721130416342303,-1.2151334387834685,-1.002803930999114,-0.5787359118286177,1.7427397119690018,-0.9124191495230388,0.9124191495230392,-0.5784279906300535,-0.5776581893550843,-0.5765804684883443,1.733900301750437,0
0.8636577847274112,1.4377605113123673,-0.695981771888179,-1.2258476714090278,-0.9115834940401768,0.646091668153197,-1.0306701134001208,0.5341083773454499,0.7014981422339509,-0.4493537606909334,0.9972039090469852,-0.5787359118286177,-0.5738091541336192,1.0959875190286648,-1.0959875190286648,-0.5784279906300535,-0.5776581893550843,-0.5765804684883443,1.733900301750437,1
-0.6262779176555339,-1.1367864376227783,1.03290776479748,0.7550948058802404,0.8077365626180215,0.646091668153197,-1.0306701134001208,-1.7113092949498727,-1.43244469563043,1.6133822508184386,-1.002803930999114,1.7279038324066065,-0.5738091541336192,1.0959875190286648,-1.0959875190286648,-0.5784279906300535,-0.5776581893550843,-0.5765804684883443,1.733900301750437,0
-0.6676650204995045,-0.0878969399084596,0.3413519501232164,-1.2258476714090278,0.8077365626180215,0.646091668153197,0.9702425509371356,-1.080803081128602,0.7014981422339509,-1.5692512089996695,0.9972039090469852,-0.5787359118286177,-0.5738091541336192,1.0959875190286648,-1.0959875190286648,-0.5784279906300535,-0.5776581893550843,1.7343632929879855,-0.5767344287272242,0
0.1807705878018947,1.3424069206110656,1.7244635794717436,0.540981446850829,-0.9115834940401768,-1.5477679860172513,-1.0306701134001208,1.458768840941028,0.7014981422339509,0.3341318059124117,0.9972039090469852,-0.5787359118286177,-0.5738091541336192,1.0959875190286648,-1.0959875190286648,-0.5784279906300535,-0.5776581893550843,-0.5765804684883443,1.733900301750437,1
0.6877625976405357,-0.3739577120123647,-0.0044259572139154,0.4283857183896954,-0.9115834940401768,0.646091668153197,-1.0306701134001208,1.253441954337663,0.7014981422339509,1.2105732871975097,-1.002803930999114,1.7279038324066065,-0.5738091541336192,1.0959875190286648,-1.0959875190286648,-0.5784279906300535,1.731127539482183,-0.5765804684883443,-0.5767344287272242,0
-1.040148946095241,0.4842246042993504,1.378685672134612,-1.2258476714090278,0.8077365626180215,0.646091668153197,-1.0306701134001208,-1.2838860910729202,0.7014981422339509,-1.3744864353807589,0.9972039090469852,-0.5787359118286177,-0.5738091541336192,-0.9124191495230388,0.9124191495230392,-0.5784279906300535,-0.5776581893550843,-0.5765804684883443,1.733900301750437,0
-0.9263344132743214,-0.6600184841162697,0.3413519501232164,1.44786818767232,-0.9115834940401768,0.646091668153197,-1.0306701134001208,0.6844613291422027,1.412812421522078,-1.3744864353807589,-1.002803930999114,1.7279038324066065,-0.5738091541336192,-0.9124191495230388,0.9124191495230392,-0.5784279906300535,1.731127539482183,-0.5765804684883443,-0.5767344287272242,0
-0.6262779176555339,2.009882055520177,0.3413519501232164,1.1421857053373052,-0.9115834940401768,0.646091668153197,-1.0306701134001208,-0.2066543608526707,-0.009816137054176,-1.4054717402746766,0.9972039090469852,-0.5787359118286177,-0.5738091541336192,1.0959875190286648,-1.0959875190286648,-0.5784279906300535,-0.5776581893550843,-0.5765804684883443,1.733900301750437,1
-0.0468584778399441,0.6749317857019538,-1.3875375865624426,1.51200803611678,0.8077365626180215,0.646091668153197,-1.0306701134001208,-0.9572457100646374,-0.721130416342303,0.3651171108063293,-1.002803930999114,1.7279038324066065,-0.5738091541336192,-0.9124191495230388,0.9124191495230392,-0.5784279906300535,-0.5776581893550843,1.7343632929879855,-0.5767344287272242,0
-1.412632871690977,-0.0878969399084596,-0.3502038645510472,0.5728808426351315,-0.9115834940401768,0.646091668153197,-1.0306701134001208,-1.4497754194954662,-1.43244469563043,-1.1974275502726583,0.9972039090469852,-0.5787359118286177,-0.5738091541336192,-0.9124191495230388,0.9124191495230392,-0.5784279906300535,1.731127539482183,-0.5765804684883443,-0.5767344287272242,1
1.1119804017912354,-0.3739577120123647,0.6871298574603482,-1.2258476714090278,0.8077365626180215,0.646091668153197,-1.0306701134001208,-0.3849646525234923,-0.009816137054176,-0.205897793667295,0.9972039090469852,-0.5787359118286177,-0.5738091541336192,-0.9124191495230388,0.9124191495230392,1.7288236672481017,-0.5776581893550843,-0.5765804684883443,-0.5767344287272242,0
0.5015206348426676,0.007456650792842,-1.3875375865624426,-1.2258476714090278,0.8077365626180215,-1.5477679860172513,-1.0306701134001208,-0.1089179170284712,1.412812421522078,-1.1354569404848232,0.9972039090469852,-0.5787359118286177,-0.5738091541336192,1.0959875190286648,-1.0959875190286648,-0.5784279906300535,1.731127539482183,-0.5765804684883443,-0.5767344287272242,0
1.215448158901162,-0.9460792562201747,-1.0417596792253108,0.3125094010226014,0.8077365626180215,0.646091668153197,0.9702425509371356,-0.4591303058072496,1.412812421522078,0.1083817273995834,0.9972039090469852,-0.5787359118286177,-0.5738091541336192,-0.9124191495230388,0.9124191495230392,1.7288236672481017,-0.5776581893550843,-0.5765804684883443,-0.5767344287272242,0
-0.5228101605456071,0.6749317857019538,1.7244635794717436,0.3047766415553697,-0.9115834940401768,-1.5477679860172513,-1.0306701134001208,-1.3954335748667543,-0.721130416342303,-1.0779128028246905,0.9972039090469852,-0.5787359118286177,-0.5738091541336192,-0.9124191495230388,0.9124191495230392,1.7288236672481017,-0.5776581893550843,-0.5765804684883443,-0.5767344287272242,0
1.898335355826679,-1.0414328469214764,0.3413519501232164,-1.2258476714090278,-0.9115834940401768,0.646091668153197,-1.0306701134001208,-0.4486833419261086,-0.721130416342303,-0.927412750482805,0.9972039090469852,-0.5787359118286177,-0.5738091541336192,1.0959875190286648,-1.0959875190286648,-0.5784279906300535,-0.5776581893550843,1.7343632929879855,-0.5767344287272242,0
0.1911173635128873,-0.0878969399084596,1.03290776479748,-1.2258476714090278,0.8077365626180215,0.646091668153197,-1.0306701134001208,-0.278938350363369,0.7014981422339509,0.8564555169813085,0.9972039090469852,-0.5787359118286177,-0.5738091541336192,1.0959875190286648,-1.0959875190286648,-0.5784279906300535,-0.5776581893550843,1.7343632929879855,-0.5767344287272242,0
-1.1746570303381456,0.7702853764032556,0.3413519501232164,0.4275625660803002,-0.9115834940401768,0.646091668153197,-1.0306701134001208,-1.4577303656766067,-0.009816137054176,-1.0602069143138804,-1.002803930999114,1.7279038324066065,-0.5738091541336192,1.0959875190286648,-1.0959875190286648,-0.5784279906300535,-0.5776581893550843,-0.5765804684883443,1.733900301750437,1
0.2531980177788434,1.4377605113123673,-1.0417596792253108,-1.2258476714090278,-0.9115834940401768,0.646091668153197,-1.0306701134001208,0.8606412943289894,1.412812421522078,0.6439848548515877,0.9972039090469852,-0.5787359118286177,-0.5738091541336192,-0.9124191495230388,0.9124191495230392,-0.5784279906300535,-0.5776581893550843,-0.5765804684883443,1.733900301750437,1
-0.4503827305686584,-0.278604121311063,1.03290776479748,1.0727881638418886,-0.9115834940401768,0.646091668153197,-1.0306701134001208,-0.0384509042079761,-1.43244469563043,0.1526464486766086,-1.002803930999114,1.7279038324066065,-0.5738091541336192,-0.9124191495230388,0.9124191495230392,-0.5784279906300535,-0.5776581893550843,-0.5765804684883443,1.733900301750437,0
0.3049318963338068,-0.6600184841162697,-0.0044259572139154,0.2640581688674878,-0.9115834940401768,0.646091668153197,-1.0306701134001208,0.2933065380561795,-1.43244469563043,0.0508375897394507,0.9972039090469852,-0.5787359118286177,-0.5738091541336192,-0.9124191495230388,0.9124191495230392,-0.5784279906300535,1.731127539482183,-0.5765804684883443,-0.5767344287272242,0
-0.7918263290314166,-0.4693113027136664,-0.0044259572139154,-1.2258476714090278,0.8077365626180215,-1.5477679860172513,-1.0306701134001208,-1.2488846408779155,1.412812421522078,0.0862493667610709,-1.002803930999114,-0.5787359118286177,1.7427397119690018,-0.9124191495230388,0.9124191495230392,1.7288236672481017,-0.5776581893550843,-0.5765804684883443,-0.5767344287272242,0
-0.2434472163488049,1.247053329909764,-1.3875375865624426,-0.0061556805472759,0.8077365626180215,-1.5477679860172513,0.9702425509371356,1.3415285460759063,0.7014981422339509,-1.073486330696988,-1.002803930999114,1.7279038324066065,-0.5738091541336192,-0.9124191495230388,0.9124191495230392,-0.5784279906300535,-0.5776581893550843,1.7343632929879855,-0.5767344287272242,0
-0.3572617491697243,-0.9460792562201747,1.378685672134612,-1.2258476714090278,-0.9115834940401768,0.646091668153197,0.9702425509371356,1.1632232972153074,-0.721130416342303,-1.3125158255929237,0.9972039090469852,-0.5787359118286177,-0.5738091541336192,-0.9124191495230388,0.9124191495230392,-0.5784279906300535,-0.5776581893550843,1.7343632929879855,-0.5767344287272242,0
-1.5781812830668598,-0.8507256655188732,-1.3875375865624426,-1.2258476714090278,0.8077365626180215,-1.5477679860172513,-1.0306701134001208,0.6208793172856193,1.412812421522078,-1.0425010258030705,0.9972039090469852,-0.5787359118286177,-0.5738091541336192,1.0959875190286648,-1.0959875190286648,-0.5784279906300535,1.731127539482183,-0.5765804684883443,-0.5767344287272242,0
-0.5124633848346144,-0.0878969399084596,-1.7333154938995745,-1.2258476714090278,0.8077365626180215,0.646091668153197,-1.0306701134001208,1.1321354155330523,0.7014981422339509,0.2234700027198488,0.9972039090469852,-0.5787359118286177,-0.5738091541336192,1.0959875190286648,-1.0959875190286648,-0.5784279906300535,-0.5776581893550843,1.7343632929879855,-0.5767344287272242,0
1.215448158901162,-1.3274936190253817,0.3413519501232164,-1.2258476714090278,0.8077365626180215,0.646091668153197,0.9702425509371356,-1.3715499562025042,-0.009816137054176,1.4230439493272304,0.9972039090469852,-0.5787359118286177,-0.5738091541336192,-0.9124191495230388,0.9124191495230392,-0.5784279906300535,-0.5776581893550843,1.7343632929879855,-0.5767344287272242,0
-0.6366246933665265,0.6749317857019538,1.7244635794717436,0.4928810481079559,0.8077365626180215,0.646091668153197,-1.0306701134001208,-1.096654024778281,1.412812421522078,-1.4630158779348093,0.9972039090469852,-0.5787359118286177,-0.5738091541336192,1.0959875190286648,-1.0959875190286648,-0.5784279906300535,1.731127539482183,-0.5765804684883443,-0.5767344287272242,0
-0.6262779176555339,-0.6600184841162697,1.378685672134612,-1.2258476714090278,0.8077365626180215,0.646091668153197,-1.0306701134001208,0.6746742778401907,-1.43244469563043,-0.6839567834591667,0.9972039090469852,-0.5787359118286177,-0.5738091541336192,-0.9124191495230388,0.9124191495230392,-0.5784279906300535,-0.5776581893550843,-0.5765804684883443,1.733900301750437,0
-1.6816490401767863,-0.7553720748175714,1.03290776479748,0.3382154411425812,-0.9115834940401768,-1.5477679860172513,-1.0306701134001208,0.4194277433933147,-0.721130416342303,0.4669259697434871,0.9972039090469852,-0.5787359118286177,-0.5738091541336192,1.0959875190286648,-1.0959875190286648,-0.5784279906300535,-0.5776581893550843,-0.5765804684883443,1.733900301750437,0
-1.5161006288009038,0.6749317857019538,-1.0417596792253108,1.3988292414364911,-0.9115834940401768,0.646091668153197,0.9702425509371356,1.1308468905761753,-0.721130416342303,-0.644118534309844,-1.002803930999114,-0.5787359118286177,1.7427397119690018,1.0959875190286648,-1.0959875190286648,-0.5784279906300535,1.731127539482183,-0.5765804684883443,-0.5767344287272242,1
1.3499562431440668,-0.3739577120123647,-1.3875375865624426,-1.2258476714090278,0.8077365626180215,-1.5477679860172513,-1.0306701134001208,-1.0080810626885683,-1.43244469563043,-0.8123244751625396,-1.002803930999114,-0.5787359118286177,1.7427397119690018,-0.9124191495230388,0.9124191495230392,-0.5784279906300535,-0.5776581893550843,1.7343632929879855,-0.5767344287272242,0
-0.0261649264179587,-0.5646648934149681,0.6871298574603482,0.9369145022481854,-0.9115834940401768,0.646091668153197,0.9702425509371356,0.2946764435366487,-0.721130416342303,-1.7153247892138526,0.9972039090469852,-0.5787359118286177,-0.5738091541336192,-0.9124191495230388,0.9124191495230392,-0.5784279906300535,-0.5776581893550843,1.7343632929879855,-0.5767344287272242,0
-1.350552217425021,2.105235646221479,1.03290776479748,0.91861619182841,0.8077365626180215,0.646091668153197,0.9702425509371356,-0.1701727589123307,-0.009816137054176,0.6616907433623979,-1.002803930999114,1.7279038324066065,-0.5738091541336192,-0.9124191495230388,0.9124191495230392,-0.5784279906300535,1.731127539482183,-0.5765804684883443,-0.5767344287272242,0
0.1290367092469313,-0.3739577120123647,-0.0044259572139154,-1.2258476714090278,0.8077365626180215,0.646091668153197,0.9702425509371356,-0.6513102383802932,1.412812421522078,-1.5692512089996695,-1.002803930999114,-0.5787359118286177,1.7427397119690018,-0.9124191495230388,0.9124191495230392,-0.5784279906300535,-0.5776581893550843,-0.5765804684883443,1.733900301750437,0
-1.857544227263662,-1.1367864376227783,-0.3502038645510472,-1.2258476714090278,0.8077365626180215,0.646091668153197,-1.0306701134001208,0.3921541390294263,0.7014981422339509,-1.1531628289956333,0.9972039090469852,-0.5787359118286177,-0.5738091541336192,1.0959875190286648,-1.0959875190286648,-0.5784279906300535,-0.5776581893550843,1.7343632929879855,-0.5767344287272242,0
0.553254513397631,-0.278604121311063,0.6871298574603482,0.6978377993218743,0.8077365626180215,-1.5477679860172513,0.9702425509371356,0.0088943020718956,-1.43244469563043,-1.1443098847402282,0.9972039090469852,-0.5787359118286177,-0.5738091541336192,-0.9124191495230388,0.9124191495230392,-0.5784279906300535,1.731127539482183,-0.5765804684883443,-0.5767344287272242,0
-0.8539069832973727,-0.7553720748175714,-1.3875375865624426,-0.238703740692587,0.8077365626180215,0.646091668153197,0.9702425509371356,-0.6658874377237476,1.412812421522078,1.418617477199528,-1.002803930999114,1.7279038324066065,-0.5738091541336192,1.0959875190286648,-1.0959875190286648,-0.5784279906300535,-0.5776581893550843,-0.5765804684883443,1.733900301750437,0
-0.6883585719214899,-0.3739577120123647,-0.695981771888179,1.1191039440167876,-0.9115834940401768,0.646091668153197,0.9702425509371356,0.0930873226482726,-1.43244469563043,-1.392192323891569,0.9972039090469852,-0.5787359118286177,-0.5738091541336192,-0.9124191495230388,0.9124191495230392,-0.5784279906300535,1.731127539482183,-0.5765804684883443,-0.5767344287272242,0
0.0462625035589899,-0.1832505306097613,-0.3502038645510472,-1.2258476714090278,0.8077365626180215,0.646091668153197,0.9702425509371356,0.7360021535272739,-0.009816137054176,0.7413672416610431,0.9972039090469852,-0.5787359118286177,-0.5738091541336192,-0.9124191495230388,0.9124191495230392,-0.5784279906300535,-0.5776581893550843,1.7343632929879855,-0.5767344287272242,0
-0.3158746463257536,-0.5646648934149681,1.378685672134612,0.8198260546404459,-0.9115834940401768,0.646091668153197,0.9702425509371356,1.6106967145372997,-0.721130416342303,-0.6219861736713315,0.9972039090469852,-0.5787359118286177,-0.5738091541336192,1.0959875190286648,-1.0959875190286648,1.7288236672481017,-0.5776581893550843,-0.5765804684883443,-0.5767344287272242,0
0.3152786720447995,-0.5646648934149681,1.7244635794717436,-1.2258476714090278,-0.9115834940401768,-1.5477679860172513,-1.0306701134001208,1.0128418274572957,-1.43244469563043,0.9361320152799536,-1.002803930999114,-0.5787359118286177,1.7427397119690018,-0.9124191495230388,0.9124191495230392,-0.5784279906300535,-0.5776581893550843,1.7343632929879855,-0.5767344287272242,0
1.2671820374561256,0.1981638321954454,0.6871298574603482,1.8231323629831824,-0.9115834940401768,0.646091668153197,0.9702425509371356,-0.739738350093612,-0.721130416342303,1.1308967888988644,0.9972039090469852,-0.5787359118286177,-0.5738091541336192,1.0959875190286648,-1.0959875190286648,1.7288236672481017,-0.5776581893550843,-0.5765804684883443,-0.5767344287272242,0
0.5636012891086236,0.6749317857019538,0.6871298574603482,-1.2258476714090278,0.8077365626180215,0.646091668153197,-1.0306701134001208,0.2987971150485399,-0.721130416342303,1.5027204476258755,-1.002803930999114,-0.5787359118286177,1.7427397119690018,-0.9124191495230388,0.9124191495230392,-0.5784279906300535,1.731127539482183,-0.5765804684883443,-0.5767344287272242,0
0.2118109149348727,0.5795781950006521,0.3413519501232164,0.3698789178849384,-0.9115834940401768,0.646091668153197,0.9702425509371356,0.1527138585002565,-0.009816137054176,1.3035292018792624,-1.002803930999114,1.7279038324066065,-0.5738091541336192,-0.9124191495230388,0.9124191495230392,-0.5784279906300535,-0.5776581893550843,1.7343632929879855,-0.5767344287272242,1
-1.4229796474019698,0.007456650792842,0.6871298574603482,0.2012044959064577,0.8077365626180215,0.646091668153197,0.9702425509371356,0.8111723693853736,-1.43244469563043,0.3031465010184941,-1.002803930999114,-0.5787359118286177,1.7427397119690018,-0.9124191495230388,0.9124191495230392,1.7288236672481017,-0.5776581893550843,-0.5765804684883443,-0.5767344287272242,0
1.9086821315376712,1.6284676927149706,-1.0417596792253108,-1.2258476714090278,0.8077365626180215,0.646091668153197,0.9702425509371356,-1.048036986982269,1.412812421522078,0.0818228946333683,0.9972039090469852,-0.5787359118286177,-0.5738091541336192,1.0959875190286648,-1.0959875190286648,-0.5784279906300535,-0.5776581893550843,1.7343632929879855,-0.5767344287272242,0
1.6086256359188835,-1.9949687539344931,-0.695981771888179,-1.2258476714090278,0.8077365626180215,0.646091668153197,0.9702425509371356,-0.2277211352825823,-0.721130416342303,0.714808408894828,-1.002803930999114,-0.5787359118286177,1.7427397119690018,-0.9124191495230388,0.9124191495230392,-0.5784279906300535,1.731127539482183,-0.5765804684883443,-0.5767344287272242,0
-0.5745440391005705,-0.1832505306097613,-1.0417596792253108,1.2917705585331822,-0.9115834940401768,0.646091668153197,-1.0306701134001208,0.6029964688962498,1.412812421522078,1.626661667201546,-1.002803930999114,-0.5787359118286177,1.7427397119690018,-0.9124191495230388,0.9124191495230392,-0.5784279906300535,1.731127539482183,-0.5765804684883443,-0.5767344287272242,0
-0.0882455806839148,0.007456650792842,1.03290776479748,0.829853896091817,-0.9115834940401768,0.646091668153197,-1.0306701134001208,-0.6659549070467258,-1.43244469563043,-1.4453099894239991,-1.002803930999114,1.7279038324066065,-0.5738091541336192,1.0959875190286648,-1.0959875190286648,-0.5784279906300535,1.731127539482183,-0.5765804684883443,-0.5767344287272242,1
1.308569140300096,-0.3739577120123647,0.6871298574603482,0.7441675230814535,-0.9115834940401768,0.646091668153197,0.9702425509371356,-0.4159546341314258,-0.721130416342303,0.0773964225056658,-1.002803930999114,1.7279038324066065,-0.5738091541336192,-0.9124191495230388,0.9124191495230392,1.7288236672481017,-0.5776581893550843,-0.5765804684883443,-0.5767344287272242,0
-0.1606730106608635,-1.1367864376227783,1.03290776479748,0.8171528931590587,-0.9115834940401768,0.646091668153197,0.9702425509371356,0.9185880527068256,1.412812421522078,-0.5777214523943063,0.9972039090469852,-0.5787359118286177,-0.5738091541336192,1.0959875190286648,-1.0959875190286648,1.7288236672481017,-0.5776581893550843,-0.5765804684883443,-0.5767344287272242,1
-0.3883020763027023,-0.5646648934149681,-0.695981771888179,1.2701568803812906,0.8077365626180215,0.646091668153197,0.9702425509371356,-0.7362334230989005,0.7014981422339509,0.1172346716549885,-1.002803930999114,1.7279038324066065,-0.5738091541336192,-0.9124191495230388,0.9124191495230392,-0.5784279906300535,-0.5776581893550843,1.7343632929879855,-0.5767344287272242,0
-0.0882455806839148,-0.278604121311063,0.3413519501232164,-1.2258476714090278,0.8077365626180215,0.646091668153197,0.9702425509371356,-0.0374150414322521,0.7014981422339509,-1.4231776287854867,-1.002803930999114,-0.5787359118286177,1.7427397119690018,1.0959875190286648,-1.0959875190286648,-0.5784279906300535,-0.5776581893550843,1.7343632929879855,-0.5767344287272242,0
-0.0882455806839148,-1.23214002832408,-1.7333154938995745,-1.2258476714090278,-0.9115834940401768,-1.5477679860172513,-1.0306701134001208,-0.9149667891583972,1.412812421522078,0.0419846454840457,0.9972039090469852,-0.5787359118286177,-0.5738091541336192,-0.9124191495230388,0.9124191495230392,-0.5784279906300535,-0.5776581893550843,-0.5765804684883443,1.733900301750437,0
-0.1710197863718562,0.1981638321954454,1.03290776479748,-0.1325746301012897,-0.9115834940401768,0.646091668153197,0.9702425509371356,-1.6294846562780387,-0.009816137054176,1.3477939231562877,0.9972039090469852,-0.5787359118286177,-0.5738091541336192,1.0959875190286648,-1.0959875190286648,-0.5784279906300535,-0.5776581893550843,-0.5765804684883443,1.733900301750437,0
1.308569140300096,0.6749317857019538,-1.7333154938995745,0.4948676082471603,-0.9115834940401768,0.646091668153197,-1.0306701134001208,-1.73199559804299,-1.43244469563043,-1.5426923762334546,-1.002803930999114,1.7279038324066065,-0.5738091541336192,1.0959875190286648,-1.0959875190286648,-0.5784279906300535,-0.5776581893550843,-0.5765804684883443,1.733900301750437,0
0.170423812090902,-1.0414328469214764,0.3413519501232164,1.431416520731683,-0.9115834940401768,0.646091668153197,-1.0306701134001208,0.8172945148856123,1.412812421522078,-0.8964274455888874,0.9972039090469852,-0.5787359118286177,-0.5738091541336192,-0.9124191495230388,0.9124191495230392,1.7288236672481017,-0.5776581893550843,-0.5765804684883443,-0.5767344287272242,0
-2.2610684799923764,0.2935174228967471,1.378685672134612,1.2199444292370911,-0.9115834940401768,0.646091668153197,-1.0306701134001208,0.1769330848793212,-0.009816137054176,-0.7503538653747044,0.9972039090469852,-0.5787359118286177,-0.5738091541336192,-0.9124191495230388,0.9124191495230392,1.7288236672481017,-0.5776581893550843,-0.5765804684883443,-0.5767344287272242,1
-0.2537939920597976,-0.278604121311063,-1.0417596792253108,1.6858157807817131,0.8077365626180215,0.646091668153197,0.9702425509371356,-0.7400602204978197,-1.43244469563043,-1.5028541270841318,-1.002803930999114,1.7279038324066065,-0.5738091541336192,-0.9124191495230388,0.9124191495230392,1.7288236672481017,-0.5776581893550843,-0.5765804684883443,-0.5767344287272242,0
1.443077224543001,-0.5646648934149681,1.7244635794717436,0.9397468129202324,-0.9115834940401768,-1.5477679860172513,-1.0306701134001208,1.6539504628265695,-0.009816137054176,-0.3741037345199906,0.9972039090469852,-0.5787359118286177,-0.5738091541336192,1.0959875190286648,-1.0959875190286648,1.7288236672481017,-0.5776581893550843,-0.5765804684883443,-0.5767344287272242,0
1.1016336260802426,-0.0878969399084596,-1.7333154938995745,-1.2258476714090278,-0.9115834940401768,0.646091668153197,-1.0306701134001208,-0.2926078438667563,-1.43244469563043,-0.3077066526044529,0.9972039090469852,-0.5787359118286177,-0.5738091541336192,-0.9124191495230388,0.9124191495230392,-0.5784279906300535,-0.5776581893550843,1.7343632929879855,-0.5767344287272242,0
-0.0054713749959734,-1.80426157253189,1.03290776479748,-1.2258476714090278,0.8077365626180215,0.646091668153197,0.9702425509371356,0.2326545728289317,0.7014981422339509,0.7502201859164481,-1.002803930999114,-0.5787359118286177,1.7427397119690018,-0.9124191495230388,0.9124191495230392,-0.5784279906300535,-0.5776581893550843,1.7343632929879855,-0.5767344287272242,0
0.0359157278479972,-0.6600184841162697,1.378685672134612,0.7207352488908721,-0.9115834940401768,0.646091668153197,-1.0306701134001208,1.5646325559439744,-0.721130416342303,-1.3789129075084614,0.9972039090469852,-0.5787359118286177,-0.5738091541336192,-0.9124191495230388,0.9124191495230392,-0.5784279906300535,1.731127539482183,-0.5765804684883443,-0.5767344287272242,1
1.2257949346121548,-0.0878969399084596,-1.0417596792253108,-1.2258476714090278,0.8077365626180215,-1.5477679860172513,-1.0306701134001208,-0.4262317074750676,1.412812421522078,0.9848232086846814,0.9972039090469852,-0.5787359118286177,-0.5738091541336192,1.0959875190286648,-1.0959875190286648,-0.5784279906300535,-0.5776581893550843,-0.5765804684883443,1.733900301750437,0
1.5775853087859055,0.3888710135980487,-0.695981771888179,-1.2258476714090278,-0.9115834940401768,0.646091668153197,-1.0306701134001208,-0.4875667126524654,0.7014981422339509,-1.1310304683571206,-1.002803930999114,-0.5787359118286177,1.7427397119690018,-0.9124191495230388,0.9124191495230392,-0.5784279906300535,-0.5776581893550843,-0.5765804684883443,1.733900301750437,0
-1.0298021703842482,1.4377605113123673,-0.0044259572139154,0.424849016284667,-0.9115834940401768,0.646091668153197,-1.0306701134001208,1.3318221797374563,-0.721130416342303,-1.4054717402746766,-1.002803930999114,1.7279038324066065,-0.5738091541336192,-0.9124191495230388,0.9124191495230392,1.7288236672481017,-0.5776581893550843,-0.5765804684883443,-0.5767344287272242,1
0.5739480648196164,-0.4693113027136664,1.03290776479748,-1.2258476714090278,0.8077365626180215,0.646091668153197,0.9702425509371356,-1.0887300310185068,-1.43244469563043,0.8476025727259034,0.9972039090469852,-0.5787359118286177,-0.5738091541336192,-0.9124191495230388,0.9124191495230392,1.7288236672481017,-0.5776581893550843,-0.5765804684883443,-0.5767344287272242,0
0.5739480648196164,0.6749317857019538,0.6871298574603482,0.5577801006975882,-0.9115834940401768,0.646091668153197,0.9702425509371356,0.8534523336316602,-0.721130416342303,1.1308967888988644,-1.002803930999114,1.7279038324066065,-0.5738091541336192,1.0959875190286648,-1.0959875190286648,1.7288236672481017,-0.5776581893550843,-0.5765804684883443,-0.5767344287272242,1
-0.0261649264179587,1.1516997392084622,-1.0417596792253108,0.6425099758531093,-0.9115834940401768,0.646091668153197,-1.0306701134001208,-1.6688084903938385,-1.43244469563043,-1.6046629860212898,-1.002803930999114,1.7279038324066065,-0.5738091541336192,1.0959875190286648,-1.0959875190286648,-0.5784279906300535,-0.5776581893550843,1.7343632929879855,-0.5767344287272242,1
0.7498432519064918,-0.8507256655188732,-0.695981771888179,0.7634297038261321,-0.9115834940401768,0.646091668153197,-1.0306701134001208,1.0799974528616227,0.7014981422339509,1.4982939754981732,0.9972039090469852,-0.5787359118286177,-0.5738091541336192,-0.9124191495230388,0.9124191495230392,-0.5784279906300535,-0.5776581893550843,1.7343632929879855,-0.5767344287272242,0
-0.2951810949037682,-0.1832505306097613,-0.3502038645510472,-1.2258476714090278,0.8077365626180215,0.646091668153197,-1.0306701134001208,-1.6629230091940463,-0.009816137054176,1.2194262314529147,-1.002803930999114,-0.5787359118286177,1.7427397119690018,-0.9124191495230388,0.9124191495230392,-0.5784279906300535,-0.5776581893550843,1.7343632929879855,-0.5767344287272242,0
0.8119239061724478,0.007456650792842,0.3413519501232164,0.8162600229262628,-0.9115834940401768,0.646091668153197,0.9702425509371356,1.4760994146660198,-0.009816137054176,1.3079556740069649,-1.002803930999114,1.7279038324066065,-0.5738091541336192,-0.9124191495230388,0.9124191495230392,-0.5784279906300535,-0.5776581893550843,-0.5765804684883443,1.733900301750437,1
0.0048754007150192,0.1028102414941437,-0.3502038645510472,-1.2258476714090278,0.8077365626180215,0.646091668153197,0.9702425509371356,0.82816142313529,1.412812421522078,0.7280878252779356,0.9972039090469852,-0.5787359118286177,-0.5738091541336192,-0.9124191495230388,0.9124191495230392,-0.5784279906300535,-0.5776581893550843,-0.5765804684883443,1.733900301750437,0
0.6981093733515285,-0.7553720748175714,-1.7333154938995745,0.6669633371471091,0.8077365626180215,0.646091668153197,-1.0306701134001208,0.0534696144195012,0.7014981422339509,1.1663085659204846,0.9972039090469852,-0.5787359118286177,-0.5738091541336192,1.0959875190286648,-1.0959875190286648,-0.5784279906300535,1.731127539482183,-0.5765804684883443,-0.5767344287272242,0
-0.4503827305686584,0.007456650792842,1.7244635794717436,-1.2258476714090278,2.52705661927622,0.646091668153197,-1.0306701134001208,0.567766353341152,1.412812421522078,-0.5600155638834963,0.9972039090469852,-0.5787359118286177,-0.5738091541336192,1.0959875190286648,-1.0959875190286648,-0.5784279906300535,-0.5776581893550843,-0.5765804684883443,1.733900301750437,1
-0.7090521233434752,-0.9460792562201747,-1.7333154938995745,-1.2258476714090278,-0.9115834940401768,0.646091668153197,-1.0306701134001208,0.7377476614243227,-0.721130416342303,-1.126603996229418,0.9972039090469852,-0.5787359118286177,-0.5738091541336192,-0.9124191495230388,0.9124191495230392,-0.5784279906300535,1.731127539482183,-0.5765804684883443,-0.5767344287272242,0
-0.781479553320424,-1.23214002832408,0.6871298574603482,-1.2258476714090278,0.8077365626180215,0.646091668153197,-1.0306701134001208,0.2159260063105137,-0.721130416342303,-1.1531628289956333,-1.002803930999114,-0.5787359118286177,1.7427397119690018,1.0959875190286648,-1.0959875190286648,-0.5784279906300535,-0.5776581893550843,1.7343632929879855,-0.5767344287272242,0
2.063883767202561,-0.278604121311063,0.3413519501232164,-1.2258476714090278,0.8077365626180215,0.646091668153197,0.9702425509371356,1.566830873421011,-1.43244469563043,1.644367555712356,0.9972039090469852,-0.5787359118286177,-0.5738091541336192,1.0959875190286648,-1.0959875190286648,-0.5784279906300535,1.731127539482183,-0.5765804684883443,-0.5767344287272242,0
0.3049318963338068,-1.3274936190253817,-0.3502038645510472,0.7585728487669589,-0.9115834940401768,0.646091668153197,0.9702425509371356,-0.1726360847610645,-0.721130416342303,-0.2678684034551303,0.9972039090469852,-0.5787359118286177,-0.5738091541336192,1.0959875190286648,-1.0959875190286648,-0.5784279906300535,1.731127539482183,-0.5765804684883443,-0.5767344287272242,0
0.6670690462185503,-0.5646648934149681,-0.695981771888179,0.1401081954283949,-0.9115834940401768,0.646091668153197,0.9702425509371356,-0.5565017545053377,0.7014981422339509,0.1836317535705262,0.9972039090469852,-0.5787359118286177,-0.5738091541336192,1.0959875190286648,-1.0959875190286648,-0.5784279906300535,1.731127539482183,-0.5765804684883443,-0.5767344287272242,0
-1.3919393202689916,-0.5646648934149681,0.6871298574603482,0.6204044257312926,-0.9115834940401768,0.646091668153197,0.9702425509371356,-1.5456168100160157,0.7014981422339509,1.4894410312427682,0.9972039090469852,-0.5787359118286177,-0.5738091541336192,-0.9124191495230388,0.9124191495230392,1.7288236672481017,-0.5776581893550843,-0.5765804684883443,-0.5767344287272242,0
1.0085126446813086,0.1028102414941437,-1.7333154938995745,-1.2258476714090278,-0.9115834940401768,-1.5477679860172513,-1.0306701134001208,-0.6898821721029028,0.7014981422339509,0.5200436352759173,0.9972039090469852,-0.5787359118286177,-0.5738091541336192,-0.9124191495230388,0.9124191495230392,-0.5784279906300535,-0.5776581893550843,-0.5765804684883443,1.733900301750437,0
0.7601900276174844,-0.5646648934149681,1.378685672134612,0.6858408672799209,-0.9115834940401768,0.646091668153197,0.9702425509371356,1.687741638568151,-0.721130416342303,-1.3302217141037338,-1.002803930999114,1.7279038324066065,-0.5738091541336192,1.0959875190286648,-1.0959875190286648,-0.5784279906300535,1.731127539482183,-0.5765804684883443,-0.5767344287272242,0
0.8326174575944332,0.2935174228967471,1.378685672134612,0.3935895829558584,-0.9115834940401768,0.646091668153197,0.9702425509371356,1.6012710066712377,0.7014981422339509,1.2194262314529147,-1.002803930999114,-0.5787359118286177,1.7427397119690018,-0.9124191495230388,0.9124191495230392,-0.5784279906300535,-0.5776581893550843,1.7343632929879855,-0.5767344287272242,0
-0.2641407677707902,-0.1832505306097613,0.6871298574603482,0.6316208375733328,-0.9115834940401768,0.646091668153197,-1.0306701134001208,-0.8973418196504107,1.412812421522078,1.6222351950738436,0.9972039090469852,-0.5787359118286177,-0.5738091541336192,1.0959875190286648,-1.0959875190286648,-0.5784279906300535,1.731127539482183,-0.5765804684883443,-0.5767344287272242,0
1.2361417103231471,-1.422847209726683,1.378685672134612,0.4061458610959018,-0.9115834940401768,0.646091668153197,-1.0306701134001208,1.1679515404140175,0.7014981422339509,0.5466024680421324,0.9972039090469852,-0.5787359118286177,-0.5738091541336192,-0.9124191495230388,0.9124191495230392,-0.5784279906300535,1.731127539482183,-0.5765804684883443,-0.5767344287272242,0
0.6256819433745797,-0.0878969399084596,-0.695981771888179,0.8371422238312543,-0.9115834940401768,-1.5477679860172513,-1.0306701134001208,0.2556741320450416,0.7014981422339509,1.1308967888988644,-1.002803930999114,-0.5787359118286177,1.7427397119690018,-0.9124191495230388,0.9124191495230392,-0.5784279906300535,-0.5776581893550843,-0.5765804684883443,1.733900301750437,0
0.4911738591316749,1.0563461485071606,-1.3875375865624426,-1.2258476714090278,4.246376675934418,0.646091668153197,-1.0306701134001208,-0.2003793660356851,-0.009816137054176,-1.175295189634146,-1.002803930999114,-0.5787359118286177,1.7427397119690018,1.0959875190286648,-1.0959875190286648,-0.5784279906300535,-0.5776581893550843,1.7343632929879855,-0.5767344287272242,1
0.7705368033284771,0.7702853764032556,-1.3875375865624426,0.4551945838681152,-0.9115834940401768,-1.5477679860172513,-1.0306701134001208,-0.2341894957881032,-0.009816137054176,-1.3036628813375188,-1.002803930999114,1.7279038324066065,-0.5738091541336192,1.0959875190286648,-1.0959875190286648,-0.5784279906300535,1.731127539482183,-0.5765804684883443,-0.5767344287272242,1
-0.6573182447885119,-0.3739577120123647,-0.0044259572139154,0.7272736682082572,-0.9115834940401768,0.646091668153197,0.9702425509371356,-1.3321461326831738,-0.721130416342303,-1.5338394319780495,-1.002803930999114,1.7279038324066065,-0.5738091541336192,-0.9124191495230388,0.9124191495230392,1.7288236672481017,-0.5776581893550843,-0.5765804684883443,-0.5767344287272242,1
0.3670125505997628,-0.278604121311063,-0.0044259572139154,-1.2258476714090278,0.8077365626180215,0.646091668153197,0.9702425509371356,0.919685124765252,0.7014981422339509,1.591249890179926,-1.002803930999114,-0.5787359118286177,1.7427397119690018,1.0959875190286648,-1.0959875190286648,-0.5784279906300535,1.731127539482183,-0.5765804684883443,-0.5767344287272242,0
1.2671820374561256,1.247053329909764,-1.0417596792253108,-1.2258476714090278,0.8077365626180215,0.646091668153197,-1.0306701134001208,-0.7434223837962295,1.412812421522078,0.0021463963347231,-1.002803930999114,-0.5787359118286177,1.7427397119690018,-0.9124191495230388,0.9124191495230392,-0.5784279906300535,-0.5776581893550843,1.7343632929879855,-0.5767344287272242,0
-1.3919393202689916,-0.5646648934149681,1.7244635794717436,0.9994827324009924,-0.9115834940401768,0.646091668153197,0.9702425509371356,0.472397595861465,-0.009816137054176,-0.626412645799034,-1.002803930999114,1.7279038324066065,-0.5738091541336192,1.0959875190286648,-1.0959875190286648,1.7288236672481017,-0.5776581893550843,-0.5765804684883443,-0.5767344287272242,0
-1.3091651145810503,-0.8507256655188732,-1.3875375865624426,-1.2258476714090278,0.8077365626180215,0.646091668153197,-1.0306701134001208,0.464679487870779,-0.009816137054176,0.4403671369772721,0.9972039090469852,-0.5787359118286177,-0.5738091541336192,-0.9124191495230388,0.9124191495230392,1.7288236672481017,-0.5776581893550843,-0.5765804684883443,-0.5767344287272242,0
0.5946416162416017,1.1516997392084622,1.03290776479748,-0.0918627285280275,-0.9115834940401768,0.646091668153197,0.9702425509371356,-0.1246826112343432,-0.721130416342303,1.7417499425218117,0.9972039090469852,-0.5787359118286177,-0.5738091541336192,1.0959875190286648,-1.0959875190286648,-0.5784279906300535,-0.5776581893550843,1.7343632929879855,-0.5767344287272242,1
-0.4503827305686584,0.5795781950006521,0.6871298574603482,0.7592636171574366,-0.9115834940401768,-1.5477679860172513,0.9702425509371356,0.225384579388026,-1.43244469563043,1.1176173725157568,0.9972039090469852,-0.5787359118286177,-0.5738091541336192,-0.9124191495230388,0.9124191495230392,1.7288236672481017,-0.5776581893550843,-0.5765804684883443,-0.5767344287272242,0
-0.5641972633895778,-0.8507256655188732,-1.3875375865624426,-1.2258476714090278,0.8077365626180215,0.646091668153197,-1.0306701134001208,-1.5991768451702173,-1.43244469563043,1.5248528082643882,-1.002803930999114,-0.5787359118286177,1.7427397119690018,1.0959875190286648,-1.0959875190286648,1.7288236672481017,-0.5776581893550843,-0.5765804684883443,-0.5767344287272242,0
-0.2537939920597976,0.4842246042993504,1.7244635794717436,0.081226040034891,-0.9115834940401768,0.646091668153197,-1.0306701134001208,-1.391582780646776,-1.43244469563043,0.7679260744272581,0.9972039090469852,-0.5787359118286177,-0.5738091541336192,1.0959875190286648,-1.0959875190286648,-0.5784279906300535,-0.5776581893550843,-0.5765804684883443,1.733900301750437,1
0.4394399805767116,-0.7553720748175714,-1.3875375865624426,-1.2258476714090278,0.8077365626180215,-1.5477679860172513,0.9702425509371356,1.4290392141087285,-1.43244469563043,-1.3390746583591389,0.9972039090469852,-0.5787359118286177,-0.5738091541336192,-0.9124191495230388,0.9124191495230392,-0.5784279906300535,-0.5776581893550843,-0.5765804684883443,1.733900301750437,0
-0.6883585719214899,-0.3739577120123647,0.3413519501232164,1.3643565330587992,0.8077365626180215,0.646091668153197,0.9702425509371356,0.8372442199062154,-0.009816137054176,-0.8433097800564572,0.9972039090469852,-0.5787359118286177,-0.5738091541336192,-0.9124191495230388,0.9124191495230392,-0.5784279906300535,1.731127539482183,-0.5765804684883443,-0.5767344287272242,0
0.3049318963338068,-0.4693113027136664,-0.695981771888179,1.070724032495958,-0.9115834940401768,0.646091668153197,-1.0306701134001208,-0.5836484191636226,-1.43244469563043,0.3872494714448419,0.9972039090469852,-0.5787359118286177,-0.5738091541336192,-0.9124191495230388,0.9124191495230392,-0.5784279906300535,-0.5776581893550843,-0.5765804684883443,1.733900301750437,0
-0.4193424034356803,-1.1367864376227783,-0.3502038645510472,0.1727163099650621,0.8077365626180215,0.646091668153197,-1.0306701134001208,1.4368501793635131,-1.43244469563043,0.1792052814428237,0.9972039090469852,-0.5787359118286177,-0.5738091541336192,1.0959875190286648,-1.0959875190286648,-0.5784279906300535,-0.5776581893550843,-0.5765804684883443,1.733900301750437,0
-0.7090521233434752,1.0563461485071606,-1.0417596792253108,1.1612619716195816,-0.9115834940401768,0.646091668153197,0.9702425509371356,0.2930752643459708,-1.43244469563043,0.0242787569732356,0.9972039090469852,-0.5787359118286177,-0.5738091541336192,-0.9124191495230388,0.9124191495230392,-0.5784279906300535,-0.5776581893550843,1.7343632929879855,-0.5767344287272242,0
-1.0815360489392114,1.8191748741175744,-0.695981771888179,0.480371248583513,4.246376675934418,0.646091668153197,-1.0306701134001208,0.5006576782388976,1.412812421522078,-1.0513539700584753,-1.002803930999114,1.7279038324066065,-0.5738091541336192,1.0959875190286648,-1.0959875190286648,-0.5784279906300535,-0.5776581893550843,-0.5765804684883443,1.733900301750437,1
-1.2677780117370796,-0.278604121311063,0.6871298574603482,-1.2258476714090278,0.8077365626180215,0.646091668153197,-1.0306701134001208,-0.6877989698109479,1.412812421522078,-0.6573979506929516,-1.002803930999114,-0.5787359118286177,1.7427397119690018,-0.9124191495230388,0.9124191495230392,-0.5784279906300535,-0.5776581893550843,-0.5765804684883443,1.733900301750437,0
0.3152786720447995,-0.0878969399084596,0.3413519501232164,1.237879084557564,-0.9115834940401768,0.646091668153197,-1.0306701134001208,0.0213801262930342,-0.721130416342303,-0.1173683511132447,0.9972039090469852,-0.5787359118286177,-0.5738091541336192,-0.9124191495230388,0.9124191495230392,-0.5784279906300535,-0.5776581893550843,1.7343632929879855,-0.5767344287272242,0
0.7498432519064918,-0.3739577120123647,-1.7333154938995745,-1.2258476714090278,0.8077365626180215,-1.5477679860172513,0.9702425509371356,-0.6746801859618697,-1.43244469563043,1.7240440540110014,0.9972039090469852,-0.5787359118286177,-0.5738091541336192,1.0959875190286648,-1.0959875190286648,-0.5784279906300535,1.731127539482183,-0.5765804684883443,-0.5767344287272242,0
1.0395529718142866,-0.1832505306097613,-1.7333154938995745,1.1977553778782817,-0.9115834940401768,0.646091668153197,0.9702425509371356,0.160310069595562,0.7014981422339509,0.8298966842150934,-1.002803930999114,1.7279038324066065,-0.5738091541336192,1.0959875190286648,-1.0959875190286648,-0.5784279906300535,1.731127539482183,-0.5765804684883443,-0.5767344287272242,0
-0.99876184325127,-1.1367864376227783,-0.3502038645510472,-1.2258476714090278,0.8077365626180215,0.646091668153197,0.9702425509371356,0.6085018265392628,1.412812421522078,0.5820142450637525,-1.002803930999114,-0.5787359118286177,1.7427397119690018,1.0959875190286648,-1.0959875190286648,-0.5784279906300535,-0.5776581893550843,-0.5765804684883443,1.733900301750437,0
-0.6055843662335485,0.1028102414941437,-1.0417596792253108,1.9847420353903735,-0.9115834940401768,0.646091668153197,0.9702425509371356,0.2287434387762898,1.412812421522078,-0.5511626196280912,-1.002803930999114,-0.5787359118286177,1.7427397119690018,1.0959875190286648,-1.0959875190286648,-0.5784279906300535,-0.5776581893550843,1.7343632929879855,-0.5767344287272242,0
-1.1022296003611969,-0.5646648934149681,0.3413519501232164,-1.2258476714090278,0.8077365626180215,0.646091668153197,0.9702425509371356,0.4177324897084842,0.7014981422339509,0.0464111176117482,0.9972039090469852,-0.5787359118286177,-0.5738091541336192,1.0959875190286648,-1.0959875190286648,-0.5784279906300535,-0.5776581893550843,-0.5765804684883443,1.733900301750437,0
-1.3402054417140283,-1.3274936190253817,0.6871298574603482,-1.2258476714090278,0.8077365626180215,0.646091668153197,0.9702425509371356,1.004883055695987,-1.43244469563043,-1.254971687932791,0.9972039090469852,-0.5787359118286177,-0.5738091541336192,-0.9124191495230388,0.9124191495230392,-0.5784279906300535,-0.5776581893550843,-0.5765804684883443,1.733900301750437,0
0.139383484957924,0.4842246042993504,0.6871298574603482,0.0166805454659998,2.52705661927622,-1.5477679860172513,-1.0306701134001208,-0.7434089942656384,1.412812421522078,-1.1841481338895508,-1.002803930999114,-0.5787359118286177,1.7427397119690018,-0.9124191495230388,0.9124191495230392,1.7288236672481017,-0.5776581893550843,-0.5765804684883443,-0.5767344287272242,1
0.615335167663587,-0.1832505306097613,-0.0044259572139154,-1.2258476714090278,0.8077365626180215,0.646091668153197,-1.0306701134001208,0.2662789880531522,-1.43244469563043,1.188440926558997,0.9972039090469852,-0.5787359118286177,-0.5738091541336192,1.0959875190286648,-1.0959875190286648,-0.5784279906300535,-0.5776581893550843,-0.5765804684883443,1.733900301750437,0
-1.795463572997706,1.8191748741175744,1.03290776479748,1.1138685286471022,-0.9115834940401768,0.646091668153197,0.9702425509371356,-1.3133136709618871,1.412812421522078,-0.6308391179267365,-1.002803930999114,1.7279038324066065,-0.5738091541336192,1.0959875190286648,-1.0959875190286648,1.7288236672481017,-0.5776581893550843,-0.5765804684883443,-0.5767344287272242,0
1.0498997475252794,0.1981638321954454,1.03290776479748,-1.2258476714090278,0.8077365626180215,0.646091668153197,-1.0306701134001208,0.6912788607831364,-1.43244469563043,-1.356780546869949,0.9972039090469852,-0.5787359118286177,-0.5738091541336192,1.0959875190286648,-1.0959875190286648,-0.5784279906300535,-0.5776581893550843,-0.5765804684883443,1.733900301750437,1
-0.2020601135048342,-0.5646648934149681,1.03290776479748,-1.2258476714090278,0.8077365626180215,-1.5477679860172513,-1.0306701134001208,0.3005511435559647,1.412812421522078,1.608955778690736,0.9972039090469852,-0.5787359118286177,-0.5738091541336192,1.0959875190286648,-1.0959875190286648,-0.5784279906300535,-0.5776581893550843,1.7343632929879855,-0.5767344287272242,0
-1.1643102546271529,-0.8507256655188732,1.03290776479748,-1.2258476714090278,0.8077365626180215,0.646091668153197,0.9702425509371356,-1.0241650189485327,-0.009816137054176,-0.4936184819679585,-1.002803930999114,-0.5787359118286177,1.7427397119690018,1.0959875190286648,-1.0959875190286648,-0.5784279906300535,1.731127539482183,-0.5765804684883443,-0.5767344287272242,0
0.93608521470436,-0.9460792562201747,1.03290776479748,-1.2258476714090278,0.8077365626180215,0.646091668153197,0.9702425509371356,0.2765595391969477,1.412812421522078,1.0954850118772443,0.9972039090469852,-0.5787359118286177,-0.5738091541336192,-0.9124191495230388,0.9124191495230392,-0.5784279906300535,-0.5776581893550843,1.7343632929879855,-0.5767344287272242,0
0.8015771304614552,-0.6600184841162697,1.378685672134612,0.8219696804461627,0.8077365626180215,0.646091668153197,0.9702425509371356,0.9138483327676094,1.412812421522078,0.2278964748475513,-1.002803930999114,1.7279038324066065,-0.5738091541336192,1.0959875190286648,-1.0959875190286648,1.7288236672481017,-0.5776581893550843,-0.5765804684883443,-0.5767344287272242,0
0.3049318963338068,0.2935174228967471,-1.7333154938995745,-1.2258476714090278,-0.9115834940401768,0.646091668153197,-1.0306701134001208,0.6309941512520996,-0.009816137054176,0.9494114316630612,-1.002803930999114,-0.5787359118286177,1.7427397119690018,-0.9124191495230388,0.9124191495230392,1.7288236672481017,-0.5776581893550843,-0.5765804684883443,-0.5767344287272242,0
0.4808270834206822,-0.1832505306097613,0.6871298574603482,1.467778344426906,-0.9115834940401768,0.646091668153197,-1.0306701134001208,-1.1240199647362452,-0.721130416342303,-1.6622071236814224,-1.002803930999114,-0.5787359118286177,1.7427397119690018,1.0959875190286648,-1.0959875190286648,-0.5784279906300535,1.731127539482183,-0.5765804684883443,-0.5767344287272242,0
-0.2641407677707902,-0.7553720748175714,-0.0044259572139154,-1.2258476714090278,0.8077365626180215,-1.5477679860172513,0.9702425509371356,-1.738903030817892,-0.009816137054176,1.0999114840049469,0.9972039090469852,-0.5787359118286177,-0.5738091541336192,-0.9124191495230388,0.9124191495230392,-0.5784279906300535,-0.5776581893550843,-0.5765804684883443,1.733900301750437,0
0.7808835790394698,0.8656389671045572,-0.3502038645510472,-1.2258476714090278,-0.9115834940401768,0.646091668153197,-1.0306701134001208,0.2422256527414102,-0.721130416342303,-1.4320305730408918,0.9972039090469852,-0.5787359118286177,-0.5738091541336192,1.0959875190286648,-1.0959875190286648,1.7288236672481017,-0.5776581893550843,-0.5765804684883443,-0.5767344287272242,1
-0.7711327776094312,1.533114102013669,0.3413519501232164,-0.5113259837509028,2.52705661927622,-1.5477679860172513,0.9702425509371356,-0.5660187546254288,-0.009816137054176,0.0552640618671533,0.9972039090469852,-0.5787359118286177,-0.5738091541336192,1.0959875190286648,-1.0959875190286648,-0.5784279906300535,1.731127539482183,-0.5765804684883443,-0.5767344287272242,1
-0.4917698334126291,0.1028102414941437,-0.3502038645510472,0.4222753831491008,0.8077365626180215,0.646091668153197,0.9702425509371356,-1.0652698345229468,-0.009816137054176,-0.7016626719699768,0.9972039090469852,-0.5787359118286177,-0.5738091541336192,-0.9124191495230388,0.9124191495230392,-0.5784279906300535,1.731127539482183,-0.5765804684883443,-0.5767344287272242,0
1.898335355826679,0.9609925578058588,1.03290776479748,1.348142067328813,0.8077365626180215,0.646091668153197,-1.0306701134001208,0.507475383769839,-0.721130416342303,0.7280878252779356,0.9972039090469852,-0.5787359118286177,-0.5738091541336192,1.0959875190286648,-1.0959875190286648,-0.5784279906300535,1.731127539482183,-0.5765804684883443,-0.5767344287272242,0
1.474117551675979,0.1981638321954454,1.378685672134612,-1.2258476714090278,0.8077365626180215,0.646091668153197,-1.0306701134001208,0.9053322435316988,0.7014981422339509,1.6842058048616788,-1.002803930999114,-0.5787359118286177,1.7427397119690018,-0.9124191495230388,0.9124191495230392,-0.5784279906300535,1.731127539482183,-0.5765804684883443,-0.5767344287272242,0
0.3877061020217482,-0.0878969399084596,0.6871298574603482,1.1468965534350573,-0.9115834940401768,0.646091668153197,-1.0306701134001208,1.3109512054561876,-0.009816137054176,-1.3169422977206262,0.9972039090469852,-0.5787359118286177,-0.5738091541336192,-0.9124191495230388,0.9124191495230392,1.7288236672481017,-0.5776581893550843,-0.5765804684883443,-0.5767344287272242,1
0.0773028306919679,-0.9460792562201747,-0.0044259572139154,-0.017475306970167,0.8077365626180215,-1.5477679860172513,0.9702425509371356,-0.7855536720859531,0.7014981422339509,-1.365633491125354,-1.002803930999114,1.7279038324066065,-0.5738091541336192,-0.9124191495230388,0.9124191495230392,-0.5784279906300535,-0.5776581893550843,1.7343632929879855,-0.5767344287272242,0
1.3189159160110888,0.5795781950006521,-1.3875375865624426,1.3729547564027318,0.8077365626180215,0.646091668153197,-1.0306701134001208,1.2944551298780314,-0.721130416342303,-1.5781041532550746,-1.002803930999114,1.7279038324066065,-0.5738091541336192,1.0959875190286648,-1.0959875190286648,1.7288236672481017,-0.5776581893550843,-0.5765804684883443,-0.5767344287272242,0
0.4394399805767116,-1.3274936190253817,0.3413519501232164,1.1234169992734342,-0.9115834940401768,-1.5477679860172513,0.9702425509371356,-1.486009923734899,0.7014981422339509,-0.6529714785652491,-1.002803930999114,1.7279038324066065,-0.5738091541336192,-0.9124191495230388,0.9124191495230392,1.7288236672481017,-0.5776581893550843,-0.5765804684883443,-0.5767344287272242,0
-0.1606730106608635,-0.7553720748175714,-1.3875375865624426,-1.2258476714090278,0.8077365626180215,0.646091668153197,-1.0306701134001208,0.6136924432683826,1.412812421522078,-0.4272214000524208,-1.002803930999114,-0.5787359118286177,1.7427397119690018,-0.9124191495230388,0.9124191495230392,-0.5784279906300535,-0.5776581893550843,1.7343632929879855,-0.5767344287272242,0
-0.1399794592388781,1.4377605113123673,-0.0044259572139154,-1.2258476714090278,-0.9115834940401768,-1.5477679860172513,0.9702425509371356,0.8824351028809931,-0.721130416342303,-1.538265904105752,-1.002803930999114,-0.5787359118286177,1.7427397119690018,1.0959875190286648,-1.0959875190286648,-0.5784279906300535,-0.5776581893550843,1.7343632929879855,-0.5767344287272242,0
0.3359722234667848,-0.0878969399084596,-0.695981771888179,0.7960176242056762,-0.9115834940401768,-1.5477679860172513,-1.0306701134001208,-1.4730481625627518,0.7014981422339509,0.0198522848455331,-1.002803930999114,-0.5787359118286177,1.7427397119690018,-0.9124191495230388,0.9124191495230392,-0.5784279906300535,-0.5776581893550843,1.7343632929879855,-0.5767344287272242,0
-1.2056973574711236,1.1516997392084622,-0.695981771888179,-1.2258476714090278,0.8077365626180215,-1.5477679860172513,0.9702425509371356,-1.3777988675183384,1.412812421522078,-1.5648247368719672,-1.002803930999114,-0.5787359118286177,1.7427397119690018,-0.9124191495230388,0.9124191495230392,-0.5784279906300535,1.731127539482183,-0.5765804684883443,-0.5767344287272242,0
0.2118109149348727,-0.4693113027136664,1.7244635794717436,1.2320700589629314,-0.9115834940401768,0.646091668153197,-1.0306701134001208,0.7028568052741998,0.7014981422339509,0.6838231040009104,-1.002803930999114,-0.5787359118286177,1.7427397119690018,-0.9124191495230388,0.9124191495230392,-0.5784279906300535,-0.5776581893550843,-0.5765804684883443,1.733900301750437,0
-0.6055843662335485,-0.1832505306097613,0.6871298574603482,-1.2258476714090278,0.8077365626180215,0.646091668153197,0.9702425509371356,0.4631749915243687,1.412812421522078,-1.6179424024043974,0.9972039090469852,-0.5787359118286177,-0.5738091541336192,1.0959875190286648,-1.0959875190286648,-0.5784279906300535,-0.5776581893550843,-0.5765804684883443,1.733900301750437,0
-1.7747700215757207,-0.3739577120123647,-0.3502038645510472,0.9974155559043844,-0.9115834940401768,0.646091668153197,0.9702425509371356,-0.9188078455379458,-1.43244469563043,0.6395583827238852,-1.002803930999114,1.7279038324066065,-0.5738091541336192,-0.9124191495230388,0.9124191495230392,-0.5784279906300535,1.731127539482183,-0.5765804684883443,-0.5767344287272242,1
-0.9780682918292848,0.3888710135980487,0.3413519501232164,-1.2258476714090278,2.52705661927622,-1.5477679860172513,-1.0306701134001208,0.4358436556779321,0.7014981422339509,1.197293870814402,0.9972039090469852,-0.5787359118286177,-0.5738091541336192,1.0959875190286648,-1.0959875190286648,-0.5784279906300535,1.731127539482183,-0.5765804684883443,-0.5767344287272242,1
0.7084561490625211,-0.3739577120123647,-1.3875375865624426,0.3901647500704481,-0.9115834940401768,0.646091668153197,0.9702425509371356,1.1288718478689947,-0.009816137054176,0.2234700027198488,-1.002803930999114,-0.5787359118286177,1.7427397119690018,-0.9124191495230388,0.9124191495230392,-0.5784279906300535,1.731127539482183,-0.5765804684883443,-0.5767344287272242,0
-0.5228101605456071,-1.0414328469214764,0.3413519501232164,-1.2258476714090278,0.8077365626180215,-1.5477679860172513,0.9702425509371356,-0.832881141585042,-0.009816137054176,1.3433674510285851,0.9972039090469852,-0.5787359118286177,-0.5738091541336192,1.0959875190286648,-1.0959875190286648,-0.5784279906300535,1.731127539482183,-0.5765804684883443,-0.5767344287272242,0
-1.8368506758416767,-0.3739577120123647,0.6871298574603482,0.8817929476700344,-0.9115834940401768,0.646091668153197,-1.0306701134001208,1.5557972046539716,1.412812421522078,1.0866320676218393,-1.002803930999114,1.7279038324066065,-0.5738091541336192,1.0959875190286648,-1.0959875190286648,1.7288236672481017,-0.5776581893550843,-0.5765804684883443,-0.5767344287272242,0
1.7948675987167515,-0.0878969399084596,-0.695981771888179,-1.2258476714090278,0.8077365626180215,0.646091668153197,-1.0306701134001208,1.6121344371207622,1.412812421522078,-1.1797216617618482,-1.002803930999114,-0.5787359118286177,1.7427397119690018,1.0959875190286648,-1.0959875190286648,-0.5784279906300535,-0.5776581893550843,1.7343632929879855,-0.5767344287272242,0
0.5946416162416017,-0.5646648934149681,1.03290776479748,-1.2258476714090278,0.8077365626180215,-1.5477679860172513,0.9702425509371356,-1.4753421195440095,-0.009816137054176,-1.3390746583591389,0.9972039090469852,-0.5787359118286177,-0.5738091541336192,1.0959875190286648,-1.0959875190286648,-0.5784279906300535,-0.5776581893550843,1.7343632929879855,-0.5767344287272242,0
1.3913433459880375,-0.6600184841162697,-0.695981771888179,0.7694156687022232,0.8077365626180215,-1.5477679860172513,0.9702425509371356,-0.8260896934452597,-1.43244469563043,1.0290879299617066,-1.002803930999114,1.7279038324066065,-0.5738091541336192,1.0959875190286648,-1.0959875190286648,1.7288236672481017,-0.5776581893550843,-0.5765804684883443,-0.5767344287272242,1
0.2945851206228141,-0.4693113027136664,0.6871298574603482,0.7144558276521444,-0.9115834940401768,0.646091668153197,-1.0306701134001208,-0.749564352757343,-1.43244469563043,-0.188191905156485,-1.002803930999114,1.7279038324066065,-0.5738091541336192,1.0959875190286648,-1.0959875190286648,-0.5784279906300535,1.731127539482183,-0.5765804684883443,-0.5767344287272242,0
-0.2434472163488049,2.200589236922781,-0.695981771888179,1.0728618885424963,0.8077365626180215,0.646091668153197,0.9702425509371356,0.7479715244256155,0.7014981422339509,1.188440926558997,-1.002803930999114,1.7279038324066065,-0.5738091541336192,-0.9124191495230388,0.9124191495230392,1.7288236672481017,-0.5776581893550843,-0.5765804684883443,-0.5767344287272242,0
-0.7400924504764532,-0.3739577120123647,-1.3875375865624426,-1.2258476714090278,0.8077365626180215,0.646091668153197,-1.0306701134001208,-1.662910836893509,-1.43244469563043,-0.5910008687774139,0.9972039090469852,-0.5787359118286177,-0.5738091541336192,-0.9124191495230388,0.9124191495230392,-0.5784279906300535,1.731127539482183,-0.5765804684883443,-0.5767344287272242,0
-0.7607860018984386,0.2935174228967471,1.378685672134612,-1.2258476714090278,-0.9115834940401768,0.646091668153197,-1.0306701134001208,-0.4523284242670067,-0.009816137054176,1.2858233133684525,0.9972039090469852,-0.5787359118286177,-0.5738091541336192,-0.9124191495230388,0.9124191495230392,-0.5784279906300535,-0.5776581893550843,-0.5765804684883443,1.733900301750437,0
-1.0711892732282189,-0.0878969399084596,-0.0044259572139154,1.459333660785544,-0.9115834940401768,-1.5477679860172513,0.9702425509371356,1.0279872993458343,1.412812421522078,0.2456023633583614,0.9972039090469852,-0.5787359118286177,-0.5738091541336192,1.0959875190286648,-1.0959875190286648,-0.5784279906300535,-0.5776581893550843,1.7343632929879855,-0.5767344287272242,0
0.0462625035589899,-0.0878969399084596,-0.3502038645510472,-1.2258476714090278,0.8077365626180215,-1.5477679860172513,-1.0306701134001208,0.1814971759107855,-1.43244469563043,-0.7503538653747044,0.9972039090469852,-0.5787359118286177,-0.5738091541336192,-0.9124191495230388,0.9124191495230392,-0.5784279906300535,1.731127539482183,-0.5765804684883443,-0.5767344287272242,0
-0.5228101605456071,0.9609925578058588,0.6871298574603482,0.2201004572144214,-0.9115834940401768,0.646091668153197,-1.0306701134001208,-0.152022989361179,0.7014981422339509,-1.0602069143138804,0.9972039090469852,-0.5787359118286177,-0.5738091541336192,-0.9124191495230388,0.9124191495230392,1.7288236672481017,-0.5776581893550843,-0.5765804684883443,-0.5767344287272242,0
-1.4333264231129623,0.1981638321954454,1.03290776479748,1.1004916625350758,-0.9115834940401768,0.646091668153197,-1.0306701134001208,-0.612456602845249,0.7014981422339509,-1.1000451634632031,0.9972039090469852,-0.5787359118286177,-0.5738091541336192,1.0959875190286648,-1.0959875190286648,-0.5784279906300535,-0.5776581893550843,-0.5765804684883443,1.733900301750437,1
2.063883767202561,0.1981638321954454,-1.3875375865624426,1.61028482500899,0.8077365626180215,-1.5477679860172513,0.9702425509371356,0.4471765891481808,-0.721130416342303,0.6395583827238852,-1.002803930999114,1.7279038324066065,-0.5738091541336192,-0.9124191495230388,0.9124191495230392,-0.5784279906300535,1.731127539482183,-0.5765804684883443,-0.5767344287272242,0
-0.1296326835278854,-0.278604121311063,0.3413519501232164,-1.2258476714090278,-0.9115834940401768,0.646091668153197,-1.0306701134001208,1.1156308193445208,0.7014981422339509,1.4407498378380403,0.9972039090469852,-0.5787359118286177,-0.5738091541336192,1.0959875190286648,-1.0959875190286648,1.7288236672481017,-0.5776581893550843,-0.5765804684883443,-0.5767344287272242,0
-0.8642537590083653,-1.23214002832408,-1.0417596792253108,-1.2258476714090278,0.8077365626180215,0.646091668153197,0.9702425509371356,-0.3727973947964154,-0.721130416342303,-0.97167747175983,0.9972039090469852,-0.5787359118286177,-0.5738091541336192,1.0959875190286648,-1.0959875190286648,-0.5784279906300535,-0.5776581893550843,1.7343632929879855,-0.5767344287272242,0
-0.8642537590083653,1.4377605113123673,1.378685672134612,0.319213059832001,-0.9115834940401768,-1.5477679860172513,-1.0306701134001208,-0.8356275603662722,-1.43244469563043,-1.0203686651645578,0.9972039090469852,-0.5787359118286177,-0.5738091541336192,-0.9124191495230388,0.9124191495230392,-0.5784279906300535,-0.5776581893550843,1.7343632929879855,-0.5767344287272242,1
-1.1125763760721894,-0.1832505306097613,-0.695981771888179,-1.2258476714090278,0.8077365626180215,0.646091668153197,0.9702425509371356,-0.3682044380236772,-0.721130416342303,0.4182347763387595,-1.002803930999114,-0.5787359118286177,1.7427397119690018,-0.9124191495230388,0.9124191495230392,-0.5784279906300535,-0.5776581893550843,1.7343632929879855,-0.5767344287272242,0
0.108343157824946,-0.7553720748175714,-0.695981771888179,0.9212127437296,-0.9115834940401768,0.646091668153197,0.9702425509371356,1.1493583513432928,-0.721130416342303,-0.4360743443078258,0.9972039090469852,-0.5787359118286177,-0.5738091541336192,1.0959875190286648,-1.0959875190286648,-0.5784279906300535,-0.5776581893550843,1.7343632929879855,-0.5767344287272242,0
-1.2781247874480723,-0.278604121311063,0.3413519501232164,-1.2258476714090278,0.8077365626180215,0.646091668153197,0.9702425509371356,0.0380827832003087,1.412812421522078,0.9582643759184664,-1.002803930999114,-0.5787359118286177,1.7427397119690018,1.0959875190286648,-1.0959875190286648,1.7288236672481017,-0.5776581893550843,-0.5765804684883443,-0.5767344287272242,0
0.2945851206228141,2.009882055520177,0.3413519501232164,-1.2258476714090278,0.8077365626180215,0.646091668153197,0.9702425509371356,-0.3957470502294396,0.7014981422339509,-0.8211774194179446,0.9972039090469852,-0.5787359118286177,-0.5738091541336192,-0.9124191495230388,0.9124191495230392,1.7288236672481017,-0.5776581893550843,-0.5765804684883443,-0.5767344287272242,0
-0.9470279646963068,-0.4693113027136664,-0.3502038645510472,-1.2258476714090278,0.8077365626180215,0.646091668153197,0.9702425509371356,-0.5802406966832019,-0.721130416342303,0.7856319629380683,0.9972039090469852,-0.5787359118286177,-0.5738091541336192,-0.9124191495230388,0.9124191495230392,-0.5784279906300535,1.731127539482183,-0.5765804684883443,-0.5767344287272242,0
-1.5471409559338818,-0.4693113027136664,-0.695981771888179,0.5010343589108289,-0.9115834940401768,0.646091668153197,-1.0306701134001208,-1.579632129977491,1.412812421522078,-0.9318392226105074,0.9972039090469852,-0.5787359118286177,-0.5738091541336192,1.0959875190286648,-1.0959875190286648,-0.5784279906300535,1.731127539482183,-0.5765804684883443,-0.5767344287272242,0
0.4601335319986969,1.6284676927149706,-0.3502038645510472,-1.2258476714090278,0.8077365626180215,0.646091668153197,-1.0306701134001208,-0.2685814615062042,0.7014981422339509,0.5731613008083475,-1.002803930999114,-0.5787359118286177,1.7427397119690018,1.0959875190286648,-1.0959875190286648,-0.5784279906300535,1.731127539482183,-0.5765804684883443,-0.5767344287272242,0
-0.0985923563949074,0.1981638321954454,0.6871298574603482,0.4474712803950917,2.52705661927622,0.646091668153197,-1.0306701134001208,-1.4381752170834197,1.412812421522078,-0.3298390132429655,-1.002803930999114,1.7279038324066065,-0.5738091541336192,-0.9124191495230388,0.9124191495230392,-0.5784279906300535,-0.5776581893550843,-0.5765804684883443,1.733900301750437,0
0.9464319904153524,-1.0414328469214764,-1.0417596792253108,1.8491857105514609,-0.9115834940401768,0.646091668153197,-1.0306701134001208,0.1455068132421294,1.412812421522078,-0.5201773147341736,0.9972039090469852,-0.5787359118286177,-0.5738091541336192,1.0959875190286648,-1.0959875190286648,-0.5784279906300535,-0.5776581893550843,-0.5765804684883443,1.733900301750437,1
0.1911173635128873,-0.5646648934149681,1.03290776479748,-1.2258476714090278,0.8077365626180215,-1.5477679860172513,0.9702425509371356,0.4946789919949916,-1.43244469563043,-0.1837654330287825,-1.002803930999114,-0.5787359118286177,1.7427397119690018,1.0959875190286648,-1.0959875190286648,-0.5784279906300535,-0.5776581893550843,1.7343632929879855,-0.5767344287272242,0
0.905044887571382,0.1028102414941437,-1.3875375865624426,0.6238278161769083,0.8077365626180215,-1.5477679860172513,-1.0306701134001208,1.3974941755962935,1.412812421522078,1.4097645329441229,-1.002803930999114,1.7279038324066065,-0.5738091541336192,1.0959875190286648,-1.0959875190286648,-0.5784279906300535,1.731127539482183,-0.5765804684883443,-0.5767344287272242,0
-0.9780682918292848,1.4377605113123673,-0.3502038645510472,1.1783048786048762,-0.9115834940401768,0.646091668153197,-1.0306701134001208,0.9898733919034428,-1.43244469563043,0.7900584350657708,0.9972039090469852,-0.5787359118286177,-0.5738091541336192,1.0959875190286648,-1.0959875190286648,-0.5784279906300535,-0.5776581893550843,1.7343632929879855,-0.5767344287272242,1
-1.5988748344888453,0.3888710135980487,-0.695981771888179,-1.2258476714090278,0.8077365626180215,-1.5477679860172513,0.9702425509371356,1.7287325561875375,-1.43244469563043,-0.4980449540956611,-1.002803930999114,-0.5787359118286177,1.7427397119690018,1.0959875190286648,-1.0959875190286648,-0.5784279906300535,-0.5776581893550843,-0.5765804684883443,1.733900301750437,0
1.3292626917220816,-0.9460792562201747,-0.695981771888179,-0.4823795827681205,2.52705661927622,0.646091668153197,-1.0306701134001208,0.4842666322253779,-0.009816137054176,1.3964851165610153,0.9972039090469852,-0.5787359118286177,-0.5738091541336192,1.0959875190286648,-1.0959875190286648,1.7288236672481017,-0.5776581893550843,-0.5765804684883443,-0.5767344287272242,1
0.20146413922388,-1.3274936190253817,0.3413519501232164,-1.2258476714090278,0.8077365626180215,0.646091668153197,0.9702425509371356,-0.3778855903110142,-0.009816137054176,0.5156171631482148,-1.002803930999114,-0.5787359118286177,1.7427397119690018,-0.9124191495230388,0.9124191495230392,1.7288236672481017,-0.5776581893550843,-0.5765804684883443,-0.5767344287272242,0
-0.1296326835278854,-1.3274936190253817,-0.3502038645510472,1.1468928672000271,0.8077365626180215,0.646091668153197,0.9702425509371356,0.2544389913205211,-0.721130416342303,-0.3077066526044529,-1.002803930999114,1.7279038324066065,-0.5738091541336192,-0.9124191495230388,0.9124191495230392,-0.5784279906300535,-0.5776581893550843,-0.5765804684883443,1.733900301750437,0
0.1186899335359386,-1.613554391129287,1.378685672134612,-1.2258476714090278,0.8077365626180215,0.646091668153197,0.9702425509371356,-0.9687862682040508,-1.43244469563043,1.3433674510285851,0.9972039090469852,-0.5787359118286177,-0.5738091541336192,1.0959875190286648,-1.0959875190286648,-0.5784279906300535,-0.5776581893550843,-0.5765804684883443,1.733900301750437,0
-0.9263344132743214,0.9609925578058588,1.03290776479748,-1.2258476714090278,0.8077365626180215,0.646091668153197,0.9702425509371356,-1.5228794742823637,-1.43244469563043,-0.3962360951585032,0.9972039090469852,-0.5787359118286177,-0.5738091541336192,1.0959875190286648,-1.0959875190286648,-0.5784279906300535,-0.5776581893550843,-0.5765804684883443,1.733900301750437,0
0.7705368033284771,-0.3739577120123647,0.6871298574603482,-0.0091376844157744,-0.9115834940401768,0.646091668153197,-1.0306701134001208,0.87670455767804,-1.43244469563043,1.5779704737968183,0.9972039090469852,-0.5787359118286177,-0.5738091541336192,-0.9124191495230388,0.9124191495230392,-0.5784279906300535,-0.5776581893550843,-0.5765804684883443,1.733900301750437,0
1.9604160100926349,1.1516997392084622,-1.3875375865624426,0.1810092168858252,-0.9115834940401768,-1.5477679860172513,0.9702425509371356,-1.1025170741670829,0.7014981422339509,1.7196175818832988,-1.002803930999114,1.7279038324066065,-0.5738091541336192,1.0959875190286648,-1.0959875190286648,-0.5784279906300535,1.731127539482183,-0.5765804684883443,-0.5767344287272242,1
-0.905640861852336,0.2935174228967471,0.3413519501232164,0.3617371466004214,0.8077365626180215,0.646091668153197,-1.0306701134001208,0.9434873629059104,0.7014981422339509,0.2810141403799815,-1.002803930999114,-0.5787359118286177,1.7427397119690018,1.0959875190286648,-1.0959875190286648,-0.5784279906300535,-0.5776581893550843,-0.5765804684883443,1.733900301750437,1
0.3773593263107555,-0.4693113027136664,0.6871298574603482,0.5593828115803672,0.8077365626180215,0.646091668153197,-1.0306701134001208,0.8429234675569041,0.7014981422339509,-0.1616330723902699,-1.002803930999114,1.7279038324066065,-0.5738091541336192,1.0959875190286648,-1.0959875190286648,-0.5784279906300535,1.731127539482183,-0.5765804684883443,-0.5767344287272242,0
1.1119804017912354,-0.4693113027136664,-0.695981771888179,-1.2258476714090278,0.8077365626180215,0.646091668153197,0.9702425509371356,0.4196995334753119,-0.721130416342303,-1.0247951372922603,0.9972039090469852,-0.5787359118286177,-0.5738091541336192,1.0959875190286648,-1.0959875190286648,-0.5784279906300535,-0.5776581893550843,1.7343632929879855,-0.5767344287272242,0
-0.2537939920597976,0.007456650792842,1.7244635794717436,0.8943452190328708,2.52705661927622,0.646091668153197,0.9702425509371356,-0.8454935577317687,1.412812421522078,1.2105732871975097,-1.002803930999114,1.7279038324066065,-0.5738091541336192,-0.9124191495230388,0.9124191495230392,-0.5784279906300535,-0.5776581893550843,1.7343632929879855,-0.5767344287272242,1
0.0462625035589899,-0.278604121311063,-1.0417596792253108,1.1325348214855635,-0.9115834940401768,0.646091668153197,0.9702425509371356,-0.2134218121713936,1.412812421522078,0.3252788616570067,0.9972039090469852,-0.5787359118286177,-0.5738091541336192,1.0959875190286648,-1.0959875190286648,-0.5784279906300535,1.731127539482183,-0.5765804684883443,-0.5767344287272242,0
1.5465449816529278,2.009882055520177,0.3413519501232164,0.1932177067643056,0.8077365626180215,0.646091668153197,0.9702425509371356,0.5499772316659195,-1.43244469563043,-0.1306477674963523,0.9972039090469852,-0.5787359118286177,-0.5738091541336192,-0.9124191495230388,0.9124191495230392,-0.5784279906300535,-0.5776581893550843,-0.5765804684883443,1.733900301750437,0
-1.5885280587778523,-1.1367864376227783,1.378685672134612,-0.0195968153657014,-0.9115834940401768,0.646091668153197,0.9702425509371356,1.1256734889578155,1.412812421522078,0.4536465533603796,-1.002803930999114,-0.5787359118286177,1.7427397119690018,-0.9124191495230388,0.9124191495230392,-0.5784279906300535,1.731127539482183,-0.5765804684883443,-0.5767344287272242,0
0.3463189991777775,-0.3739577120123647,-0.695981771888179,0.9727413410507378,-0.9115834940401768,0.646091668153197,0.9702425509371356,-1.0924836207241946,1.412812421522078,1.6576469720954636,0.9972039090469852,-0.5787359118286177,-0.5738091541336192,-0.9124191495230388,0.9124191495230392,1.7288236672481017,-0.5776581893550843,-0.5765804684883443,-0.5767344287272242,0
2.063883767202561,0.007456650792842,1.7244635794717436,-1.2258476714090278,0.8077365626180215,0.646091668153197,0.9702425509371356,0.7466810866786543,-0.009816137054176,-0.7370744489915968,-1.002803930999114,-0.5787359118286177,1.7427397119690018,1.0959875190286648,-1.0959875190286648,1.7288236672481017,-0.5776581893550843,-0.5765804684883443,-0.5767344287272242,0
-0.4400359548576657,2.200589236922781,1.03290776479748,1.0977064715629827,-0.9115834940401768,-1.5477679860172513,-1.0306701134001208,1.317143602519527,-1.43244469563043,1.015808513578599,0.9972039090469852,-0.5787359118286177,-0.5738091541336192,1.0959875190286648,-1.0959875190286648,-0.5784279906300535,1.731127539482183,-0.5765804684883443,-0.5767344287272242,1
-0.4917698334126291,-0.7553720748175714,1.03290776479748,-1.2258476714090278,0.8077365626180215,0.646091668153197,0.9702425509371356,1.214183155084734,-0.009816137054176,-1.6002365138935872,0.9972039090469852,-0.5787359118286177,-0.5738091541336192,-0.9124191495230388,0.9124191495230392,-0.5784279906300535,1.731127539482183,-0.5765804684883443,-0.5767344287272242,0
2.001803112936605,-1.9949687539344931,-1.0417596792253108,1.3541967885017752,-0.9115834940401768,-1.5477679860172513,-1.0306701134001208,0.7972168268193601,1.412812421522078,0.9494114316630612,0.9972039090469852,-0.5787359118286177,-0.5738091541336192,-0.9124191495230388,0.9124191495230392,1.7288236672481017,-0.5776581893550843,-0.5765804684883443,-0.5767344287272242,0
1.4844643273869715,-0.7553720748175714,-1.7333154938995745,1.0961653047781024,0.8077365626180215,-1.5477679860172513,0.9702425509371356,1.3137946548617006,-0.009816137054176,-0.2855742919659403,-1.002803930999114,-0.5787359118286177,1.7427397119690018,-0.9124191495230388,0.9124191495230392,-0.5784279906300535,-0.5776581893550843,1.7343632929879855,-0.5767344287272242,0
-0.5641972633895778,0.007456650792842,1.378685672134612,-1.2258476714090278,-0.9115834940401768,0.646091668153197,-1.0306701134001208,-0.8890413540240186,-0.009816137054176,-0.9583980553767226,0.9972039090469852,-0.5787359118286177,-0.5738091541336192,-0.9124191495230388,0.9124191495230392,-0.5784279906300535,-0.5776581893550843,1.7343632929879855,-0.5767344287272242,0
-0.4400359548576657,0.8656389671045572,-1.0417596792253108,0.8244082050543108,0.8077365626180215,0.646091668153197,-1.0306701134001208,-1.1804980481092529,-1.43244469563043,0.8298966842150934,-1.002803930999114,1.7279038324066065,-0.5738091541336192,1.0959875190286648,-1.0959875190286648,1.7288236672481017,-0.5776581893550843,-0.5765804684883443,-0.5767344287272242,0
1.215448158901162,0.9609925578058588,-1.3875375865624426,0.9119227903686604,-0.9115834940401768,0.646091668153197,-1.0306701134001208,0.0401160790600609,-0.721130416342303,0.3429847501678167,-1.002803930999114,1.7279038324066065,-0.5738091541336192,-0.9124191495230388,0.9124191495230392,-0.5784279906300535,-0.5776581893550843,1.7343632929879855,-0.5767344287272242,1
0.5325609619756456,0.3888710135980487,0.3413519501232164,0.6352469709456201,-0.9115834940401768,0.646091668153197,-1.0306701134001208,-0.6692647294528252,-0.721130416342303,-0.5246037868618761,-1.002803930999114,-0.5787359118286177,1.7427397119690018,-0.9124191495230388,0.9124191495230392,1.7288236672481017,-0.5776581893550843,-0.5765804684883443,-0.5767344287272242,0
1.7845208230057592,-0.0878969399084596,-1.3875375865624426,-1.2258476714090278,0.8077365626180215,0.646091668153197,-1.0306701134001208,0.9827126013873576,-0.721130416342303,0.9671173201738712,0.9972039090469852,-0.5787359118286177,-0.5738091541336192,-0.9124191495230388,0.9124191495230392,-0.5784279906300535,-0.5776581893550843,-0.5765804684883443,1.733900301750437,0
-0.0054713749959734,-0.4693113027136664,-0.3502038645510472,1.0563021988883596,-0.9115834940401768,0.646091668153197,0.9702425509371356,-1.5443825387415335,-0.009816137054176,1.6576469720954636,-1.002803930999114,1.7279038324066065,-0.5738091541336192,-0.9124191495230388,0.9124191495230392,1.7288236672481017,-0.5776581893550843,-0.5765804684883443,-0.5767344287272242,0
0.2428512420678507,0.1981638321954454,-0.3502038645510472,0.8032666855284855,-0.9115834940401768,0.646091668153197,0.9702425509371356,1.158189007603088,-0.721130416342303,-0.050971269197707,-1.002803930999114,-0.5787359118286177,1.7427397119690018,1.0959875190286648,-1.0959875190286648,-0.5784279906300535,1.731127539482183,-0.5765804684883443,-0.5767344287272242,0
-0.5952375905225558,-0.0878969399084596,-0.0044259572139154,0.1464991653445643,-0.9115834940401768,0.646091668153197,0.9702425509371356,0.4345408717404255,-0.721130416342303,1.2592644806022373,-1.002803930999114,1.7279038324066065,-0.5738091541336192,1.0959875190286648,-1.0959875190286648,-0.5784279906300535,1.731127539482183,-0.5765804684883443,-0.5767344287272242,0
-1.73338291873175,-0.8507256655188732,1.378685672134612,-1.2258476714090278,0.8077365626180215,-1.5477679860172513,-1.0306701134001208,0.6306421978765641,-0.009816137054176,1.608955778690736,0.9972039090469852,-0.5787359118286177,-0.5738091541336192,1.0959875190286648,-1.0959875190286648,-0.5784279906300535,-0.5776581893550843,1.7343632929879855,-0.5767344287272242,0
0.0048754007150192,0.5795781950006521,-1.0417596792253108,1.4330751662242704,0.8077365626180215,0.646091668153197,-1.0306701134001208,-1.3395743660310648,-1.43244469563043,1.006955569323194,0.9972039090469852,-0.5787359118286177,-0.5738091541336192,-0.9124191495230388,0.9124191495230392,1.7288236672481017,-0.5776581893550843,-0.5765804684883443,-0.5767344287272242,1
0.2531980177788434,-0.278604121311063,0.6871298574603482,0.2071353275281812,-0.9115834940401768,0.646091668153197,0.9702425509371356,0.8574422398577795,0.7014981422339509,1.051220290600219,-1.002803930999114,1.7279038324066065,-0.5738091541336192,-0.9124191495230388,0.9124191495230392,-0.5784279906300535,1.731127539482183,-0.5765804684883443,-0.5767344287272242,0
-1.1436167032051676,2.677357190429289,-1.3875375865624426,0.1906604212797434,-0.9115834940401768,-1.5477679860172513,0.9702425509371356,-0.7065714394795863,0.7014981422339509,-0.8742950849503748,-1.002803930999114,-0.5787359118286177,1.7427397119690018,-0.9124191495230388,0.9124191495230392,-0.5784279906300535,1.731127539482183,-0.5765804684883443,-0.5767344287272242,0
-0.0572052535509367,-0.9460792562201747,-1.3875375865624426,0.8597773096287413,0.8077365626180215,-1.5477679860172513,0.9702425509371356,1.676023364840893,0.7014981422339509,1.060073234855624,0.9972039090469852,-0.5787359118286177,-0.5738091541336192,-0.9124191495230388,0.9124191495230392,-0.5784279906300535,-0.5776581893550843,-0.5765804684883443,1.733900301750437,0
0.93608521470436,-1.7089079818305883,1.378685672134612,-1.2258476714090278,0.8077365626180215,-1.5477679860172513,0.9702425509371356,0.6811149898344914,1.412812421522078,0.7723525465549607,0.9972039090469852,-0.5787359118286177,-0.5738091541336192,1.0959875190286648,-1.0959875190286648,-0.5784279906300535,-0.5776581893550843,-0.5765804684883443,1.733900301750437,0
-0.3055278706147609,-1.1367864376227783,-1.3875375865624426,-0.0350586480651349,-0.9115834940401768,0.646091668153197,0.9702425509371356,-0.8261215153166644,1.412812421522078,-1.4408835172962966,-1.002803930999114,1.7279038324066065,-0.5738091541336192,-0.9124191495230388,0.9124191495230392,-0.5784279906300535,-0.5776581893550843,1.7343632929879855,-0.5767344287272242,0
0.0462625035589899,3.726246688143608,-1.0417596792253108,-1.2258476714090278,0.8077365626180215,-1.5477679860172513,0.9702425509371356,1.5362337093404168,1.412812421522078,1.6310881393292485,-1.002803930999114,-0.5787359118286177,1.7427397119690018,1.0959875190286648,-1.0959875190286648,-0.5784279906300535,-0.5776581893550843,-0.5765804684883443,1.733900301750437,0
0.0876496064029606,1.0563461485071606,-0.695981771888179,-1.2258476714090278,-0.9115834940401768,0.646091668153197,-1.0306701134001208,1.4486581803347318,1.412812421522078,0.9361320152799536,0.9972039090469852,-0.5787359118286177,-0.5738091541336192,1.0959875190286648,-1.0959875190286648,-0.5784279906300535,-0.5776581893550843,1.7343632929879855,-0.5767344287272242,1
1.0809400746582574,0.2935174228967471,-1.0417596792253108,0.6961091153637089,-0.9115834940401768,0.646091668153197,-1.0306701134001208,0.9873121659803872,-1.43244469563043,0.7015289925117204,0.9972039090469852,-0.5787359118286177,-0.5738091541336192,-0.9124191495230388,0.9124191495230392,-0.5784279906300535,-0.5776581893550843,1.7343632929879855,-0.5767344287272242,0
0.3773593263107555,-0.8507256655188732,0.3413519501232164,-1.2258476714090278,0.8077365626180215,-1.5477679860172513,-1.0306701134001208,1.375760011316923,-0.721130416342303,-0.4227949279247183,0.9972039090469852,-0.5787359118286177,-0.5738091541336192,1.0959875190286648,-1.0959875190286648,-0.5784279906300535,1.731127539482183,-0.5765804684883443,-0.5767344287272242,0
-0.4089956277246876,-0.1832505306097613,-1.3875375865624426,0.65773380598645,0.8077365626180215,-1.5477679860172513,0.9702425509371356,1.060277804321175,1.412812421522078,-1.3612070189976515,-1.002803930999114,1.7279038324066065,-0.5738091541336192,-0.9124191495230388,0.9124191495230392,1.7288236672481017,-0.5776581893550843,-0.5765804684883443,-0.5767344287272242,0
0.6049883919525944,-0.1832505306097613,0.6871298574603482,-1.2258476714090278,-0.9115834940401768,0.646091668153197,-1.0306701134001208,1.0328461339403092,1.412812421522078,1.6576469720954636,0.9972039090469852,-0.5787359118286177,-0.5738091541336192,-0.9124191495230388,0.9124191495230392,-0.5784279906300535,-0.5776581893550843,-0.5765804684883443,1.733900301750437,0
0.2842383449118215,-0.6600184841162697,1.378685672134612,-1.2258476714090278,-0.9115834940401768,0.646091668153197,0.9702425509371356,0.836765674605092,0.7014981422339509,1.6664999163508687,0.9972039090469852,-0.5787359118286177,-0.5738091541336192,1.0959875190286648,-1.0959875190286648,-0.5784279906300535,1.731127539482183,-0.5765804684883443,-0.5767344287272242,0
0.8222706818834405,-0.0878969399084596,-0.0044259572139154,0.6792364162741654,-0.9115834940401768,0.646091668153197,0.9702425509371356,1.0994588747406724,-1.43244469563043,-1.3213687698483287,-1.002803930999114,-0.5787359118286177,1.7427397119690018,-0.9124191495230388,0.9124191495230392,1.7288236672481017,-0.5776581893550843,-0.5765804684883443,-0.5767344287272242,0
1.2361417103231471,0.5795781950006521,-0.3502038645510472,0.5494059363350682,-0.9115834940401768,0.646091668153197,-1.0306701134001208,-1.2855079631745112,-1.43244469563043,-0.2501625149443202,-1.002803930999114,1.7279038324066065,-0.5738091541336192,-0.9124191495230388,0.9124191495230392,-0.5784279906300535,1.731127539482183,-0.5765804684883443,-0.5767344287272242,1
1.122327177502228,-0.8507256655188732,-0.3502038645510472,0.4057547996405036,-0.9115834940401768,-1.5477679860172513,-1.0306701134001208,-1.5892927632439224,-0.009816137054176,0.8121907957042833,-1.002803930999114,1.7279038324066065,-0.5738091541336192,-0.9124191495230388,0.9124191495230392,-0.5784279906300535,1.731127539482183,-0.5765804684883443,-0.5767344287272242,0
1.567238533074913,-0.0878969399084596,0.6871298574603482,-1.2258476714090278,0.8077365626180215,-1.5477679860172513,0.9702425509371356,-0.7359997149285843,1.412812421522078,-0.5777214523943063,-1.002803930999114,-0.5787359118286177,1.7427397119690018,-0.9124191495230388,0.9124191495230392,-0.5784279906300535,1.731127539482183,-0.5765804684883443,-0.5767344287272242,0
0.998165868970316,-0.1832505306097613,1.378685672134612,0.950254826552084,2.52705661927622,0.646091668153197,-1.0306701134001208,-0.2542235374624289,0.7014981422339509,1.5868234180522234,-1.002803930999114,1.7279038324066065,-0.5738091541336192,-0.9124191495230388,0.9124191495230392,-0.5784279906300535,-0.5776581893550843,1.7343632929879855,-0.5767344287272242,1
-0.9573747404072994,-1.23214002832408,-1.3875375865624426,1.1598402067954685,0.8077365626180215,0.646091668153197,0.9702425509371356,-1.3159860125998477,1.412812421522078,-0.8831480292057798,-1.002803930999114,1.7279038324066065,-0.5738091541336192,-0.9124191495230388,0.9124191495230392,-0.5784279906300535,-0.5776581893550843,-0.5765804684883443,1.733900301750437,0
0.1911173635128873,1.0563461485071606,-0.3502038645510472,1.173628649062192,2.52705661927622,0.646091668153197,0.9702425509371356,0.430937349111362,0.7014981422339509,-1.228412855166576,0.9972039090469852,-0.5787359118286177,-0.5738091541336192,-0.9124191495230388,0.9124191495230392,-0.5784279906300535,-0.5776581893550843,1.7343632929879855,-0.5767344287272242,1
-0.1917133377938415,0.1028102414941437,-0.695981771888179,1.8730717121929563,0.8077365626180215,0.646091668153197,-1.0306701134001208,0.8537681178855993,0.7014981422339509,-0.6396920621821415,0.9972039090469852,-0.5787359118286177,-0.5738091541336192,-0.9124191495230388,0.9124191495230392,-0.5784279906300535,1.731127539482183,-0.5765804684883443,-0.5767344287272242,0
0.3670125505997628,-0.4693113027136664,0.3413519501232164,1.1169651263437193,0.8077365626180215,0.646091668153197,0.9702425509371356,-0.1956806841382798,-0.721130416342303,1.5027204476258755,0.9972039090469852,-0.5787359118286177,-0.5738091541336192,-0.9124191495230388,0.9124191495230392,-0.5784279906300535,-0.5776581893550843,-0.5765804684883443,1.733900301750437,0
0.20146413922388,-1.1367864376227783,-0.0044259572139154,0.0456888110888572,-0.9115834940401768,0.646091668153197,0.9702425509371356,-1.2853977169096449,1.412812421522078,-1.6002365138935872,0.9972039090469852,-0.5787359118286177,-0.5738091541336192,1.0959875190286648,-1.0959875190286648,1.7288236672481017,-0.5776581893550843,-0.5765804684883443,-0.5767344287272242,0
0.7291497004845064,-0.278604121311063,-1.3875375865624426,1.2611882705523476,0.8077365626180215,0.646091668153197,0.9702425509371356,-0.8770467690745637,1.412812421522078,0.267734723996874,0.9972039090469852,-0.5787359118286177,-0.5738091541336192,-0.9124191495230388,0.9124191495230392,-0.5784279906300535,-0.5776581893550843,-0.5765804684883443,1.733900301750437,0
-0.4193424034356803,0.1028102414941437,-1.7333154938995745,-1.2258476714090278,0.8077365626180215,0.646091668153197,-1.0306701134001208,-0.6583065289491176,1.412812421522078,0.3695435829340318,0.9972039090469852,-0.5787359118286177,-0.5738091541336192,-0.9124191495230388,0.9124191495230392,-0.5784279906300535,1.731127539482183,-0.5765804684883443,-0.5767344287272242,0
1.691399841606825,0.4842246042993504,1.03290776479748,0.3045620385681656,0.8077365626180215,-1.5477679860172513,-1.0306701134001208,0.1203901405334504,0.7014981422339509,-0.5865743966497113,-1.002803930999114,1.7279038324066065,-0.5738091541336192,-0.9124191495230388,0.9124191495230392,1.7288236672481017,-0.5776581893550843,-0.5765804684883443,-0.5767344287272242,0
1.153367504635206,0.3888710135980487,-0.0044259572139154,0.925065179878536,-0.9115834940401768,0.646091668153197,0.9702425509371356,0.6934867422105948,0.7014981422339509,0.2898670846353866,-1.002803930999114,-0.5787359118286177,1.7427397119690018,1.0959875190286648,-1.0959875190286648,1.7288236672481017,-0.5776581893550843,-0.5765804684883443,-0.5767344287272242,0
-1.1022296003611969,0.1028102414941437,1.03290776479748,-1.2258476714090278,0.8077365626180215,0.646091668153197,-1.0306701134001208,-0.669633724049113,1.412812421522078,-0.8787215570780773,0.9972039090469852,-0.5787359118286177,-0.5738091541336192,-0.9124191495230388,0.9124191495230392,1.7288236672481017,-0.5776581893550843,-0.5765804684883443,-0.5767344287272242,0
-0.5331569362565998,-0.4693113027136664,-1.0417596792253108,0.4010106151563897,-0.9115834940401768,-1.5477679860172513,-1.0306701134001208,1.703078737245148,-0.009816137054176,-0.7060891440976792,-1.002803930999114,-0.5787359118286177,1.7427397119690018,-0.9124191495230388,0.9124191495230392,-0.5784279906300535,-0.5776581893550843,1.7343632929879855,-0.5767344287272242,0
-0.6573182447885119,0.8656389671045572,-1.3875375865624426,-1.2258476714090278,0.8077365626180215,0.646091668153197,0.9702425509371356,-1.5855680392795088,1.412812421522078,0.2367494191029564,-1.002803930999114,-0.5787359118286177,1.7427397119690018,-0.9124191495230388,0.9124191495230392,1.7288236672481017,-0.5776581893550843,-0.5765804684883443,-0.5767344287272242,0
0.7601900276174844,-0.3739577120123647,-1.7333154938995745,1.530541784765236,0.8077365626180215,-1.5477679860172513,0.9702425509371356,1.1689378445375542,-0.721130416342303,0.6129995499576701,-1.002803930999114,1.7279038324066065,-0.5738091541336192,1.0959875190286648,-1.0959875190286648,-0.5784279906300535,1.731127539482183,-0.5765804684883443,-0.5767344287272242,0
0.4497867562877042,-0.8507256655188732,-1.0417596792253108,-1.2258476714090278,2.52705661927622,-1.5477679860172513,0.9702425509371356,-1.4789489460832193,0.7014981422339509,-0.9495451111213176,0.9972039090469852,-0.5787359118286177,-0.5738091541336192,-0.9124191495230388,0.9124191495230392,1.7288236672481017,-0.5776581893550843,-0.5765804684883443,-0.5767344287272242,0
0.3359722234667848,0.1028102414941437,-1.3875375865624426,-1.2258476714090278,0.8077365626180215,-1.5477679860172513,-1.0306701134001208,-0.4230437819643489,-0.009816137054176,-1.4098982124023791,0.9972039090469852,-0.5787359118286177,-0.5738091541336192,1.0959875190286648,-1.0959875190286648,-0.5784279906300535,1.731127539482183,-0.5765804684883443,-0.5767344287272242,0
0.0669560549809753,-0.0878969399084596,0.6871298574603482,-1.2258476714090278,0.8077365626180215,0.646091668153197,-1.0306701134001208,1.490889455378869,-1.43244469563043,1.1663085659204846,0.9972039090469852,-0.5787359118286177,-0.5738091541336192,-0.9124191495230388,0.9124191495230392,-0.5784279906300535,1.731127539482183,-0.5765804684883443,-0.5767344287272242,0
-0.1503262349498708,-0.278604121311063,-1.3875375865624426,-1.2258476714090278,2.52705661927622,0.646091668153197,0.9702425509371356,-0.4528467903798879,1.412812421522078,-1.6046629860212898,-1.002803930999114,-0.5787359118286177,1.7427397119690018,-0.9124191495230388,0.9124191495230392,1.7288236672481017,-0.5776581893550843,-0.5765804684883443,-0.5767344287272242,1
-1.7230361430207572,-0.278604121311063,1.03290776479748,-1.2258476714090278,0.8077365626180215,0.646091668153197,-1.0306701134001208,1.4962581354758488,-1.43244469563043,-0.4183684557970157,-1.002803930999114,-0.5787359118286177,1.7427397119690018,-0.9124191495230388,0.9124191495230392,-0.5784279906300535,-0.5776581893550843,1.7343632929879855,-0.5767344287272242,0
-1.412632871690977,0.1981638321954454,0.6871298574603482,-1.2258476714090278,0.8077365626180215,0.646091668153197,0.9702425509371356,-1.6751448683835333,-0.009816137054176,0.4005288878279494,0.9972039090469852,-0.5787359118286177,-0.5738091541336192,1.0959875190286648,-1.0959875190286648,-0.5784279906300535,-0.5776581893550843,-0.5765804684883443,1.733900301750437,0
0.9774723175483306,0.1028102414941437,-0.695981771888179,0.1920196803794284,-0.9115834940401768,-1.5477679860172513,-1.0306701134001208,0.2824178935555421,0.7014981422339509,0.1703523371874186,-1.002803930999114,-0.5787359118286177,1.7427397119690018,-0.9124191495230388,0.9124191495230392,-0.5784279906300535,-0.5776581893550843,-0.5765804684883443,1.733900301750437,0
0.967125541837338,1.0563461485071606,-1.3875375865624426,0.7214157599317002,0.8077365626180215,-1.5477679860172513,0.9702425509371356,0.1038337251226312,-0.721130416342303,-1.485148238573322,-1.002803930999114,1.7279038324066065,-0.5738091541336192,1.0959875190286648,-1.0959875190286648,-0.5784279906300535,1.731127539482183,-0.5765804684883443,-0.5767344287272242,1
-0.336568197747739,0.1028102414941437,-1.7333154938995745,-1.2258476714090278,-0.9115834940401768,0.646091668153197,-1.0306701134001208,0.329850044839252,1.412812421522078,1.0202349857063016,0.9972039090469852,-0.5787359118286177,-0.5738091541336192,1.0959875190286648,-1.0959875190286648,-0.5784279906300535,1.731127539482183,-0.5765804684883443,-0.5767344287272242,0
0.2738915692008288,-0.4693113027136664,1.7244635794717436,1.5255565525643515,-0.9115834940401768,0.646091668153197,0.9702425509371356,-0.8574945766115075,-1.43244469563043,-0.9495451111213176,-1.002803930999114,-0.5787359118286177,1.7427397119690018,1.0959875190286648,-1.0959875190286648,1.7288236672481017,-0.5776581893550843,-0.5765804684883443,-0.5767344287272242,0
-0.936681188985314,1.0563461485071606,-0.695981771888179,-1.2258476714090278,0.8077365626180215,0.646091668153197,-1.0306701134001208,-0.2705458969229167,-0.721130416342303,-1.3213687698483287,0.9972039090469852,-0.5787359118286177,-0.5738091541336192,-0.9124191495230388,0.9124191495230392,-0.5784279906300535,-0.5776581893550843,-0.5765804684883443,1.733900301750437,0
1.9707627858036272,-0.7553720748175714,-0.695981771888179,1.381789379601874,0.8077365626180215,0.646091668153197,0.9702425509371356,0.46436144304674,-0.009816137054176,-1.65778065155372,0.9972039090469852,-0.5787359118286177,-0.5738091541336192,1.0959875190286648,-1.0959875190286648,-0.5784279906300535,-0.5776581893550843,1.7343632929879855,-0.5767344287272242,0
1.2257949346121548,-0.9460792562201747,1.03290776479748,-1.2258476714090278,0.8077365626180215,0.646091668153197,0.9702425509371356,1.2554922914181668,-0.721130416342303,-0.8654421406949698,0.9972039090469852,-0.5787359118286177,-0.5738091541336192,-0.9124191495230388,0.9124191495230392,1.7288236672481017,-0.5776581893550843,-0.5765804684883443,-0.5767344287272242,0
0.8843513361493965,0.6749317857019538,-0.0044259572139154,0.8707050732407929,-0.9115834940401768,0.646091668153197,0.9702425509371356,-0.3844481992006955,-0.009816137054176,0.0154258127178306,-1.002803930999114,1.7279038324066065,-0.5738091541336192,-0.9124191495230388,0.9124191495230392,-0.5784279906300535,-0.5776581893550843,-0.5765804684883443,1.733900301750437,1
0.20146413922388,0.1028102414941437,-0.695981771888179,-0.4667324766906381,-0.9115834940401768,0.646091668153197,0.9702425509371356,0.8431785641981641,-0.721130416342303,-0.1262212953686498,0.9972039090469852,-0.5787359118286177,-0.5738091541336192,1.0959875190286648,-1.0959875190286648,-0.5784279906300535,-0.5776581893550843,1.7343632929879855,-0.5767344287272242,1
1.5258514302309425,-0.278604121311063,-1.3875375865624426,-1.2258476714090278,0.8077365626180215,0.646091668153197,0.9702425509371356,1.0251487188605366,0.7014981422339509,-0.0111330200483844,0.9972039090469852,-0.5787359118286177,-0.5738091541336192,-0.9124191495230388,0.9124191495230392,-0.5784279906300535,1.731127539482183,-0.5765804684883443,-0.5767344287272242,0
-1.15396347891616,0.007456650792842,-0.695981771888179,-1.2258476714090278,0.8077365626180215,0.646091668153197,-1.0306701134001208,-1.1024290858231989,-1.43244469563043,-0.7990450587794321,0.9972039090469852,-0.5787359118286177,-0.5738091541336192,-0.9124191495230388,0.9124191495230392,-0.5784279906300535,-0.5776581893550843,-0.5765804684883443,1.733900301750437,0
0.20146413922388,0.2935174228967471,-0.695981771888179,0.0817887518258347,-0.9115834940401768,0.646091668153197,-1.0306701134001208,1.532624100561084,-0.721130416342303,1.6709263884785712,-1.002803930999114,-0.5787359118286177,1.7427397119690018,-0.9124191495230388,0.9124191495230392,-0.5784279906300535,1.731127539482183,-0.5765804684883443,-0.5767344287272242,0
-1.2884715631590649,0.9609925578058588,-1.0417596792253108,-1.2258476714090278,-0.9115834940401768,0.646091668153197,-1.0306701134001208,0.2512611514302476,-0.721130416342303,1.5115733918812806,-1.002803930999114,-0.5787359118286177,1.7427397119690018,-0.9124191495230388,0.9124191495230392,1.7288236672481017,-0.5776581893550843,-0.5765804684883443,-0.5767344287272242,1
0.3670125505997628,-0.3739577120123647,-1.0417596792253108,0.52660160426836,0.8077365626180215,-1.5477679860172513,0.9702425509371356,-0.244262770042749,1.412812421522078,0.2500288354860639,-1.002803930999114,1.7279038324066065,-0.5738091541336192,-0.9124191495230388,0.9124191495230392,-0.5784279906300535,-0.5776581893550843,1.7343632929879855,-0.5767344287272242,0
0.0255689521370046,0.4842246042993504,1.03290776479748,-1.2258476714090278,0.8077365626180215,0.646091668153197,0.9702425509371356,0.948560951659864,-0.009816137054176,-0.9938098323983428,0.9972039090469852,-0.5787359118286177,-0.5738091541336192,-0.9124191495230388,0.9124191495230392,-0.5784279906300535,-0.5776581893550843,1.7343632929879855,-0.5767344287272242,0
-1.060842497517226,-0.278604121311063,-0.695981771888179,-1.2258476714090278,-0.9115834940401768,0.646091668153197,-1.0306701134001208,-0.592849113359752,1.412812421522078,-0.8742950849503748,0.9972039090469852,-0.5787359118286177,-0.5738091541336192,1.0959875190286648,-1.0959875190286648,-0.5784279906300535,-0.5776581893550843,-0.5765804684883443,1.733900301750437,0
0.139383484957924,1.4377605113123673,1.03290776479748,-1.2258476714090278,-0.9115834940401768,0.646091668153197,0.9702425509371356,1.089063556191811,1.412812421522078,0.5997201335745627,0.9972039090469852,-0.5787359118286177,-0.5738091541336192,-0.9124191495230388,0.9124191495230392,-0.5784279906300535,-0.5776581893550843,-0.5765804684883443,1.733900301750437,1
-0.1296326835278854,-0.1832505306097613,0.6871298574603482,0.7697463079573406,0.8077365626180215,0.646091668153197,-1.0306701134001208,1.0176156298380177,0.7014981422339509,0.4359406648495695,-1.002803930999114,1.7279038324066065,-0.5738091541336192,1.0959875190286648,-1.0959875190286648,-0.5784279906300535,-0.5776581893550843,1.7343632929879855,-0.5767344287272242,0
-1.4850603016679258,-0.278604121311063,-0.3502038645510472,0.1131110114212484,-0.9115834940401768,-1.5477679860172513,-1.0306701134001208,0.6963284527160309,-1.43244469563043,0.3739700550617343,0.9972039090469852,-0.5787359118286177,-0.5738091541336192,-0.9124191495230388,0.9124191495230392,1.7288236672481017,-0.5776581893550843,-0.5765804684883443,-0.5767344287272242,0
-0.6262779176555339,-0.4693113027136664,0.3413519501232164,-1.2258476714090278,0.8077365626180215,0.646091668153197,-1.0306701134001208,1.2334226933139896,0.7014981422339509,-1.091192219207798,-1.002803930999114,-0.5787359118286177,1.7427397119690018,1.0959875190286648,-1.0959875190286648,-0.5784279906300535,-0.5776581893550843,1.7343632929879855,-0.5767344287272242,0
1.0498997475252794,-0.278604121311063,-1.0417596792253108,-1.2258476714090278,0.8077365626180215,0.646091668153197,0.9702425509371356,-0.9480378863781936,-1.43244469563043,-1.573677681127372,-1.002803930999114,-0.5787359118286177,1.7427397119690018,-0.9124191495230388,0.9124191495230392,-0.5784279906300535,-0.5776581893550843,-0.5765804684883443,1.733900301750437,0
-1.2988183388700576,-0.3739577120123647,0.6871298574603482,1.4243753310103695,-0.9115834940401768,-1.5477679860172513,0.9702425509371356,-0.0930607133385162,-0.721130416342303,0.3872494714448419,0.9972039090469852,-0.5787359118286177,-0.5738091541336192,-0.9124191495230388,0.9124191495230392,1.7288236672481017,-0.5776581893550843,-0.5765804684883443,-0.5767344287272242,0
-0.4193424034356803,-0.9460792562201747,1.378685672134612,-1.2258476714090278,2.52705661927622,-1.5477679860172513,0.9702425509371356,-0.2813192523484648,1.412812421522078,0.3739700550617343,-1.002803930999114,-0.5787359118286177,1.7427397119690018,-0.9124191495230388,0.9124191495230392,-0.5784279906300535,-0.5776581893550843,-0.5765804684883443,1.733900301750437,0
1.184407831768184,0.1981638321954454,-0.3502038645510472,0.7644341227363698,-0.9115834940401768,-1.5477679860172513,-1.0306701134001208,0.0010988130277937,-1.43244469563043,-1.2771040485713037,0.9972039090469852,-0.5787359118286177,-0.5738091541336192,-0.9124191495230388,0.9124191495230392,-0.5784279906300535,-0.5776581893550843,-0.5765804684883443,1.733900301750437,0
-0.1192859078168928,-0.0878969399084596,-0.3502038645510472,0.0811781189794961,0.8077365626180215,-1.5477679860172513,0.9702425509371356,0.3283831087344998,0.7014981422339509,1.1220438446434593,0.9972039090469852,-0.5787359118286177,-0.5738091541336192,1.0959875190286648,-1.0959875190286648,-0.5784279906300535,1.731127539482183,-0.5765804684883443,-0.5767344287272242,0
-1.6816490401767863,-0.6600184841162697,-0.695981771888179,0.6099034640273251,-0.9115834940401768,0.646091668153197,-1.0306701134001208,-0.1308030178345048,-0.721130416342303,0.8741614054921185,-1.002803930999114,1.7279038324066065,-0.5738091541336192,-0.9124191495230388,0.9124191495230392,-0.5784279906300535,1.731127539482183,-0.5765804684883443,-0.5767344287272242,0
-0.7711327776094312,-1.0414328469214764,-1.3875375865624426,0.6867680355256084,0.8077365626180215,-1.5477679860172513,0.9702425509371356,-0.7149207681981353,-1.43244469563043,-0.0642506855808146,-1.002803930999114,1.7279038324066065,-0.5738091541336192,-0.9124191495230388,0.9124191495230392,-0.5784279906300535,1.731127539482183,-0.5765804684883443,-0.5767344287272242,0
-1.1643102546271529,0.3888710135980487,-0.0044259572139154,-1.2258476714090278,0.8077365626180215,0.646091668153197,-1.0306701134001208,0.4667814702835627,0.7014981422339509,-0.0863830462193271,-1.002803930999114,-0.5787359118286177,1.7427397119690018,-0.9124191495230388,0.9124191495230392,1.7288236672481017,-0.5776581893550843,-0.5765804684883443,-0.5767344287272242,0
0.8946981118603892,0.5795781950006521,-1.0417596792253108,-1.2258476714090278,0.8077365626180215,-1.5477679860172513,0.9702425509371356,1.349480883906932,-0.721130416342303,0.0331317012286407,-1.002803930999114,-0.5787359118286177,1.7427397119690018,1.0959875190286648,-1.0959875190286648,-0.5784279906300535,1.731127539482183,-0.5765804684883443,-0.5767344287272242,0
1.4120368974100228,0.007456650792842,0.6871298574603482,1.5251536310484215,-0.9115834940401768,-1.5477679860172513,0.9702425509371356,0.0121917782874501,0.7014981422339509,-1.2771040485713037,-1.002803930999114,-0.5787359118286177,1.7427397119690018,1.0959875190286648,-1.0959875190286648,-0.5784279906300535,1.731127539482183,-0.5765804684883443,-0.5767344287272242,0
-0.1399794592388781,0.1028102414941437,-1.0417596792253108,0.9131799567851122,-0.9115834940401768,-1.5477679860172513,0.9702425509371356,-0.1204170893460581,-1.43244469563043,-1.0292216094199629,0.9972039090469852,-0.5787359118286177,-0.5738091541336192,-0.9124191495230388,0.9124191495230392,-0.5784279906300535,-0.5776581893550843,1.7343632929879855,-0.5767344287272242,0
-0.2641407677707902,1.8191748741175744,1.7244635794717436,-0.3640262757316917,-0.9115834940401768,0.646091668153197,0.9702425509371356,1.599472636211856,1.412812421522078,-0.790192114524027,0.9972039090469852,-0.5787359118286177,-0.5738091541336192,1.0959875190286648,-1.0959875190286648,-0.5784279906300535,-0.5776581893550843,-0.5765804684883443,1.733900301750437,1
-1.1125763760721894,-0.4693113027136664,1.03290776479748,-1.2258476714090278,0.8077365626180215,-1.5477679860172513,0.9702425509371356,0.7914005538426229,1.412812421522078,-1.6400747630429098,0.9972039090469852,-0.5787359118286177,-0.5738091541336192,1.0959875190286648,-1.0959875190286648,-0.5784279906300535,-0.5776581893550843,-0.5765804684883443,1.733900301750437,0
-0.2537939920597976,-0.9460792562201747,0.6871298574603482,-1.2258476714090278,0.8077365626180215,0.646091668153197,-1.0306701134001208,-0.8821161844683336,1.412812421522078,-0.7857656423963245,-1.002803930999114,-0.5787359118286177,1.7427397119690018,-0.9124191495230388,0.9124191495230392,-0.5784279906300535,-0.5776581893550843,1.7343632929879855,-0.5767344287272242,0
1.0395529718142866,-0.5646648934149681,-0.3502038645510472,0.0448073201033287,-0.9115834940401768,0.646091668153197,-1.0306701134001208,0.3035688307491688,0.7014981422339509,-0.0332653806868969,-1.002803930999114,-0.5787359118286177,1.7427397119690018,-0.9124191495230388,0.9124191495230392,-0.5784279906300535,1.731127539482183,-0.5765804684883443,-0.5767344287272242,0
