0,1,2,3,4,5,6,7,8,9,10,11,12,13,14,15,16,17,18,Exited
0.2945851206228141,0.1028102414941437,-1.3875375865624426,-1.2258476714090278,-0.9115834940401768,0.646091668153197,0.9702425509371356,-1.446644008237242,1.412812421522078,0.4713524418711897,0.9972039090469852,-0.5787359118286177,-0.5738091541336192,-0.9124191495230388,0.9124191495230392,-0.5784279906300535,-0.5776581893550843,1.7343632929879855,-0.5767344287272242,0
-0.7297456747654606,1.533114102013669,0.3413519501232164,0.4458717749340785,-0.9115834940401768,-1.5477679860172513,0.9702425509371356,1.3156512784736538,1.412812421522078,-0.7724862260132169,0.9972039090469852,-0.5787359118286177,-0.5738091541336192,-0.9124191495230388,0.9124191495230392,-0.5784279906300535,1.731127539482183,-0.5765804684883443,-0.5767344287272242,0
0.8015771304614552,-0.1832505306097613,-0.3502038645510472,-1.2258476714090278,-0.9115834940401768,-1.5477679860172513,-1.0306701134001208,-1.6615339758127328,-0.721130416342303,-0.3785302066476931,-1.002803930999114,-0.5787359118286177,1.7427397119690018,1.0959875190286648,-1.0959875190286648,1.7288236672481017,-0.5776581893550843,-0.5765804684883443,-0.5767344287272242,0
-1.1746570303381456,0.6749317857019538,-0.0044259572139154,0.3885229330421293,-0.9115834940401768,-1.5477679860172513,0.9702425509371356,0.708906438641238,-0.009816137054176,0.1880582256982287,-1.002803930999114,1.7279038324066065,-0.5738091541336192,1.0959875190286648,-1.0959875190286648,1.7288236672481017,-0.5776581893550843,-0.5765804684883443,-0.5767344287272242,1
1.2878755888781108,2.5820035997279875,1.378685672134612,-1.2258476714090278,0.8077365626180215,0.646091668153197,0.9702425509371356,-0.5645843359521121,-0.009816137054176,0.9715437923015738,0.9972039090469852,-0.5787359118286177,-0.5738091541336192,1.0959875190286648,-1.0959875190286648,-0.5784279906300535,-0.5776581893550843,1.7343632929879855,-0.5767344287272242,0
0.3256254477557921,-1.0414328469214764,1.7244635794717436,1.991193106964647,-0.9115834940401768,-1.5477679860172513,0.9702425509371356,-0.2993968575464312,-0.721130416342303,-0.4582067049463384,0.9972039090469852,-0.5787359118286177,-0.5738091541336192,-0.9124191495230388,0.9124191495230392,-0.5784279906300535,-0.5776581893550843,-0.5765804684883443,1.733900301750437,1
0.3463189991777775,-0.4693113027136664,1.378685672134612,-1.2258476714090278,0.8077365626180215,0.646091668153197,0.9702425509371356,-0.6057053232972398,1.412812421522078,-1.520560015594942,0.9972039090469852,-0.5787359118286177,-0.5738091541336192,-0.9124191495230388,0.9124191495230392,-0.5784279906300535,-0.5776581893550843,-0.5765804684883443,1.733900301750437,0
-0.398648852013695,3.5355395067410043,0.3413519501232164,0.3154293799799365,-0.9115834940401768,0.646091668153197,0.9702425509371356,1.5876682869307983,1.412812421522078,0.3828229993171393,-1.002803930999114,1.7279038324066065,-0.5738091541336192,-0.9124191495230388,0.9124191495230392,1.7288236672481017,-0.5776581893550843,-0.5765804684883443,-0.5767344287272242,0
0.2842383449118215,1.0563461485071606,0.3413519501232164,-1.2258476714090278,-0.9115834940401768,0.646091668153197,-1.0306701134001208,-1.5978881463233323,0.7014981422339509,0.869734933364416,0.9972039090469852,-0.5787359118286177,-0.5738091541336192,1.0959875190286648,-1.0959875190286648,-0.5784279906300535,1.731127539482183,-0.5765804684883443,-0.5767344287272242,0
-0.3572617491697243,0.6749317857019538,-1.0417596792253108,-1.2258476714090278,0.8077365626180215,0.646091668153197,-1.0306701134001208,0.6441967500848775,-0.721130416342303,0.1747788093151212,0.9972039090469852,-0.5787359118286177,-0.5738091541336192,-0.9124191495230388,0.9124191495230392,-0.5784279906300535,1.731127539482183,-0.5765804684883443,-0.5767344287272242,0
1.029206196103294,0.007456650792842,0.3413519501232164,-1.2258476714090278,0.8077365626180215,-1.5477679860172513,-1.0306701134001208,-1.4054818089602952,1.412812421522078,1.4761616148596606,-1.002803930999114,-0.5787359118286177,1.7427397119690018,1.0959875190286648,-1.0959875190286648,-0.5784279906300535,-0.5776581893550843,1.7343632929879855,-0.5767344287272242,0
0.0152221764260119,-1.1367864376227783,1.7244635794717436,0.4939207266576145,0.8077365626180215,-1.5477679860172513,-1.0306701134001208,-0.9677757933694474,-0.721130416342303,1.6797793327339765,0.9972039090469852,-0.5787359118286177,-0.5738091541336192,-0.9124191495230388,0.9124191495230392,-0.5784279906300535,1.731127539482183,-0.5765804684883443,-0.5767344287272242,0
0.998165868970316,-0.4693113027136664,1.7244635794717436,-1.2258476714090278,0.8077365626180215,0.646091668153197,0.9702425509371356,-0.8578070569553007,-0.009816137054176,0.5908671893191576,0.9972039090469852,-0.5787359118286177,-0.5738091541336192,1.0959875190286648,-1.0959875190286648,-0.5784279906300535,1.731127539482183,-0.5765804684883443,-0.5767344287272242,0
-0.2951810949037682,0.007456650792842,1.378685672134612,0.1117233843389384,0.8077365626180215,-1.5477679860172513,-1.0306701134001208,-1.064344218012089,-0.009816137054176,-1.1708687175064434,0.9972039090469852,-0.5787359118286177,-0.5738091541336192,1.0959875190286648,-1.0959875190286648,-0.5784279906300535,1.731127539482183,-0.5765804684883443,-0.5767344287272242,0
-0.5228101605456071,-1.0414328469214764,-1.0417596792253108,0.6432868098179924,-0.9115834940401768,-1.5477679860172513,0.9702425509371356,-0.6987761243254921,-1.43244469563043,-0.0775301019639221,-1.002803930999114,1.7279038324066065,-0.5738091541336192,-0.9124191495230388,0.9124191495230392,1.7288236672481017,-0.5776581893550843,-0.5765804684883443,-0.5767344287272242,0
0.0876496064029606,-0.9460792562201747,1.378685672134612,0.1030637771681955,-0.9115834940401768,0.646091668153197,0.9702425509371356,-0.2774721098186476,1.412812421522078,0.2013376420813362,-1.002803930999114,1.7279038324066065,-0.5738091541336192,-0.9124191495230388,0.9124191495230392,-0.5784279906300535,-0.5776581893550843,-0.5765804684883443,1.733900301750437,0
1.4948111030979645,-0.5646648934149681,1.378685672134612,0.871498735669945,-0.9115834940401768,0.646091668153197,0.9702425509371356,0.2581391967938526,1.412812421522078,-0.8654421406949698,-1.002803930999114,1.7279038324066065,-0.5738091541336192,1.0959875190286648,-1.0959875190286648,-0.5784279906300535,1.731127539482183,-0.5765804684883443,-0.5767344287272242,0
-0.429689179146673,0.1028102414941437,0.3413519501232164,-1.2258476714090278,0.8077365626180215,0.646091668153197,0.9702425509371356,-0.0464964470831158,-1.43244469563043,0.4890583303819997,0.9972039090469852,-0.5787359118286177,-0.5738091541336192,-0.9124191495230388,0.9124191495230392,1.7288236672481017,-0.5776581893550843,-0.5765804684883443,-0.5767344287272242,0
0.1497302606689167,0.1981638321954454,1.03290776479748,0.3151195759662952,-0.9115834940401768,0.646091668153197,-1.0306701134001208,0.6424841073992796,-0.009816137054176,-1.4453099894239991,0.9972039090469852,-0.5787359118286177,-0.5738091541336192,1.0959875190286648,-1.0959875190286648,-0.5784279906300535,-0.5776581893550843,1.7343632929879855,-0.5767344287272242,0
-0.0778988049729221,-1.80426157253189,-1.7333154938995745,0.9107797369670624,-0.9115834940401768,0.646091668153197,0.9702425509371356,-1.6715098716630803,-0.721130416342303,1.5115733918812806,-1.002803930999114,-0.5787359118286177,1.7427397119690018,1.0959875190286648,-1.0959875190286648,1.7288236672481017,-0.5776581893550843,-0.5765804684883443,-0.5767344287272242,0
-0.1917133377938415,-0.278604121311063,0.6871298574603482,-1.2258476714090278,0.8077365626180215,0.646091668153197,0.9702425509371356,-0.8270833009491187,1.412812421522078,-1.547118848361157,0.9972039090469852,-0.5787359118286177,-0.5738091541336192,1.0959875190286648,-1.0959875190286648,1.7288236672481017,-0.5776581893550843,-0.5765804684883443,-0.5767344287272242,0
0.3566657748887701,-1.7089079818305883,0.3413519501232164,0.3441118144803248,-0.9115834940401768,0.646091668153197,0.9702425509371356,1.1281293375362194,-0.721130416342303,-1.71089831708615,-1.002803930999114,1.7279038324066065,-0.5738091541336192,1.0959875190286648,-1.0959875190286648,-0.5784279906300535,-0.5776581893550843,-0.5765804684883443,1.733900301750437,0
1.6189724116298765,0.7702853764032556,-1.3875375865624426,1.5298096664339822,-0.9115834940401768,0.646091668153197,0.9702425509371356,-0.599108805856062,0.7014981422339509,0.896293766130631,-1.002803930999114,1.7279038324066065,-0.5738091541336192,-0.9124191495230388,0.9124191495230392,-0.5784279906300535,-0.5776581893550843,-0.5765804684883443,1.733900301750437,0
-0.0054713749959734,0.8656389671045572,0.6871298574603482,0.9896154825800756,-0.9115834940401768,0.646091668153197,-1.0306701134001208,-0.7389535844889715,0.7014981422339509,0.7812054908103657,-1.002803930999114,1.7279038324066065,-0.5738091541336192,1.0959875190286648,-1.0959875190286648,1.7288236672481017,-0.5776581893550843,-0.5765804684883443,-0.5767344287272242,0
-0.3262214220367463,-0.0878969399084596,0.3413519501232164,-1.2258476714090278,0.8077365626180215,0.646091668153197,0.9702425509371356,0.3047604989717704,1.412812421522078,1.600102834435331,-1.002803930999114,-0.5787359118286177,1.7427397119690018,1.0959875190286648,-1.0959875190286648,-0.5784279906300535,1.731127539482183,-0.5765804684883443,-0.5767344287272242,0
-0.812519880453402,-0.7553720748175714,-0.0044259572139154,0.3465525828837087,-0.9115834940401768,-1.5477679860172513,0.9702425509371356,0.3461577975390948,-1.43244469563043,0.1437935044212036,-1.002803930999114,-0.5787359118286177,1.7427397119690018,-0.9124191495230388,0.9124191495230392,-0.5784279906300535,1.731127539482183,-0.5765804684883443,-0.5767344287272242,0
-0.2124068892158268,-0.7553720748175714,-1.0417596792253108,0.5751744821794765,0.8077365626180215,0.646091668153197,0.9702425509371356,0.5404108467836485,-0.009816137054176,1.2459850642191297,-1.002803930999114,1.7279038324066065,-0.5738091541336192,1.0959875190286648,-1.0959875190286648,-0.5784279906300535,-0.5776581893550843,-0.5765804684883443,1.733900301750437,0
-0.4503827305686584,0.1028102414941437,-0.0044259572139154,0.2261210406455807,-0.9115834940401768,-1.5477679860172513,0.9702425509371356,1.4173428505224372,0.7014981422339509,0.6882495761286129,-1.002803930999114,1.7279038324066065,-0.5738091541336192,-0.9124191495230388,0.9124191495230392,1.7288236672481017,-0.5776581893550843,-0.5765804684883443,-0.5767344287272242,0
0.1290367092469313,0.4842246042993504,-1.0417596792253108,0.6497824367548073,0.8077365626180215,-1.5477679860172513,0.9702425509371356,0.7753745029552146,0.7014981422339509,1.3832057001779077,-1.002803930999114,1.7279038324066065,-0.5738091541336192,-0.9124191495230388,0.9124191495230392,1.7288236672481017,-0.5776581893550843,-0.5765804684883443,-0.5767344287272242,0
-0.6987053476324826,0.2935174228967471,0.6871298574603482,-1.2258476714090278,0.8077365626180215,0.646091668153197,-1.0306701134001208,0.764225892893102,0.7014981422339509,-0.7237950326084893,0.9972039090469852,-0.5787359118286177,-0.5738091541336192,1.0959875190286648,-1.0959875190286648,-0.5784279906300535,-0.5776581893550843,1.7343632929879855,-0.5767344287272242,0
0.8015771304614552,0.3888710135980487,-0.0044259572139154,-1.2258476714090278,-0.9115834940401768,0.646091668153197,0.9702425509371356,0.3477440221891127,1.412812421522078,1.4053380608164203,-1.002803930999114,-0.5787359118286177,1.7427397119690018,1.0959875190286648,-1.0959875190286648,-0.5784279906300535,1.731127539482183,-0.5765804684883443,-0.5767344287272242,0
0.1186899335359386,0.2935174228967471,0.3413519501232164,0.4573398123847149,-0.9115834940401768,0.646091668153197,-1.0306701134001208,-0.9015824752675982,0.7014981422339509,-1.2992364092098163,-1.002803930999114,-0.5787359118286177,1.7427397119690018,1.0959875190286648,-1.0959875190286648,-0.5784279906300535,-0.5776581893550843,1.7343632929879855,-0.5767344287272242,0
-0.5435037119675924,0.8656389671045572,0.3413519501232164,0.7083443705139316,-0.9115834940401768,0.646091668153197,-1.0306701134001208,-1.2077481773221048,-0.721130416342303,0.3031465010184941,0.9972039090469852,-0.5787359118286177,-0.5738091541336192,-0.9124191495230388,0.9124191495230392,-0.5784279906300535,1.731127539482183,-0.5765804684883443,-0.5767344287272242,1
-0.6262779176555339,-0.9460792562201747,-1.0417596792253108,1.4495697858165666,0.8077365626180215,0.646091668153197,-1.0306701134001208,0.3894699728709441,-0.009816137054176,0.714808408894828,-1.002803930999114,-0.5787359118286177,1.7427397119690018,1.0959875190286648,-1.0959875190286648,-0.5784279906300535,-0.5776581893550843,-0.5765804684883443,1.733900301750437,0
1.3809965702770448,-0.5646648934149681,1.7244635794717436,-1.2258476714090278,0.8077365626180215,0.646091668153197,-1.0306701134001208,1.0769395970766455,-0.009816137054176,-0.19704484941189,-1.002803930999114,-0.5787359118286177,1.7427397119690018,-0.9124191495230388,0.9124191495230392,-0.5784279906300535,-0.5776581893550843,1.7343632929879855,-0.5767344287272242,0
-0.6987053476324826,0.1028102414941437,-0.695981771888179,-0.3535182620998399,-0.9115834940401768,0.646091668153197,-1.0306701134001208,0.1660395714584689,0.7014981422339509,0.1747788093151212,-1.002803930999114,-0.5787359118286177,1.7427397119690018,1.0959875190286648,-1.0959875190286648,-0.5784279906300535,-0.5776581893550843,1.7343632929879855,-0.5767344287272242,1
-0.0675520292619294,0.7702853764032556,1.378685672134612,0.9822729832128004,0.8077365626180215,0.646091668153197,-1.0306701134001208,0.9009682998990696,1.412812421522078,-0.4759125934571485,-1.002803930999114,1.7279038324066065,-0.5738091541336192,-0.9124191495230388,0.9124191495230392,-0.5784279906300535,-0.5776581893550843,-0.5765804684883443,1.733900301750437,0
-0.4193424034356803,-0.3739577120123647,0.6871298574603482,0.0868679028844495,-0.9115834940401768,0.646091668153197,0.9702425509371356,-0.6689035599068827,-0.009816137054176,-0.9052803898442924,0.9972039090469852,-0.5787359118286177,-0.5738091541336192,1.0959875190286648,-1.0959875190286648,-0.5784279906300535,1.731127539482183,-0.5765804684883443,-0.5767344287272242,0
-0.9159876375633288,2.200589236922781,-0.695981771888179,-1.2258476714090278,0.8077365626180215,0.646091668153197,-1.0306701134001208,0.1025215511247102,-0.721130416342303,1.0556467627279216,0.9972039090469852,-0.5787359118286177,-0.5738091541336192,-0.9124191495230388,0.9124191495230392,-0.5784279906300535,1.731127539482183,-0.5765804684883443,-0.5767344287272242,0
0.8222706818834405,-0.278604121311063,1.03290776479748,1.1581733874773783,0.8077365626180215,0.646091668153197,-1.0306701134001208,-0.14362427588045,-0.009816137054176,0.3872494714448419,0.9972039090469852,-0.5787359118286177,-0.5738091541336192,1.0959875190286648,-1.0959875190286648,-0.5784279906300535,1.731127539482183,-0.5765804684883443,-0.5767344287272242,0
-1.040148946095241,-0.4693113027136664,1.03290776479748,0.7352213512048696,-0.9115834940401768,-1.5477679860172513,-1.0306701134001208,0.2852719502515235,-0.721130416342303,0.422661248466462,0.9972039090469852,-0.5787359118286177,-0.5738091541336192,-0.9124191495230388,0.9124191495230392,-0.5784279906300535,1.731127539482183,-0.5765804684883443,-0.5767344287272242,0
-0.0985923563949074,-0.1832505306097613,0.6871298574603482,-0.2165462627381682,0.8077365626180215,-1.5477679860172513,0.9702425509371356,-1.0620125268991654,-1.43244469563043,-0.4139419836693133,-1.002803930999114,1.7279038324066065,-0.5738091541336192,1.0959875190286648,-1.0959875190286648,-0.5784279906300535,1.731127539482183,-0.5765804684883443,-0.5767344287272242,0
-0.8539069832973727,0.6749317857019538,-0.695981771888179,-1.2258476714090278,0.8077365626180215,0.646091668153197,0.9702425509371356,-1.2297087463914698,1.412812421522078,-0.7105156162253817,-1.002803930999114,-0.5787359118286177,1.7427397119690018,1.0959875190286648,-1.0959875190286648,1.7288236672481017,-0.5776581893550843,-0.5765804684883443,-0.5767344287272242,0
-0.5641972633895778,-0.278604121311063,-1.0417596792253108,-1.2258476714090278,0.8077365626180215,0.646091668153197,0.9702425509371356,-1.530629404144454,0.7014981422339509,1.4451763099657429,0.9972039090469852,-0.5787359118286177,-0.5738091541336192,-0.9124191495230388,0.9124191495230392,-0.5784279906300535,-0.5776581893550843,-0.5765804684883443,1.733900301750437,0
0.2325044663568581,-0.1832505306097613,-1.0417596792253108,-1.2258476714090278,-0.9115834940401768,0.646091668153197,0.9702425509371356,-1.503561163879631,-0.721130416342303,-1.3257952419760313,0.9972039090469852,-0.5787359118286177,-0.5738091541336192,-0.9124191495230388,0.9124191495230392,-0.5784279906300535,1.731127539482183,-0.5765804684883443,-0.5767344287272242,0
0.5429077376866382,0.007456650792842,-1.3875375865624426,1.0429418406984263,-0.9115834940401768,0.646091668153197,0.9702425509371356,-1.1969395222249986,-0.721130416342303,-0.0775301019639221,-1.002803930999114,1.7279038324066065,-0.5738091541336192,-0.9124191495230388,0.9124191495230392,-0.5784279906300535,1.731127539482183,-0.5765804684883443,-0.5767344287272242,1
-0.2434472163488049,-1.0414328469214764,-0.695981771888179,1.2999863750604836,-0.9115834940401768,-1.5477679860172513,0.9702425509371356,-1.147552673365006,-0.009816137054176,0.714808408894828,-1.002803930999114,-0.5787359118286177,1.7427397119690018,1.0959875190286648,-1.0959875190286648,-0.5784279906300535,-0.5776581893550843,1.7343632929879855,-0.5767344287272242,0
-0.5848908148115631,0.1028102414941437,-1.7333154938995745,1.2117544163550025,0.8077365626180215,0.646091668153197,0.9702425509371356,-0.2883324102480339,1.412812421522078,-1.0336480815476654,-1.002803930999114,1.7279038324066065,-0.5738091541336192,-0.9124191495230388,0.9124191495230392,1.7288236672481017,-0.5776581893550843,-0.5765804684883443,-0.5767344287272242,0
1.5155046545199495,-0.7553720748175714,1.378685672134612,-1.2258476714090278,0.8077365626180215,0.646091668153197,0.9702425509371356,-1.3101107909105083,-1.43244469563043,1.1840144544312945,0.9972039090469852,-0.5787359118286177,-0.5738091541336192,-0.9124191495230388,0.9124191495230392,-0.5784279906300535,-0.5776581893550843,1.7343632929879855,-0.5767344287272242,0
-1.1953505817601309,0.9609925578058588,-0.695981771888179,-1.2258476714090278,-0.9115834940401768,-1.5477679860172513,-1.0306701134001208,-0.6654741011755024,-1.43244469563043,-1.494001182828727,0.9972039090469852,-0.5787359118286177,-0.5738091541336192,1.0959875190286648,-1.0959875190286648,-0.5784279906300535,1.731127539482183,-0.5765804684883443,-0.5767344287272242,1
0.1290367092469313,-0.1832505306097613,0.6871298574603482,1.076059136482552,0.8077365626180215,-1.5477679860172513,0.9702425509371356,1.3284641897992304,-0.009816137054176,-1.1708687175064434,-1.002803930999114,1.7279038324066065,-0.5738091541336192,-0.9124191495230388,0.9124191495230392,-0.5784279906300535,-0.5776581893550843,-0.5765804684883443,1.733900301750437,0
0.7601900276174844,0.1028102414941437,0.3413519501232164,0.5380069757234797,-0.9115834940401768,0.646091668153197,0.9702425509371356,-0.2284831212962172,-0.721130416342303,0.3252788616570067,0.9972039090469852,-0.5787359118286177,-0.5738091541336192,1.0959875190286648,-1.0959875190286648,-0.5784279906300535,-0.5776581893550843,-0.5765804684883443,1.733900301750437,0
1.7741740472947665,0.6749317857019538,-0.695981771888179,0.6184561703821866,0.8077365626180215,0.646091668153197,-1.0306701134001208,-1.284010422428408,0.7014981422339509,0.1880582256982287,-1.002803930999114,1.7279038324066065,-0.5738091541336192,1.0959875190286648,-1.0959875190286648,-0.5784279906300535,1.731127539482183,-0.5765804684883443,-0.5767344287272242,0
-1.0815360489392114,-0.278604121311063,0.6871298574603482,0.1470498568038872,-0.9115834940401768,-1.5477679860172513,-1.0306701134001208,0.603185661224601,0.7014981422339509,-0.351971373881478,-1.002803930999114,-0.5787359118286177,1.7427397119690018,1.0959875190286648,-1.0959875190286648,-0.5784279906300535,-0.5776581893550843,1.7343632929879855,-0.5767344287272242,0
-0.99876184325127,2.5820035997279875,1.03290776479748,-1.2258476714090278,0.8077365626180215,0.646091668153197,0.9702425509371356,0.2896551956750049,-1.43244469563043,-1.538265904105752,-1.002803930999114,-0.5787359118286177,1.7427397119690018,-0.9124191495230388,0.9124191495230392,-0.5784279906300535,-0.5776581893550843,1.7343632929879855,-0.5767344287272242,0
0.2945851206228141,-0.3739577120123647,1.03290776479748,0.6843069126940131,-0.9115834940401768,-1.5477679860172513,-1.0306701134001208,0.3672530899302654,-0.009816137054176,-1.0513539700584753,-1.002803930999114,-0.5787359118286177,1.7427397119690018,1.0959875190286648,-1.0959875190286648,-0.5784279906300535,-0.5776581893550843,-0.5765804684883443,1.733900301750437,0
0.584294840530609,-0.5646648934149681,-1.0417596792253108,-1.2258476714090278,0.8077365626180215,-1.5477679860172513,-1.0306701134001208,0.5351762358825864,0.7014981422339509,1.7107646376278938,0.9972039090469852,-0.5787359118286177,-0.5738091541336192,-0.9124191495230388,0.9124191495230392,-0.5784279906300535,1.731127539482183,-0.5765804684883443,-0.5767344287272242,0
-0.1606730106608635,0.3888710135980487,1.7244635794717436,0.7326363388220356,0.8077365626180215,-1.5477679860172513,0.9702425509371356,1.3746752854490418,0.7014981422339509,0.431514192721867,0.9972039090469852,-0.5787359118286177,-0.5738091541336192,-0.9124191495230388,0.9124191495230392,1.7288236672481017,-0.5776581893550843,-0.5765804684883443,-0.5767344287272242,0
0.8119239061724478,0.007456650792842,-0.3502038645510472,0.7199177060695667,-0.9115834940401768,0.646091668153197,0.9702425509371356,1.0351312225311755,-0.009816137054176,0.8431761005982009,0.9972039090469852,-0.5787359118286177,-0.5738091541336192,-0.9124191495230388,0.9124191495230392,-0.5784279906300535,1.731127539482183,-0.5765804684883443,-0.5767344287272242,0
-0.7607860018984386,0.007456650792842,-0.3502038645510472,-1.2258476714090278,0.8077365626180215,0.646091668153197,-1.0306701134001208,-0.151698510606856,1.412812421522078,-0.6662508949483567,-1.002803930999114,-0.5787359118286177,1.7427397119690018,1.0959875190286648,-1.0959875190286648,-0.5784279906300535,1.731127539482183,-0.5765804684883443,-0.5767344287272242,0
-0.7607860018984386,-0.3739577120123647,-0.3502038645510472,0.5075721371438608,-0.9115834940401768,0.646091668153197,-1.0306701134001208,0.0924668831008856,-1.43244469563043,-0.1837654330287825,0.9972039090469852,-0.5787359118286177,-0.5738091541336192,1.0959875190286648,-1.0959875190286648,-0.5784279906300535,-0.5776581893550843,1.7343632929879855,-0.5767344287272242,0
-0.8539069832973727,-1.0414328469214764,-1.3875375865624426,0.8142314717619293,-0.9115834940401768,-1.5477679860172513,-1.0306701134001208,-0.9473306757169764,0.7014981422339509,-1.6445012351706123,-1.002803930999114,-0.5787359118286177,1.7427397119690018,-0.9124191495230388,0.9124191495230392,-0.5784279906300535,1.731127539482183,-0.5765804684883443,-0.5767344287272242,0
0.4601335319986969,0.2935174228967471,0.6871298574603482,0.7207028741310402,-0.9115834940401768,-1.5477679860172513,-1.0306701134001208,-0.9340606075612204,-0.721130416342303,-0.188191905156485,0.9972039090469852,-0.5787359118286177,-0.5738091541336192,1.0959875190286648,-1.0959875190286648,-0.5784279906300535,1.731127539482183,-0.5765804684883443,-0.5767344287272242,0
0.5739480648196164,-0.8507256655188732,0.3413519501232164,0.1782822043187767,0.8077365626180215,-1.5477679860172513,-1.0306701134001208,0.6535535975078994,0.7014981422339509,0.1614993929320136,-1.002803930999114,-0.5787359118286177,1.7427397119690018,-0.9124191495230388,0.9124191495230392,-0.5784279906300535,-0.5776581893550843,-0.5765804684883443,1.733900301750437,1
0.4394399805767116,0.3888710135980487,0.3413519501232164,0.8378079899319608,-0.9115834940401768,0.646091668153197,-1.0306701134001208,-1.1085044549113727,-0.721130416342303,-0.5246037868618761,0.9972039090469852,-0.5787359118286177,-0.5738091541336192,-0.9124191495230388,0.9124191495230392,-0.5784279906300535,-0.5776581893550843,1.7343632929879855,-0.5767344287272242,0
-1.1125763760721894,-0.6600184841162697,0.6871298574603482,1.1342540494495204,-0.9115834940401768,0.646091668153197,-1.0306701134001208,0.2205222669933978,-0.009816137054176,1.4407498378380403,0.9972039090469852,-0.5787359118286177,-0.5738091541336192,1.0959875190286648,-1.0959875190286648,1.7288236672481017,-0.5776581893550843,-0.5765804684883443,-0.5767344287272242,0
-1.091882824650204,-0.0878969399084596,-1.3875375865624426,0.1892359318471296,0.8077365626180215,0.646091668153197,0.9702425509371356,-1.317865241912799,-0.009816137054176,-1.219559910911171,0.9972039090469852,-0.5787359118286177,-0.5738091541336192,-0.9124191495230388,0.9124191495230392,-0.5784279906300535,1.731127539482183,-0.5765804684883443,-0.5767344287272242,0
-0.6987053476324826,-0.9460792562201747,1.7244635794717436,-1.2258476714090278,0.8077365626180215,0.646091668153197,0.9702425509371356,0.1946804729527114,0.7014981422339509,-0.1439271838794598,0.9972039090469852,-0.5787359118286177,-0.5738091541336192,1.0959875190286648,-1.0959875190286648,-0.5784279906300535,-0.5776581893550843,-0.5765804684883443,1.733900301750437,0
-1.474713525956933,-1.3274936190253817,-1.0417596792253108,0.5595006108302515,-0.9115834940401768,-1.5477679860172513,0.9702425509371356,-0.9023705447823844,1.412812421522078,-1.1930010781449558,0.9972039090469852,-0.5787359118286177,-0.5738091541336192,1.0959875190286648,-1.0959875190286648,-0.5784279906300535,-0.5776581893550843,1.7343632929879855,-0.5767344287272242,0
0.522214186264653,-1.518200800427985,-0.695981771888179,-1.2258476714090278,0.8077365626180215,0.646091668153197,-1.0306701134001208,-1.0629835287020266,-0.721130416342303,-1.5648247368719672,0.9972039090469852,-0.5787359118286177,-0.5738091541336192,-0.9124191495230388,0.9124191495230392,-0.5784279906300535,-0.5776581893550843,1.7343632929879855,-0.5767344287272242,0
-0.015818150706966,-0.5646648934149681,-1.0417596792253108,-1.2258476714090278,0.8077365626180215,0.646091668153197,-1.0306701134001208,-1.7055003253534582,-0.009816137054176,0.5023377467651073,0.9972039090469852,-0.5787359118286177,-0.5738091541336192,-0.9124191495230388,0.9124191495230392,1.7288236672481017,-0.5776581893550843,-0.5765804684883443,-0.5767344287272242,0
-0.6883585719214899,-0.5646648934149681,-0.695981771888179,0.1895300292941194,0.8077365626180215,0.646091668153197,0.9702425509371356,1.3487107250629362,-1.43244469563043,1.2194262314529147,-1.002803930999114,1.7279038324066065,-0.5738091541336192,-0.9124191495230388,0.9124191495230392,-0.5784279906300535,-0.5776581893550843,-0.5765804684883443,1.733900301750437,0
0.2842383449118215,-1.23214002832408,-1.3875375865624426,-1.2258476714090278,0.8077365626180215,0.646091668153197,-1.0306701134001208,-0.9502490717157978,1.412812421522078,-1.4541629336794042,0.9972039090469852,-0.5787359118286177,-0.5738091541336192,1.0959875190286648,-1.0959875190286648,1.7288236672481017,-0.5776581893550843,-0.5765804684883443,-0.5767344287272242,0
0.3670125505997628,-0.3739577120123647,-0.3502038645510472,-1.2258476714090278,0.8077365626180215,0.646091668153197,0.9702425509371356,1.0361463923959862,-0.721130416342303,0.0773964225056658,-1.002803930999114,-0.5787359118286177,1.7427397119690018,1.0959875190286648,-1.0959875190286648,-0.5784279906300535,1.731127539482183,-0.5765804684883443,-0.5767344287272242,0
1.660359514473847,1.247053329909764,1.7244635794717436,0.0068838149239251,-0.9115834940401768,-1.5477679860172513,-1.0306701134001208,0.8045815903144492,-0.721130416342303,-0.5246037868618761,-1.002803930999114,1.7279038324066065,-0.5738091541336192,-0.9124191495230388,0.9124191495230392,-0.5784279906300535,1.731127539482183,-0.5765804684883443,-0.5767344287272242,1
0.3566657748887701,0.4842246042993504,-1.0417596792253108,0.6919165839654475,-0.9115834940401768,0.646091668153197,-1.0306701134001208,0.7876662659277871,0.7014981422339509,0.1747788093151212,-1.002803930999114,1.7279038324066065,-0.5738091541336192,1.0959875190286648,-1.0959875190286648,1.7288236672481017,-0.5776581893550843,-0.5765804684883443,-0.5767344287272242,1
-0.1296326835278854,0.4842246042993504,1.378685672134612,0.0184545861421478,0.8077365626180215,0.646091668153197,0.9702425509371356,0.1957302469290495,0.7014981422339509,-1.1664422453787409,-1.002803930999114,-0.5787359118286177,1.7427397119690018,-0.9124191495230388,0.9124191495230392,-0.5784279906300535,-0.5776581893550843,-0.5765804684883443,1.733900301750437,0
2.063883767202561,-1.899615163233192,1.03290776479748,-1.2258476714090278,-0.9115834940401768,0.646091668153197,0.9702425509371356,-0.5481073882748005,-0.009816137054176,0.0375581733563432,0.9972039090469852,-0.5787359118286177,-0.5738091541336192,-0.9124191495230388,0.9124191495230392,-0.5784279906300535,1.731127539482183,-0.5765804684883443,-0.5767344287272242,0
-1.15396347891616,-0.278604121311063,0.3413519501232164,-1.2258476714090278,2.52705661927622,0.646091668153197,0.9702425509371356,0.3281200131528863,-0.009816137054176,1.0379408742171117,-1.002803930999114,-0.5787359118286177,1.7427397119690018,-0.9124191495230388,0.9124191495230392,-0.5784279906300535,-0.5776581893550843,1.7343632929879855,-0.5767344287272242,0
0.3773593263107555,3.1541251439357976,1.378685672134612,-1.2258476714090278,-0.9115834940401768,-1.5477679860172513,0.9702425509371356,-0.5262057679180379,1.412812421522078,-1.5426923762334546,0.9972039090469852,-0.5787359118286177,-0.5738091541336192,1.0959875190286648,-1.0959875190286648,-0.5784279906300535,1.731127539482183,-0.5765804684883443,-0.5767344287272242,0
1.660359514473847,0.2935174228967471,1.7244635794717436,-1.2258476714090278,0.8077365626180215,0.646091668153197,0.9702425509371356,-1.6744294848919554,1.412812421522078,0.6351319105961827,0.9972039090469852,-0.5787359118286177,-0.5738091541336192,-0.9124191495230388,0.9124191495230392,-0.5784279906300535,-0.5776581893550843,-0.5765804684883443,1.733900301750437,0
-0.2951810949037682,-1.518200800427985,1.03290776479748,-1.2258476714090278,0.8077365626180215,0.646091668153197,0.9702425509371356,0.5442609454435964,-0.009816137054176,-0.9583980553767226,-1.002803930999114,-0.5787359118286177,1.7427397119690018,1.0959875190286648,-1.0959875190286648,-0.5784279906300535,-0.5776581893550843,-0.5765804684883443,1.733900301750437,0
-0.8746005347193581,-0.278604121311063,-1.3875375865624426,1.0519396198654356,-0.9115834940401768,0.646091668153197,-1.0306701134001208,-0.3560201390758482,1.412812421522078,-0.2855742919659403,0.9972039090469852,-0.5787359118286177,-0.5738091541336192,-0.9124191495230388,0.9124191495230392,-0.5784279906300535,1.731127539482183,-0.5765804684883443,-0.5767344287272242,0
0.6981093733515285,-0.3739577120123647,-0.695981771888179,0.3377596301675188,-0.9115834940401768,0.646091668153197,0.9702425509371356,-0.8099535701829927,-0.721130416342303,0.6218524942130752,0.9972039090469852,-0.5787359118286177,-0.5738091541336192,-0.9124191495230388,0.9124191495230392,1.7288236672481017,-0.5776581893550843,-0.5765804684883443,-0.5767344287272242,0
-1.2574312360260869,-0.7553720748175714,0.3413519501232164,1.2152500890614313,-0.9115834940401768,0.646091668153197,-1.0306701134001208,-1.5134688948469694,-1.43244469563043,0.3739700550617343,0.9972039090469852,-0.5787359118286177,-0.5738091541336192,1.0959875190286648,-1.0959875190286648,-0.5784279906300535,-0.5776581893550843,1.7343632929879855,-0.5767344287272242,0
0.8222706818834405,0.5795781950006521,0.3413519501232164,1.224392272478979,-0.9115834940401768,-1.5477679860172513,-1.0306701134001208,1.084862721386381,0.7014981422339509,1.1043379561326494,-1.002803930999114,1.7279038324066065,-0.5738091541336192,-0.9124191495230388,0.9124191495230392,-0.5784279906300535,-0.5776581893550843,1.7343632929879855,-0.5767344287272242,0
-0.3262214220367463,-0.0878969399084596,1.7244635794717436,0.6919319699899223,-0.9115834940401768,0.646091668153197,0.9702425509371356,-1.590113871860167,-0.721130416342303,-0.8610156685672673,-1.002803930999114,-0.5787359118286177,1.7427397119690018,1.0959875190286648,-1.0959875190286648,-0.5784279906300535,-0.5776581893550843,-0.5765804684883443,1.733900301750437,0
1.7327869444507955,-0.7553720748175714,-1.3875375865624426,1.7679580792169878,-0.9115834940401768,-1.5477679860172513,-1.0306701134001208,1.359165861774438,0.7014981422339509,-0.8388833079287547,0.9972039090469852,-0.5787359118286177,-0.5738091541336192,1.0959875190286648,-1.0959875190286648,-0.5784279906300535,-0.5776581893550843,1.7343632929879855,-0.5767344287272242,0
-1.4333264231129623,0.2935174228967471,1.378685672134612,0.2799926410062526,0.8077365626180215,0.646091668153197,-1.0306701134001208,-1.482615764675077,1.412812421522078,-0.1173683511132447,-1.002803930999114,1.7279038324066065,-0.5738091541336192,-0.9124191495230388,0.9124191495230392,-0.5784279906300535,-0.5776581893550843,1.7343632929879855,-0.5767344287272242,0
-1.1746570303381456,0.1981638321954454,-0.695981771888179,0.9908030913442148,-0.9115834940401768,0.646091668153197,-1.0306701134001208,0.1160060256599306,1.412812421522078,0.7103819367671255,-1.002803930999114,1.7279038324066065,-0.5738091541336192,1.0959875190286648,-1.0959875190286648,1.7288236672481017,-0.5776581893550843,-0.5765804684883443,-0.5767344287272242,0
-0.99876184325127,0.007456650792842,1.7244635794717436,-1.2258476714090278,0.8077365626180215,0.646091668153197,0.9702425509371356,-1.4206519732299236,-0.721130416342303,-0.1837654330287825,0.9972039090469852,-0.5787359118286177,-0.5738091541336192,1.0959875190286648,-1.0959875190286648,1.7288236672481017,-0.5776581893550843,-0.5765804684883443,-0.5767344287272242,0
-0.8642537590083653,-0.278604121311063,-1.3875375865624426,-1.2258476714090278,0.8077365626180215,-1.5477679860172513,-1.0306701134001208,-1.591693662579901,-0.721130416342303,0.3031465010184941,0.9972039090469852,-0.5787359118286177,-0.5738091541336192,-0.9124191495230388,0.9124191495230392,-0.5784279906300535,1.731127539482183,-0.5765804684883443,-0.5767344287272242,0
1.567238533074913,2.009882055520177,-0.695981771888179,0.2628633479043761,-0.9115834940401768,0.646091668153197,-1.0306701134001208,-1.0540622757482323,0.7014981422339509,1.0689261791110292,0.9972039090469852,-0.5787359118286177,-0.5738091541336192,1.0959875190286648,-1.0959875190286648,-0.5784279906300535,-0.5776581893550843,1.7343632929879855,-0.5767344287272242,1
-0.7607860018984386,0.3888710135980487,-0.695981771888179,-1.2258476714090278,0.8077365626180215,0.646091668153197,0.9702425509371356,0.6072009553918408,-0.721130416342303,-0.3652507902645856,-1.002803930999114,-0.5787359118286177,1.7427397119690018,-0.9124191495230388,0.9124191495230392,-0.5784279906300535,-0.5776581893550843,1.7343632929879855,-0.5767344287272242,0
-1.5988748344888453,-0.8507256655188732,-1.7333154938995745,0.2320340821765053,-0.9115834940401768,-1.5477679860172513,0.9702425509371356,-1.2570202587770314,-0.009816137054176,-1.210706966655766,0.9972039090469852,-0.5787359118286177,-0.5738091541336192,-0.9124191495230388,0.9124191495230392,1.7288236672481017,-0.5776581893550843,-0.5765804684883443,-0.5767344287272242,0
-0.3055278706147609,0.7702853764032556,-1.7333154938995745,-1.2258476714090278,-0.9115834940401768,0.646091668153197,0.9702425509371356,0.5867245375379879,-0.721130416342303,0.431514192721867,0.9972039090469852,-0.5787359118286177,-0.5738091541336192,-0.9124191495230388,0.9124191495230392,1.7288236672481017,-0.5776581893550843,-0.5765804684883443,-0.5767344287272242,1
0.8326174575944332,-1.23214002832408,-0.695981771888179,-1.2258476714090278,0.8077365626180215,0.646091668153197,-1.0306701134001208,-1.0849510533716984,1.412812421522078,-1.485148238573322,-1.002803930999114,-0.5787359118286177,1.7427397119690018,1.0959875190286648,-1.0959875190286648,1.7288236672481017,-0.5776581893550843,-0.5765804684883443,-0.5767344287272242,0
-1.2470844603150943,-1.3274936190253817,1.378685672134612,1.3795242683112423,-0.9115834940401768,0.646091668153197,-1.0306701134001208,-0.6253295062234738,1.412812421522078,-0.6883832555868692,0.9972039090469852,-0.5787359118286177,-0.5738091541336192,-0.9124191495230388,0.9124191495230392,-0.5784279906300535,-0.5776581893550843,-0.5765804684883443,1.733900301750437,0
0.7188029247735137,3.058771553234496,-0.0044259572139154,1.7092831543406275,0.8077365626180215,0.646091668153197,0.9702425509371356,1.6971362201228388,-0.721130416342303,0.5156171631482148,0.9972039090469852,-0.5787359118286177,-0.5738091541336192,-0.9124191495230388,0.9124191495230392,1.7288236672481017,-0.5776581893550843,-0.5765804684883443,-0.5767344287272242,0
0.3256254477557921,-1.422847209726683,1.378685672134612,-0.297400302165865,0.8077365626180215,-1.5477679860172513,-1.0306701134001208,-0.8165168746327044,1.412812421522078,0.1614993929320136,-1.002803930999114,1.7279038324066065,-0.5738091541336192,-0.9124191495230388,0.9124191495230392,-0.5784279906300535,-0.5776581893550843,-0.5765804684883443,1.733900301750437,0
-1.5471409559338818,0.2935174228967471,1.378685672134612,0.6113595268643296,-0.9115834940401768,-1.5477679860172513,0.9702425509371356,-0.1505974390782533,0.7014981422339509,-0.6928097277145717,0.9972039090469852,-0.5787359118286177,-0.5738091541336192,-0.9124191495230388,0.9124191495230392,-0.5784279906300535,-0.5776581893550843,-0.5765804684883443,1.733900301750437,0
0.3152786720447995,2.4866500090266856,0.6871298574603482,0.9332394861939736,0.8077365626180215,-1.5477679860172513,0.9702425509371356,1.5707409641336063,-0.009816137054176,1.0954850118772443,-1.002803930999114,-0.5787359118286177,1.7427397119690018,-0.9124191495230388,0.9124191495230392,-0.5784279906300535,1.731127539482183,-0.5765804684883443,-0.5767344287272242,0
1.184407831768184,0.3888710135980487,1.378685672134612,1.305802292311912,0.8077365626180215,-1.5477679860172513,-1.0306701134001208,0.6349169359352558,-1.43244469563043,-1.2018540224003609,0.9972039090469852,-0.5787359118286177,-0.5738091541336192,-0.9124191495230388,0.9124191495230392,-0.5784279906300535,-0.5776581893550843,1.7343632929879855,-0.5767344287272242,0
-0.3572617491697243,-0.7553720748175714,-0.695981771888179,0.966486761830693,-0.9115834940401768,0.646091668153197,-1.0306701134001208,-0.7084946629644796,-1.43244469563043,1.1264703167711618,0.9972039090469852,-0.5787359118286177,-0.5738091541336192,1.0959875190286648,-1.0959875190286648,-0.5784279906300535,-0.5776581893550843,1.7343632929879855,-0.5767344287272242,1
-1.0504957218062334,0.5795781950006521,-0.695981771888179,1.077792949115543,0.8077365626180215,0.646091668153197,0.9702425509371356,-0.0640934202998663,-0.721130416342303,0.9272790710245488,-1.002803930999114,1.7279038324066065,-0.5738091541336192,1.0959875190286648,-1.0959875190286648,-0.5784279906300535,-0.5776581893550843,-0.5765804684883443,1.733900301750437,0
0.2428512420678507,-1.0414328469214764,-0.695981771888179,-1.2258476714090278,-0.9115834940401768,0.646091668153197,-1.0306701134001208,-0.8442924994487526,1.412812421522078,-0.8742950849503748,0.9972039090469852,-0.5787359118286177,-0.5738091541336192,1.0959875190286648,-1.0959875190286648,-0.5784279906300535,-0.5776581893550843,1.7343632929879855,-0.5767344287272242,0
0.2738915692008288,0.007456650792842,-1.7333154938995745,0.5565854400055649,0.8077365626180215,0.646091668153197,0.9702425509371356,0.8257692182996957,1.412812421522078,0.267734723996874,-1.002803930999114,1.7279038324066065,-0.5738091541336192,1.0959875190286648,-1.0959875190286648,-0.5784279906300535,-0.5776581893550843,-0.5765804684883443,1.733900301750437,0
0.8946981118603892,-0.6600184841162697,0.6871298574603482,0.8344589652713058,0.8077365626180215,-1.5477679860172513,0.9702425509371356,1.5530546114529105,-0.721130416342303,-1.2948099370821138,0.9972039090469852,-0.5787359118286177,-0.5738091541336192,1.0959875190286648,-1.0959875190286648,-0.5784279906300535,1.731127539482183,-0.5765804684883443,-0.5767344287272242,0
0.5636012891086236,-1.3274936190253817,1.378685672134612,-1.2258476714090278,0.8077365626180215,-1.5477679860172513,0.9702425509371356,0.2128578910150835,-1.43244469563043,1.3743527559225026,0.9972039090469852,-0.5787359118286177,-0.5738091541336192,-0.9124191495230388,0.9124191495230392,-0.5784279906300535,-0.5776581893550843,1.7343632929879855,-0.5767344287272242,0
-0.5021166091236218,0.2935174228967471,0.3413519501232164,1.3130843694789065,-0.9115834940401768,0.646091668153197,0.9702425509371356,0.5529044960551323,1.412812421522078,0.8874408218752261,-1.002803930999114,1.7279038324066065,-0.5738091541336192,1.0959875190286648,-1.0959875190286648,-0.5784279906300535,1.731127539482183,-0.5765804684883443,-0.5767344287272242,0
-0.5538504876785851,-0.0878969399084596,0.3413519501232164,0.6285316123467763,0.8077365626180215,0.646091668153197,0.9702425509371356,-1.3047174184324388,0.7014981422339509,-0.5334567311172812,-1.002803930999114,-0.5787359118286177,1.7427397119690018,-0.9124191495230388,0.9124191495230392,1.7288236672481017,-0.5776581893550843,-0.5765804684883443,-0.5767344287272242,0
0.2118109149348727,0.2935174228967471,0.3413519501232164,-1.2258476714090278,0.8077365626180215,0.646091668153197,-1.0306701134001208,1.6886848179697844,1.412812421522078,-0.945118638993615,0.9972039090469852,-0.5787359118286177,-0.5738091541336192,1.0959875190286648,-1.0959875190286648,1.7288236672481017,-0.5776581893550843,-0.5765804684883443,-0.5767344287272242,0
-0.6573182447885119,0.5795781950006521,1.03290776479748,0.9375033382265184,-0.9115834940401768,0.646091668153197,0.9702425509371356,0.4037609492617645,-1.43244469563043,-1.2948099370821138,-1.002803930999114,1.7279038324066065,-0.5738091541336192,1.0959875190286648,-1.0959875190286648,-0.5784279906300535,-0.5776581893550843,-0.5765804684883443,1.733900301750437,1
-0.398648852013695,-0.5646648934149681,-0.0044259572139154,-0.1123070688198437,-0.9115834940401768,0.646091668153197,-1.0306701134001208,-1.5844261035991023,-1.43244469563043,1.015808513578599,-1.002803930999114,-0.5787359118286177,1.7427397119690018,-0.9124191495230388,0.9124191495230392,-0.5784279906300535,-0.5776581893550843,1.7343632929879855,-0.5767344287272242,1
-0.6780117962104972,2.677357190429289,-0.0044259572139154,0.6009056848603158,0.8077365626180215,-1.5477679860172513,0.9702425509371356,-0.1207514798308184,1.412812421522078,-0.1173683511132447,0.9972039090469852,-0.5787359118286177,-0.5738091541336192,1.0959875190286648,-1.0959875190286648,-0.5784279906300535,-0.5776581893550843,-0.5765804684883443,1.733900301750437,0
-0.6883585719214899,-0.278604121311063,-0.3502038645510472,0.5314740056230962,-0.9115834940401768,0.646091668153197,0.9702425509371356,-0.5190521068922671,-1.43244469563043,1.6974852212447862,-1.002803930999114,1.7279038324066065,-0.5738091541336192,1.0959875190286648,-1.0959875190286648,-0.5784279906300535,-0.5776581893550843,-0.5765804684883443,1.733900301750437,0
0.0152221764260119,-1.23214002832408,-1.3875375865624426,0.8882618093351067,-0.9115834940401768,0.646091668153197,0.9702425509371356,1.37685325779518,-1.43244469563043,-1.1664422453787409,-1.002803930999114,1.7279038324066065,-0.5738091541336192,1.0959875190286648,-1.0959875190286648,-0.5784279906300535,-0.5776581893550843,1.7343632929879855,-0.5767344287272242,0
-1.15396347891616,-0.1832505306097613,-1.0417596792253108,0.8193651149905585,-0.9115834940401768,0.646091668153197,-1.0306701134001208,-0.0251100628190961,-1.43244469563043,0.0596905339948558,0.9972039090469852,-0.5787359118286177,-0.5738091541336192,-0.9124191495230388,0.9124191495230392,1.7288236672481017,-0.5776581893550843,-0.5765804684883443,-0.5767344287272242,0
0.8119239061724478,0.2935174228967471,0.6871298574603482,-1.2258476714090278,0.8077365626180215,0.646091668153197,-1.0306701134001208,-0.7272434835920742,-1.43244469563043,-1.684339484319935,-1.002803930999114,-0.5787359118286177,1.7427397119690018,1.0959875190286648,-1.0959875190286648,-0.5784279906300535,-0.5776581893550843,1.7343632929879855,-0.5767344287272242,1
-0.4814230577016364,-1.3274936190253817,-0.0044259572139154,1.3029230222109995,0.8077365626180215,0.646091668153197,0.9702425509371356,-0.7244854141803299,-0.721130416342303,1.6886322769893811,-1.002803930999114,1.7279038324066065,-0.5738091541336192,1.0959875190286648,-1.0959875190286648,-0.5784279906300535,-0.5776581893550843,-0.5765804684883443,1.733900301750437,0
0.2635447934898361,-0.3739577120123647,-0.0044259572139154,0.4864352654795955,0.8077365626180215,0.646091668153197,-1.0306701134001208,-0.2763192190677577,-0.009816137054176,1.1707350380481871,0.9972039090469852,-0.5787359118286177,-0.5738091541336192,-0.9124191495230388,0.9124191495230392,1.7288236672481017,-0.5776581893550843,-0.5765804684883443,-0.5767344287272242,0
0.6360287190855723,-1.422847209726683,-1.0417596792253108,-1.2258476714090278,-0.9115834940401768,-1.5477679860172513,0.9702425509371356,0.3676429513274742,1.412812421522078,-1.5161335434672394,0.9972039090469852,-0.5787359118286177,-0.5738091541336192,-0.9124191495230388,0.9124191495230392,-0.5784279906300535,1.731127539482183,-0.5765804684883443,-0.5767344287272242,0
-1.2988183388700576,0.7702853764032556,-1.3875375865624426,0.6667564271721422,-0.9115834940401768,0.646091668153197,-1.0306701134001208,-0.2081369470581136,-0.009816137054176,-1.3125158255929237,-1.002803930999114,1.7279038324066065,-0.5738091541336192,1.0959875190286648,-1.0959875190286648,1.7288236672481017,-0.5776581893550843,-0.5765804684883443,-0.5767344287272242,1
-0.6573182447885119,0.2935174228967471,-0.0044259572139154,0.7011530067829026,-0.9115834940401768,0.646091668153197,-1.0306701134001208,1.6484788398450458,0.7014981422339509,0.5731613008083475,-1.002803930999114,-0.5787359118286177,1.7427397119690018,-0.9124191495230388,0.9124191495230392,-0.5784279906300535,-0.5776581893550843,1.7343632929879855,-0.5767344287272242,0
-0.5124633848346144,-1.0414328469214764,0.3413519501232164,-1.2258476714090278,0.8077365626180215,0.646091668153197,-1.0306701134001208,-1.4854546929403905,0.7014981422339509,-0.2900007640936428,-1.002803930999114,-0.5787359118286177,1.7427397119690018,-0.9124191495230388,0.9124191495230392,-0.5784279906300535,-0.5776581893550843,1.7343632929879855,-0.5767344287272242,0
-0.4503827305686584,-1.3274936190253817,-0.695981771888179,-1.2258476714090278,0.8077365626180215,-1.5477679860172513,-1.0306701134001208,1.5121210775360574,-0.009816137054176,0.0773964225056658,0.9972039090469852,-0.5787359118286177,-0.5738091541336192,-0.9124191495230388,0.9124191495230392,1.7288236672481017,-0.5776581893550843,-0.5765804684883443,-0.5767344287272242,0
-1.4643667502459403,-0.9460792562201747,-1.7333154938995745,0.5004734101018563,0.8077365626180215,0.646091668153197,0.9702425509371356,-0.1250629086811299,-0.721130416342303,0.9936761529400864,-1.002803930999114,1.7279038324066065,-0.5738091541336192,1.0959875190286648,-1.0959875190286648,-0.5784279906300535,-0.5776581893550843,-0.5765804684883443,1.733900301750437,0
0.5636012891086236,-0.1832505306097613,-0.695981771888179,0.5367211207822261,-0.9115834940401768,0.646091668153197,0.9702425509371356,-1.1088856218081975,-0.009816137054176,0.1349405601657985,-1.002803930999114,1.7279038324066065,-0.5738091541336192,1.0959875190286648,-1.0959875190286648,-0.5784279906300535,-0.5776581893550843,-0.5765804684883443,1.733900301750437,1
0.139383484957924,-0.278604121311063,-1.7333154938995745,0.4329936724487731,-0.9115834940401768,0.646091668153197,0.9702425509371356,0.8016604120755052,-0.721130416342303,0.9671173201738712,0.9972039090469852,-0.5787359118286177,-0.5738091541336192,1.0959875190286648,-1.0959875190286648,-0.5784279906300535,-0.5776581893550843,-0.5765804684883443,1.733900301750437,0
-0.3779553005917097,0.007456650792842,1.03290776479748,0.7935234855298958,-0.9115834940401768,0.646091668153197,0.9702425509371356,0.486180813429872,1.412812421522078,0.9317055431522512,-1.002803930999114,1.7279038324066065,-0.5738091541336192,1.0959875190286648,-1.0959875190286648,1.7288236672481017,-0.5776581893550843,-0.5765804684883443,-0.5767344287272242,1
0.6774158219295431,-0.0878969399084596,-1.3875375865624426,-1.2258476714090278,0.8077365626180215,0.646091668153197,0.9702425509371356,-0.0074560536798277,-0.721130416342303,-1.5072805992118343,0.9972039090469852,-0.5787359118286177,-0.5738091541336192,1.0959875190286648,-1.0959875190286648,1.7288236672481017,-0.5776581893550843,-0.5765804684883443,-0.5767344287272242,0
-0.015818150706966,3.726246688143608,-0.3502038645510472,-0.1304611352601691,0.8077365626180215,0.646091668153197,0.9702425509371356,0.7386240670630082,-0.721130416342303,-0.7105156162253817,-1.002803930999114,1.7279038324066065,-0.5738091541336192,-0.9124191495230388,0.9124191495230392,-0.5784279906300535,-0.5776581893550843,1.7343632929879855,-0.5767344287272242,0
0.5946416162416017,-0.0878969399084596,1.03290776479748,0.371107716318765,-0.9115834940401768,0.646091668153197,-1.0306701134001208,-1.5243375419967242,-0.721130416342303,-0.8610156685672673,-1.002803930999114,-0.5787359118286177,1.7427397119690018,-0.9124191495230388,0.9124191495230392,1.7288236672481017,-0.5776581893550843,-0.5765804684883443,-0.5767344287272242,0
-0.7918263290314166,-0.278604121311063,-0.695981771888179,-1.2258476714090278,0.8077365626180215,0.646091668153197,0.9702425509371356,-1.5916253238068845,1.412812421522078,0.1659258650597161,-1.002803930999114,-0.5787359118286177,1.7427397119690018,-0.9124191495230388,0.9124191495230392,1.7288236672481017,-0.5776581893550843,-0.5765804684883443,-0.5767344287272242,0
-0.2848343191927756,0.1028102414941437,0.3413519501232164,-1.2258476714090278,0.8077365626180215,0.646091668153197,0.9702425509371356,-0.5907246991359776,1.412812421522078,0.5997201335745627,0.9972039090469852,-0.5787359118286177,-0.5738091541336192,-0.9124191495230388,0.9124191495230392,-0.5784279906300535,-0.5776581893550843,1.7343632929879855,-0.5767344287272242,0
0.93608521470436,-0.6600184841162697,-0.0044259572139154,-1.2258476714090278,-0.9115834940401768,0.646091668153197,0.9702425509371356,-0.6129798378783452,-0.009816137054176,-0.5378832032449837,0.9972039090469852,-0.5787359118286177,-0.5738091541336192,-0.9124191495230388,0.9124191495230392,-0.5784279906300535,-0.5776581893550843,-0.5765804684883443,1.733900301750437,0
1.09128685036925,0.1981638321954454,0.3413519501232164,1.162991617204277,-0.9115834940401768,-1.5477679860172513,0.9702425509371356,-0.8636748013743097,0.7014981422339509,0.7812054908103657,-1.002803930999114,1.7279038324066065,-0.5738091541336192,-0.9124191495230388,0.9124191495230392,1.7288236672481017,-0.5776581893550843,-0.5765804684883443,-0.5767344287272242,1
1.4637707759649865,0.2935174228967471,-1.0417596792253108,-1.2258476714090278,0.8077365626180215,0.646091668153197,-1.0306701134001208,-0.1291333259808028,-0.009816137054176,-0.3741037345199906,0.9972039090469852,-0.5787359118286177,-0.5738091541336192,1.0959875190286648,-1.0959875190286648,-0.5784279906300535,-0.5776581893550843,1.7343632929879855,-0.5767344287272242,0
-0.2434472163488049,1.7238212834162725,1.378685672134612,-1.2258476714090278,0.8077365626180215,0.646091668153197,0.9702425509371356,0.1325420959398517,-0.721130416342303,-1.210706966655766,0.9972039090469852,-0.5787359118286177,-0.5738091541336192,1.0959875190286648,-1.0959875190286648,-0.5784279906300535,-0.5776581893550843,1.7343632929879855,-0.5767344287272242,0
-0.2124068892158268,0.1028102414941437,1.03290776479748,-1.2258476714090278,0.8077365626180215,0.646091668153197,0.9702425509371356,-1.001509585408496,-0.009816137054176,1.5646910574137107,0.9972039090469852,-0.5787359118286177,-0.5738091541336192,-0.9124191495230388,0.9124191495230392,1.7288236672481017,-0.5776581893550843,-0.5765804684883443,-0.5767344287272242,0
0.2842383449118215,-1.613554391129287,0.3413519501232164,0.66639181044631,0.8077365626180215,0.646091668153197,0.9702425509371356,1.6577590017746833,-0.009816137054176,0.6307054384684803,0.9972039090469852,-0.5787359118286177,-0.5738091541336192,1.0959875190286648,-1.0959875190286648,-0.5784279906300535,1.731127539482183,-0.5765804684883443,-0.5767344287272242,0
1.029206196103294,-0.278604121311063,1.03290776479748,0.5842551214991254,-0.9115834940401768,-1.5477679860172513,0.9702425509371356,-1.5690865704619978,-0.009816137054176,-0.7060891440976792,-1.002803930999114,-0.5787359118286177,1.7427397119690018,1.0959875190286648,-1.0959875190286648,-0.5784279906300535,1.731127539482183,-0.5765804684883443,-0.5767344287272242,0
-0.2124068892158268,-0.278604121311063,-1.0417596792253108,0.5437772157147486,-0.9115834940401768,0.646091668153197,0.9702425509371356,-0.8886699249676233,-0.009816137054176,1.2194262314529147,0.9972039090469852,-0.5787359118286177,-0.5738091541336192,1.0959875190286648,-1.0959875190286648,-0.5784279906300535,-0.5776581893550843,-0.5765804684883443,1.733900301750437,0
0.7291497004845064,1.1516997392084622,-1.7333154938995745,1.4877362619657994,-0.9115834940401768,0.646091668153197,-1.0306701134001208,0.1562942537582995,-0.721130416342303,-0.8920009734611849,-1.002803930999114,-0.5787359118286177,1.7427397119690018,-0.9124191495230388,0.9124191495230392,-0.5784279906300535,-0.5776581893550843,1.7343632929879855,-0.5767344287272242,1
0.2325044663568581,0.2935174228967471,-0.3502038645510472,-1.2258476714090278,0.8077365626180215,0.646091668153197,-1.0306701134001208,0.3712649062973517,-0.009816137054176,-0.050971269197707,0.9972039090469852,-0.5787359118286177,-0.5738091541336192,1.0959875190286648,-1.0959875190286648,-0.5784279906300535,1.731127539482183,-0.5765804684883443,-0.5767344287272242,0
0.5015206348426676,-1.23214002832408,0.3413519501232164,0.0552377625284541,-0.9115834940401768,-1.5477679860172513,-1.0306701134001208,0.8720966463646417,0.7014981422339509,1.1840144544312945,-1.002803930999114,-0.5787359118286177,1.7427397119690018,-0.9124191495230388,0.9124191495230392,-0.5784279906300535,-0.5776581893550843,-0.5765804684883443,1.733900301750437,0
0.2738915692008288,0.4842246042993504,-0.3502038645510472,1.1585150854375863,0.8077365626180215,0.646091668153197,0.9702425509371356,1.5818342771732783,-0.721130416342303,-1.4585894058071067,-1.002803930999114,1.7279038324066065,-0.5738091541336192,1.0959875190286648,-1.0959875190286648,-0.5784279906300535,-0.5776581893550843,1.7343632929879855,-0.5767344287272242,0
1.950069234381642,-0.5646648934149681,1.7244635794717436,-0.0143195692419754,-0.9115834940401768,0.646091668153197,-1.0306701134001208,-0.6506237206299896,-0.009816137054176,-0.4847655377125535,-1.002803930999114,-0.5787359118286177,1.7427397119690018,1.0959875190286648,-1.0959875190286648,-0.5784279906300535,-0.5776581893550843,1.7343632929879855,-0.5767344287272242,0
0.2635447934898361,0.8656389671045572,-1.0417596792253108,0.7686038956400958,-0.9115834940401768,0.646091668153197,-1.0306701134001208,-1.4784425783808677,0.7014981422339509,1.2061468150698071,-1.002803930999114,1.7279038324066065,-0.5738091541336192,1.0959875190286648,-1.0959875190286648,-0.5784279906300535,1.731127539482183,-0.5765804684883443,-0.5767344287272242,1
1.24648848603414,-1.518200800427985,0.6871298574603482,1.2763643399013818,-0.9115834940401768,0.646091668153197,-1.0306701134001208,-0.4712353109115786,-0.009816137054176,0.7192348810225305,0.9972039090469852,-0.5787359118286177,-0.5738091541336192,1.0959875190286648,-1.0959875190286648,1.7288236672481017,-0.5776581893550843,-0.5765804684883443,-0.5767344287272242,0
-0.4503827305686584,-0.4693113027136664,1.378685672134612,0.8967824614723123,-0.9115834940401768,0.646091668153197,-1.0306701134001208,1.350385981396884,-0.009816137054176,0.714808408894828,-1.002803930999114,-0.5787359118286177,1.7427397119690018,-0.9124191495230388,0.9124191495230392,-0.5784279906300535,-0.5776581893550843,1.7343632929879855,-0.5767344287272242,0
-0.429689179146673,-0.6600184841162697,0.6871298574603482,0.6736918379751917,-0.9115834940401768,-1.5477679860172513,-1.0306701134001208,-1.6741218734683772,-1.43244469563043,0.55988188442524,0.9972039090469852,-0.5787359118286177,-0.5738091541336192,-0.9124191495230388,0.9124191495230392,-0.5784279906300535,1.731127539482183,-0.5765804684883443,-0.5767344287272242,0
0.6774158219295431,0.1981638321954454,1.378685672134612,-1.2258476714090278,-0.9115834940401768,0.646091668153197,0.9702425509371356,0.229139038543752,-1.43244469563043,-1.6356482909152072,0.9972039090469852,-0.5787359118286177,-0.5738091541336192,-0.9124191495230388,0.9124191495230392,-0.5784279906300535,-0.5776581893550843,-0.5765804684883443,1.733900301750437,0
0.9257384389933672,-0.7553720748175714,1.03290776479748,-1.2258476714090278,0.8077365626180215,-1.5477679860172513,-1.0306701134001208,-0.2335822718812996,-1.43244469563043,0.9184261267691436,-1.002803930999114,-0.5787359118286177,1.7427397119690018,1.0959875190286648,-1.0959875190286648,-0.5784279906300535,1.731127539482183,-0.5765804684883443,-0.5767344287272242,0
-0.8746005347193581,0.4842246042993504,-0.0044259572139154,-1.2258476714090278,0.8077365626180215,0.646091668153197,-1.0306701134001208,-0.5847477517921486,1.412812421522078,-1.383339379636164,-1.002803930999114,-0.5787359118286177,1.7427397119690018,-0.9124191495230388,0.9124191495230392,-0.5784279906300535,-0.5776581893550843,1.7343632929879855,-0.5767344287272242,0
-0.7297456747654606,0.007456650792842,-0.695981771888179,0.6924179119295808,-0.9115834940401768,0.646091668153197,-1.0306701134001208,0.6425413172118051,0.7014981422339509,0.8741614054921185,-1.002803930999114,1.7279038324066065,-0.5738091541336192,-0.9124191495230388,0.9124191495230392,1.7288236672481017,-0.5776581893550843,-0.5765804684883443,-0.5767344287272242,0
1.09128685036925,0.007456650792842,-0.0044259572139154,1.16801130768914,0.8077365626180215,0.646091668153197,0.9702425509371356,0.1566427293336814,-0.721130416342303,1.418617477199528,-1.002803930999114,1.7279038324066065,-0.5738091541336192,1.0959875190286648,-1.0959875190286648,1.7288236672481017,-0.5776581893550843,-0.5765804684883443,-0.5767344287272242,0
1.0085126446813086,0.4842246042993504,-1.0417596792253108,0.2632553709863039,-0.9115834940401768,-1.5477679860172513,0.9702425509371356,-0.2537924641334007,1.412812421522078,0.878587877619821,0.9972039090469852,-0.5787359118286177,-0.5738091541336192,-0.9124191495230388,0.9124191495230392,-0.5784279906300535,-0.5776581893550843,1.7343632929879855,-0.5767344287272242,0
0.5946416162416017,2.391296418325384,-0.0044259572139154,-1.2258476714090278,2.52705661927622,-1.5477679860172513,0.9702425509371356,0.2161423254800623,-0.721130416342303,-0.626412645799034,-1.002803930999114,-0.5787359118286177,1.7427397119690018,1.0959875190286648,-1.0959875190286648,-0.5784279906300535,-0.5776581893550843,1.7343632929879855,-0.5767344287272242,1
0.1497302606689167,1.1516997392084622,-1.0417596792253108,-1.2258476714090278,-0.9115834940401768,-1.5477679860172513,-1.0306701134001208,-0.8127076401245604,-1.43244469563043,-0.763633281757812,0.9972039090469852,-0.5787359118286177,-0.5738091541336192,-0.9124191495230388,0.9124191495230392,-0.5784279906300535,1.731127539482183,-0.5765804684883443,-0.5767344287272242,0
0.3256254477557921,1.914528464818876,-1.7333154938995745,0.740059775088891,-0.9115834940401768,-1.5477679860172513,0.9702425509371356,-0.2658166103841605,-1.43244469563043,0.3518376944232217,-1.002803930999114,-0.5787359118286177,1.7427397119690018,1.0959875190286648,-1.0959875190286648,-0.5784279906300535,-0.5776581893550843,1.7343632929879855,-0.5767344287272242,0
0.5946416162416017,0.2935174228967471,1.378685672134612,1.6061802824381932,0.8077365626180215,0.646091668153197,0.9702425509371356,0.0819804461880024,-1.43244469563043,1.4850145591150656,-1.002803930999114,1.7279038324066065,-0.5738091541336192,-0.9124191495230388,0.9124191495230392,-0.5784279906300535,-0.5776581893550843,-0.5765804684883443,1.733900301750437,0
0.4601335319986969,-0.7553720748175714,-0.0044259572139154,-1.2258476714090278,0.8077365626180215,-1.5477679860172513,0.9702425509371356,-1.4970427230518992,-0.009816137054176,-0.1040889347301372,-1.002803930999114,-0.5787359118286177,1.7427397119690018,1.0959875190286648,-1.0959875190286648,-0.5784279906300535,1.731127539482183,-0.5765804684883443,-0.5767344287272242,0
0.5118674105536603,-0.278604121311063,-0.3502038645510472,-1.2258476714090278,0.8077365626180215,0.646091668153197,-1.0306701134001208,0.5338233716228694,-0.721130416342303,0.2500288354860639,0.9972039090469852,-0.5787359118286177,-0.5738091541336192,1.0959875190286648,-1.0959875190286648,-0.5784279906300535,1.731127539482183,-0.5765804684883443,-0.5767344287272242,0
0.6049883919525944,-1.23214002832408,0.3413519501232164,1.2832223397687927,-0.9115834940401768,-1.5477679860172513,0.9702425509371356,-1.66377037520145,-1.43244469563043,0.732514297405638,0.9972039090469852,-0.5787359118286177,-0.5738091541336192,-0.9124191495230388,0.9124191495230392,1.7288236672481017,-0.5776581893550843,-0.5765804684883443,-0.5767344287272242,0
0.0566092792699826,0.3888710135980487,0.6871298574603482,0.9365274475699944,-0.9115834940401768,0.646091668153197,-1.0306701134001208,1.6450292098727757,-1.43244469563043,-0.8211774194179446,0.9972039090469852,-0.5787359118286177,-0.5738091541336192,-0.9124191495230388,0.9124191495230392,1.7288236672481017,-0.5776581893550843,-0.5765804684883443,-0.5767344287272242,0
0.7291497004845064,0.5795781950006521,0.6871298574603482,0.9942787301646094,-0.9115834940401768,-1.5477679860172513,-1.0306701134001208,-0.7040074313164081,-1.43244469563043,-1.2948099370821138,-1.002803930999114,1.7279038324066065,-0.5738091541336192,1.0959875190286648,-1.0959875190286648,-0.5784279906300535,-0.5776581893550843,1.7343632929879855,-0.5767344287272242,1
2.0535369914915687,0.1981638321954454,0.3413519501232164,-1.2258476714090278,0.8077365626180215,0.646091668153197,0.9702425509371356,1.2018107071486002,-1.43244469563043,0.0508375897394507,0.9972039090469852,-0.5787359118286177,-0.5738091541336192,1.0959875190286648,-1.0959875190286648,1.7288236672481017,-0.5776581893550843,-0.5765804684883443,-0.5767344287272242,1
-0.0468584778399441,0.8656389671045572,1.03290776479748,1.4831076329363335,0.8077365626180215,0.646091668153197,0.9702425509371356,1.3140400136625308,0.7014981422339509,-0.059824213453112,-1.002803930999114,1.7279038324066065,-0.5738091541336192,-0.9124191495230388,0.9124191495230392,-0.5784279906300535,-0.5776581893550843,1.7343632929879855,-0.5767344287272242,0
1.660359514473847,-1.0414328469214764,-0.3502038645510472,1.46252065137595,0.8077365626180215,0.646091668153197,0.9702425509371356,-1.568258680135454,0.7014981422339509,-0.4139419836693133,-1.002803930999114,1.7279038324066065,-0.5738091541336192,1.0959875190286648,-1.0959875190286648,-0.5784279906300535,1.731127539482183,-0.5765804684883443,-0.5767344287272242,0
0.2842383449118215,0.1028102414941437,-1.3875375865624426,-1.2258476714090278,0.8077365626180215,0.646091668153197,0.9702425509371356,1.5172452682822448,-0.009816137054176,-0.4493537606909334,0.9972039090469852,-0.5787359118286177,-0.5738091541336192,-0.9124191495230388,0.9124191495230392,-0.5784279906300535,-0.5776581893550843,1.7343632929879855,-0.5767344287272242,0
0.8636577847274112,0.007456650792842,0.3413519501232164,0.2506699235081939,0.8077365626180215,-1.5477679860172513,-1.0306701134001208,0.2240242378579788,1.412812421522078,1.1751615101758894,-1.002803930999114,-0.5787359118286177,1.7427397119690018,1.0959875190286648,-1.0959875190286648,-0.5784279906300535,-0.5776581893550843,-0.5765804684883443,1.733900301750437,0
0.905044887571382,-0.7553720748175714,1.378685672134612,0.0406112627411252,-0.9115834940401768,0.646091668153197,0.9702425509371356,-1.4169255103654337,0.7014981422339509,-0.6175597015436289,-1.002803930999114,-0.5787359118286177,1.7427397119690018,-0.9124191495230388,0.9124191495230392,-0.5784279906300535,-0.5776581893550843,1.7343632929879855,-0.5767344287272242,0
-0.3262214220367463,1.6284676927149706,0.6871298574603482,-1.2258476714090278,0.8077365626180215,0.646091668153197,0.9702425509371356,-1.0024416358496375,-1.43244469563043,0.2013376420813362,-1.002803930999114,-0.5787359118286177,1.7427397119690018,1.0959875190286648,-1.0959875190286648,-0.5784279906300535,-0.5776581893550843,1.7343632929879855,-0.5767344287272242,0
-0.367608524880717,-0.6600184841162697,-0.0044259572139154,0.994256773025515,-0.9115834940401768,0.646091668153197,0.9702425509371356,-0.7510855425444901,-0.009816137054176,0.7546466580441507,-1.002803930999114,-0.5787359118286177,1.7427397119690018,-0.9124191495230388,0.9124191495230392,-0.5784279906300535,-0.5776581893550843,-0.5765804684883443,1.733900301750437,0
-0.7297456747654606,-0.0878969399084596,-1.3875375865624426,0.829123701013623,-0.9115834940401768,0.646091668153197,-1.0306701134001208,0.4497419884314205,1.412812421522078,1.5248528082643882,-1.002803930999114,1.7279038324066065,-0.5738091541336192,1.0959875190286648,-1.0959875190286648,-0.5784279906300535,-0.5776581893550843,1.7343632929879855,-0.5767344287272242,1
0.2945851206228141,0.7702853764032556,1.7244635794717436,1.95627228062413,0.8077365626180215,0.646091668153197,-1.0306701134001208,1.5842889085216287,1.412812421522078,0.3872494714448419,0.9972039090469852,-0.5787359118286177,-0.5738091541336192,-0.9124191495230388,0.9124191495230392,-0.5784279906300535,-0.5776581893550843,-0.5765804684883443,1.733900301750437,1
0.3463189991777775,0.2935174228967471,-1.3875375865624426,0.6603987936423349,-0.9115834940401768,0.646091668153197,0.9702425509371356,-1.338163422508784,1.412812421522078,0.2057641142090388,-1.002803930999114,1.7279038324066065,-0.5738091541336192,-0.9124191495230388,0.9124191495230392,1.7288236672481017,-0.5776581893550843,-0.5765804684883443,-0.5767344287272242,1
-0.0468584778399441,-1.422847209726683,1.03290776479748,-1.2258476714090278,0.8077365626180215,-1.5477679860172513,-1.0306701134001208,-0.1300238167101099,-0.009816137054176,-1.6267953466598024,0.9972039090469852,-0.5787359118286177,-0.5738091541336192,-0.9124191495230388,0.9124191495230392,-0.5784279906300535,1.731127539482183,-0.5765804684883443,-0.5767344287272242,0
0.6877625976405357,-0.5646648934149681,1.7244635794717436,0.41188917554434,0.8077365626180215,0.646091668153197,-1.0306701134001208,-1.336489209514882,-0.009816137054176,-0.9583980553767226,-1.002803930999114,1.7279038324066065,-0.5738091541336192,1.0959875190286648,-1.0959875190286648,-0.5784279906300535,1.731127539482183,-0.5765804684883443,-0.5767344287272242,0
-0.8021731047424093,3.1541251439357976,1.03290776479748,0.3570831947390078,-0.9115834940401768,0.646091668153197,0.9702425509371356,-0.0708551332483362,-1.43244469563043,-1.5559717926165622,-1.002803930999114,-0.5787359118286177,1.7427397119690018,1.0959875190286648,-1.0959875190286648,-0.5784279906300535,-0.5776581893550843,1.7343632929879855,-0.5767344287272242,0
1.2257949346121548,-0.7553720748175714,0.3413519501232164,0.6629833252119041,0.8077365626180215,0.646091668153197,-1.0306701134001208,0.8273408361890688,1.412812421522078,-0.3254125411152629,0.9972039090469852,-0.5787359118286177,-0.5738091541336192,1.0959875190286648,-1.0959875190286648,1.7288236672481017,-0.5776581893550843,-0.5765804684883443,-0.5767344287272242,0
-0.1710197863718562,-0.278604121311063,-1.3875375865624426,-0.1116598941653777,-0.9115834940401768,0.646091668153197,-1.0306701134001208,0.280800194814135,1.412812421522078,-0.2900007640936428,0.9972039090469852,-0.5787359118286177,-0.5738091541336192,1.0959875190286648,-1.0959875190286648,-0.5784279906300535,-0.5776581893550843,1.7343632929879855,-0.5767344287272242,0
-0.750439226187446,-0.7553720748175714,-0.0044259572139154,0.4103387130363395,4.246376675934418,-1.5477679860172513,-1.0306701134001208,1.5263364117735383,0.7014981422339509,0.1703523371874186,-1.002803930999114,1.7279038324066065,-0.5738091541336192,1.0959875190286648,-1.0959875190286648,-0.5784279906300535,-0.5776581893550843,-0.5765804684883443,1.733900301750437,1
-0.5124633848346144,-0.6600184841162697,1.03290776479748,0.2648800390081768,-0.9115834940401768,0.646091668153197,-1.0306701134001208,-0.2283666149910745,-0.721130416342303,0.852029044853606,0.9972039090469852,-0.5787359118286177,-0.5738091541336192,-0.9124191495230388,0.9124191495230392,-0.5784279906300535,1.731127539482183,-0.5765804684883443,-0.5767344287272242,0
0.0566092792699826,0.6749317857019538,1.378685672134612,1.0703103728171128,0.8077365626180215,-1.5477679860172513,-1.0306701134001208,1.617336878370404,-1.43244469563043,0.4890583303819997,0.9972039090469852,-0.5787359118286177,-0.5738091541336192,-0.9124191495230388,0.9124191495230392,-0.5784279906300535,1.731127539482183,-0.5765804684883443,-0.5767344287272242,0
-1.7230361430207572,1.4377605113123673,-0.695981771888179,0.9280051927219054,-0.9115834940401768,-1.5477679860172513,-1.0306701134001208,-0.8718053764632027,-0.009816137054176,0.4979112746374047,-1.002803930999114,1.7279038324066065,-0.5738091541336192,-0.9124191495230388,0.9124191495230392,-0.5784279906300535,1.731127539482183,-0.5765804684883443,-0.5767344287272242,1
-0.0261649264179587,-0.6600184841162697,1.03290776479748,1.2926360224098827,2.52705661927622,0.646091668153197,-1.0306701134001208,1.5807339012047066,1.412812421522078,1.6709263884785712,-1.002803930999114,1.7279038324066065,-0.5738091541336192,1.0959875190286648,-1.0959875190286648,-0.5784279906300535,-0.5776581893550843,1.7343632929879855,-0.5767344287272242,1
-0.7400924504764532,0.1981638321954454,-1.7333154938995745,1.045989876255295,-0.9115834940401768,-1.5477679860172513,0.9702425509371356,-1.580463845884204,-0.721130416342303,-0.0199859643037894,-1.002803930999114,1.7279038324066065,-0.5738091541336192,-0.9124191495230388,0.9124191495230392,-0.5784279906300535,-0.5776581893550843,1.7343632929879855,-0.5767344287272242,0
-0.398648852013695,0.007456650792842,-0.0044259572139154,1.5033827269589288,-0.9115834940401768,0.646091668153197,0.9702425509371356,-0.704064815018941,0.7014981422339509,-1.3789129075084614,-1.002803930999114,-0.5787359118286177,1.7427397119690018,-0.9124191495230388,0.9124191495230392,-0.5784279906300535,1.731127539482183,-0.5765804684883443,-0.5767344287272242,0
0.5325609619756456,0.1028102414941437,0.6871298574603482,1.1066880633500755,-0.9115834940401768,-1.5477679860172513,0.9702425509371356,0.6128579451215466,-0.009816137054176,0.4802053861265947,0.9972039090469852,-0.5787359118286177,-0.5738091541336192,-0.9124191495230388,0.9124191495230392,1.7288236672481017,-0.5776581893550843,-0.5765804684883443,-0.5767344287272242,0
0.905044887571382,-0.7553720748175714,1.378685672134612,0.0991799278859573,-0.9115834940401768,0.646091668153197,-1.0306701134001208,-1.0106403758215394,0.7014981422339509,-1.6489277072983148,0.9972039090469852,-0.5787359118286177,-0.5738091541336192,-0.9124191495230388,0.9124191495230392,1.7288236672481017,-0.5776581893550843,-0.5765804684883443,-0.5767344287272242,0
-0.9159876375633288,0.1981638321954454,-0.0044259572139154,1.4257579896889434,0.8077365626180215,0.646091668153197,-1.0306701134001208,-0.2487136586792164,0.7014981422339509,0.7059554646394229,-1.002803930999114,-0.5787359118286177,1.7427397119690018,-0.9124191495230388,0.9124191495230392,-0.5784279906300535,1.731127539482183,-0.5765804684883443,-0.5767344287272242,0
0.0979963821139533,0.6749317857019538,-0.0044259572139154,0.5214221235084832,0.8077365626180215,0.646091668153197,0.9702425509371356,-1.154797974424822,-0.009816137054176,-0.0155594921760869,-1.002803930999114,1.7279038324066065,-0.5738091541336192,-0.9124191495230388,0.9124191495230392,-0.5784279906300535,-0.5776581893550843,-0.5765804684883443,1.733900301750437,0
0.5636012891086236,-0.7553720748175714,-0.695981771888179,0.6941145416700906,-0.9115834940401768,-1.5477679860172513,-1.0306701134001208,1.4335179251464236,1.412812421522078,0.3474112222955193,0.9972039090469852,-0.5787359118286177,-0.5738091541336192,1.0959875190286648,-1.0959875190286648,-0.5784279906300535,1.731127539482183,-0.5765804684883443,-0.5767344287272242,0
-0.750439226187446,0.1028102414941437,0.3413519501232164,-0.2063645610420501,-0.9115834940401768,-1.5477679860172513,-1.0306701134001208,-0.4368922082856344,1.412812421522078,0.7812054908103657,-1.002803930999114,-0.5787359118286177,1.7427397119690018,-0.9124191495230388,0.9124191495230392,-0.5784279906300535,-0.5776581893550843,-0.5765804684883443,1.733900301750437,1
2.063883767202561,-0.278604121311063,-0.695981771888179,-1.2258476714090278,0.8077365626180215,0.646091668153197,-1.0306701134001208,1.650960945814609,0.7014981422339509,0.551028940169835,0.9972039090469852,-0.5787359118286177,-0.5738091541336192,-0.9124191495230388,0.9124191495230392,-0.5784279906300535,-0.5776581893550843,1.7343632929879855,-0.5767344287272242,0
1.1016336260802426,-0.8507256655188732,0.3413519501232164,0.4590638484813202,0.8077365626180215,0.646091668153197,0.9702425509371356,-0.6454468412114762,-0.721130416342303,1.1707350380481871,-1.002803930999114,1.7279038324066065,-0.5738091541336192,-0.9124191495230388,0.9124191495230392,1.7288236672481017,-0.5776581893550843,-0.5765804684883443,-0.5767344287272242,0
0.0669560549809753,0.1981638321954454,0.3413519501232164,0.5711034362661296,-0.9115834940401768,0.646091668153197,-1.0306701134001208,-1.4355214816762811,-1.43244469563043,-0.5777214523943063,-1.002803930999114,-0.5787359118286177,1.7427397119690018,1.0959875190286648,-1.0959875190286648,-0.5784279906300535,-0.5776581893550843,1.7343632929879855,-0.5767344287272242,0
0.6567222705075577,-0.5646648934149681,1.03290776479748,0.7297351115820291,-0.9115834940401768,-1.5477679860172513,-1.0306701134001208,1.0855071577548276,1.412812421522078,-0.4537802328186359,-1.002803930999114,-0.5787359118286177,1.7427397119690018,-0.9124191495230388,0.9124191495230392,1.7288236672481017,-0.5776581893550843,-0.5765804684883443,-0.5767344287272242,0
-0.3262214220367463,1.8191748741175744,-0.0044259572139154,1.2134675540176043,-0.9115834940401768,0.646091668153197,0.9702425509371356,-0.2446310690790062,-0.009816137054176,-0.3829566787753957,0.9972039090469852,-0.5787359118286177,-0.5738091541336192,-0.9124191495230388,0.9124191495230392,-0.5784279906300535,-0.5776581893550843,-0.5765804684883443,1.733900301750437,0
1.1119804017912354,2.105235646221479,1.03290776479748,0.783907059962134,-0.9115834940401768,0.646091668153197,-1.0306701134001208,1.4275300227321106,-1.43244469563043,-0.3032801804767503,-1.002803930999114,1.7279038324066065,-0.5738091541336192,1.0959875190286648,-1.0959875190286648,1.7288236672481017,-0.5776581893550843,-0.5765804684883443,-0.5767344287272242,1
-0.5538504876785851,0.1981638321954454,-0.3502038645510472,1.2294770330256837,-0.9115834940401768,0.646091668153197,0.9702425509371356,-0.139109917391181,-1.43244469563043,-1.1708687175064434,0.9972039090469852,-0.5787359118286177,-0.5738091541336192,-0.9124191495230388,0.9124191495230392,1.7288236672481017,-0.5776581893550843,-0.5765804684883443,-0.5767344287272242,0
0.108343157824946,-0.3739577120123647,-0.0044259572139154,0.8322807209105209,-0.9115834940401768,0.646091668153197,-1.0306701134001208,0.7396628859688626,1.412812421522078,1.6045293065630335,-1.002803930999114,-0.5787359118286177,1.7427397119690018,1.0959875190286648,-1.0959875190286648,-0.5784279906300535,-0.5776581893550843,-0.5765804684883443,1.733900301750437,0
0.584294840530609,1.7238212834162725,-1.3875375865624426,0.2494957775154701,-0.9115834940401768,0.646091668153197,0.9702425509371356,1.1124474149740011,-0.009816137054176,0.9803967365569788,0.9972039090469852,-0.5787359118286177,-0.5738091541336192,1.0959875190286648,-1.0959875190286648,1.7288236672481017,-0.5776581893550843,-0.5765804684883443,-0.5767344287272242,1
-1.9920523115065667,0.4842246042993504,0.6871298574603482,0.1266250695848406,-0.9115834940401768,0.646091668153197,-1.0306701134001208,1.3659493109738674,1.412812421522078,-0.6219861736713315,-1.002803930999114,1.7279038324066065,-0.5738091541336192,-0.9124191495230388,0.9124191495230392,1.7288236672481017,-0.5776581893550843,-0.5765804684883443,-0.5767344287272242,0
0.170423812090902,3.630893097442306,-1.0417596792253108,-1.2258476714090278,-0.9115834940401768,0.646091668153197,0.9702425509371356,-1.1370201556000883,0.7014981422339509,1.5868234180522234,-1.002803930999114,-0.5787359118286177,1.7427397119690018,-0.9124191495230388,0.9124191495230392,1.7288236672481017,-0.5776581893550843,-0.5765804684883443,-0.5767344287272242,0
0.8222706818834405,-0.9460792562201747,-1.0417596792253108,-1.2258476714090278,0.8077365626180215,0.646091668153197,-1.0306701134001208,-1.4939959962274134,0.7014981422339509,-0.3696772623922881,-1.002803930999114,-0.5787359118286177,1.7427397119690018,-0.9124191495230388,0.9124191495230392,-0.5784279906300535,1.731127539482183,-0.5765804684883443,-0.5767344287272242,0
0.6567222705075577,1.247053329909764,-1.0417596792253108,-1.2258476714090278,-0.9115834940401768,-1.5477679860172513,0.9702425509371356,0.7643307485677305,-1.43244469563043,-0.0111330200483844,0.9972039090469852,-0.5787359118286177,-0.5738091541336192,1.0959875190286648,-1.0959875190286648,-0.5784279906300535,-0.5776581893550843,-0.5765804684883443,1.733900301750437,1
0.1497302606689167,0.2935174228967471,-1.0417596792253108,1.2803371396376138,0.8077365626180215,-1.5477679860172513,0.9702425509371356,0.985690293878796,-0.009816137054176,-0.2368830985612126,-1.002803930999114,-0.5787359118286177,1.7427397119690018,1.0959875190286648,-1.0959875190286648,1.7288236672481017,-0.5776581893550843,-0.5765804684883443,-0.5767344287272242,1
0.6360287190855723,0.1028102414941437,-0.695981771888179,0.5260562017549502,0.8077365626180215,0.646091668153197,-1.0306701134001208,0.3489708161932648,-1.43244469563043,0.7590731301718532,-1.002803930999114,1.7279038324066065,-0.5738091541336192,1.0959875190286648,-1.0959875190286648,-0.5784279906300535,1.731127539482183,-0.5765804684883443,-0.5767344287272242,1
-0.6987053476324826,0.1028102414941437,-0.3502038645510472,-0.3319133988578033,0.8077365626180215,0.646091668153197,-1.0306701134001208,-1.2723498801836983,-0.009816137054176,-0.1439271838794598,0.9972039090469852,-0.5787359118286177,-0.5738091541336192,1.0959875190286648,-1.0959875190286648,-0.5784279906300535,1.731127539482183,-0.5765804684883443,-0.5767344287272242,0
1.1947546074791768,-0.0878969399084596,0.6871298574603482,0.8726416288004548,-0.9115834940401768,-1.5477679860172513,0.9702425509371356,-1.7050662958942997,0.7014981422339509,-0.7547803375024069,-1.002803930999114,1.7279038324066065,-0.5738091541336192,1.0959875190286648,-1.0959875190286648,-0.5784279906300535,1.731127539482183,-0.5765804684883443,-0.5767344287272242,0
-1.7230361430207572,-0.3739577120123647,0.6871298574603482,0.9196726988423376,-0.9115834940401768,0.646091668153197,0.9702425509371356,-1.265991244273021,-0.721130416342303,-0.8477362521841597,-1.002803930999114,-0.5787359118286177,1.7427397119690018,1.0959875190286648,-1.0959875190286648,-0.5784279906300535,-0.5776581893550843,-0.5765804684883443,1.733900301750437,0
-1.3608989931360136,0.8656389671045572,1.7244635794717436,-0.0865769880366225,-0.9115834940401768,0.646091668153197,-1.0306701134001208,0.658499898776235,-0.721130416342303,0.9626908480461688,0.9972039090469852,-0.5787359118286177,-0.5738091541336192,-0.9124191495230388,0.9124191495230392,-0.5784279906300535,-0.5776581893550843,-0.5765804684883443,1.733900301750437,0
2.063883767202561,-0.5646648934149681,1.03290776479748,-0.0549170372582072,-0.9115834940401768,0.646091668153197,0.9702425509371356,1.498771193866778,1.412812421522078,-0.781339170268622,0.9972039090469852,-0.5787359118286177,-0.5738091541336192,-0.9124191495230388,0.9124191495230392,-0.5784279906300535,-0.5776581893550843,1.7343632929879855,-0.5767344287272242,0
0.615335167663587,1.1516997392084622,-0.3502038645510472,0.2752024587198028,-0.9115834940401768,-1.5477679860172513,0.9702425509371356,0.7183443188078369,1.412812421522078,1.4451763099657429,-1.002803930999114,-0.5787359118286177,1.7427397119690018,1.0959875190286648,-1.0959875190286648,1.7288236672481017,-0.5776581893550843,-0.5765804684883443,-0.5767344287272242,1
-0.1813665620828488,0.2935174228967471,1.7244635794717436,-1.2258476714090278,-0.9115834940401768,-1.5477679860172513,0.9702425509371356,-0.3596405290356563,-0.721130416342303,0.2367494191029564,-1.002803930999114,-0.5787359118286177,1.7427397119690018,-0.9124191495230388,0.9124191495230392,-0.5784279906300535,-0.5776581893550843,-0.5765804684883443,1.733900301750437,0
0.905044887571382,-0.0878969399084596,0.6871298574603482,-1.2258476714090278,0.8077365626180215,-1.5477679860172513,-1.0306701134001208,-0.5366735986000999,-0.721130416342303,0.3119994452738991,0.9972039090469852,-0.5787359118286177,-0.5738091541336192,1.0959875190286648,-1.0959875190286648,-0.5784279906300535,-0.5776581893550843,1.7343632929879855,-0.5767344287272242,0
-0.5331569362565998,1.8191748741175744,-0.3502038645510472,-1.2258476714090278,-0.9115834940401768,-1.5477679860172513,-1.0306701134001208,1.3270748086379016,-0.721130416342303,0.9361320152799536,0.9972039090469852,-0.5787359118286177,-0.5738091541336192,-0.9124191495230388,0.9124191495230392,-0.5784279906300535,1.731127539482183,-0.5765804684883443,-0.5767344287272242,1
1.215448158901162,0.8656389671045572,-0.695981771888179,0.7427874287402926,-0.9115834940401768,0.646091668153197,0.9702425509371356,-1.3138494260755362,-0.721130416342303,0.9139996546414412,-1.002803930999114,1.7279038324066065,-0.5738091541336192,-0.9124191495230388,0.9124191495230392,-0.5784279906300535,-0.5776581893550843,1.7343632929879855,-0.5767344287272242,1
-0.6987053476324826,-0.5646648934149681,0.6871298574603482,0.7379837836824275,-0.9115834940401768,0.646091668153197,-1.0306701134001208,-1.5048615133570298,-1.43244469563043,-1.2992364092098163,0.9972039090469852,-0.5787359118286177,-0.5738091541336192,-0.9124191495230388,0.9124191495230392,-0.5784279906300535,-0.5776581893550843,-0.5765804684883443,1.733900301750437,0
0.4497867562877042,0.007456650792842,-0.0044259572139154,0.0186957941300059,-0.9115834940401768,0.646091668153197,0.9702425509371356,-1.29865665610491,-0.009816137054176,-1.1354569404848232,0.9972039090469852,-0.5787359118286177,-0.5738091541336192,-0.9124191495230388,0.9124191495230392,-0.5784279906300535,1.731127539482183,-0.5765804684883443,-0.5767344287272242,0
-0.84356020758638,-1.0414328469214764,0.6871298574603482,-1.2258476714090278,0.8077365626180215,0.646091668153197,-1.0306701134001208,-0.4540791488642858,-1.43244469563043,0.3606906386786268,0.9972039090469852,-0.5787359118286177,-0.5738091541336192,-0.9124191495230388,0.9124191495230392,-0.5784279906300535,1.731127539482183,-0.5765804684883443,-0.5767344287272242,0
-0.2331004406378122,-0.7553720748175714,-0.0044259572139154,-1.2258476714090278,-0.9115834940401768,-1.5477679860172513,-1.0306701134001208,0.8324606796850645,-1.43244469563043,-0.8964274455888874,0.9972039090469852,-0.5787359118286177,-0.5738091541336192,1.0959875190286648,-1.0959875190286648,1.7288236672481017,-0.5776581893550843,-0.5765804684883443,-0.5767344287272242,1
1.2671820374561256,1.1516997392084622,-0.3502038645510472,-1.2258476714090278,0.8077365626180215,-1.5477679860172513,-1.0306701134001208,0.4085996126153486,0.7014981422339509,-0.19704484941189,-1.002803930999114,-0.5787359118286177,1.7427397119690018,-0.9124191495230388,0.9124191495230392,-0.5784279906300535,-0.5776581893550843,-0.5765804684883443,1.733900301750437,1
1.5258514302309425,-0.9460792562201747,1.03290776479748,0.0595923279969645,0.8077365626180215,0.646091668153197,-1.0306701134001208,-0.5193576316357532,-0.009816137054176,1.5868234180522234,-1.002803930999114,1.7279038324066065,-0.5738091541336192,1.0959875190286648,-1.0959875190286648,-0.5784279906300535,-0.5776581893550843,-0.5765804684883443,1.733900301750437,0
1.3189159160110888,2.4866500090266856,0.6871298574603482,-1.2258476714090278,-0.9115834940401768,0.646091668153197,0.9702425509371356,-0.3864359358784365,-1.43244469563043,0.2190435305921463,0.9972039090469852,-0.5787359118286177,-0.5738091541336192,1.0959875190286648,-1.0959875190286648,1.7288236672481017,-0.5776581893550843,-0.5765804684883443,-0.5767344287272242,0
-0.7297456747654606,1.7238212834162725,-1.7333154938995745,0.9669972252468576,-0.9115834940401768,-1.5477679860172513,0.9702425509371356,0.146737085046435,1.412812421522078,-0.8300303636733497,-1.002803930999114,-0.5787359118286177,1.7427397119690018,1.0959875190286648,-1.0959875190286648,-0.5784279906300535,1.731127539482183,-0.5765804684883443,-0.5767344287272242,0
0.5739480648196164,2.677357190429289,-1.3875375865624426,0.7499212551506299,0.8077365626180215,0.646091668153197,0.9702425509371356,-0.236183666396128,-1.43244469563043,1.325661562517775,-1.002803930999114,1.7279038324066065,-0.5738091541336192,-0.9124191495230388,0.9124191495230392,1.7288236672481017,-0.5776581893550843,-0.5765804684883443,-0.5767344287272242,1
-0.5745440391005705,-0.4693113027136664,-1.0417596792253108,0.1840157422308302,0.8077365626180215,-1.5477679860172513,0.9702425509371356,0.9775971051415532,1.412812421522078,-1.1044716355909057,-1.002803930999114,1.7279038324066065,-0.5738091541336192,-0.9124191495230388,0.9124191495230392,-0.5784279906300535,-0.5776581893550843,-0.5765804684883443,1.733900301750437,0
-0.0985923563949074,0.2935174228967471,0.6871298574603482,0.7845470224176274,0.8077365626180215,-1.5477679860172513,-1.0306701134001208,1.113562745483233,-0.009816137054176,-0.2457360428166177,0.9972039090469852,-0.5787359118286177,-0.5738091541336192,1.0959875190286648,-1.0959875190286648,-0.5784279906300535,-0.5776581893550843,1.7343632929879855,-0.5767344287272242,0
0.7601900276174844,-1.0414328469214764,-0.0044259572139154,0.3385923987422106,-0.9115834940401768,0.646091668153197,0.9702425509371356,-0.062463027587899,-0.721130416342303,1.290249785496155,0.9972039090469852,-0.5787359118286177,-0.5738091541336192,-0.9124191495230388,0.9124191495230392,1.7288236672481017,-0.5776581893550843,-0.5765804684883443,-0.5767344287272242,0
-1.1022296003611969,0.007456650792842,-0.3502038645510472,1.0565156799779458,0.8077365626180215,0.646091668153197,-1.0306701134001208,0.8094094724875577,-1.43244469563043,-0.1129418789855422,-1.002803930999114,1.7279038324066065,-0.5738091541336192,-0.9124191495230388,0.9124191495230392,-0.5784279906300535,-0.5776581893550843,1.7343632929879855,-0.5767344287272242,0
-0.2434472163488049,0.8656389671045572,-1.3875375865624426,0.9019080911465276,-0.9115834940401768,0.646091668153197,-1.0306701134001208,-0.3684906609763113,1.412812421522078,-0.8300303636733497,-1.002803930999114,-0.5787359118286177,1.7427397119690018,-0.9124191495230388,0.9124191495230392,-0.5784279906300535,1.731127539482183,-0.5765804684883443,-0.5767344287272242,0
-2.2300281528593984,0.4842246042993504,-0.695981771888179,1.2061002126316465,-0.9115834940401768,0.646091668153197,-1.0306701134001208,1.1715188939214844,0.7014981422339509,-0.8610156685672673,-1.002803930999114,1.7279038324066065,-0.5738091541336192,-0.9124191495230388,0.9124191495230392,-0.5784279906300535,1.731127539482183,-0.5765804684883443,-0.5767344287272242,0
-0.3572617491697243,0.3888710135980487,0.6871298574603482,0.3125017080103642,-0.9115834940401768,-1.5477679860172513,0.9702425509371356,0.2638311384151012,-1.43244469563043,-0.188191905156485,-1.002803930999114,1.7279038324066065,-0.5738091541336192,1.0959875190286648,-1.0959875190286648,-0.5784279906300535,1.731127539482183,-0.5765804684883443,-0.5767344287272242,1
0.6670690462185503,-0.0878969399084596,-1.7333154938995745,-1.2258476714090278,0.8077365626180215,0.646091668153197,0.9702425509371356,-1.734682024771572,-0.721130416342303,-0.5024714262233636,0.9972039090469852,-0.5787359118286177,-0.5738091541336192,1.0959875190286648,-1.0959875190286648,1.7288236672481017,-0.5776581893550843,-0.5765804684883443,-0.5767344287272242,0
-1.8471974515526688,-1.899615163233192,1.378685672134612,-1.2258476714090278,0.8077365626180215,0.646091668153197,-1.0306701134001208,-1.6804180828662991,1.412812421522078,0.6129995499576701,0.9972039090469852,-0.5787359118286177,-0.5738091541336192,-0.9124191495230388,0.9124191495230392,-0.5784279906300535,-0.5776581893550843,1.7343632929879855,-0.5767344287272242,0
-0.2848343191927756,1.7238212834162725,0.6871298574603482,-0.0802012438738396,0.8077365626180215,0.646091668153197,0.9702425509371356,-0.2724665120576948,-0.009816137054176,1.0644997069833266,0.9972039090469852,-0.5787359118286177,-0.5738091541336192,1.0959875190286648,-1.0959875190286648,1.7288236672481017,-0.5776581893550843,-0.5765804684883443,-0.5767344287272242,0
0.3670125505997628,0.1981638321954454,-0.0044259572139154,0.8396733851284272,2.52705661927622,0.646091668153197,0.9702425509371356,0.1190990072264582,1.412812421522078,-1.1841481338895508,0.9972039090469852,-0.5787359118286177,-0.5738091541336192,-0.9124191495230388,0.9124191495230392,1.7288236672481017,-0.5776581893550843,-0.5765804684883443,-0.5767344287272242,1
1.6500127387628545,2.868064371831893,-0.695981771888179,-0.7884930340595147,-0.9115834940401768,0.646091668153197,0.9702425509371356,0.1811874778071148,-0.009816137054176,0.0508375897394507,-1.002803930999114,1.7279038324066065,-0.5738091541336192,-0.9124191495230388,0.9124191495230392,-0.5784279906300535,-0.5776581893550843,-0.5765804684883443,1.733900301750437,0
0.9567787661263452,0.5795781950006521,0.6871298574603482,1.29573358173303,-0.9115834940401768,0.646091668153197,-1.0306701134001208,0.4405360775350609,-0.721130416342303,0.7457937137887456,-1.002803930999114,-0.5787359118286177,1.7427397119690018,-0.9124191495230388,0.9124191495230392,-0.5784279906300535,-0.5776581893550843,-0.5765804684883443,1.733900301750437,0
-0.7918263290314166,0.1981638321954454,-1.3875375865624426,-1.2258476714090278,0.8077365626180215,-1.5477679860172513,-1.0306701134001208,-0.5136752539649265,-0.009816137054176,-0.9938098323983428,0.9972039090469852,-0.5787359118286177,-0.5738091541336192,-0.9124191495230388,0.9124191495230392,-0.5784279906300535,-0.5776581893550843,-0.5765804684883443,1.733900301750437,0
-1.443673198823955,-0.7553720748175714,-0.0044259572139154,0.976458027587902,-0.9115834940401768,-1.5477679860172513,0.9702425509371356,1.0740271133380852,-0.009816137054176,0.1659258650597161,0.9972039090469852,-0.5787359118286177,-0.5738091541336192,1.0959875190286648,-1.0959875190286648,-0.5784279906300535,-0.5776581893550843,1.7343632929879855,-0.5767344287272242,0
-0.2124068892158268,-1.23214002832408,0.6871298574603482,0.8550755969830209,0.8077365626180215,-1.5477679860172513,0.9702425509371356,1.6851838904452492,-1.43244469563043,0.4846318582542972,0.9972039090469852,-0.5787359118286177,-0.5738091541336192,-0.9124191495230388,0.9124191495230392,1.7288236672481017,-0.5776581893550843,-0.5765804684883443,-0.5767344287272242,0
-0.0365117021289514,-1.0414328469214764,1.03290776479748,-1.2258476714090278,0.8077365626180215,0.646091668153197,0.9702425509371356,-0.1571090981956855,0.7014981422339509,-1.1088981077186082,0.9972039090469852,-0.5787359118286177,-0.5738091541336192,-0.9124191495230388,0.9124191495230392,-0.5784279906300535,1.731127539482183,-0.5765804684883443,-0.5767344287272242,0
1.24648848603414,0.7702853764032556,-0.695981771888179,-0.0612538355465386,0.8077365626180215,0.646091668153197,0.9702425509371356,0.1353585923941751,0.7014981422339509,1.1308967888988644,-1.002803930999114,-0.5787359118286177,1.7427397119690018,1.0959875190286648,-1.0959875190286648,-0.5784279906300535,1.731127539482183,-0.5765804684883443,-0.5767344287272242,0
0.4911738591316749,-0.278604121311063,-1.0417596792253108,0.0927883168854351,0.8077365626180215,0.646091668153197,0.9702425509371356,-0.1189578044016436,1.412812421522078,1.4097645329441229,0.9972039090469852,-0.5787359118286177,-0.5738091541336192,-0.9124191495230388,0.9124191495230392,-0.5784279906300535,1.731127539482183,-0.5765804684883443,-0.5767344287272242,0
-1.6092216101998378,0.5795781950006521,-0.695981771888179,0.2031123629413179,2.52705661927622,0.646091668153197,-1.0306701134001208,0.6099978022752969,-1.43244469563043,-1.4276041009131892,-1.002803930999114,-0.5787359118286177,1.7427397119690018,1.0959875190286648,-1.0959875190286648,-0.5784279906300535,-0.5776581893550843,1.7343632929879855,-0.5767344287272242,1
-0.9573747404072994,-0.6600184841162697,1.7244635794717436,0.4570024417438898,-0.9115834940401768,0.646091668153197,-1.0306701134001208,1.5637818860264243,-1.43244469563043,0.1659258650597161,0.9972039090469852,-0.5787359118286177,-0.5738091541336192,-0.9124191495230388,0.9124191495230392,-0.5784279906300535,-0.5776581893550843,-0.5765804684883443,1.733900301750437,0
-1.3919393202689916,-1.1367864376227783,-1.3875375865624426,-1.2258476714090278,-0.9115834940401768,-1.5477679860172513,0.9702425509371356,0.2125094154397012,-0.009816137054176,0.1393670322935011,-1.002803930999114,-0.5787359118286177,1.7427397119690018,1.0959875190286648,-1.0959875190286648,-0.5784279906300535,-0.5776581893550843,1.7343632929879855,-0.5767344287272242,0
-0.0261649264179587,-0.1832505306097613,0.6871298574603482,0.9939631563917902,0.8077365626180215,0.646091668153197,-1.0306701134001208,-0.7455427985498271,0.7014981422339509,-0.6042802851605215,-1.002803930999114,1.7279038324066065,-0.5738091541336192,1.0959875190286648,-1.0959875190286648,-0.5784279906300535,-0.5776581893550843,1.7343632929879855,-0.5767344287272242,0
0.0566092792699826,0.1981638321954454,-1.0417596792253108,-1.2258476714090278,0.8077365626180215,0.646091668153197,-1.0306701134001208,1.0239257504365529,-1.43244469563043,1.3079556740069649,0.9972039090469852,-0.5787359118286177,-0.5738091541336192,-0.9124191495230388,0.9124191495230392,-0.5784279906300535,-0.5776581893550843,1.7343632929879855,-0.5767344287272242,0
-0.99876184325127,-0.3739577120123647,1.03290776479748,-1.2258476714090278,0.8077365626180215,0.646091668153197,0.9702425509371356,1.333548907513676,0.7014981422339509,-0.9229862783551024,0.9972039090469852,-0.5787359118286177,-0.5738091541336192,1.0959875190286648,-1.0959875190286648,-0.5784279906300535,-0.5776581893550843,-0.5765804684883443,1.733900301750437,0
0.4290932048657189,0.9609925578058588,0.3413519501232164,0.5457958300716087,0.8077365626180215,-1.5477679860172513,0.9702425509371356,0.1283786474860724,-1.43244469563043,1.2592644806022373,-1.002803930999114,1.7279038324066065,-0.5738091541336192,-0.9124191495230388,0.9124191495230392,-0.5784279906300535,-0.5776581893550843,1.7343632929879855,-0.5767344287272242,0
1.3189159160110888,-0.9460792562201747,0.3413519501232164,1.1839719040152945,-0.9115834940401768,0.646091668153197,-1.0306701134001208,-0.6544564302891698,0.7014981422339509,-1.0425010258030705,-1.002803930999114,1.7279038324066065,-0.5738091541336192,1.0959875190286648,-1.0959875190286648,1.7288236672481017,-0.5776581893550843,-0.5765804684883443,-0.5767344287272242,1
-1.505753853089911,0.5795781950006521,1.378685672134612,0.8793980167978974,2.52705661927622,0.646091668153197,-1.0306701134001208,1.657260285232669,-0.721130416342303,0.2411758912306589,-1.002803930999114,-0.5787359118286177,1.7427397119690018,1.0959875190286648,-1.0959875190286648,-0.5784279906300535,-0.5776581893550843,1.7343632929879855,-0.5767344287272242,1
1.9086821315376712,-0.3739577120123647,0.3413519501232164,0.8115195246771792,-0.9115834940401768,0.646091668153197,-1.0306701134001208,-1.2412712146718503,-0.721130416342303,-0.3608243181368831,0.9972039090469852,-0.5787359118286177,-0.5738091541336192,-0.9124191495230388,0.9124191495230392,-0.5784279906300535,-0.5776581893550843,1.7343632929879855,-0.5767344287272242,0
1.4327304488320085,1.3424069206110656,-1.3875375865624426,1.3107907299345614,-0.9115834940401768,0.646091668153197,0.9702425509371356,-1.6528914685412426,-1.43244469563043,-1.3744864353807589,0.9972039090469852,-0.5787359118286177,-0.5738091541336192,1.0959875190286648,-1.0959875190286648,-0.5784279906300535,-0.5776581893550843,-0.5765804684883443,1.733900301750437,1
1.215448158901162,-0.278604121311063,-0.0044259572139154,1.6617475509128454,0.8077365626180215,0.646091668153197,-1.0306701134001208,-1.4387951349607837,-0.721130416342303,0.6793966318732079,0.9972039090469852,-0.5787359118286177,-0.5738091541336192,1.0959875190286648,-1.0959875190286648,-0.5784279906300535,1.731127539482183,-0.5765804684883443,-0.5767344287272242,0
-0.3779553005917097,0.007456650792842,-0.695981771888179,1.2089094442669814,-0.9115834940401768,-1.5477679860172513,-1.0306701134001208,-0.7586958387304175,0.7014981422339509,-1.3877658517638665,-1.002803930999114,-0.5787359118286177,1.7427397119690018,-0.9124191495230388,0.9124191495230392,-0.5784279906300535,-0.5776581893550843,1.7343632929879855,-0.5767344287272242,0
-1.0194553946732554,-0.278604121311063,1.03290776479748,-1.2258476714090278,0.8077365626180215,-1.5477679860172513,-1.0306701134001208,0.5643909744021586,0.7014981422339509,-0.480339065584851,0.9972039090469852,-0.5787359118286177,-0.5738091541336192,-0.9124191495230388,0.9124191495230392,-0.5784279906300535,-0.5776581893550843,-0.5765804684883443,1.733900301750437,0
0.553254513397631,-0.278604121311063,-1.0417596792253108,1.5870669935345247,0.8077365626180215,0.646091668153197,-1.0306701134001208,0.9033486802141426,-0.009816137054176,-0.927412750482805,-1.002803930999114,-0.5787359118286177,1.7427397119690018,1.0959875190286648,-1.0959875190286648,-0.5784279906300535,-0.5776581893550843,1.7343632929879855,-0.5767344287272242,0
-1.505753853089911,-0.1832505306097613,-1.7333154938995745,0.921887324740162,-0.9115834940401768,0.646091668153197,0.9702425509371356,-0.1104818837575066,0.7014981422339509,-1.4718688221902143,-1.002803930999114,-0.5787359118286177,1.7427397119690018,-0.9124191495230388,0.9124191495230392,-0.5784279906300535,-0.5776581893550843,1.7343632929879855,-0.5767344287272242,0
-0.1296326835278854,1.0563461485071606,-1.3875375865624426,0.4192626072316527,-0.9115834940401768,0.646091668153197,-1.0306701134001208,1.1871425633311314,-0.721130416342303,0.2500288354860639,-1.002803930999114,1.7279038324066065,-0.5738091541336192,-0.9124191495230388,0.9124191495230392,1.7288236672481017,-0.5776581893550843,-0.5765804684883443,-0.5767344287272242,1
-0.2434472163488049,-0.8507256655188732,0.3413519501232164,-1.2258476714090278,-0.9115834940401768,0.646091668153197,0.9702425509371356,0.2315907137619719,0.7014981422339509,-1.2682511043158986,-1.002803930999114,-0.5787359118286177,1.7427397119690018,1.0959875190286648,-1.0959875190286648,1.7288236672481017,-0.5776581893550843,-0.5765804684883443,-0.5767344287272242,0
1.0809400746582574,0.3888710135980487,1.378685672134612,-1.2258476714090278,0.8077365626180215,0.646091668153197,-1.0306701134001208,-1.4263075718395684,-0.009816137054176,0.3695435829340318,0.9972039090469852,-0.5787359118286177,-0.5738091541336192,1.0959875190286648,-1.0959875190286648,1.7288236672481017,-0.5776581893550843,-0.5765804684883443,-0.5767344287272242,0
-0.015818150706966,2.9634179625331942,1.378685672134612,0.6469954828007429,0.8077365626180215,-1.5477679860172513,0.9702425509371356,0.1223411864195717,-0.009816137054176,1.693058749117084,-1.002803930999114,1.7279038324066065,-0.5738091541336192,-0.9124191495230388,0.9124191495230392,1.7288236672481017,-0.5776581893550843,-0.5765804684883443,-0.5767344287272242,0
-1.0298021703842482,-1.1367864376227783,-1.0417596792253108,0.599210818101777,-0.9115834940401768,0.646091668153197,0.9702425509371356,-0.2601476222439247,1.412812421522078,-0.3741037345199906,-1.002803930999114,-0.5787359118286177,1.7427397119690018,-0.9124191495230388,0.9124191495230392,-0.5784279906300535,1.731127539482183,-0.5765804684883443,-0.5767344287272242,1
0.905044887571382,0.4842246042993504,-1.0417596792253108,-1.2258476714090278,0.8077365626180215,0.646091668153197,-1.0306701134001208,-0.9924149641170488,1.412812421522078,-0.2678684034551303,-1.002803930999114,-0.5787359118286177,1.7427397119690018,-0.9124191495230388,0.9124191495230392,-0.5784279906300535,-0.5776581893550843,1.7343632929879855,-0.5767344287272242,1
1.24648848603414,-0.278604121311063,-0.0044259572139154,0.0218130667970109,-0.9115834940401768,-1.5477679860172513,-1.0306701134001208,-0.0049428213988907,1.412812421522078,1.2769703691130474,-1.002803930999114,1.7279038324066065,-0.5738091541336192,1.0959875190286648,-1.0959875190286648,-0.5784279906300535,-0.5776581893550843,1.7343632929879855,-0.5767344287272242,0
1.24648848603414,2.5820035997279875,0.6871298574603482,1.078418967986356,-0.9115834940401768,0.646091668153197,0.9702425509371356,0.5344968476225976,-0.721130416342303,0.0818228946333683,0.9972039090469852,-0.5787359118286177,-0.5738091541336192,1.0959875190286648,-1.0959875190286648,1.7288236672481017,-0.5776581893550843,-0.5765804684883443,-0.5767344287272242,0
-1.2160441331821163,1.1516997392084622,0.3413519501232164,0.8183388992123152,0.8077365626180215,-1.5477679860172513,-1.0306701134001208,-0.3570173982698681,-1.43244469563043,0.2278964748475513,-1.002803930999114,1.7279038324066065,-0.5738091541336192,-0.9124191495230388,0.9124191495230392,-0.5784279906300535,-0.5776581893550843,1.7343632929879855,-0.5767344287272242,1
-0.2951810949037682,0.2935174228967471,1.378685672134612,0.6295507761971354,-0.9115834940401768,-1.5477679860172513,-1.0306701134001208,-0.4857511270823232,-0.009816137054176,-0.5467361475003887,-1.002803930999114,1.7279038324066065,-0.5738091541336192,-0.9124191495230388,0.9124191495230392,-0.5784279906300535,-0.5776581893550843,1.7343632929879855,-0.5767344287272242,1
-0.0985923563949074,2.4866500090266856,0.3413519501232164,-0.6113679984094057,-0.9115834940401768,0.646091668153197,-1.0306701134001208,-1.173452720558264,-0.009816137054176,-0.3077066526044529,0.9972039090469852,-0.5787359118286177,-0.5738091541336192,-0.9124191495230388,0.9124191495230392,1.7288236672481017,-0.5776581893550843,-0.5765804684883443,-0.5767344287272242,1
0.584294840530609,0.1028102414941437,-0.695981771888179,0.5311792670917531,-0.9115834940401768,0.646091668153197,-1.0306701134001208,1.5524167829047562,-0.721130416342303,-1.0867657470800955,-1.002803930999114,1.7279038324066065,-0.5738091541336192,1.0959875190286648,-1.0959875190286648,-0.5784279906300535,-0.5776581893550843,1.7343632929879855,-0.5767344287272242,0
1.184407831768184,-0.1832505306097613,0.6871298574603482,0.4202769629493637,-0.9115834940401768,0.646091668153197,-1.0306701134001208,-1.582441323051492,0.7014981422339509,-0.042118324942302,-1.002803930999114,1.7279038324066065,-0.5738091541336192,-0.9124191495230388,0.9124191495230392,-0.5784279906300535,-0.5776581893550843,1.7343632929879855,-0.5767344287272242,0
-1.1746570303381456,0.7702853764032556,1.7244635794717436,-1.2258476714090278,0.8077365626180215,-1.5477679860172513,0.9702425509371356,-1.297351959377319,-1.43244469563043,0.3119994452738991,0.9972039090469852,-0.5787359118286177,-0.5738091541336192,-0.9124191495230388,0.9124191495230392,-0.5784279906300535,-0.5776581893550843,1.7343632929879855,-0.5767344287272242,0
-0.0261649264179587,-0.4693113027136664,-0.695981771888179,0.2973644242646935,0.8077365626180215,0.646091668153197,0.9702425509371356,0.8166853781887243,-0.009816137054176,0.3297053337847092,-1.002803930999114,1.7279038324066065,-0.5738091541336192,-0.9124191495230388,0.9124191495230392,1.7288236672481017,-0.5776581893550843,-0.5765804684883443,-0.5767344287272242,0
0.2842383449118215,0.3888710135980487,-1.3875375865624426,0.9095595931720026,-0.9115834940401768,0.646091668153197,-1.0306701134001208,0.1902800124184698,-1.43244469563043,-0.188191905156485,0.9972039090469852,-0.5787359118286177,-0.5738091541336192,-0.9124191495230388,0.9124191495230392,-0.5784279906300535,1.731127539482183,-0.5765804684883443,-0.5767344287272242,1
0.3566657748887701,-0.8507256655188732,-0.695981771888179,0.225195635381864,-0.9115834940401768,-1.5477679860172513,0.9702425509371356,-0.6435210093764677,0.7014981422339509,-1.1487363568679307,-1.002803930999114,1.7279038324066065,-0.5738091541336192,-0.9124191495230388,0.9124191495230392,-0.5784279906300535,-0.5776581893550843,-0.5765804684883443,1.733900301750437,0
0.7601900276174844,-0.4693113027136664,-1.0417596792253108,-1.2258476714090278,0.8077365626180215,0.646091668153197,0.9702425509371356,0.326446147939,0.7014981422339509,-0.6175597015436289,0.9972039090469852,-0.5787359118286177,-0.5738091541336192,1.0959875190286648,-1.0959875190286648,-0.5784279906300535,1.731127539482183,-0.5765804684883443,-0.5767344287272242,0
0.1600770363799093,-0.4693113027136664,1.378685672134612,0.6316480836583399,-0.9115834940401768,0.646091668153197,0.9702425509371356,-1.3040917621848218,-1.43244469563043,-0.7946185866517296,0.9972039090469852,-0.5787359118286177,-0.5738091541336192,1.0959875190286648,-1.0959875190286648,-0.5784279906300535,-0.5776581893550843,-0.5765804684883443,1.733900301750437,0
0.5636012891086236,-0.5646648934149681,-0.0044259572139154,0.6455689098439813,-0.9115834940401768,-1.5477679860172513,-1.0306701134001208,1.5749031953573325,-1.43244469563043,0.4624994976157847,-1.002803930999114,1.7279038324066065,-0.5738091541336192,1.0959875190286648,-1.0959875190286648,-0.5784279906300535,-0.5776581893550843,-0.5765804684883443,1.733900301750437,1
-0.0468584778399441,-0.9460792562201747,-0.3502038645510472,0.4723437505849382,-0.9115834940401768,0.646091668153197,-1.0306701134001208,-1.4714455922520124,-1.43244469563043,-1.1575893011233358,-1.002803930999114,1.7279038324066065,-0.5738091541336192,1.0959875190286648,-1.0959875190286648,-0.5784279906300535,-0.5776581893550843,1.7343632929879855,-0.5767344287272242,0
1.4223836731210155,-0.278604121311063,1.7244635794717436,0.5312499466416838,-0.9115834940401768,0.646091668153197,0.9702425509371356,-1.4596520241514308,0.7014981422339509,-1.4320305730408918,-1.002803930999114,-0.5787359118286177,1.7427397119690018,-0.9124191495230388,0.9124191495230392,-0.5784279906300535,1.731127539482183,-0.5765804684883443,-0.5767344287272242,0
0.8533110090164185,-0.7553720748175714,1.378685672134612,0.4135628865192262,-0.9115834940401768,0.646091668153197,0.9702425509371356,0.2669458562325886,-0.721130416342303,-1.6267953466598024,-1.002803930999114,-0.5787359118286177,1.7427397119690018,1.0959875190286648,-1.0959875190286648,-0.5784279906300535,-0.5776581893550843,1.7343632929879855,-0.5767344287272242,0
0.7808835790394698,-1.1367864376227783,0.6871298574603482,0.7587262281984409,-0.9115834940401768,-1.5477679860172513,0.9702425509371356,-0.3672497818815374,-0.721130416342303,-0.3165595968598579,-1.002803930999114,-0.5787359118286177,1.7427397119690018,1.0959875190286648,-1.0959875190286648,-0.5784279906300535,1.731127539482183,-0.5765804684883443,-0.5767344287272242,0
0.2842383449118215,0.3888710135980487,0.6871298574603482,1.6281689949366551,-0.9115834940401768,-1.5477679860172513,-1.0306701134001208,0.1793790217272875,-0.009816137054176,1.0910585397495418,0.9972039090469852,-0.5787359118286177,-0.5738091541336192,1.0959875190286648,-1.0959875190286648,1.7288236672481017,-0.5776581893550843,-0.5765804684883443,-0.5767344287272242,0
-0.3779553005917097,1.1516997392084622,-0.3502038645510472,-0.5737700038102944,-0.9115834940401768,0.646091668153197,0.9702425509371356,-0.9270938782937008,0.7014981422339509,1.5381322246474958,0.9972039090469852,-0.5787359118286177,-0.5738091541336192,-0.9124191495230388,0.9124191495230392,-0.5784279906300535,-0.5776581893550843,1.7343632929879855,-0.5767344287272242,0
0.2325044663568581,0.3888710135980487,-0.0044259572139154,1.467824181958154,-0.9115834940401768,0.646091668153197,0.9702425509371356,0.8155789160698838,0.7014981422339509,0.5554554122975375,0.9972039090469852,-0.5787359118286177,-0.5738091541336192,1.0959875190286648,-1.0959875190286648,-0.5784279906300535,1.731127539482183,-0.5765804684883443,-0.5767344287272242,1
1.9086821315376712,-0.6600184841162697,1.03290776479748,0.777433390164413,0.8077365626180215,0.646091668153197,0.9702425509371356,-1.2614360216319482,1.412812421522078,0.9759702644292764,0.9972039090469852,-0.5787359118286177,-0.5738091541336192,-0.9124191495230388,0.9124191495230392,-0.5784279906300535,-0.5776581893550843,1.7343632929879855,-0.5767344287272242,0
0.0152221764260119,-0.6600184841162697,-1.0417596792253108,-1.2258476714090278,0.8077365626180215,0.646091668153197,-1.0306701134001208,-0.7905410113961,-0.009816137054176,1.0467938184725163,0.9972039090469852,-0.5787359118286177,-0.5738091541336192,1.0959875190286648,-1.0959875190286648,-0.5784279906300535,1.731127539482183,-0.5765804684883443,-0.5767344287272242,0
-0.2848343191927756,-1.422847209726683,-0.0044259572139154,-1.2258476714090278,0.8077365626180215,0.646091668153197,-1.0306701134001208,0.2794377666039958,-1.43244469563043,0.7502201859164481,0.9972039090469852,-0.5787359118286177,-0.5738091541336192,1.0959875190286648,-1.0959875190286648,-0.5784279906300535,1.731127539482183,-0.5765804684883443,-0.5767344287272242,0
-0.3469149734587316,1.1516997392084622,1.7244635794717436,1.4550662827890566,-0.9115834940401768,-1.5477679860172513,-1.0306701134001208,-0.115645373645429,-0.009816137054176,-0.2988537083490479,-1.002803930999114,1.7279038324066065,-0.5738091541336192,1.0959875190286648,-1.0959875190286648,-0.5784279906300535,-0.5776581893550843,1.7343632929879855,-0.5767344287272242,1
2.063883767202561,-0.5646648934149681,-0.695981771888179,-1.2258476714090278,0.8077365626180215,0.646091668153197,0.9702425509371356,-1.5464220946415617,0.7014981422339509,-0.1793389609010799,0.9972039090469852,-0.5787359118286177,-0.5738091541336192,1.0959875190286648,-1.0959875190286648,-0.5784279906300535,-0.5776581893550843,-0.5765804684883443,1.733900301750437,0
-2.116213620038479,1.1516997392084622,-0.3502038645510472,0.4578983571273634,-0.9115834940401768,-1.5477679860172513,-1.0306701134001208,-0.5125707046361704,-0.721130416342303,0.551028940169835,0.9972039090469852,-0.5787359118286177,-0.5738091541336192,1.0959875190286648,-1.0959875190286648,1.7288236672481017,-0.5776581893550843,-0.5765804684883443,-0.5767344287272242,0
1.1016336260802426,0.4842246042993504,-0.0044259572139154,1.031669333975489,0.8077365626180215,0.646091668153197,-1.0306701134001208,1.0197755176233572,1.412812421522078,-1.3877658517638665,-1.002803930999114,-0.5787359118286177,1.7427397119690018,-0.9124191495230388,0.9124191495230392,1.7288236672481017,-0.5776581893550843,-0.5765804684883443,-0.5767344287272242,0
-0.2641407677707902,-1.23214002832408,-0.695981771888179,0.8654327955208032,-0.9115834940401768,0.646091668153197,-1.0306701134001208,0.395083142318716,-0.009816137054176,-1.1664422453787409,-1.002803930999114,1.7279038324066065,-0.5738091541336192,-0.9124191495230388,0.9124191495230392,-0.5784279906300535,-0.5776581893550843,1.7343632929879855,-0.5767344287272242,0
0.8946981118603892,1.4377605113123673,1.378685672134612,-1.2258476714090278,-0.9115834940401768,0.646091668153197,-1.0306701134001208,-0.2890024084476084,1.412812421522078,1.6842058048616788,0.9972039090469852,-0.5787359118286177,-0.5738091541336192,-0.9124191495230388,0.9124191495230392,-0.5784279906300535,-0.5776581893550843,1.7343632929879855,-0.5767344287272242,1
-0.6469714690775192,-0.278604121311063,-1.0417596792253108,-1.2258476714090278,0.8077365626180215,0.646091668153197,-1.0306701134001208,-0.1313606830891209,-0.009816137054176,-1.1664422453787409,0.9972039090469852,-0.5787359118286177,-0.5738091541336192,1.0959875190286648,-1.0959875190286648,1.7288236672481017,-0.5776581893550843,-0.5765804684883443,-0.5767344287272242,1
1.7431337201617885,0.007456650792842,1.378685672134612,0.9074073127275192,-0.9115834940401768,0.646091668153197,-1.0306701134001208,-1.2701583444169615,-0.721130416342303,-0.7193685604807868,0.9972039090469852,-0.5787359118286177,-0.5738091541336192,1.0959875190286648,-1.0959875190286648,-0.5784279906300535,-0.5776581893550843,-0.5765804684883443,1.733900301750437,1
1.7431337201617885,-0.0878969399084596,1.7244635794717436,-1.2258476714090278,0.8077365626180215,0.646091668153197,-1.0306701134001208,-1.210127340407124,-0.009816137054176,-1.0026627766537477,0.9972039090469852,-0.5787359118286177,-0.5738091541336192,1.0959875190286648,-1.0959875190286648,-0.5784279906300535,-0.5776581893550843,-0.5765804684883443,1.733900301750437,0
-0.2020601135048342,-0.5646648934149681,-0.3502038645510472,0.7494406021568844,-0.9115834940401768,-1.5477679860172513,-1.0306701134001208,0.2190549831086304,-0.009816137054176,0.2456023633583614,-1.002803930999114,1.7279038324066065,-0.5738091541336192,1.0959875190286648,-1.0959875190286648,-0.5784279906300535,-0.5776581893550843,-0.5765804684883443,1.733900301750437,0
0.1807705878018947,-0.6600184841162697,-1.3875375865624426,0.9289336431362996,-0.9115834940401768,-1.5477679860172513,0.9702425509371356,0.1939070101985697,0.7014981422339509,-0.4582067049463384,-1.002803930999114,-0.5787359118286177,1.7427397119690018,-0.9124191495230388,0.9124191495230392,-0.5784279906300535,-0.5776581893550843,1.7343632929879855,-0.5767344287272242,0
-0.6469714690775192,-0.8507256655188732,-0.695981771888179,0.6173833157172544,-0.9115834940401768,-1.5477679860172513,-1.0306701134001208,1.3349233341343447,-1.43244469563043,-0.1527801281348648,0.9972039090469852,-0.5787359118286177,-0.5738091541336192,-0.9124191495230388,0.9124191495230392,-0.5784279906300535,-0.5776581893550843,1.7343632929879855,-0.5767344287272242,0
-1.4540199745349478,-0.6600184841162697,-1.3875375865624426,-1.2258476714090278,0.8077365626180215,-1.5477679860172513,0.9702425509371356,-1.244618945099623,0.7014981422339509,-0.3696772623922881,0.9972039090469852,-0.5787359118286177,-0.5738091541336192,1.0959875190286648,-1.0959875190286648,-0.5784279906300535,-0.5776581893550843,-0.5765804684883443,1.733900301750437,0
1.2568352617451328,0.2935174228967471,-1.7333154938995745,0.4085834240775202,-0.9115834940401768,0.646091668153197,-1.0306701134001208,-0.1593138496030059,0.7014981422339509,0.0242787569732356,-1.002803930999114,1.7279038324066065,-0.5738091541336192,1.0959875190286648,-1.0959875190286648,-0.5784279906300535,1.731127539482183,-0.5765804684883443,-0.5767344287272242,0
-0.3055278706147609,-0.3739577120123647,0.6871298574603482,0.1784362248346118,-0.9115834940401768,0.646091668153197,-1.0306701134001208,-1.7379767187470037,-0.721130416342303,-1.4895747107010244,0.9972039090469852,-0.5787359118286177,-0.5738091541336192,-0.9124191495230388,0.9124191495230392,1.7288236672481017,-0.5776581893550843,-0.5765804684883443,-0.5767344287272242,0
0.3256254477557921,-0.3739577120123647,-1.0417596792253108,0.6563586800490256,0.8077365626180215,0.646091668153197,0.9702425509371356,-1.4464042139166573,1.412812421522078,-1.1443098847402282,-1.002803930999114,1.7279038324066065,-0.5738091541336192,1.0959875190286648,-1.0959875190286648,-0.5784279906300535,-0.5776581893550843,1.7343632929879855,-0.5767344287272242,0
-0.6055843662335485,2.200589236922781,-0.0044259572139154,-1.2258476714090278,-0.9115834940401768,0.646091668153197,0.9702425509371356,0.014803780092747,-1.43244469563043,1.4673086706042555,0.9972039090469852,-0.5787359118286177,-0.5738091541336192,1.0959875190286648,-1.0959875190286648,-0.5784279906300535,-0.5776581893550843,1.7343632929879855,-0.5767344287272242,0
-0.6366246933665265,-0.4693113027136664,0.3413519501232164,-1.2258476714090278,0.8077365626180215,0.646091668153197,0.9702425509371356,1.3529804203114055,-1.43244469563043,-1.529412959850347,0.9972039090469852,-0.5787359118286177,-0.5738091541336192,-0.9124191495230388,0.9124191495230392,-0.5784279906300535,-0.5776581893550843,-0.5765804684883443,1.733900301750437,0
0.2842383449118215,0.6749317857019538,-1.3875375865624426,-1.2258476714090278,0.8077365626180215,-1.5477679860172513,-1.0306701134001208,-0.3127246571847356,0.7014981422339509,1.33451450677318,0.9972039090469852,-0.5787359118286177,-0.5738091541336192,1.0959875190286648,-1.0959875190286648,-0.5784279906300535,-0.5776581893550843,1.7343632929879855,-0.5767344287272242,0
-0.7918263290314166,-0.278604121311063,-1.3875375865624426,-1.2258476714090278,0.8077365626180215,-1.5477679860172513,0.9702425509371356,-0.4935193153952202,-0.721130416342303,1.653220499967761,-1.002803930999114,-0.5787359118286177,1.7427397119690018,-0.9124191495230388,0.9124191495230392,1.7288236672481017,-0.5776581893550843,-0.5765804684883443,-0.5767344287272242,0
-1.2367376846041016,-0.7553720748175714,0.6871298574603482,0.6501706133306163,-0.9115834940401768,0.646091668153197,-1.0306701134001208,0.3202680098562898,-1.43244469563043,-0.5511626196280912,-1.002803930999114,1.7279038324066065,-0.5738091541336192,1.0959875190286648,-1.0959875190286648,-0.5784279906300535,-0.5776581893550843,-0.5765804684883443,1.733900301750437,1
-0.9159876375633288,-0.5646648934149681,1.03290776479748,0.259211410886876,0.8077365626180215,0.646091668153197,-1.0306701134001208,-1.7169202038275446,-0.721130416342303,-1.0292216094199629,-1.002803930999114,1.7279038324066065,-0.5738091541336192,-0.9124191495230388,0.9124191495230392,-0.5784279906300535,1.731127539482183,-0.5765804684883443,-0.5767344287272242,0
-0.967721516118292,-1.1367864376227783,-1.0417596792253108,-1.2258476714090278,0.8077365626180215,-1.5477679860172513,0.9702425509371356,-1.6622613577148402,-0.009816137054176,0.869734933364416,0.9972039090469852,-0.5787359118286177,-0.5738091541336192,1.0959875190286648,-1.0959875190286648,-0.5784279906300535,-0.5776581893550843,-0.5765804684883443,1.733900301750437,0
-0.0985923563949074,-0.0878969399084596,-0.695981771888179,-1.2258476714090278,0.8077365626180215,0.646091668153197,-1.0306701134001208,0.2847614091889877,0.7014981422339509,1.6310881393292485,0.9972039090469852,-0.5787359118286177,-0.5738091541336192,1.0959875190286648,-1.0959875190286648,1.7288236672481017,-0.5776581893550843,-0.5765804684883443,-0.5767344287272242,0
-0.7193988990544679,0.007456650792842,-1.3875375865624426,0.7218228484959259,-0.9115834940401768,-1.5477679860172513,-1.0306701134001208,1.0705592249150082,-0.009816137054176,1.188440926558997,-1.002803930999114,1.7279038324066065,-0.5738091541336192,-0.9124191495230388,0.9124191495230392,-0.5784279906300535,-0.5776581893550843,-0.5765804684883443,1.733900301750437,1
-0.0365117021289514,1.247053329909764,0.6871298574603482,0.8578867518714152,-0.9115834940401768,0.646091668153197,0.9702425509371356,1.5774626823803108,0.7014981422339509,-1.3169422977206262,-1.002803930999114,1.7279038324066065,-0.5738091541336192,-0.9124191495230388,0.9124191495230392,-0.5784279906300535,-0.5776581893550843,-0.5765804684883443,1.733900301750437,1
-0.1503262349498708,0.5795781950006521,0.6871298574603482,1.0156914283718008,-0.9115834940401768,0.646091668153197,0.9702425509371356,0.1445425931495674,-0.009816137054176,-0.945118638993615,0.9972039090469852,-0.5787359118286177,-0.5738091541336192,1.0959875190286648,-1.0959875190286648,-0.5784279906300535,1.731127539482183,-0.5765804684883443,-0.5767344287272242,0
0.1497302606689167,-0.1832505306097613,-0.0044259572139154,1.3447374286005258,-0.9115834940401768,-1.5477679860172513,0.9702425509371356,1.4511441118844637,-0.721130416342303,0.2411758912306589,0.9972039090469852,-0.5787359118286177,-0.5738091541336192,1.0959875190286648,-1.0959875190286648,-0.5784279906300535,1.731127539482183,-0.5765804684883443,-0.5767344287272242,0
-1.2884715631590649,-0.278604121311063,-1.7333154938995745,-1.2258476714090278,0.8077365626180215,0.646091668153197,-1.0306701134001208,-0.0403878650034758,-0.721130416342303,-0.0022800757929793,0.9972039090469852,-0.5787359118286177,-0.5738091541336192,1.0959875190286648,-1.0959875190286648,-0.5784279906300535,-0.5776581893550843,1.7343632929879855,-0.5767344287272242,0
-0.2848343191927756,-0.5646648934149681,1.03290776479748,0.3249260830447547,-0.9115834940401768,0.646091668153197,0.9702425509371356,1.298745170257399,-0.721130416342303,-1.1044716355909057,-1.002803930999114,1.7279038324066065,-0.5738091541336192,-0.9124191495230388,0.9124191495230392,-0.5784279906300535,-0.5776581893550843,-0.5765804684883443,1.733900301750437,0
-0.1089391321059001,0.5795781950006521,-1.3875375865624426,-1.2258476714090278,-0.9115834940401768,0.646091668153197,0.9702425509371356,-1.5507842993741143,0.7014981422339509,-0.95397158324902,0.9972039090469852,-0.5787359118286177,-0.5738091541336192,-0.9124191495230388,0.9124191495230392,-0.5784279906300535,-0.5776581893550843,1.7343632929879855,-0.5767344287272242,0
1.629319187340869,0.7702853764032556,1.03290776479748,1.005061768983946,-0.9115834940401768,-1.5477679860172513,0.9702425509371356,-0.4531900492550398,-0.721130416342303,0.860881989109011,-1.002803930999114,-0.5787359118286177,1.7427397119690018,-0.9124191495230388,0.9124191495230392,-0.5784279906300535,-0.5776581893550843,-0.5765804684883443,1.733900301750437,0
-0.0365117021289514,0.7702853764032556,-0.0044259572139154,0.4666664678248705,0.8077365626180215,0.646091668153197,0.9702425509371356,0.9958795527685615,-1.43244469563043,-1.073486330696988,-1.002803930999114,-0.5787359118286177,1.7427397119690018,-0.9124191495230388,0.9124191495230392,1.7288236672481017,-0.5776581893550843,-0.5765804684883443,-0.5767344287272242,0
-0.0882455806839148,-0.4693113027136664,1.03290776479748,-1.2258476714090278,-0.9115834940401768,0.646091668153197,-1.0306701134001208,-0.4869813988866289,-0.009816137054176,-1.254971687932791,-1.002803930999114,-0.5787359118286177,1.7427397119690018,-0.9124191495230388,0.9124191495230392,-0.5784279906300535,1.731127539482183,-0.5765804684883443,-0.5767344287272242,0
-0.7090521233434752,0.1028102414941437,-0.695981771888179,0.5395452576287708,-0.9115834940401768,0.646091668153197,0.9702425509371356,1.594004664920493,-1.43244469563043,0.3518376944232217,-1.002803930999114,1.7279038324066065,-0.5738091541336192,1.0959875190286648,-1.0959875190286648,-0.5784279906300535,1.731127539482183,-0.5765804684883443,-0.5767344287272242,1
-2.147253947171457,0.4842246042993504,-1.0417596792253108,-1.2258476714090278,-0.9115834940401768,0.646091668153197,-1.0306701134001208,1.0272632213538733,-0.009816137054176,-1.1310304683571206,0.9972039090469852,-0.5787359118286177,-0.5738091541336192,-0.9124191495230388,0.9124191495230392,-0.5784279906300535,-0.5776581893550843,1.7343632929879855,-0.5767344287272242,0
-0.1296326835278854,1.3424069206110656,-1.3875375865624426,0.7601782842582385,-0.9115834940401768,0.646091668153197,-1.0306701134001208,-1.4508088478110828,-0.009816137054176,0.1437935044212036,-1.002803930999114,1.7279038324066065,-0.5738091541336192,1.0959875190286648,-1.0959875190286648,1.7288236672481017,-0.5776581893550843,-0.5765804684883443,-0.5767344287272242,1
0.5636012891086236,1.0563461485071606,-0.3502038645510472,0.0092958948025074,0.8077365626180215,-1.5477679860172513,0.9702425509371356,0.7837052254429426,0.7014981422339509,0.5288965795313224,0.9972039090469852,-0.5787359118286177,-0.5738091541336192,1.0959875190286648,-1.0959875190286648,-0.5784279906300535,-0.5776581893550843,1.7343632929879855,-0.5767344287272242,0
0.5739480648196164,-1.0414328469214764,0.3413519501232164,0.7763124541729977,0.8077365626180215,0.646091668153197,0.9702425509371356,-0.8658174740488898,-0.009816137054176,-0.3121331247321554,-1.002803930999114,1.7279038324066065,-0.5738091541336192,1.0959875190286648,-1.0959875190286648,1.7288236672481017,-0.5776581893550843,-0.5765804684883443,-0.5767344287272242,0
0.3566657748887701,-1.3274936190253817,1.7244635794717436,0.8337901540199222,-0.9115834940401768,0.646091668153197,-1.0306701134001208,0.3733781915606345,-0.009816137054176,-0.205897793667295,-1.002803930999114,-0.5787359118286177,1.7427397119690018,1.0959875190286648,-1.0959875190286648,1.7288236672481017,-0.5776581893550843,-0.5765804684883443,-0.5767344287272242,0
-0.3262214220367463,1.247053329909764,1.03290776479748,0.763102590534957,-0.9115834940401768,-1.5477679860172513,-1.0306701134001208,-1.324793541488622,-1.43244469563043,0.0641170061225583,-1.002803930999114,1.7279038324066065,-0.5738091541336192,1.0959875190286648,-1.0959875190286648,-0.5784279906300535,-0.5776581893550843,-0.5765804684883443,1.733900301750437,0
-0.3779553005917097,1.1516997392084622,-0.695981771888179,-1.2258476714090278,0.8077365626180215,0.646091668153197,0.9702425509371356,-1.6439190919251916,0.7014981422339509,0.4359406648495695,0.9972039090469852,-0.5787359118286177,-0.5738091541336192,-0.9124191495230388,0.9124191495230392,-0.5784279906300535,1.731127539482183,-0.5765804684883443,-0.5767344287272242,0
0.522214186264653,-0.1832505306097613,1.03290776479748,0.5018562290515179,-0.9115834940401768,0.646091668153197,-1.0306701134001208,-1.4454347771238654,-1.43244469563043,-1.67548654006453,0.9972039090469852,-0.5787359118286177,-0.5738091541336192,-0.9124191495230388,0.9124191495230392,-0.5784279906300535,-0.5776581893550843,-0.5765804684883443,1.733900301750437,0
1.184407831768184,0.5795781950006521,-1.0417596792253108,0.2414306158111499,-0.9115834940401768,0.646091668153197,0.9702425509371356,-0.9207614997741824,-0.009816137054176,1.4141910050718254,-1.002803930999114,-0.5787359118286177,1.7427397119690018,-0.9124191495230388,0.9124191495230392,-0.5784279906300535,-0.5776581893550843,1.7343632929879855,-0.5767344287272242,0
0.7912303547504624,-1.9949687539344931,-0.3502038645510472,0.9145834507051618,-0.9115834940401768,0.646091668153197,0.9702425509371356,-0.9242050435961844,0.7014981422339509,1.1397497331542694,0.9972039090469852,-0.5787359118286177,-0.5738091541336192,-0.9124191495230388,0.9124191495230392,-0.5784279906300535,-0.5776581893550843,1.7343632929879855,-0.5767344287272242,0
0.7601900276174844,-1.0414328469214764,1.378685672134612,-1.2258476714090278,0.8077365626180215,0.646091668153197,0.9702425509371356,0.0026076566243958,-0.721130416342303,0.2544553076137664,0.9972039090469852,-0.5787359118286177,-0.5738091541336192,-0.9124191495230388,0.9124191495230392,-0.5784279906300535,1.731127539482183,-0.5765804684883443,-0.5767344287272242,0
1.09128685036925,-0.278604121311063,-1.0417596792253108,0.9669114802146296,-0.9115834940401768,0.646091668153197,0.9702425509371356,1.216390340952162,1.412812421522078,-1.6400747630429098,-1.002803930999114,1.7279038324066065,-0.5738091541336192,-0.9124191495230388,0.9124191495230392,1.7288236672481017,-0.5776581893550843,-0.5765804684883443,-0.5767344287272242,0
0.2635447934898361,-0.9460792562201747,0.6871298574603482,0.8890873657108257,-0.9115834940401768,-1.5477679860172513,-1.0306701134001208,1.550726224250133,-0.721130416342303,-1.3390746583591389,0.9972039090469852,-0.5787359118286177,-0.5738091541336192,-0.9124191495230388,0.9124191495230392,-0.5784279906300535,-0.5776581893550843,-0.5765804684883443,1.733900301750437,0
1.1016336260802426,0.3888710135980487,-0.0044259572139154,0.8806486120997298,0.8077365626180215,0.646091668153197,0.9702425509371356,-1.679652445162503,-1.43244469563043,-0.6131332294159264,-1.002803930999114,1.7279038324066065,-0.5738091541336192,1.0959875190286648,-1.0959875190286648,-0.5784279906300535,1.731127539482183,-0.5765804684883443,-0.5767344287272242,1
-0.0882455806839148,-1.9949687539344931,-0.0044259572139154,0.5561028637587602,0.8077365626180215,-1.5477679860172513,0.9702425509371356,-1.5654707016423892,1.412812421522078,0.1570729208043111,-1.002803930999114,1.7279038324066065,-0.5738091541336192,-0.9124191495230388,0.9124191495230392,-0.5784279906300535,1.731127539482183,-0.5765804684883443,-0.5767344287272242,0
-1.764423245864728,0.1028102414941437,0.6871298574603482,-1.2258476714090278,-0.9115834940401768,0.646091668153197,-1.0306701134001208,1.22144567125531,-1.43244469563043,0.6395583827238852,0.9972039090469852,-0.5787359118286177,-0.5738091541336192,1.0959875190286648,-1.0959875190286648,-0.5784279906300535,1.731127539482183,-0.5765804684883443,-0.5767344287272242,1
-1.3608989931360136,-1.7089079818305883,-1.3875375865624426,1.2054879770744251,2.52705661927622,0.646091668153197,0.9702425509371356,1.218072378996409,-1.43244469563043,0.0729699503779633,-1.002803930999114,1.7279038324066065,-0.5738091541336192,1.0959875190286648,-1.0959875190286648,-0.5784279906300535,-0.5776581893550843,-0.5765804684883443,1.733900301750437,1
0.7912303547504624,-0.278604121311063,0.3413519501232164,1.0246598779296552,-0.9115834940401768,0.646091668153197,0.9702425509371356,0.2250743596143324,-0.009816137054176,-1.1044716355909057,-1.002803930999114,1.7279038324066065,-0.5738091541336192,-0.9124191495230388,0.9124191495230392,-0.5784279906300535,-0.5776581893550843,1.7343632929879855,-0.5767344287272242,1
1.029206196103294,-0.1832505306097613,-1.3875375865624426,0.9089585765909606,0.8077365626180215,0.646091668153197,0.9702425509371356,-1.264588473581101,0.7014981422339509,1.5602645852860084,-1.002803930999114,1.7279038324066065,-0.5738091541336192,1.0959875190286648,-1.0959875190286648,-0.5784279906300535,-0.5776581893550843,1.7343632929879855,-0.5767344287272242,0
-0.84356020758638,2.5820035997279875,-1.0417596792253108,-1.2258476714090278,-0.9115834940401768,0.646091668153197,-1.0306701134001208,0.53373729606907,-1.43244469563043,-1.1575893011233358,0.9972039090469852,-0.5787359118286177,-0.5738091541336192,-0.9124191495230388,0.9124191495230392,1.7288236672481017,-0.5776581893550843,-0.5765804684883443,-0.5767344287272242,1
-0.9780682918292848,0.7702853764032556,-1.0417596792253108,1.016573560441682,-0.9115834940401768,0.646091668153197,0.9702425509371356,-0.864220468218396,-1.43244469563043,-0.3741037345199906,0.9972039090469852,-0.5787359118286177,-0.5738091541336192,1.0959875190286648,-1.0959875190286648,-0.5784279906300535,-0.5776581893550843,-0.5765804684883443,1.733900301750437,0
0.3152786720447995,0.4842246042993504,-0.3502038645510472,0.2344745300377126,0.8077365626180215,-1.5477679860172513,-1.0306701134001208,-1.319501720775035,-0.721130416342303,-1.1088981077186082,-1.002803930999114,1.7279038324066065,-0.5738091541336192,1.0959875190286648,-1.0959875190286648,-0.5784279906300535,-0.5776581893550843,-0.5765804684883443,1.733900301750437,1
-1.040148946095241,-0.0878969399084596,1.378685672134612,1.0224189675733537,2.52705661927622,0.646091668153197,0.9702425509371356,1.2409976898283586,1.412812421522078,-1.666633595809125,0.9972039090469852,-0.5787359118286177,-0.5738091541336192,-0.9124191495230388,0.9124191495230392,-0.5784279906300535,1.731127539482183,-0.5765804684883443,-0.5767344287272242,1
1.82590792584973,0.7702853764032556,1.03290776479748,1.0660529316280989,0.8077365626180215,0.646091668153197,-1.0306701134001208,0.1545405730308899,0.7014981422339509,-1.5117070713395369,-1.002803930999114,1.7279038324066065,-0.5738091541336192,1.0959875190286648,-1.0959875190286648,-0.5784279906300535,-0.5776581893550843,-0.5765804684883443,1.733900301750437,0
0.3566657748887701,-0.7553720748175714,1.7244635794717436,0.9412371737701284,-0.9115834940401768,0.646091668153197,0.9702425509371356,0.4466719603459058,0.7014981422339509,-0.7193685604807868,-1.002803930999114,-0.5787359118286177,1.7427397119690018,-0.9124191495230388,0.9124191495230392,-0.5784279906300535,1.731127539482183,-0.5765804684883443,-0.5767344287272242,0
1.2568352617451328,-0.8507256655188732,0.3413519501232164,0.3734218705624095,0.8077365626180215,-1.5477679860172513,-1.0306701134001208,1.6893029969470712,-0.009816137054176,-0.8698686128226722,-1.002803930999114,1.7279038324066065,-0.5738091541336192,-0.9124191495230388,0.9124191495230392,-0.5784279906300535,-0.5776581893550843,1.7343632929879855,-0.5767344287272242,0
0.6877625976405357,-0.278604121311063,-0.0044259572139154,-1.2258476714090278,0.8077365626180215,0.646091668153197,0.9702425509371356,0.7905276260040912,1.412812421522078,-0.8610156685672673,0.9972039090469852,-0.5787359118286177,-0.5738091541336192,1.0959875190286648,-1.0959875190286648,-0.5784279906300535,-0.5776581893550843,-0.5765804684883443,1.733900301750437,0
0.7705368033284771,-0.1832505306097613,0.3413519501232164,0.7670973474102836,0.8077365626180215,-1.5477679860172513,0.9702425509371356,1.3371115659909358,1.412812421522078,-1.3169422977206262,0.9972039090469852,-0.5787359118286177,-0.5738091541336192,-0.9124191495230388,0.9124191495230392,-0.5784279906300535,-0.5776581893550843,1.7343632929879855,-0.5767344287272242,0
0.3152786720447995,-0.7553720748175714,-0.3502038645510472,0.3342020928210144,0.8077365626180215,-1.5477679860172513,-1.0306701134001208,-0.9018540914595876,0.7014981422339509,0.3031465010184941,-1.002803930999114,1.7279038324066065,-0.5738091541336192,-0.9124191495230388,0.9124191495230392,-0.5784279906300535,-0.5776581893550843,-0.5765804684883443,1.733900301750437,0
1.505157878808957,0.007456650792842,-0.0044259572139154,0.1581071194552672,0.8077365626180215,-1.5477679860172513,-1.0306701134001208,0.0867761587096905,-1.43244469563043,-0.1616330723902699,-1.002803930999114,1.7279038324066065,-0.5738091541336192,-0.9124191495230388,0.9124191495230392,-0.5784279906300535,1.731127539482183,-0.5765804684883443,-0.5767344287272242,0
-1.1746570303381456,1.914528464818876,1.378685672134612,-1.2258476714090278,0.8077365626180215,-1.5477679860172513,-1.0306701134001208,0.064505022086617,0.7014981422339509,1.5115733918812806,0.9972039090469852,-0.5787359118286177,-0.5738091541336192,-0.9124191495230388,0.9124191495230392,-0.5784279906300535,1.731127539482183,-0.5765804684883443,-0.5767344287272242,1
-1.7540764701537352,0.007456650792842,0.3413519501232164,-1.2258476714090278,-0.9115834940401768,0.646091668153197,0.9702425509371356,-1.3113514961152748,-0.009816137054176,1.5337057525197932,0.9972039090469852,-0.5787359118286177,-0.5738091541336192,1.0959875190286648,-1.0959875190286648,-0.5784279906300535,1.731127539482183,-0.5765804684883443,-0.5767344287272242,0
0.4083996534437335,0.2935174228967471,-0.0044259572139154,-1.2258476714090278,0.8077365626180215,-1.5477679860172513,0.9702425509371356,0.3551153935044935,0.7014981422339509,1.3654998116670978,0.9972039090469852,-0.5787359118286177,-0.5738091541336192,1.0959875190286648,-1.0959875190286648,-0.5784279906300535,-0.5776581893550843,1.7343632929879855,-0.5767344287272242,0
0.2221576906458654,2.772710781130591,-1.7333154938995745,0.7945538683564343,0.8077365626180215,0.646091668153197,0.9702425509371356,1.4753963773649863,0.7014981422339509,-0.188191905156485,-1.002803930999114,1.7279038324066065,-0.5738091541336192,-0.9124191495230388,0.9124191495230392,-0.5784279906300535,1.731127539482183,-0.5765804684883443,-0.5767344287272242,0
-1.091882824650204,-0.6600184841162697,-0.3502038645510472,-1.2258476714090278,-0.9115834940401768,0.646091668153197,-1.0306701134001208,-0.0930492365980095,-1.43244469563043,-1.2726775764436011,-1.002803930999114,-0.5787359118286177,1.7427397119690018,1.0959875190286648,-1.0959875190286648,-0.5784279906300535,-0.5776581893550843,1.7343632929879855,-0.5767344287272242,0
0.7084561490625211,0.4842246042993504,-0.3502038645510472,-1.2258476714090278,-0.9115834940401768,-1.5477679860172513,-1.0306701134001208,-0.2628754347943337,1.412812421522078,-0.1085154068578397,-1.002803930999114,-0.5787359118286177,1.7427397119690018,-0.9124191495230388,0.9124191495230392,1.7288236672481017,-0.5776581893550843,-0.5765804684883443,-0.5767344287272242,1
-0.1399794592388781,-0.5646648934149681,-1.7333154938995745,0.8938334734479991,0.8077365626180215,-1.5477679860172513,0.9702425509371356,-0.4434513393751619,-1.43244469563043,-1.4276041009131892,0.9972039090469852,-0.5787359118286177,-0.5738091541336192,-0.9124191495230388,0.9124191495230392,-0.5784279906300535,1.731127539482183,-0.5765804684883443,-0.5767344287272242,0
0.7601900276174844,-0.4693113027136664,0.3413519501232164,0.6691287598208316,0.8077365626180215,-1.5477679860172513,-1.0306701134001208,0.9919901549668794,1.412812421522078,0.0508375897394507,-1.002803930999114,1.7279038324066065,-0.5738091541336192,-0.9124191495230388,0.9124191495230392,1.7288236672481017,-0.5776581893550843,-0.5765804684883443,-0.5767344287272242,0
-0.460729506279651,0.6749317857019538,1.03290776479748,-1.2258476714090278,0.8077365626180215,0.646091668153197,0.9702425509371356,1.4542021415594488,-0.721130416342303,1.471735142731958,-1.002803930999114,-0.5787359118286177,1.7427397119690018,1.0959875190286648,-1.0959875190286648,1.7288236672481017,-0.5776581893550843,-0.5765804684883443,-0.5767344287272242,0
-1.826503900130684,-0.1832505306097613,-0.0044259572139154,1.0610375684626183,0.8077365626180215,0.646091668153197,0.9702425509371356,0.1888982824174788,0.7014981422339509,0.9538379037907638,-1.002803930999114,1.7279038324066065,-0.5738091541336192,1.0959875190286648,-1.0959875190286648,1.7288236672481017,-0.5776581893550843,-0.5765804684883443,-0.5767344287272242,0
-0.6469714690775192,-0.3739577120123647,0.6871298574603482,-1.2258476714090278,0.8077365626180215,0.646091668153197,0.9702425509371356,0.1503959046979393,-1.43244469563043,-1.7064718449584475,-1.002803930999114,-0.5787359118286177,1.7427397119690018,1.0959875190286648,-1.0959875190286648,-0.5784279906300535,-0.5776581893550843,-0.5765804684883443,1.733900301750437,0
-0.3883020763027023,0.5795781950006521,-1.3875375865624426,1.784716344749501,0.8077365626180215,0.646091668153197,0.9702425509371356,0.8196136859179831,-1.43244469563043,-0.5511626196280912,0.9972039090469852,-0.5787359118286177,-0.5738091541336192,1.0959875190286648,-1.0959875190286648,-0.5784279906300535,-0.5776581893550843,1.7343632929879855,-0.5767344287272242,0
-0.4917698334126291,-0.4693113027136664,1.378685672134612,-1.2258476714090278,0.8077365626180215,0.646091668153197,-1.0306701134001208,1.179428280920614,-0.009816137054176,1.28139684124075,0.9972039090469852,-0.5787359118286177,-0.5738091541336192,1.0959875190286648,-1.0959875190286648,1.7288236672481017,-0.5776581893550843,-0.5765804684883443,-0.5767344287272242,0
0.5118674105536603,0.4842246042993504,1.378685672134612,-1.2258476714090278,0.8077365626180215,0.646091668153197,-1.0306701134001208,0.7337707969487791,0.7014981422339509,-0.3254125411152629,-1.002803930999114,-0.5787359118286177,1.7427397119690018,-0.9124191495230388,0.9124191495230392,1.7288236672481017,-0.5776581893550843,-0.5765804684883443,-0.5767344287272242,0
0.4911738591316749,-1.1367864376227783,-1.3875375865624426,0.2954568777720102,-0.9115834940401768,0.646091668153197,0.9702425509371356,-1.0389987060533088,-1.43244469563043,0.4182347763387595,0.9972039090469852,-0.5787359118286177,-0.5738091541336192,1.0959875190286648,-1.0959875190286648,1.7288236672481017,-0.5776581893550843,-0.5765804684883443,-0.5767344287272242,0
-0.6573182447885119,0.6749317857019538,0.3413519501232164,0.1976847825367869,-0.9115834940401768,-1.5477679860172513,-1.0306701134001208,-0.5193381559548935,0.7014981422339509,-0.4405008164355283,0.9972039090469852,-0.5787359118286177,-0.5738091541336192,1.0959875190286648,-1.0959875190286648,-0.5784279906300535,1.731127539482183,-0.5765804684883443,-0.5767344287272242,0
-0.5021166091236218,2.2959428276240823,0.6871298574603482,-1.2258476714090278,0.8077365626180215,0.646091668153197,0.9702425509371356,-0.7610649161949912,0.7014981422339509,0.1880582256982287,0.9972039090469852,-0.5787359118286177,-0.5738091541336192,1.0959875190286648,-1.0959875190286648,-0.5784279906300535,-0.5776581893550843,1.7343632929879855,-0.5767344287272242,0
1.0498997475252794,-0.278604121311063,-0.695981771888179,-1.2258476714090278,0.8077365626180215,0.646091668153197,0.9702425509371356,-0.897014036985942,1.412812421522078,0.7856319629380683,-1.002803930999114,-0.5787359118286177,1.7427397119690018,1.0959875190286648,-1.0959875190286648,-0.5784279906300535,1.731127539482183,-0.5765804684883443,-0.5767344287272242,0
-0.1503262349498708,2.677357190429289,0.6871298574603482,0.9652079588173236,-0.9115834940401768,-1.5477679860172513,0.9702425509371356,-0.5796995509793149,1.412812421522078,0.6616907433623979,-1.002803930999114,1.7279038324066065,-0.5738091541336192,-0.9124191495230388,0.9124191495230392,-0.5784279906300535,-0.5776581893550843,1.7343632929879855,-0.5767344287272242,1
-0.0675520292619294,-1.23214002832408,-0.3502038645510472,1.2336038532777511,0.8077365626180215,0.646091668153197,0.9702425509371356,-0.3024538438813702,1.412812421522078,1.4938675033704707,-1.002803930999114,-0.5787359118286177,1.7427397119690018,1.0959875190286648,-1.0959875190286648,-0.5784279906300535,-0.5776581893550843,1.7343632929879855,-0.5767344287272242,0
0.0876496064029606,-0.4693113027136664,1.378685672134612,0.9292307857339664,0.8077365626180215,0.646091668153197,-1.0306701134001208,1.3692638284101737,-0.009816137054176,-0.8565891964395648,-1.002803930999114,1.7279038324066065,-0.5738091541336192,-0.9124191495230388,0.9124191495230392,-0.5784279906300535,-0.5776581893550843,-0.5765804684883443,1.733900301750437,0
0.3980528777327409,-1.0414328469214764,-1.0417596792253108,-0.1871576738228273,0.8077365626180215,-1.5477679860172513,-1.0306701134001208,-0.3738476904427768,1.412812421522078,0.5466024680421324,-1.002803930999114,1.7279038324066065,-0.5738091541336192,1.0959875190286648,-1.0959875190286648,-0.5784279906300535,-0.5776581893550843,-0.5765804684883443,1.733900301750437,0
0.8533110090164185,-0.0878969399084596,-0.0044259572139154,-1.2258476714090278,0.8077365626180215,0.646091668153197,0.9702425509371356,-1.7183589697510535,-0.721130416342303,0.723661353150233,-1.002803930999114,-0.5787359118286177,1.7427397119690018,1.0959875190286648,-1.0959875190286648,-0.5784279906300535,-0.5776581893550843,1.7343632929879855,-0.5767344287272242,0
0.3980528777327409,0.7702853764032556,-1.0417596792253108,0.6783731961927006,0.8077365626180215,-1.5477679860172513,-1.0306701134001208,-1.1992988618491425,-0.009816137054176,0.9007202382583336,-1.002803930999114,1.7279038324066065,-0.5738091541336192,-0.9124191495230388,0.9124191495230392,-0.5784279906300535,-0.5776581893550843,1.7343632929879855,-0.5767344287272242,0
-0.6573182447885119,-0.3739577120123647,-0.695981771888179,0.1089950896031839,-0.9115834940401768,0.646091668153197,-1.0306701134001208,0.4427809975341543,1.412812421522078,0.0596905339948558,-1.002803930999114,-0.5787359118286177,1.7427397119690018,1.0959875190286648,-1.0959875190286648,1.7288236672481017,-0.5776581893550843,-0.5765804684883443,-0.5767344287272242,0
0.584294840530609,-0.3739577120123647,-1.0417596792253108,-1.2258476714090278,2.52705661927622,0.646091668153197,0.9702425509371356,-0.1033243971515669,-0.721130416342303,1.0999114840049469,0.9972039090469852,-0.5787359118286177,-0.5738091541336192,-0.9124191495230388,0.9124191495230392,-0.5784279906300535,-0.5776581893550843,-0.5765804684883443,1.733900301750437,0
-1.0298021703842482,-0.3739577120123647,0.6871298574603482,0.8531456125379786,0.8077365626180215,-1.5477679860172513,-1.0306701134001208,-0.2287182205865948,-0.721130416342303,1.4850145591150656,0.9972039090469852,-0.5787359118286177,-0.5738091541336192,-0.9124191495230388,0.9124191495230392,1.7288236672481017,-0.5776581893550843,-0.5765804684883443,-0.5767344287272242,0
-0.9263344132743214,-1.0414328469214764,0.6871298574603482,-1.2258476714090278,0.8077365626180215,0.646091668153197,-1.0306701134001208,-1.604887045242272,1.412812421522078,1.4451763099657429,0.9972039090469852,-0.5787359118286177,-0.5738091541336192,-0.9124191495230388,0.9124191495230392,-0.5784279906300535,-0.5776581893550843,1.7343632929879855,-0.5767344287272242,0
-1.2367376846041016,-0.1832505306097613,-1.3875375865624426,1.072556572119327,0.8077365626180215,-1.5477679860172513,0.9702425509371356,-0.2727948163921864,-1.43244469563043,-0.2236036821781051,-1.002803930999114,-0.5787359118286177,1.7427397119690018,-0.9124191495230388,0.9124191495230392,-0.5784279906300535,-0.5776581893550843,-0.5765804684883443,1.733900301750437,0
0.4808270834206822,-0.6600184841162697,0.6871298574603482,1.586346574992716,2.52705661927622,0.646091668153197,-1.0306701134001208,0.2843480726407424,-1.43244469563043,-0.0553977413254095,0.9972039090469852,-0.5787359118286177,-0.5738091541336192,-0.9124191495230388,0.9124191495230392,-0.5784279906300535,-0.5776581893550843,1.7343632929879855,-0.5767344287272242,1
0.0255689521370046,-0.8507256655188732,-0.3502038645510472,-1.2258476714090278,0.8077365626180215,0.646091668153197,-1.0306701134001208,0.3590098341163985,1.412812421522078,0.5864407171914551,-1.002803930999114,-0.5787359118286177,1.7427397119690018,-0.9124191495230388,0.9124191495230392,1.7288236672481017,-0.5776581893550843,-0.5765804684883443,-0.5767344287272242,0
-0.7193988990544679,0.6749317857019538,-1.0417596792253108,0.0464677285778878,0.8077365626180215,-1.5477679860172513,-1.0306701134001208,1.537232533544506,-1.43244469563043,0.1437935044212036,-1.002803930999114,-0.5787359118286177,1.7427397119690018,-0.9124191495230388,0.9124191495230392,-0.5784279906300535,1.731127539482183,-0.5765804684883443,-0.5767344287272242,0
0.967125541837338,0.1981638321954454,0.6871298574603482,1.825863542598526,0.8077365626180215,0.646091668153197,0.9702425509371356,0.6654986238051671,-0.009816137054176,1.3654998116670978,-1.002803930999114,1.7279038324066065,-0.5738091541336192,-0.9124191495230388,0.9124191495230392,-0.5784279906300535,-0.5776581893550843,1.7343632929879855,-0.5767344287272242,0
-0.2331004406378122,-0.4693113027136664,-0.3502038645510472,1.3183185026798858,0.8077365626180215,0.646091668153197,0.9702425509371356,0.4538929168046471,-0.009816137054176,1.6664999163508687,0.9972039090469852,-0.5787359118286177,-0.5738091541336192,-0.9124191495230388,0.9124191495230392,-0.5784279906300535,-0.5776581893550843,1.7343632929879855,-0.5767344287272242,0
0.6774158219295431,-0.9460792562201747,0.3413519501232164,-1.2258476714090278,0.8077365626180215,0.646091668153197,0.9702425509371356,-0.0189823528386119,-0.721130416342303,-0.2722948755828328,0.9972039090469852,-0.5787359118286177,-0.5738091541336192,1.0959875190286648,-1.0959875190286648,1.7288236672481017,-0.5776581893550843,-0.5765804684883443,-0.5767344287272242,0
1.8362547015607225,-1.3274936190253817,0.6871298574603482,1.087695298304792,-0.9115834940401768,0.646091668153197,-1.0306701134001208,0.2873188095318741,-1.43244469563043,-0.0155594921760869,-1.002803930999114,1.7279038324066065,-0.5738091541336192,1.0959875190286648,-1.0959875190286648,-0.5784279906300535,-0.5776581893550843,1.7343632929879855,-0.5767344287272242,0
-0.2227536649268195,0.5795781950006521,0.6871298574603482,0.8547657929693798,2.52705661927622,0.646091668153197,-1.0306701134001208,-1.5801852740919071,-0.009816137054176,-1.547118848361157,-1.002803930999114,1.7279038324066065,-0.5738091541336192,1.0959875190286648,-1.0959875190286648,-0.5784279906300535,-0.5776581893550843,1.7343632929879855,-0.5767344287272242,1
-1.2574312360260869,-0.4693113027136664,1.378685672134612,-1.2258476714090278,-0.9115834940401768,0.646091668153197,0.9702425509371356,-0.1196714489931446,-0.009816137054176,-0.19704484941189,-1.002803930999114,-0.5787359118286177,1.7427397119690018,-0.9124191495230388,0.9124191495230392,1.7288236672481017,-0.5776581893550843,-0.5765804684883443,-0.5767344287272242,0
0.3049318963338068,-0.4693113027136664,1.378685672134612,-1.2258476714090278,0.8077365626180215,0.646091668153197,0.9702425509371356,-0.0765748972708131,0.7014981422339509,-1.7064718449584475,0.9972039090469852,-0.5787359118286177,-0.5738091541336192,-0.9124191495230388,0.9124191495230392,-0.5784279906300535,-0.5776581893550843,1.7343632929879855,-0.5767344287272242,0
0.1290367092469313,-0.4693113027136664,1.7244635794717436,-1.2258476714090278,-0.9115834940401768,0.646091668153197,0.9702425509371356,0.2433328104202815,-0.009816137054176,0.2544553076137664,0.9972039090469852,-0.5787359118286177,-0.5738091541336192,-0.9124191495230388,0.9124191495230392,-0.5784279906300535,-0.5776581893550843,1.7343632929879855,-0.5767344287272242,0
2.063883767202561,0.007456650792842,0.3413519501232164,-1.2258476714090278,0.8077365626180215,0.646091668153197,-1.0306701134001208,0.0666205679199994,-0.009816137054176,-0.5113243704787686,-1.002803930999114,-0.5787359118286177,1.7427397119690018,1.0959875190286648,-1.0959875190286648,-0.5784279906300535,1.731127539482183,-0.5765804684883443,-0.5767344287272242,0
1.1740610560571914,0.007456650792842,-1.3875375865624426,0.8427478654148618,0.8077365626180215,0.646091668153197,0.9702425509371356,1.5270130177934047,-1.43244469563043,1.6664999163508687,0.9972039090469852,-0.5787359118286177,-0.5738091541336192,1.0959875190286648,-1.0959875190286648,1.7288236672481017,-0.5776581893550843,-0.5765804684883443,-0.5767344287272242,0
0.2738915692008288,-0.1832505306097613,-0.695981771888179,-1.2258476714090278,0.8077365626180215,0.646091668153197,0.9702425509371356,-1.0753008535057271,-0.009816137054176,0.2101905863367413,0.9972039090469852,-0.5787359118286177,-0.5738091541336192,1.0959875190286648,-1.0959875190286648,-0.5784279906300535,-0.5776581893550843,1.7343632929879855,-0.5767344287272242,0
1.09128685036925,-1.518200800427985,-1.3875375865624426,0.5782968835213063,-0.9115834940401768,0.646091668153197,0.9702425509371356,0.2315844537216955,1.412812421522078,1.5868234180522234,0.9972039090469852,-0.5787359118286177,-0.5738091541336192,1.0959875190286648,-1.0959875190286648,1.7288236672481017,-0.5776581893550843,-0.5765804684883443,-0.5767344287272242,0
2.063883767202561,0.3888710135980487,1.03290776479748,0.2525702578019049,0.8077365626180215,0.646091668153197,-1.0306701134001208,-0.7849483609692339,-0.721130416342303,-1.3390746583591389,-1.002803930999114,1.7279038324066065,-0.5738091541336192,1.0959875190286648,-1.0959875190286648,-0.5784279906300535,-0.5776581893550843,1.7343632929879855,-0.5767344287272242,0
-0.750439226187446,-1.0414328469214764,-0.3502038645510472,-1.2258476714090278,0.8077365626180215,-1.5477679860172513,-1.0306701134001208,-1.6196663047746456,-0.009816137054176,1.0733526512387317,-1.002803930999114,-0.5787359118286177,1.7427397119690018,-0.9124191495230388,0.9124191495230392,-0.5784279906300535,1.731127539482183,-0.5765804684883443,-0.5767344287272242,0
2.0535369914915687,0.1981638321954454,1.7244635794717436,0.1304004153403147,-0.9115834940401768,0.646091668153197,0.9702425509371356,1.703807684157325,-0.721130416342303,1.3035292018792624,-1.002803930999114,1.7279038324066065,-0.5738091541336192,-0.9124191495230388,0.9124191495230392,-0.5784279906300535,-0.5776581893550843,1.7343632929879855,-0.5767344287272242,0
-1.15396347891616,-0.1832505306097613,-1.3875375865624426,0.8724664525009669,0.8077365626180215,-1.5477679860172513,-1.0306701134001208,-1.7024424695684808,-1.43244469563043,-1.2726775764436011,-1.002803930999114,-0.5787359118286177,1.7427397119690018,1.0959875190286648,-1.0959875190286648,-0.5784279906300535,-0.5776581893550843,1.7343632929879855,-0.5767344287272242,0
0.3566657748887701,1.8191748741175744,-1.3875375865624426,0.4537378799467574,-0.9115834940401768,0.646091668153197,0.9702425509371356,0.940591398718079,-0.009816137054176,0.2942935567630891,0.9972039090469852,-0.5787359118286177,-0.5738091541336192,-0.9124191495230388,0.9124191495230392,-0.5784279906300535,1.731127539482183,-0.5765804684883443,-0.5767344287272242,0
-0.8952940861413433,0.1981638321954454,1.378685672134612,0.4333227089930076,0.8077365626180215,0.646091668153197,0.9702425509371356,-1.143362098070029,-1.43244469563043,-0.0332653806868969,-1.002803930999114,1.7279038324066065,-0.5738091541336192,-0.9124191495230388,0.9124191495230392,-0.5784279906300535,1.731127539482183,-0.5765804684883443,-0.5767344287272242,0
-1.5264474045118963,-0.9460792562201747,-0.695981771888179,-1.2258476714090278,0.8077365626180215,0.646091668153197,0.9702425509371356,0.7627641734885802,-1.43244469563043,1.418617477199528,0.9972039090469852,-0.5787359118286177,-0.5738091541336192,-0.9124191495230388,0.9124191495230392,1.7288236672481017,-0.5776581893550843,-0.5765804684883443,-0.5767344287272242,0
1.5879320844968985,-1.3274936190253817,0.6871298574603482,0.5114375552509469,-0.9115834940401768,0.646091668153197,-1.0306701134001208,0.4901387238945788,-1.43244469563043,-0.9185598062274,0.9972039090469852,-0.5787359118286177,-0.5738091541336192,-0.9124191495230388,0.9124191495230392,1.7288236672481017,-0.5776581893550843,-0.5765804684883443,-0.5767344287272242,0
-1.9403184329516037,0.1981638321954454,1.03290776479748,0.7479149816675671,0.8077365626180215,0.646091668153197,-1.0306701134001208,-0.5210146295188951,1.412812421522078,-0.3696772623922881,-1.002803930999114,1.7279038324066065,-0.5738091541336192,1.0959875190286648,-1.0959875190286648,-0.5784279906300535,-0.5776581893550843,-0.5765804684883443,1.733900301750437,0
-2.426616891368259,-0.6600184841162697,-1.7333154938995745,-1.2258476714090278,0.8077365626180215,-1.5477679860172513,0.9702425509371356,-1.7251865870124323,1.412812421522078,1.2282791757083198,0.9972039090469852,-0.5787359118286177,-0.5738091541336192,-0.9124191495230388,0.9124191495230392,-0.5784279906300535,1.731127539482183,-0.5765804684883443,-0.5767344287272242,0
-0.4193424034356803,-0.1832505306097613,-1.7333154938995745,-1.2258476714090278,-0.9115834940401768,0.646091668153197,-1.0306701134001208,0.2508259047410353,1.412812421522078,0.5377495237867274,0.9972039090469852,-0.5787359118286177,-0.5738091541336192,-0.9124191495230388,0.9124191495230392,-0.5784279906300535,-0.5776581893550843,1.7343632929879855,-0.5767344287272242,0
-0.5745440391005705,-1.23214002832408,1.03290776479748,0.6741295383172786,-0.9115834940401768,0.646091668153197,0.9702425509371356,0.8886116759536339,0.7014981422339509,-0.9672509996321276,-1.002803930999114,1.7279038324066065,-0.5738091541336192,1.0959875190286648,-1.0959875190286648,-0.5784279906300535,-0.5776581893550843,1.7343632929879855,-0.5767344287272242,0
-0.5435037119675924,2.009882055520177,-0.3502038645510472,-1.2258476714090278,-0.9115834940401768,0.646091668153197,-1.0306701134001208,1.697808131112498,-0.009816137054176,-1.0867657470800955,0.9972039090469852,-0.5787359118286177,-0.5738091541336192,-0.9124191495230388,0.9124191495230392,1.7288236672481017,-0.5776581893550843,-0.5765804684883443,-0.5767344287272242,1
0.8946981118603892,-1.613554391129287,1.7244635794717436,0.5618682956173807,0.8077365626180215,-1.5477679860172513,-1.0306701134001208,0.1084658071470967,-0.721130416342303,-1.5426923762334546,-1.002803930999114,1.7279038324066065,-0.5738091541336192,1.0959875190286648,-1.0959875190286648,-0.5784279906300535,-0.5776581893550843,1.7343632929879855,-0.5767344287272242,0
0.0462625035589899,-0.6600184841162697,1.378685672134612,0.5923799040482848,-0.9115834940401768,0.646091668153197,-1.0306701134001208,-0.3131053024115377,1.412812421522078,0.6262789663407777,-1.002803930999114,1.7279038324066065,-0.5738091541336192,-0.9124191495230388,0.9124191495230392,1.7288236672481017,-0.5776581893550843,-0.5765804684883443,-0.5767344287272242,0
-0.0468584778399441,-0.8507256655188732,1.7244635794717436,0.3856568051704557,0.8077365626180215,-1.5477679860172513,-1.0306701134001208,0.6415416235576771,-0.721130416342303,1.3212350903900725,-1.002803930999114,1.7279038324066065,-0.5738091541336192,1.0959875190286648,-1.0959875190286648,1.7288236672481017,-0.5776581893550843,-0.5765804684883443,-0.5767344287272242,0
0.6567222705075577,-1.1367864376227783,-0.695981771888179,-1.2258476714090278,2.52705661927622,0.646091668153197,0.9702425509371356,0.504973976009424,1.412812421522078,0.5997201335745627,-1.002803930999114,-0.5787359118286177,1.7427397119690018,-0.9124191495230388,0.9124191495230392,-0.5784279906300535,-0.5776581893550843,-0.5765804684883443,1.733900301750437,0
-0.2020601135048342,0.8656389671045572,-1.3875375865624426,0.4793802924446908,-0.9115834940401768,0.646091668153197,0.9702425509371356,0.8793822899062386,-1.43244469563043,-1.1974275502726583,-1.002803930999114,1.7279038324066065,-0.5738091541336192,-0.9124191495230388,0.9124191495230392,-0.5784279906300535,-0.5776581893550843,-0.5765804684883443,1.733900301750437,1
-0.4710762819906437,-0.8507256655188732,1.378685672134612,0.9445804286716052,-0.9115834940401768,-1.5477679860172513,0.9702425509371356,1.5011682676225877,1.412812421522078,-1.6179424024043974,0.9972039090469852,-0.5787359118286177,-0.5738091541336192,1.0959875190286648,-1.0959875190286648,1.7288236672481017,-0.5776581893550843,-0.5765804684883443,-0.5767344287272242,0
1.1326739532132206,0.9609925578058588,1.378685672134612,0.2406807073890977,-0.9115834940401768,0.646091668153197,-1.0306701134001208,0.2980937299674915,1.412812421522078,-0.4227949279247183,-1.002803930999114,1.7279038324066065,-0.5738091541336192,1.0959875190286648,-1.0959875190286648,-0.5784279906300535,-0.5776581893550843,1.7343632929879855,-0.5767344287272242,1
-1.4850603016679258,-0.9460792562201747,0.3413519501232164,-1.2258476714090278,0.8077365626180215,-1.5477679860172513,0.9702425509371356,-0.0923241152660019,-0.721130416342303,-1.4276041009131892,-1.002803930999114,-0.5787359118286177,1.7427397119690018,1.0959875190286648,-1.0959875190286648,1.7288236672481017,-0.5776581893550843,-0.5765804684883443,-0.5767344287272242,0
-0.0054713749959734,-0.4693113027136664,-0.3502038645510472,0.4731146545195547,-0.9115834940401768,-1.5477679860172513,0.9702425509371356,0.746076471121966,0.7014981422339509,-0.97167747175983,0.9972039090469852,-0.5787359118286177,-0.5738091541336192,-0.9124191495230388,0.9124191495230392,-0.5784279906300535,-0.5776581893550843,1.7343632929879855,-0.5767344287272242,0
-0.3779553005917097,0.1028102414941437,-0.695981771888179,0.5908010735576593,-0.9115834940401768,0.646091668153197,0.9702425509371356,-0.3877961035184759,1.412812421522078,-0.8831480292057798,-1.002803930999114,-0.5787359118286177,1.7427397119690018,1.0959875190286648,-1.0959875190286648,-0.5784279906300535,-0.5776581893550843,1.7343632929879855,-0.5767344287272242,0
-1.6609554887548013,0.1028102414941437,0.3413519501232164,1.2761615969747098,-0.9115834940401768,-1.5477679860172513,-1.0306701134001208,1.578901969973843,-0.009816137054176,0.6749701597455053,-1.002803930999114,-0.5787359118286177,1.7427397119690018,-0.9124191495230388,0.9124191495230392,-0.5784279906300535,-0.5776581893550843,-0.5765804684883443,1.733900301750437,0
-0.2537939920597976,-0.9460792562201747,-0.3502038645510472,0.4692960355702457,0.8077365626180215,-1.5477679860172513,-1.0306701134001208,-1.0256975115861788,-1.43244469563043,1.024661457834004,0.9972039090469852,-0.5787359118286177,-0.5738091541336192,1.0959875190286648,-1.0959875190286648,-0.5784279906300535,-0.5776581893550843,1.7343632929879855,-0.5767344287272242,0
-0.8539069832973727,0.4842246042993504,0.6871298574603482,-1.2258476714090278,0.8077365626180215,-1.5477679860172513,-1.0306701134001208,-0.6559056296131391,-0.721130416342303,1.161882093792782,0.9972039090469852,-0.5787359118286177,-0.5738091541336192,1.0959875190286648,-1.0959875190286648,-0.5784279906300535,-0.5776581893550843,-0.5765804684883443,1.733900301750437,1
-1.350552217425021,0.5795781950006521,0.6871298574603482,0.4894220774807423,-0.9115834940401768,0.646091668153197,-1.0306701134001208,-1.16830279409094,-0.009816137054176,-0.6087067572882239,-1.002803930999114,-0.5787359118286177,1.7427397119690018,-0.9124191495230388,0.9124191495230392,-0.5784279906300535,1.731127539482183,-0.5765804684883443,-0.5767344287272242,0
-0.5848908148115631,-0.0878969399084596,0.3413519501232164,-0.2133119921767202,0.8077365626180215,0.646091668153197,0.9702425509371356,-1.4889185818932904,0.7014981422339509,1.2548380084745347,-1.002803930999114,1.7279038324066065,-0.5738091541336192,-0.9124191495230388,0.9124191495230392,-0.5784279906300535,1.731127539482183,-0.5765804684883443,-0.5767344287272242,0
-0.9884150675402774,0.2935174228967471,0.3413519501232164,0.4907278060369423,-0.9115834940401768,0.646091668153197,0.9702425509371356,-1.0222263192529564,0.7014981422339509,0.9626908480461688,-1.002803930999114,1.7279038324066065,-0.5738091541336192,-0.9124191495230388,0.9124191495230392,-0.5784279906300535,-0.5776581893550843,1.7343632929879855,-0.5767344287272242,1
-0.8021731047424093,-0.3739577120123647,1.378685672134612,0.9297750663497584,0.8077365626180215,0.646091668153197,0.9702425509371356,0.3449031811337147,-0.009816137054176,-0.5644420360111988,-1.002803930999114,1.7279038324066065,-0.5738091541336192,-0.9124191495230388,0.9124191495230392,-0.5784279906300535,1.731127539482183,-0.5765804684883443,-0.5767344287272242,0
0.7188029247735137,-0.4693113027136664,-0.695981771888179,-1.2258476714090278,0.8077365626180215,0.646091668153197,0.9702425509371356,-0.4006853525574221,0.7014981422339509,-1.0557804421861778,-1.002803930999114,-0.5787359118286177,1.7427397119690018,-0.9124191495230388,0.9124191495230392,1.7288236672481017,-0.5776581893550843,-0.5765804684883443,-0.5767344287272242,0
0.5636012891086236,0.007456650792842,-0.695981771888179,0.2522453883059656,-0.9115834940401768,0.646091668153197,0.9702425509371356,-0.7924687560211928,-0.721130416342303,-0.6795303113314641,0.9972039090469852,-0.5787359118286177,-0.5738091541336192,1.0959875190286648,-1.0959875190286648,-0.5784279906300535,1.731127539482183,-0.5765804684883443,-0.5767344287272242,0
0.998165868970316,0.9609925578058588,0.3413519501232164,2.0261270755344034,-0.9115834940401768,0.646091668153197,0.9702425509371356,-1.4396618027590395,-1.43244469563043,0.7015289925117204,0.9972039090469852,-0.5787359118286177,-0.5738091541336192,-0.9124191495230388,0.9124191495230392,-0.5784279906300535,-0.5776581893550843,-0.5765804684883443,1.733900301750437,1
-0.905640861852336,-0.8507256655188732,0.6871298574603482,0.2282564926257952,-0.9115834940401768,0.646091668153197,-1.0306701134001208,0.3856621294828616,-0.721130416342303,-0.0332653806868969,0.9972039090469852,-0.5787359118286177,-0.5738091541336192,-0.9124191495230388,0.9124191495230392,-0.5784279906300535,-0.5776581893550843,-0.5765804684883443,1.733900301750437,0
-0.0365117021289514,-1.23214002832408,1.03290776479748,0.5364635651433635,-0.9115834940401768,0.646091668153197,0.9702425509371356,0.6347333080871502,-0.721130416342303,-1.485148238573322,-1.002803930999114,-0.5787359118286177,1.7427397119690018,1.0959875190286648,-1.0959875190286648,-0.5784279906300535,1.731127539482183,-0.5765804684883443,-0.5767344287272242,1
0.6256819433745797,-0.0878969399084596,1.7244635794717436,-1.2258476714090278,0.8077365626180215,-1.5477679860172513,-1.0306701134001208,-0.8134306747764761,-1.43244469563043,0.7856319629380683,0.9972039090469852,-0.5787359118286177,-0.5738091541336192,-0.9124191495230388,0.9124191495230392,1.7288236672481017,-0.5776581893550843,-0.5765804684883443,-0.5767344287272242,0
-0.8849473104303507,-0.7553720748175714,-1.0417596792253108,0.2095143915625783,0.8077365626180215,0.646091668153197,0.9702425509371356,-1.663235315647832,-0.009816137054176,0.732514297405638,-1.002803930999114,1.7279038324066065,-0.5738091541336192,-0.9124191495230388,0.9124191495230392,-0.5784279906300535,-0.5776581893550843,-0.5765804684883443,1.733900301750437,0
-0.0261649264179587,1.6284676927149706,0.3413519501232164,1.299377024382851,0.8077365626180215,0.646091668153197,-1.0306701134001208,0.7112273485736856,0.7014981422339509,-1.2682511043158986,-1.002803930999114,-0.5787359118286177,1.7427397119690018,1.0959875190286648,-1.0959875190286648,-0.5784279906300535,-0.5776581893550843,-0.5765804684883443,1.733900301750437,1
-0.429689179146673,-1.23214002832408,1.7244635794717436,0.7998535524325193,-0.9115834940401768,-1.5477679860172513,0.9702425509371356,-0.98141346500143,-1.43244469563043,-0.4980449540956611,0.9972039090469852,-0.5787359118286177,-0.5738091541336192,-0.9124191495230388,0.9124191495230392,-0.5784279906300535,1.731127539482183,-0.5765804684883443,-0.5767344287272242,0
1.4120368974100228,4.39372182305272,1.7244635794717436,-1.2258476714090278,0.8077365626180215,0.646091668153197,0.9702425509371356,0.2860094177740763,-0.721130416342303,-0.2855742919659403,0.9972039090469852,-0.5787359118286177,-0.5738091541336192,1.0959875190286648,-1.0959875190286648,-0.5784279906300535,1.731127539482183,-0.5765804684883443,-0.5767344287272242,0
0.4911738591316749,1.247053329909764,-1.3875375865624426,0.5035855540940364,-0.9115834940401768,0.646091668153197,-1.0306701134001208,1.1962963072251884,0.7014981422339509,1.1486026774096745,-1.002803930999114,1.7279038324066065,-0.5738091541336192,1.0959875190286648,-1.0959875190286648,-0.5784279906300535,1.731127539482183,-0.5765804684883443,-0.5767344287272242,1
-1.3608989931360136,1.7238212834162725,-1.0417596792253108,0.6819448373949736,0.8077365626180215,0.646091668153197,0.9702425509371356,-1.2210286788783216,-0.009816137054176,0.3651171108063293,-1.002803930999114,-0.5787359118286177,1.7427397119690018,1.0959875190286648,-1.0959875190286648,-0.5784279906300535,-0.5776581893550843,-0.5765804684883443,1.733900301750437,0
0.3773593263107555,0.007456650792842,-1.0417596792253108,-1.2258476714090278,2.52705661927622,-1.5477679860172513,-1.0306701134001208,1.531281669701828,-0.721130416342303,0.0419846454840457,-1.002803930999114,-0.5787359118286177,1.7427397119690018,1.0959875190286648,-1.0959875190286648,-0.5784279906300535,1.731127539482183,-0.5765804684883443,-0.5767344287272242,1
2.063883767202561,0.2935174228967471,1.03290776479748,0.6948360821095177,-0.9115834940401768,-1.5477679860172513,0.9702425509371356,-0.8533516471786339,-0.721130416342303,-1.3435011304868414,-1.002803930999114,1.7279038324066065,-0.5738091541336192,-0.9124191495230388,0.9124191495230392,-0.5784279906300535,1.731127539482183,-0.5765804684883443,-0.5767344287272242,1
-1.3402054417140283,-0.4693113027136664,0.6871298574603482,-0.0922331150130375,-0.9115834940401768,0.646091668153197,0.9702425509371356,-1.3884468482483523,-0.721130416342303,0.7369407695333405,-1.002803930999114,-0.5787359118286177,1.7427397119690018,1.0959875190286648,-1.0959875190286648,-0.5784279906300535,1.731127539482183,-0.5765804684883443,-0.5767344287272242,1
0.6256819433745797,-0.278604121311063,1.378685672134612,0.9809042681189072,-0.9115834940401768,0.646091668153197,0.9702425509371356,-0.925201607230174,1.412812421522078,-0.6573979506929516,0.9972039090469852,-0.5787359118286177,-0.5738091541336192,-0.9124191495230388,0.9124191495230392,-0.5784279906300535,-0.5776581893550843,-0.5765804684883443,1.733900301750437,0
1.2257949346121548,-1.23214002832408,0.6871298574603482,-1.2258476714090278,0.8077365626180215,0.646091668153197,-1.0306701134001208,1.3346630207928545,-1.43244469563043,0.267734723996874,0.9972039090469852,-0.5787359118286177,-0.5738091541336192,1.0959875190286648,-1.0959875190286648,-0.5784279906300535,1.731127539482183,-0.5765804684883443,-0.5767344287272242,0
1.1119804017912354,-0.5646648934149681,0.6871298574603482,-1.2258476714090278,-0.9115834940401768,0.646091668153197,-1.0306701134001208,1.5313814825662335,-1.43244469563043,0.9272790710245488,0.9972039090469852,-0.5787359118286177,-0.5738091541336192,1.0959875190286648,-1.0959875190286648,-0.5784279906300535,1.731127539482183,-0.5765804684883443,-0.5767344287272242,0
-0.6262779176555339,-1.613554391129287,0.6871298574603482,0.7817978924403968,-0.9115834940401768,0.646091668153197,0.9702425509371356,1.063560673776084,1.412812421522078,1.0822055954941368,-1.002803930999114,-0.5787359118286177,1.7427397119690018,-0.9124191495230388,0.9124191495230392,-0.5784279906300535,-0.5776581893550843,1.7343632929879855,-0.5767344287272242,0
0.0255689521370046,-0.8507256655188732,-1.0417596792253108,0.1884371407431524,0.8077365626180215,0.646091668153197,0.9702425509371356,-0.0596787007849957,-1.43244469563043,1.188440926558997,-1.002803930999114,-0.5787359118286177,1.7427397119690018,1.0959875190286648,-1.0959875190286648,-0.5784279906300535,-0.5776581893550843,1.7343632929879855,-0.5767344287272242,0
0.3773593263107555,0.1028102414941437,-1.3875375865624426,-1.2258476714090278,0.8077365626180215,0.646091668153197,-1.0306701134001208,-1.5977514687772991,-0.009816137054176,-1.4054717402746766,-1.002803930999114,-0.5787359118286177,1.7427397119690018,1.0959875190286648,-1.0959875190286648,1.7288236672481017,-0.5776581893550843,-0.5765804684883443,-0.5767344287272242,0
1.505157878808957,0.4842246042993504,1.03290776479748,1.423853328075849,-0.9115834940401768,0.646091668153197,0.9702425509371356,-0.745721905257733,-0.721130416342303,-0.1085154068578397,0.9972039090469852,-0.5787359118286177,-0.5738091541336192,-0.9124191495230388,0.9124191495230392,1.7288236672481017,-0.5776581893550843,-0.5765804684883443,-0.5767344287272242,0
0.6049883919525944,-0.278604121311063,1.03290776479748,-1.2258476714090278,0.8077365626180215,0.646091668153197,0.9702425509371356,-0.5288636766853609,-0.009816137054176,0.9848232086846814,0.9972039090469852,-0.5787359118286177,-0.5738091541336192,1.0959875190286648,-1.0959875190286648,-0.5784279906300535,-0.5776581893550843,1.7343632929879855,-0.5767344287272242,0
0.7808835790394698,1.1516997392084622,1.03290776479748,0.4969841482389582,0.8077365626180215,0.646091668153197,-1.0306701134001208,0.7103001670527587,-0.721130416342303,0.8298966842150934,-1.002803930999114,1.7279038324066065,-0.5738091541336192,1.0959875190286648,-1.0959875190286648,-0.5784279906300535,-0.5776581893550843,1.7343632929879855,-0.5767344287272242,1
-1.2470844603150943,-0.9460792562201747,-0.0044259572139154,-1.2258476714090278,0.8077365626180215,-1.5477679860172513,-1.0306701134001208,0.3714459257953421,0.7014981422339509,0.3961024157002469,0.9972039090469852,-0.5787359118286177,-0.5738091541336192,1.0959875190286648,-1.0959875190286648,-0.5784279906300535,1.731127539482183,-0.5765804684883443,-0.5767344287272242,0
0.2428512420678507,-1.7089079818305883,1.378685672134612,0.6998157048223118,0.8077365626180215,0.646091668153197,0.9702425509371356,-1.1498687143772388,-0.009816137054176,-0.4050890394139082,0.9972039090469852,-0.5787359118286177,-0.5738091541336192,1.0959875190286648,-1.0959875190286648,1.7288236672481017,-0.5776581893550843,-0.5765804684883443,-0.5767344287272242,0
1.2568352617451328,-0.4693113027136664,1.378685672134612,-1.2258476714090278,0.8077365626180215,0.646091668153197,-1.0306701134001208,1.2327170476628413,-1.43244469563043,1.1663085659204846,0.9972039090469852,-0.5787359118286177,-0.5738091541336192,-0.9124191495230388,0.9124191495230392,-0.5784279906300535,-0.5776581893550843,-0.5765804684883443,1.733900301750437,0
-1.950665208662596,-1.422847209726683,1.378685672134612,-0.1058558369744821,0.8077365626180215,-1.5477679860172513,0.9702425509371356,-0.6202520918893509,-0.009816137054176,-0.6662508949483567,-1.002803930999114,1.7279038324066065,-0.5738091541336192,1.0959875190286648,-1.0959875190286648,-0.5784279906300535,-0.5776581893550843,-0.5765804684883443,1.733900301750437,0
0.5118674105536603,-0.9460792562201747,1.03290776479748,-1.2258476714090278,0.8077365626180215,-1.5477679860172513,0.9702425509371356,0.9043459394081624,0.7014981422339509,-1.5559717926165622,-1.002803930999114,-0.5787359118286177,1.7427397119690018,-0.9124191495230388,0.9124191495230392,-0.5784279906300535,1.731127539482183,-0.5765804684883443,-0.5767344287272242,0
0.8119239061724478,-0.0878969399084596,0.6871298574603482,-1.2258476714090278,0.8077365626180215,-1.5477679860172513,-1.0306701134001208,-0.9444025418777252,-0.721130416342303,-0.0022800757929793,0.9972039090469852,-0.5787359118286177,-0.5738091541336192,1.0959875190286648,-1.0959875190286648,1.7288236672481017,-0.5776581893550843,-0.5765804684883443,-0.5767344287272242,0
0.7808835790394698,-0.9460792562201747,0.6871298574603482,-1.2258476714090278,0.8077365626180215,0.646091668153197,0.9702425509371356,-0.1433914371601722,0.7014981422339509,-0.3608243181368831,0.9972039090469852,-0.5787359118286177,-0.5738091541336192,-0.9124191495230388,0.9124191495230392,1.7288236672481017,-0.5776581893550843,-0.5765804684883443,-0.5767344287272242,1
-0.0675520292619294,-0.1832505306097613,1.378685672134612,-1.2258476714090278,0.8077365626180215,0.646091668153197,0.9702425509371356,-0.0634242915503303,-0.721130416342303,-0.1306477674963523,-1.002803930999114,-0.5787359118286177,1.7427397119690018,-0.9124191495230388,0.9124191495230392,1.7288236672481017,-0.5776581893550843,-0.5765804684883443,-0.5767344287272242,0
0.108343157824946,0.4842246042993504,-1.3875375865624426,1.0361642969173306,-0.9115834940401768,0.646091668153197,-1.0306701134001208,1.5589680889439383,-0.721130416342303,-1.082339274952393,-1.002803930999114,1.7279038324066065,-0.5738091541336192,-0.9124191495230388,0.9124191495230392,1.7288236672481017,-0.5776581893550843,-0.5765804684883443,-0.5767344287272242,1
0.4187464291547262,-0.4693113027136664,1.03290776479748,0.920759817634127,0.8077365626180215,0.646091668153197,-1.0306701134001208,-0.1518137996819451,-1.43244469563043,1.1264703167711618,0.9972039090469852,-0.5787359118286177,-0.5738091541336192,-0.9124191495230388,0.9124191495230392,-0.5784279906300535,-0.5776581893550843,-0.5765804684883443,1.733900301750437,0
1.6396659630518615,-0.5646648934149681,1.03290776479748,1.1470577861498648,-0.9115834940401768,-1.5477679860172513,-1.0306701134001208,1.723475513475485,-1.43244469563043,1.6576469720954636,-1.002803930999114,1.7279038324066065,-0.5738091541336192,-0.9124191495230388,0.9124191495230392,-0.5784279906300535,-0.5776581893550843,1.7343632929879855,-0.5767344287272242,0
2.063883767202561,-1.0414328469214764,1.378685672134612,-1.2258476714090278,0.8077365626180215,0.646091668153197,0.9702425509371356,1.1263626150582349,0.7014981422339509,1.2592644806022373,0.9972039090469852,-0.5787359118286177,-0.5738091541336192,1.0959875190286648,-1.0959875190286648,-0.5784279906300535,1.731127539482183,-0.5765804684883443,-0.5767344287272242,0
0.20146413922388,-0.5646648934149681,1.03290776479748,0.8044615064915972,-0.9115834940401768,0.646091668153197,0.9702425509371356,-1.0544542238255332,0.7014981422339509,-0.9761039438875326,0.9972039090469852,-0.5787359118286177,-0.5738091541336192,-0.9124191495230388,0.9124191495230392,-0.5784279906300535,-0.5776581893550843,-0.5765804684883443,1.733900301750437,0
-0.9884150675402774,-0.8507256655188732,-1.3875375865624426,-1.2258476714090278,0.8077365626180215,-1.5477679860172513,-1.0306701134001208,-0.2076834419180954,-1.43244469563043,-0.2014713215395925,0.9972039090469852,-0.5787359118286177,-0.5738091541336192,-0.9124191495230388,0.9124191495230392,1.7288236672481017,-0.5776581893550843,-0.5765804684883443,-0.5767344287272242,0
-0.6159311419445411,0.007456650792842,-0.695981771888179,-1.2258476714090278,2.52705661927622,0.646091668153197,-1.0306701134001208,0.7021528985231289,-0.009816137054176,-1.365633491125354,-1.002803930999114,-0.5787359118286177,1.7427397119690018,1.0959875190286648,-1.0959875190286648,1.7288236672481017,-0.5776581893550843,-0.5765804684883443,-0.5767344287272242,1
2.063883767202561,-0.278604121311063,0.6871298574603482,-1.2258476714090278,-0.9115834940401768,0.646091668153197,0.9702425509371356,-1.030773708690248,-0.009816137054176,1.4938675033704707,0.9972039090469852,-0.5787359118286177,-0.5738091541336192,-0.9124191495230388,0.9124191495230392,-0.5784279906300535,1.731127539482183,-0.5765804684883443,-0.5767344287272242,0
1.887988580115686,0.007456650792842,-0.695981771888179,-1.2258476714090278,0.8077365626180215,0.646091668153197,-1.0306701134001208,-1.7107185905937985,-1.43244469563043,0.7634996022995557,0.9972039090469852,-0.5787359118286177,-0.5738091541336192,1.0959875190286648,-1.0959875190286648,1.7288236672481017,-0.5776581893550843,-0.5765804684883443,-0.5767344287272242,0
-2.04378619006153,0.2935174228967471,-0.0044259572139154,-1.2258476714090278,2.52705661927622,0.646091668153197,-1.0306701134001208,-0.2970345617921566,-1.43244469563043,0.8166172678319858,-1.002803930999114,-0.5787359118286177,1.7427397119690018,1.0959875190286648,-1.0959875190286648,-0.5784279906300535,1.731127539482183,-0.5765804684883443,-0.5767344287272242,1
-0.7918263290314166,-0.8507256655188732,-0.0044259572139154,0.7030950115595658,-0.9115834940401768,0.646091668153197,-1.0306701134001208,0.6556194107990871,-0.009816137054176,-0.8256038915456472,-1.002803930999114,-0.5787359118286177,1.7427397119690018,-0.9124191495230388,0.9124191495230392,-0.5784279906300535,-0.5776581893550843,-0.5765804684883443,1.733900301750437,0
0.6360287190855723,-0.9460792562201747,0.6871298574603482,1.1333278428303626,-0.9115834940401768,0.646091668153197,0.9702425509371356,-0.2635796893254202,-0.009816137054176,1.2371321199637249,-1.002803930999114,1.7279038324066065,-0.5738091541336192,1.0959875190286648,-1.0959875190286648,-0.5784279906300535,-0.5776581893550843,-0.5765804684883443,1.733900301750437,0
1.2051013831901694,-0.3739577120123647,0.3413519501232164,0.6265085103994446,-0.9115834940401768,-1.5477679860172513,0.9702425509371356,-1.2549257536345777,-0.009816137054176,0.1172346716549885,0.9972039090469852,-0.5787359118286177,-0.5738091541336192,1.0959875190286648,-1.0959875190286648,-0.5784279906300535,-0.5776581893550843,1.7343632929879855,-0.5767344287272242,0
0.7291497004845064,-0.0878969399084596,0.6871298574603482,-1.2258476714090278,-0.9115834940401768,-1.5477679860172513,0.9702425509371356,-0.8095525798252925,-0.009816137054176,1.4407498378380403,-1.002803930999114,-0.5787359118286177,1.7427397119690018,-0.9124191495230388,0.9124191495230392,-0.5784279906300535,1.731127539482183,-0.5765804684883443,-0.5767344287272242,0
-0.99876184325127,0.3888710135980487,-1.0417596792253108,0.7109821120848093,-0.9115834940401768,0.646091668153197,-1.0306701134001208,-1.6081109659845796,-0.009816137054176,0.1747788093151212,-1.002803930999114,1.7279038324066065,-0.5738091541336192,1.0959875190286648,-1.0959875190286648,-0.5784279906300535,1.731127539482183,-0.5765804684883443,-0.5767344287272242,1
-0.0985923563949074,0.1981638321954454,0.3413519501232164,-1.2258476714090278,0.8077365626180215,0.646091668153197,-1.0306701134001208,-0.6032844266103786,1.412812421522078,-1.684339484319935,0.9972039090469852,-0.5787359118286177,-0.5738091541336192,-0.9124191495230388,0.9124191495230392,-0.5784279906300535,-0.5776581893550843,-0.5765804684883443,1.733900301750437,0
0.3670125505997628,0.007456650792842,1.7244635794717436,0.9579750848744304,-0.9115834940401768,-1.5477679860172513,-1.0306701134001208,-0.1893789102601124,-0.721130416342303,-1.65778065155372,-1.002803930999114,-0.5787359118286177,1.7427397119690018,-0.9124191495230388,0.9124191495230392,-0.5784279906300535,-0.5776581893550843,1.7343632929879855,-0.5767344287272242,0
-0.6676650204995045,-1.1367864376227783,-0.0044259572139154,0.8613915600298763,0.8077365626180215,0.646091668153197,0.9702425509371356,1.6056467748243894,-0.009816137054176,-1.365633491125354,0.9972039090469852,-0.5787359118286177,-0.5738091541336192,-0.9124191495230388,0.9124191495230392,-0.5784279906300535,-0.5776581893550843,1.7343632929879855,-0.5767344287272242,0
0.3049318963338068,-1.422847209726683,1.7244635794717436,-1.2258476714090278,2.52705661927622,0.646091668153197,-1.0306701134001208,0.9543325349046284,-0.009816137054176,-0.763633281757812,0.9972039090469852,-0.5787359118286177,-0.5738091541336192,1.0959875190286648,-1.0959875190286648,-0.5784279906300535,-0.5776581893550843,-0.5765804684883443,1.733900301750437,1
0.20146413922388,-0.7553720748175714,1.378685672134612,-1.2258476714090278,-0.9115834940401768,-1.5477679860172513,0.9702425509371356,-0.414473960716067,-0.009816137054176,0.6838231040009104,0.9972039090469852,-0.5787359118286177,-0.5738091541336192,1.0959875190286648,-1.0959875190286648,1.7288236672481017,-0.5776581893550843,-0.5765804684883443,-0.5767344287272242,0
1.2982223645891036,-0.8507256655188732,0.3413519501232164,-1.2258476714090278,0.8077365626180215,-1.5477679860172513,0.9702425509371356,-0.6291580425224698,-0.721130416342303,1.4230439493272304,-1.002803930999114,-0.5787359118286177,1.7427397119690018,-0.9124191495230388,0.9124191495230392,-0.5784279906300535,1.731127539482183,-0.5765804684883443,-0.5767344287272242,0
0.2635447934898361,-0.4693113027136664,-0.3502038645510472,0.2075693416352378,-0.9115834940401768,0.646091668153197,0.9702425509371356,1.5554584669190197,0.7014981422339509,-1.064633386441583,-1.002803930999114,1.7279038324066065,-0.5738091541336192,1.0959875190286648,-1.0959875190286648,-0.5784279906300535,1.731127539482183,-0.5765804684883443,-0.5767344287272242,0
0.4601335319986969,0.3888710135980487,-1.3875375865624426,0.3836122268972947,-0.9115834940401768,0.646091668153197,0.9702425509371356,0.0182765374360383,-1.43244469563043,1.6487940278400586,0.9972039090469852,-0.5787359118286177,-0.5738091541336192,-0.9124191495230388,0.9124191495230392,-0.5784279906300535,1.731127539482183,-0.5765804684883443,-0.5767344287272242,0
0.5429077376866382,-0.278604121311063,0.6871298574603482,0.9393421284223308,-0.9115834940401768,0.646091668153197,-1.0306701134001208,0.7611064800454078,-0.721130416342303,0.697102520384018,-1.002803930999114,-0.5787359118286177,1.7427397119690018,-0.9124191495230388,0.9124191495230392,-0.5784279906300535,-0.5776581893550843,-0.5765804684883443,1.733900301750437,0
-0.0985923563949074,-0.1832505306097613,0.3413519501232164,-1.2258476714090278,0.8077365626180215,0.646091668153197,-1.0306701134001208,-0.95258684897899,1.412812421522078,1.4761616148596606,0.9972039090469852,-0.5787359118286177,-0.5738091541336192,-0.9124191495230388,0.9124191495230392,1.7288236672481017,-0.5776581893550843,-0.5765804684883443,-0.5767344287272242,0
0.170423812090902,0.3888710135980487,-1.3875375865624426,0.4252402380111534,-0.9115834940401768,0.646091668153197,-1.0306701134001208,-1.175980733489853,0.7014981422339509,0.7856319629380683,-1.002803930999114,1.7279038324066065,-0.5738091541336192,-0.9124191495230388,0.9124191495230392,1.7288236672481017,-0.5776581893550843,-0.5765804684883443,-0.5767344287272242,1
0.5325609619756456,-1.518200800427985,0.6871298574603482,0.3572336892909008,-0.9115834940401768,0.646091668153197,-1.0306701134001208,0.2523790902895949,1.412812421522078,-1.3966187960192715,-1.002803930999114,1.7279038324066065,-0.5738091541336192,1.0959875190286648,-1.0959875190286648,-0.5784279906300535,1.731127539482183,-0.5765804684883443,-0.5767344287272242,0
0.4394399805767116,0.1028102414941437,-1.7333154938995745,0.7088123620917031,-0.9115834940401768,-1.5477679860172513,-1.0306701134001208,-1.2649639021076728,-1.43244469563043,0.4536465533603796,-1.002803930999114,1.7279038324066065,-0.5738091541336192,-0.9124191495230388,0.9124191495230392,1.7288236672481017,-0.5776581893550843,-0.5765804684883443,-0.5767344287272242,1
1.1947546074791768,0.1981638321954454,0.3413519501232164,0.3641771136483642,0.8077365626180215,0.646091668153197,-1.0306701134001208,-0.6553542243987995,0.7014981422339509,-1.69319242857534,-1.002803930999114,-0.5787359118286177,1.7427397119690018,-0.9124191495230388,0.9124191495230392,-0.5784279906300535,1.731127539482183,-0.5765804684883443,-0.5767344287272242,0
-1.5471409559338818,0.007456650792842,1.378685672134612,0.6541587990913234,-0.9115834940401768,-1.5477679860172513,-1.0306701134001208,1.4247801261507274,1.412812421522078,0.5067642188928098,0.9972039090469852,-0.5787359118286177,-0.5738091541336192,1.0959875190286648,-1.0959875190286648,-0.5784279906300535,-0.5776581893550843,-0.5765804684883443,1.733900301750437,0
-1.6609554887548013,-0.4693113027136664,-0.0044259572139154,0.7447318375832799,0.8077365626180215,-1.5477679860172513,-1.0306701134001208,0.943713767695904,0.7014981422339509,1.5514116410306034,0.9972039090469852,-0.5787359118286177,-0.5738091541336192,-0.9124191495230388,0.9124191495230392,-0.5784279906300535,1.731127539482183,-0.5765804684883443,-0.5767344287272242,0
-0.2331004406378122,-0.0878969399084596,1.7244635794717436,0.5936433210371794,-0.9115834940401768,0.646091668153197,-1.0306701134001208,-0.9398017600546412,1.412812421522078,-0.5113243704787686,-1.002803930999114,1.7279038324066065,-0.5738091541336192,-0.9124191495230388,0.9124191495230392,-0.5784279906300535,-0.5776581893550843,1.7343632929879855,-0.5767344287272242,1
-0.0054713749959734,-0.6600184841162697,-1.0417596792253108,0.1349572429222316,-0.9115834940401768,0.646091668153197,-1.0306701134001208,1.0977022378831325,-1.43244469563043,1.3079556740069649,0.9972039090469852,-0.5787359118286177,-0.5738091541336192,-0.9124191495230388,0.9124191495230392,-0.5784279906300535,1.731127539482183,-0.5765804684883443,-0.5767344287272242,0
-0.2848343191927756,-0.4693113027136664,1.378685672134612,-1.2258476714090278,-0.9115834940401768,0.646091668153197,-1.0306701134001208,-1.3186953928094427,-1.43244469563043,-1.210706966655766,0.9972039090469852,-0.5787359118286177,-0.5738091541336192,1.0959875190286648,-1.0959875190286648,1.7288236672481017,-0.5776581893550843,-0.5765804684883443,-0.5767344287272242,0
0.8326174575944332,0.9609925578058588,-0.3502038645510472,0.1977774192258117,-0.9115834940401768,0.646091668153197,0.9702425509371356,-1.153426851714299,-0.721130416342303,-0.5201773147341736,-1.002803930999114,1.7279038324066065,-0.5738091541336192,1.0959875190286648,-1.0959875190286648,1.7288236672481017,-0.5776581893550843,-0.5765804684883443,-0.5767344287272242,1
0.2118109149348727,-0.7553720748175714,-1.7333154938995745,0.6370570726166307,-0.9115834940401768,0.646091668153197,-1.0306701134001208,1.2521096090988513,1.412812421522078,-0.93626569473821,0.9972039090469852,-0.5787359118286177,-0.5738091541336192,-0.9124191495230388,0.9124191495230392,-0.5784279906300535,-0.5776581893550843,-0.5765804684883443,1.733900301750437,0
0.2325044663568581,0.4842246042993504,1.03290776479748,0.9128893853020644,-0.9115834940401768,-1.5477679860172513,0.9702425509371356,-1.6412095378255886,0.7014981422339509,-1.4630158779348093,0.9972039090469852,-0.5787359118286177,-0.5738091541336192,1.0959875190286648,-1.0959875190286648,-0.5784279906300535,-0.5776581893550843,1.7343632929879855,-0.5767344287272242,0
-0.936681188985314,1.7238212834162725,-1.7333154938995745,-1.2258476714090278,0.8077365626180215,-1.5477679860172513,0.9702425509371356,0.2902479867111716,-1.43244469563043,0.0375581733563432,0.9972039090469852,-0.5787359118286177,-0.5738091541336192,-0.9124191495230388,0.9124191495230392,1.7288236672481017,-0.5776581893550843,-0.5765804684883443,-0.5767344287272242,0
-1.3402054417140283,-1.613554391129287,-0.0044259572139154,-1.2258476714090278,0.8077365626180215,0.646091668153197,0.9702425509371356,-0.0045522644416512,-1.43244469563043,0.7767790186826632,0.9972039090469852,-0.5787359118286177,-0.5738091541336192,-0.9124191495230388,0.9124191495230392,-0.5784279906300535,-0.5776581893550843,1.7343632929879855,-0.5767344287272242,0
-1.4333264231129623,-0.1832505306097613,-1.3875375865624426,-1.2258476714090278,0.8077365626180215,-1.5477679860172513,0.9702425509371356,0.9740412283745928,0.7014981422339509,0.5111906910205123,0.9972039090469852,-0.5787359118286177,-0.5738091541336192,1.0959875190286648,-1.0959875190286648,-0.5784279906300535,-0.5776581893550843,1.7343632929879855,-0.5767344287272242,0
0.0566092792699826,-1.0414328469214764,1.03290776479748,0.6981710029144041,-0.9115834940401768,0.646091668153197,0.9702425509371356,0.6448389258832242,-1.43244469563043,-0.0731036298362196,-1.002803930999114,-0.5787359118286177,1.7427397119690018,-0.9124191495230388,0.9124191495230392,-0.5784279906300535,-0.5776581893550843,1.7343632929879855,-0.5767344287272242,0
-1.5781812830668598,2.105235646221479,0.6871298574603482,0.416181876372775,-0.9115834940401768,0.646091668153197,-1.0306701134001208,1.515578706448681,-0.721130416342303,0.5333230516590249,-1.002803930999114,1.7279038324066065,-0.5738091541336192,-0.9124191495230388,0.9124191495230392,1.7288236672481017,-0.5776581893550843,-0.5765804684883443,-0.5767344287272242,1
0.3980528777327409,1.7238212834162725,-0.3502038645510472,-1.2258476714090278,0.8077365626180215,0.646091668153197,-1.0306701134001208,0.6357342189713315,-0.721130416342303,1.3389409789008826,-1.002803930999114,-0.5787359118286177,1.7427397119690018,1.0959875190286648,-1.0959875190286648,-0.5784279906300535,1.731127539482183,-0.5765804684883443,-0.5767344287272242,1
0.8015771304614552,0.2935174228967471,1.03290776479748,-1.2258476714090278,0.8077365626180215,-1.5477679860172513,0.9702425509371356,-1.0132052534347562,1.412812421522078,0.7900584350657708,-1.002803930999114,-0.5787359118286177,1.7427397119690018,-0.9124191495230388,0.9124191495230392,1.7288236672481017,-0.5776581893550843,-0.5765804684883443,-0.5767344287272242,0
1.8466014772717152,-1.23214002832408,1.03290776479748,0.3999480178411072,0.8077365626180215,0.646091668153197,0.9702425509371356,-1.4044355127841104,1.412812421522078,-0.0465447970700045,-1.002803930999114,-0.5787359118286177,1.7427397119690018,1.0959875190286648,-1.0959875190286648,1.7288236672481017,-0.5776581893550843,-0.5765804684883443,-0.5767344287272242,0
-0.5124633848346144,0.2935174228967471,1.378685672134612,0.9159536082388494,-0.9115834940401768,-1.5477679860172513,0.9702425509371356,0.0560882240450898,0.7014981422339509,-1.1974275502726583,-1.002803930999114,1.7279038324066065,-0.5738091541336192,1.0959875190286648,-1.0959875190286648,-0.5784279906300535,-0.5776581893550843,-0.5765804684883443,1.733900301750437,0
0.7084561490625211,0.9609925578058588,-0.0044259572139154,0.471713244123653,-0.9115834940401768,0.646091668153197,0.9702425509371356,-1.4579572921366235,-1.43244469563043,-1.7064718449584475,0.9972039090469852,-0.5787359118286177,-0.5738091541336192,-0.9124191495230388,0.9124191495230392,1.7288236672481017,-0.5776581893550843,-0.5765804684883443,-0.5767344287272242,0
2.063883767202561,0.3888710135980487,-0.695981771888179,-1.2258476714090278,0.8077365626180215,-1.5477679860172513,-1.0306701134001208,-1.6975914600243516,0.7014981422339509,-0.6839567834591667,0.9972039090469852,-0.5787359118286177,-0.5738091541336192,1.0959875190286648,-1.0959875190286648,-0.5784279906300535,1.731127539482183,-0.5765804684883443,-0.5767344287272242,0
-0.3883020763027023,-0.1832505306097613,1.378685672134612,0.5096718486713894,-0.9115834940401768,0.646091668153197,0.9702425509371356,0.2445449976637889,1.412812421522078,0.2190435305921463,0.9972039090469852,-0.5787359118286177,-0.5738091541336192,-0.9124191495230388,0.9124191495230392,-0.5784279906300535,1.731127539482183,-0.5765804684883443,-0.5767344287272242,0
-1.15396347891616,-1.613554391129287,-1.7333154938995745,0.3910621078937158,0.8077365626180215,0.646091668153197,0.9702425509371356,-1.0662516175062835,1.412812421522078,0.5244701074036199,0.9972039090469852,-0.5787359118286177,-0.5738091541336192,1.0959875190286648,-1.0959875190286648,-0.5784279906300535,1.731127539482183,-0.5765804684883443,-0.5767344287272242,0
1.2982223645891036,-0.278604121311063,-1.3875375865624426,-1.2258476714090278,0.8077365626180215,0.646091668153197,-1.0306701134001208,-0.8105444484290747,-0.009816137054176,-1.228412855166576,0.9972039090469852,-0.5787359118286177,-0.5738091541336192,-0.9124191495230388,0.9124191495230392,1.7288236672481017,-0.5776581893550843,-0.5765804684883443,-0.5767344287272242,0
-0.6883585719214899,0.7702853764032556,-0.0044259572139154,-1.2258476714090278,0.8077365626180215,0.646091668153197,-1.0306701134001208,-0.1878698927735026,1.412812421522078,-1.1664422453787409,0.9972039090469852,-0.5787359118286177,-0.5738091541336192,-0.9124191495230388,0.9124191495230392,-0.5784279906300535,1.731127539482183,-0.5765804684883443,-0.5767344287272242,0
-1.091882824650204,-0.8507256655188732,-0.695981771888179,-1.2258476714090278,0.8077365626180215,0.646091668153197,-1.0306701134001208,1.2210067728759364,0.7014981422339509,-0.9318392226105074,0.9972039090469852,-0.5787359118286177,-0.5738091541336192,-0.9124191495230388,0.9124191495230392,-0.5784279906300535,-0.5776581893550843,1.7343632929879855,-0.5767344287272242,0
-0.460729506279651,-1.1367864376227783,-1.0417596792253108,0.862072071070704,0.8077365626180215,0.646091668153197,-1.0306701134001208,0.8249837571350244,1.412812421522078,1.3654998116670978,-1.002803930999114,1.7279038324066065,-0.5738091541336192,-0.9124191495230388,0.9124191495230392,-0.5784279906300535,1.731127539482183,-0.5765804684883443,-0.5767344287272242,0
-0.3572617491697243,-0.8507256655188732,-1.0417596792253108,-1.2258476714090278,0.8077365626180215,0.646091668153197,-1.0306701134001208,1.7216722740958887,-0.721130416342303,0.8033378514488783,-1.002803930999114,-0.5787359118286177,1.7427397119690018,-0.9124191495230388,0.9124191495230392,-0.5784279906300535,1.731127539482183,-0.5765804684883443,-0.5767344287272242,0
-0.4193424034356803,-0.278604121311063,0.6871298574603482,0.6246746886073689,-0.9115834940401768,-1.5477679860172513,0.9702425509371356,-1.0000275208730758,1.412812421522078,-1.3789129075084614,-1.002803930999114,1.7279038324066065,-0.5738091541336192,-0.9124191495230388,0.9124191495230392,-0.5784279906300535,1.731127539482183,-0.5765804684883443,-0.5767344287272242,0
-0.0365117021289514,-0.3739577120123647,-0.3502038645510472,0.7576942426610194,-0.9115834940401768,0.646091668153197,-1.0306701134001208,-0.2813512481098773,0.7014981422339509,0.4713524418711897,0.9972039090469852,-0.5787359118286177,-0.5738091541336192,-0.9124191495230388,0.9124191495230392,-0.5784279906300535,-0.5776581893550843,1.7343632929879855,-0.5767344287272242,0
0.5636012891086236,-1.3274936190253817,-0.695981771888179,0.5970159055478114,-0.9115834940401768,-1.5477679860172513,0.9702425509371356,1.6828095962804448,-0.721130416342303,0.1703523371874186,0.9972039090469852,-0.5787359118286177,-0.5738091541336192,-0.9124191495230388,0.9124191495230392,-0.5784279906300535,-0.5776581893550843,1.7343632929879855,-0.5767344287272242,0
1.1740610560571914,-1.422847209726683,-1.7333154938995745,-1.2258476714090278,0.8077365626180215,0.646091668153197,-1.0306701134001208,-0.1976390334047235,-0.009816137054176,-0.6042802851605215,0.9972039090469852,-0.5787359118286177,-0.5738091541336192,1.0959875190286648,-1.0959875190286648,-0.5784279906300535,1.731127539482183,-0.5765804684883443,-0.5767344287272242,0
1.3292626917220816,-1.23214002832408,-0.3502038645510472,1.567967968757713,0.8077365626180215,-1.5477679860172513,0.9702425509371356,-1.074536433031985,-0.721130416342303,0.0818228946333683,-1.002803930999114,-0.5787359118286177,1.7427397119690018,1.0959875190286648,-1.0959875190286648,-0.5784279906300535,-0.5776581893550843,1.7343632929879855,-0.5767344287272242,0
0.8429642333054258,2.200589236922781,-1.0417596792253108,-1.2258476714090278,0.8077365626180215,0.646091668153197,0.9702425509371356,-1.2981127281609004,-0.009816137054176,0.7679260744272581,0.9972039090469852,-0.5787359118286177,-0.5738091541336192,-0.9124191495230388,0.9124191495230392,-0.5784279906300535,-0.5776581893550843,1.7343632929879855,-0.5767344287272242,0
-0.015818150706966,1.6284676927149706,1.03290776479748,1.2899958767726811,-0.9115834940401768,0.646091668153197,-1.0306701134001208,-0.1858011233521847,0.7014981422339509,1.418617477199528,0.9972039090469852,-0.5787359118286177,-0.5738091541336192,1.0959875190286648,-1.0959875190286648,-0.5784279906300535,-0.5776581893550843,-0.5765804684883443,1.733900301750437,1
-0.4193424034356803,-0.7553720748175714,-0.0044259572139154,-1.2258476714090278,0.8077365626180215,-1.5477679860172513,-1.0306701134001208,-0.6321576451548757,-0.721130416342303,-0.8433097800564572,-1.002803930999114,-0.5787359118286177,1.7427397119690018,1.0959875190286648,-1.0959875190286648,-0.5784279906300535,-0.5776581893550843,1.7343632929879855,-0.5767344287272242,0
0.6877625976405357,-0.278604121311063,-1.0417596792253108,1.147156352869156,-0.9115834940401768,0.646091668153197,-1.0306701134001208,1.3743996697868757,1.412812421522078,1.6045293065630335,0.9972039090469852,-0.5787359118286177,-0.5738091541336192,-0.9124191495230388,0.9124191495230392,-0.5784279906300535,-0.5776581893550843,1.7343632929879855,-0.5767344287272242,1
0.2428512420678507,0.5795781950006521,0.3413519501232164,-0.0639673853421716,-0.9115834940401768,-1.5477679860172513,0.9702425509371356,0.6947173617949156,-0.009816137054176,1.0290879299617066,0.9972039090469852,-0.5787359118286177,-0.5738091541336192,1.0959875190286648,-1.0959875190286648,1.7288236672481017,-0.5776581893550843,-0.5765804684883443,-0.5767344287272242,0
0.0566092792699826,0.5795781950006521,-0.0044259572139154,0.8234489825909674,-0.9115834940401768,0.646091668153197,-1.0306701134001208,-0.2257556565258236,-0.721130416342303,-1.7064718449584475,0.9972039090469852,-0.5787359118286177,-0.5738091541336192,-0.9124191495230388,0.9124191495230392,-0.5784279906300535,-0.5776581893550843,1.7343632929879855,-0.5767344287272242,0
-0.2951810949037682,1.8191748741175744,0.6871298574603482,0.6480779537309718,-0.9115834940401768,0.646091668153197,-1.0306701134001208,0.353437876600446,-0.721130416342303,-0.5821479245220088,-1.002803930999114,1.7279038324066065,-0.5738091541336192,1.0959875190286648,-1.0959875190286648,-0.5784279906300535,1.731127539482183,-0.5765804684883443,-0.5767344287272242,1
0.9567787661263452,0.5795781950006521,1.7244635794717436,1.092909397619737,2.52705661927622,0.646091668153197,-1.0306701134001208,-1.3490004216771416,-0.009816137054176,-0.5998538130328189,-1.002803930999114,1.7279038324066065,-0.5738091541336192,-0.9124191495230388,0.9124191495230392,-0.5784279906300535,1.731127539482183,-0.5765804684883443,-0.5767344287272242,1
0.2118109149348727,-0.8507256655188732,-1.0417596792253108,-1.2258476714090278,-0.9115834940401768,-1.5477679860172513,0.9702425509371356,0.0342149477595781,-0.009816137054176,0.6041466057022651,0.9972039090469852,-0.5787359118286177,-0.5738091541336192,-0.9124191495230388,0.9124191495230392,-0.5784279906300535,-0.5776581893550843,1.7343632929879855,-0.5767344287272242,0
0.3152786720447995,0.1981638321954454,-1.7333154938995745,0.7062089185337169,0.8077365626180215,0.646091668153197,-1.0306701134001208,1.3151661253522389,1.412812421522078,-1.547118848361157,0.9972039090469852,-0.5787359118286177,-0.5738091541336192,1.0959875190286648,-1.0959875190286648,-0.5784279906300535,-0.5776581893550843,-0.5765804684883443,1.733900301750437,0
1.887988580115686,0.7702853764032556,-1.0417596792253108,-1.2258476714090278,0.8077365626180215,0.646091668153197,0.9702425509371356,1.4286373543009894,1.412812421522078,-0.8344568358010521,0.9972039090469852,-0.5787359118286177,-0.5738091541336192,-0.9124191495230388,0.9124191495230392,-0.5784279906300535,-0.5776581893550843,-0.5765804684883443,1.733900301750437,0
-1.5988748344888453,1.914528464818876,0.6871298574603482,0.2435192686335875,0.8077365626180215,0.646091668153197,-1.0306701134001208,1.096392846125334,0.7014981422339509,0.0109993405901281,-1.002803930999114,1.7279038324066065,-0.5738091541336192,1.0959875190286648,-1.0959875190286648,-0.5784279906300535,1.731127539482183,-0.5765804684883443,-0.5767344287272242,1
1.0705932989472646,0.1028102414941437,-1.0417596792253108,1.348509408663146,-0.9115834940401768,-1.5477679860172513,0.9702425509371356,-1.678657794318598,-1.43244469563043,0.9272790710245488,-1.002803930999114,-0.5787359118286177,1.7427397119690018,-0.9124191495230388,0.9124191495230392,1.7288236672481017,-0.5776581893550843,-0.5765804684883443,-0.5767344287272242,0
-1.8782377786856477,-0.0878969399084596,1.378685672134612,0.5948225957047283,-0.9115834940401768,-1.5477679860172513,-1.0306701134001208,-1.5326656561343368,-0.009816137054176,1.2105732871975097,-1.002803930999114,1.7279038324066065,-0.5738091541336192,-0.9124191495230388,0.9124191495230392,1.7288236672481017,-0.5776581893550843,-0.5765804684883443,-0.5767344287272242,0
0.8533110090164185,-0.7553720748175714,0.3413519501232164,1.303086979534308,0.8077365626180215,-1.5477679860172513,-1.0306701134001208,1.3546826295965428,1.412812421522078,1.0556467627279216,-1.002803930999114,1.7279038324066065,-0.5738091541336192,-0.9124191495230388,0.9124191495230392,-0.5784279906300535,-0.5776581893550843,-0.5765804684883443,1.733900301750437,0
0.8326174575944332,-0.5646648934149681,-1.3875375865624426,-1.2258476714090278,-0.9115834940401768,0.646091668153197,-1.0306701134001208,0.5327419496651344,-1.43244469563043,-0.6396920621821415,-1.002803930999114,-0.5787359118286177,1.7427397119690018,-0.9124191495230388,0.9124191495230392,-0.5784279906300535,1.731127539482183,-0.5765804684883443,-0.5767344287272242,0
0.3773593263107555,-0.5646648934149681,1.378685672134612,0.953236509878406,0.8077365626180215,0.646091668153197,-1.0306701134001208,0.3766061117731187,-1.43244469563043,-0.5024714262233636,-1.002803930999114,1.7279038324066065,-0.5738091541336192,-0.9124191495230388,0.9124191495230392,-0.5784279906300535,-0.5776581893550843,1.7343632929879855,-0.5767344287272242,0
1.3499562431440668,-0.5646648934149681,-0.695981771888179,0.2049961893129362,-0.9115834940401768,0.646091668153197,-1.0306701134001208,-1.6194592017755038,0.7014981422339509,1.5337057525197932,0.9972039090469852,-0.5787359118286177,-0.5738091541336192,-0.9124191495230388,0.9124191495230392,1.7288236672481017,-0.5776581893550843,-0.5765804684883443,-0.5767344287272242,0
0.3152786720447995,1.8191748741175744,1.03290776479748,0.2674602432583627,-0.9115834940401768,0.646091668153197,0.9702425509371356,0.6898392254095891,-0.721130416342303,0.8431761005982009,0.9972039090469852,-0.5787359118286177,-0.5738091541336192,1.0959875190286648,-1.0959875190286648,1.7288236672481017,-0.5776581893550843,-0.5765804684883443,-0.5767344287272242,0
1.7017466173178175,-0.3739577120123647,-0.3502038645510472,-1.2258476714090278,0.8077365626180215,-1.5477679860172513,0.9702425509371356,1.7110792426082997,-0.721130416342303,0.3252788616570067,0.9972039090469852,-0.5787359118286177,-0.5738091541336192,-0.9124191495230388,0.9124191495230392,1.7288236672481017,-0.5776581893550843,-0.5765804684883443,-0.5767344287272242,0
1.1947546074791768,0.5795781950006521,0.3413519501232164,-1.2258476714090278,0.8077365626180215,-1.5477679860172513,-1.0306701134001208,0.818926298717641,-0.009816137054176,-1.365633491125354,0.9972039090469852,-0.5787359118286177,-0.5738091541336192,1.0959875190286648,-1.0959875190286648,-0.5784279906300535,-0.5776581893550843,1.7343632929879855,-0.5767344287272242,0
0.3773593263107555,-0.3739577120123647,1.03290776479748,0.3927042454642112,0.8077365626180215,0.646091668153197,-1.0306701134001208,-1.3536114630106784,-0.721130416342303,-0.0553977413254095,-1.002803930999114,-0.5787359118286177,1.7427397119690018,-0.9124191495230388,0.9124191495230392,-0.5784279906300535,-0.5776581893550843,-0.5765804684883443,1.733900301750437,0
0.2945851206228141,-1.422847209726683,0.3413519501232164,0.6164486147304176,0.8077365626180215,-1.5477679860172513,0.9702425509371356,0.6204049453446799,0.7014981422339509,-0.5998538130328189,0.9972039090469852,-0.5787359118286177,-0.5738091541336192,1.0959875190286648,-1.0959875190286648,-0.5784279906300535,1.731127539482183,-0.5765804684883443,-0.5767344287272242,0
0.2842383449118215,2.009882055520177,-1.0417596792253108,-1.2258476714090278,0.8077365626180215,0.646091668153197,0.9702425509371356,-0.9784561176408892,0.7014981422339509,-0.9406921668659124,0.9972039090469852,-0.5787359118286177,-0.5738091541336192,1.0959875190286648,-1.0959875190286648,-0.5784279906300535,-0.5776581893550843,-0.5765804684883443,1.733900301750437,0
-0.3779553005917097,-0.1832505306097613,1.03290776479748,-0.0214049937836528,4.246376675934418,-1.5477679860172513,0.9702425509371356,0.5508214676531853,-1.43244469563043,-0.4006625672862057,0.9972039090469852,-0.5787359118286177,-0.5738091541336192,1.0959875190286648,-1.0959875190286648,-0.5784279906300535,1.731127539482183,-0.5765804684883443,-0.5767344287272242,1
0.3773593263107555,-1.422847209726683,-0.695981771888179,0.5450720458369459,-0.9115834940401768,0.646091668153197,-1.0306701134001208,1.017694228121487,-0.009816137054176,-1.529412959850347,0.9972039090469852,-0.5787359118286177,-0.5738091541336192,1.0959875190286648,-1.0959875190286648,-0.5784279906300535,-0.5776581893550843,1.7343632929879855,-0.5767344287272242,0
0.3463189991777775,0.3888710135980487,0.6871298574603482,-1.2258476714090278,0.8077365626180215,0.646091668153197,-1.0306701134001208,0.5391242346168555,1.412812421522078,-1.1000451634632031,0.9972039090469852,-0.5787359118286177,-0.5738091541336192,1.0959875190286648,-1.0959875190286648,-0.5784279906300535,-0.5776581893550843,1.7343632929879855,-0.5767344287272242,0
0.6256819433745797,1.247053329909764,1.03290776479748,1.1022908657720836,-0.9115834940401768,-1.5477679860172513,0.9702425509371356,0.5457202303880105,-1.43244469563043,-1.436457045168594,-1.002803930999114,1.7279038324066065,-0.5738091541336192,1.0959875190286648,-1.0959875190286648,-0.5784279906300535,-0.5776581893550843,-0.5765804684883443,1.733900301750437,0
-0.398648852013695,0.2935174228967471,1.7244635794717436,-0.0158408624119091,-0.9115834940401768,-1.5477679860172513,-1.0306701134001208,0.8623647181950631,-0.721130416342303,-1.6223688745321,0.9972039090469852,-0.5787359118286177,-0.5738091541336192,1.0959875190286648,-1.0959875190286648,1.7288236672481017,-0.5776581893550843,-0.5765804684883443,-0.5767344287272242,0
0.7084561490625211,-1.0414328469214764,-0.695981771888179,0.4741524098161541,0.8077365626180215,0.646091668153197,0.9702425509371356,1.4572516506240576,-0.009816137054176,0.8653084612367135,-1.002803930999114,1.7279038324066065,-0.5738091541336192,-0.9124191495230388,0.9124191495230392,-0.5784279906300535,1.731127539482183,-0.5765804684883443,-0.5767344287272242,0
0.4704803077096895,2.009882055520177,1.03290776479748,0.1971481949332326,-0.9115834940401768,0.646091668153197,0.9702425509371356,1.6827016105856785,-1.43244469563043,0.0951023110164759,-1.002803930999114,-0.5787359118286177,1.7427397119690018,-0.9124191495230388,0.9124191495230392,-0.5784279906300535,-0.5776581893550843,1.7343632929879855,-0.5767344287272242,0
0.6981093733515285,-1.3274936190253817,-0.3502038645510472,0.5161700399456166,-0.9115834940401768,0.646091668153197,-1.0306701134001208,-0.6444236724063123,-0.721130416342303,0.5156171631482148,0.9972039090469852,-0.5787359118286177,-0.5738091541336192,1.0959875190286648,-1.0959875190286648,1.7288236672481017,-0.5776581893550843,-0.5765804684883443,-0.5767344287272242,0
-0.398648852013695,-1.422847209726683,-1.3875375865624426,1.7023860483276765,-0.9115834940401768,0.646091668153197,0.9702425509371356,1.2476055101200354,-0.009816137054176,0.0375581733563432,0.9972039090469852,-0.5787359118286177,-0.5738091541336192,-0.9124191495230388,0.9124191495230392,-0.5784279906300535,-0.5776581893550843,-0.5765804684883443,1.733900301750437,0
0.905044887571382,2.677357190429289,-1.3875375865624426,0.8681344852559039,-0.9115834940401768,-1.5477679860172513,0.9702425509371356,-1.3446568231754104,0.7014981422339509,0.4447936091049746,0.9972039090469852,-0.5787359118286177,-0.5738091541336192,1.0959875190286648,-1.0959875190286648,1.7288236672481017,-0.5776581893550843,-0.5765804684883443,-0.5767344287272242,0
0.6670690462185503,0.1981638321954454,1.03290776479748,-0.3248861527211708,0.8077365626180215,-1.5477679860172513,-1.0306701134001208,-0.1235945814563162,0.7014981422339509,0.8121907957042833,0.9972039090469852,-0.5787359118286177,-0.5738091541336192,1.0959875190286648,-1.0959875190286648,-0.5784279906300535,1.731127539482183,-0.5765804684883443,-0.5767344287272242,1
-1.5574877316448743,-0.4693113027136664,-0.3502038645510472,-1.2258476714090278,0.8077365626180215,0.646091668153197,-1.0306701134001208,-1.5172995178260575,-0.721130416342303,0.6218524942130752,0.9972039090469852,-0.5787359118286177,-0.5738091541336192,1.0959875190286648,-1.0959875190286648,1.7288236672481017,-0.5776581893550843,-0.5765804684883443,-0.5767344287272242,0
0.3670125505997628,-0.3739577120123647,1.03290776479748,0.4637258138971475,-0.9115834940401768,0.646091668153197,-1.0306701134001208,-1.1256557480384506,1.412812421522078,1.2415585920914272,0.9972039090469852,-0.5787359118286177,-0.5738091541336192,1.0959875190286648,-1.0959875190286648,1.7288236672481017,-0.5776581893550843,-0.5765804684883443,-0.5767344287272242,0
-0.4193424034356803,-1.3274936190253817,-1.0417596792253108,-1.2258476714090278,0.8077365626180215,0.646091668153197,-1.0306701134001208,0.4109645167197382,-0.009816137054176,1.4009115886887178,0.9972039090469852,-0.5787359118286177,-0.5738091541336192,1.0959875190286648,-1.0959875190286648,-0.5784279906300535,-0.5776581893550843,-0.5765804684883443,1.733900301750437,0
0.4704803077096895,1.1516997392084622,-0.0044259572139154,-1.2258476714090278,0.8077365626180215,0.646091668153197,-1.0306701134001208,-0.7836841806134316,0.7014981422339509,-0.4316478721801233,-1.002803930999114,-0.5787359118286177,1.7427397119690018,1.0959875190286648,-1.0959875190286648,-0.5784279906300535,-0.5776581893550843,-0.5765804684883443,1.733900301750437,0
-0.5228101605456071,0.1028102414941437,-1.3875375865624426,1.0361670215258316,-0.9115834940401768,0.646091668153197,0.9702425509371356,-0.5614284062028057,1.412812421522078,1.0822055954941368,0.9972039090469852,-0.5787359118286177,-0.5738091541336192,-0.9124191495230388,0.9124191495230392,-0.5784279906300535,-0.5776581893550843,-0.5765804684883443,1.733900301750437,0
1.2982223645891036,-0.0878969399084596,-1.0417596792253108,1.4959474306315406,-0.9115834940401768,0.646091668153197,-1.0306701134001208,1.2033442431262924,1.412812421522078,1.051220290600219,0.9972039090469852,-0.5787359118286177,-0.5738091541336192,1.0959875190286648,-1.0959875190286648,-0.5784279906300535,-0.5776581893550843,-0.5765804684883443,1.733900301750437,0
0.2531980177788434,-0.0878969399084596,0.3413519501232164,-0.1349496873584798,-0.9115834940401768,-1.5477679860172513,-1.0306701134001208,0.6727241014041078,1.412812421522078,-0.2811478198382378,0.9972039090469852,-0.5787359118286177,-0.5738091541336192,1.0959875190286648,-1.0959875190286648,-0.5784279906300535,-0.5776581893550843,1.7343632929879855,-0.5767344287272242,1
-1.6919958158877793,2.105235646221479,-0.0044259572139154,0.5430327565096978,-0.9115834940401768,-1.5477679860172513,-1.0306701134001208,-1.5425050483286589,-0.721130416342303,1.6620734442231662,-1.002803930999114,1.7279038324066065,-0.5738091541336192,1.0959875190286648,-1.0959875190286648,1.7288236672481017,-0.5776581893550843,-0.5765804684883443,-0.5767344287272242,1
1.8362547015607225,0.7702853764032556,-1.3875375865624426,0.5351600803823996,0.8077365626180215,0.646091668153197,-1.0306701134001208,-0.2865496898893425,-0.009816137054176,0.9848232086846814,-1.002803930999114,-0.5787359118286177,1.7427397119690018,-0.9124191495230388,0.9124191495230392,-0.5784279906300535,-0.5776581893550843,-0.5765804684883443,1.733900301750437,1
-0.9573747404072994,-0.0878969399084596,1.03290776479748,0.5852303710712963,-0.9115834940401768,0.646091668153197,0.9702425509371356,0.917828848933314,-0.721130416342303,0.7856319629380683,0.9972039090469852,-0.5787359118286177,-0.5738091541336192,-0.9124191495230388,0.9124191495230392,-0.5784279906300535,1.731127539482183,-0.5765804684883443,-0.5767344287272242,0
0.553254513397631,-1.1367864376227783,-0.0044259572139154,1.130206883928327,-0.9115834940401768,0.646091668153197,-1.0306701134001208,-0.6209422613298158,0.7014981422339509,0.9803967365569788,-1.002803930999114,1.7279038324066065,-0.5738091541336192,-0.9124191495230388,0.9124191495230392,-0.5784279906300535,-0.5776581893550843,-0.5765804684883443,1.733900301750437,1
0.8222706818834405,-0.4693113027136664,-1.3875375865624426,-1.2258476714090278,0.8077365626180215,0.646091668153197,0.9702425509371356,0.4608393009412685,-0.009816137054176,1.144176205281972,0.9972039090469852,-0.5787359118286177,-0.5738091541336192,-0.9124191495230388,0.9124191495230392,1.7288236672481017,-0.5776581893550843,-0.5765804684883443,-0.5767344287272242,0
1.2982223645891036,-0.5646648934149681,-1.0417596792253108,-1.2258476714090278,0.8077365626180215,0.646091668153197,0.9702425509371356,1.336010146682318,-0.721130416342303,-0.3121331247321554,-1.002803930999114,-0.5787359118286177,1.7427397119690018,-0.9124191495230388,0.9124191495230392,-0.5784279906300535,1.731127539482183,-0.5765804684883443,-0.5767344287272242,0
-1.3091651145810503,-1.0414328469214764,0.6871298574603482,-1.2258476714090278,0.8077365626180215,-1.5477679860172513,0.9702425509371356,0.8174652748731499,-1.43244469563043,1.6664999163508687,0.9972039090469852,-0.5787359118286177,-0.5738091541336192,1.0959875190286648,-1.0959875190286648,-0.5784279906300535,-0.5776581893550843,1.7343632929879855,-0.5767344287272242,0
0.3256254477557921,0.6749317857019538,-1.0417596792253108,-1.2258476714090278,-0.9115834940401768,0.646091668153197,0.9702425509371356,0.2495742444657857,-0.009816137054176,-1.547118848361157,0.9972039090469852,-0.5787359118286177,-0.5738091541336192,1.0959875190286648,-1.0959875190286648,1.7288236672481017,-0.5776581893550843,-0.5765804684883443,-0.5767344287272242,0
0.2945851206228141,0.007456650792842,0.6871298574603482,0.2356307256685494,-0.9115834940401768,-1.5477679860172513,0.9702425509371356,-1.6348248184137597,0.7014981422339509,0.1083817273995834,-1.002803930999114,-0.5787359118286177,1.7427397119690018,1.0959875190286648,-1.0959875190286648,-0.5784279906300535,-0.5776581893550843,1.7343632929879855,-0.5767344287272242,0
0.5739480648196164,0.8656389671045572,1.7244635794717436,0.4486345279538127,2.52705661927622,-1.5477679860172513,0.9702425509371356,1.0113176815400182,-1.43244469563043,-0.1439271838794598,-1.002803930999114,1.7279038324066065,-0.5738091541336192,1.0959875190286648,-1.0959875190286648,-0.5784279906300535,1.731127539482183,-0.5765804684883443,-0.5767344287272242,1
1.277528813167118,0.2935174228967471,-0.695981771888179,0.982393827613362,-0.9115834940401768,-1.5477679860172513,-1.0306701134001208,1.7254401227822058,-1.43244469563043,1.2061468150698071,0.9972039090469852,-0.5787359118286177,-0.5738091541336192,1.0959875190286648,-1.0959875190286648,-0.5784279906300535,-0.5776581893550843,-0.5765804684883443,1.733900301750437,0
0.9774723175483306,1.533114102013669,1.378685672134612,0.539115090027833,-0.9115834940401768,-1.5477679860172513,0.9702425509371356,-0.8440986120901942,1.412812421522078,0.7015289925117204,0.9972039090469852,-0.5787359118286177,-0.5738091541336192,1.0959875190286648,-1.0959875190286648,-0.5784279906300535,1.731127539482183,-0.5765804684883443,-0.5767344287272242,1
0.4290932048657189,-1.0414328469214764,-0.0044259572139154,-0.2388667363893656,-0.9115834940401768,0.646091668153197,0.9702425509371356,-0.5201107492589966,-0.009816137054176,1.5779704737968183,0.9972039090469852,-0.5787359118286177,-0.5738091541336192,-0.9124191495230388,0.9124191495230392,-0.5784279906300535,-0.5776581893550843,-0.5765804684883443,1.733900301750437,0
0.0152221764260119,-0.1832505306097613,-0.3502038645510472,-1.2258476714090278,0.8077365626180215,0.646091668153197,-1.0306701134001208,0.7529959023073974,0.7014981422339509,-0.0731036298362196,0.9972039090469852,-0.5787359118286177,-0.5738091541336192,1.0959875190286648,-1.0959875190286648,-0.5784279906300535,-0.5776581893550843,-0.5765804684883443,1.733900301750437,0
2.063883767202561,1.1516997392084622,-0.3502038645510472,0.7683412113264083,-0.9115834940401768,-1.5477679860172513,-1.0306701134001208,0.3209183584849971,-1.43244469563043,1.5204263361366857,-1.002803930999114,1.7279038324066065,-0.5738091541336192,-0.9124191495230388,0.9124191495230392,-0.5784279906300535,1.731127539482183,-0.5765804684883443,-0.5767344287272242,1
-1.2677780117370796,-1.1367864376227783,0.6871298574603482,1.5985627578834334,0.8077365626180215,-1.5477679860172513,0.9702425509371356,0.6849751741148842,-1.43244469563043,1.188440926558997,0.9972039090469852,-0.5787359118286177,-0.5738091541336192,1.0959875190286648,-1.0959875190286648,-0.5784279906300535,1.731127539482183,-0.5765804684883443,-0.5767344287272242,0
0.8946981118603892,0.007456650792842,0.6871298574603482,0.8585044366456382,0.8077365626180215,-1.5477679860172513,-1.0306701134001208,-0.7778769499170937,-0.721130416342303,0.5111906910205123,-1.002803930999114,-0.5787359118286177,1.7427397119690018,1.0959875190286648,-1.0959875190286648,-0.5784279906300535,-0.5776581893550843,-0.5765804684883443,1.733900301750437,1
0.522214186264653,0.3888710135980487,-1.0417596792253108,1.3451659934905806,-0.9115834940401768,-1.5477679860172513,0.9702425509371356,-1.0924432782424138,-1.43244469563043,1.7328969982664064,0.9972039090469852,-0.5787359118286177,-0.5738091541336192,1.0959875190286648,-1.0959875190286648,-0.5784279906300535,-0.5776581893550843,-0.5765804684883443,1.733900301750437,0
0.0669560549809753,-0.9460792562201747,0.6871298574603482,0.1186509418586622,-0.9115834940401768,0.646091668153197,-1.0306701134001208,0.9210845915470258,-0.009816137054176,0.3341318059124117,-1.002803930999114,-0.5787359118286177,1.7427397119690018,-0.9124191495230388,0.9124191495230392,-0.5784279906300535,-0.5776581893550843,-0.5765804684883443,1.733900301750437,0
-0.4089956277246876,-0.1832505306097613,0.3413519501232164,-1.2258476714090278,0.8077365626180215,0.646091668153197,-1.0306701134001208,0.1859343272366464,1.412812421522078,-0.4670596492017434,0.9972039090469852,-0.5787359118286177,-0.5738091541336192,1.0959875190286648,-1.0959875190286648,1.7288236672481017,-0.5776581893550843,-0.5765804684883443,-0.5767344287272242,0
-0.1917133377938415,1.0563461485071606,-0.0044259572139154,0.5044292211027313,-0.9115834940401768,0.646091668153197,0.9702425509371356,-1.619001175495286,1.412812421522078,-1.1620157732510383,-1.002803930999114,1.7279038324066065,-0.5738091541336192,1.0959875190286648,-1.0959875190286648,-0.5784279906300535,-0.5776581893550843,-0.5765804684883443,1.733900301750437,1
-0.5228101605456071,-1.23214002832408,0.3413519501232164,0.5196506471697475,-0.9115834940401768,0.646091668153197,-1.0306701134001208,-0.3050592378663753,0.7014981422339509,0.8741614054921185,0.9972039090469852,-0.5787359118286177,-0.5738091541336192,1.0959875190286648,-1.0959875190286648,-0.5784279906300535,-0.5776581893550843,-0.5765804684883443,1.733900301750437,0
-0.812519880453402,-1.23214002832408,-0.0044259572139154,-1.2258476714090278,0.8077365626180215,0.646091668153197,-1.0306701134001208,0.3354541720066246,-0.721130416342303,-0.4626331770740409,-1.002803930999114,-0.5787359118286177,1.7427397119690018,1.0959875190286648,-1.0959875190286648,-0.5784279906300535,-0.5776581893550843,-0.5765804684883443,1.733900301750437,0
0.5325609619756456,-1.23214002832408,-0.3502038645510472,0.9413310926278596,-0.9115834940401768,-1.5477679860172513,0.9702425509371356,-0.7015176741865073,0.7014981422339509,-1.5028541270841318,-1.002803930999114,-0.5787359118286177,1.7427397119690018,1.0959875190286648,-1.0959875190286648,1.7288236672481017,-0.5776581893550843,-0.5765804684883443,-0.5767344287272242,0
0.1290367092469313,0.1028102414941437,0.3413519501232164,1.2778782606012546,-0.9115834940401768,-1.5477679860172513,0.9702425509371356,-1.1560645892407315,1.412812421522078,-1.0247951372922603,0.9972039090469852,-0.5787359118286177,-0.5738091541336192,-0.9124191495230388,0.9124191495230392,-0.5784279906300535,-0.5776581893550843,-0.5765804684883443,1.733900301750437,0
1.1326739532132206,-0.4693113027136664,0.3413519501232164,-0.2962207069561396,-0.9115834940401768,0.646091668153197,-1.0306701134001208,-0.1694408558700235,1.412812421522078,0.7900584350657708,-1.002803930999114,1.7279038324066065,-0.5738091541336192,1.0959875190286648,-1.0959875190286648,-0.5784279906300535,-0.5776581893550843,-0.5765804684883443,1.733900301750437,0
0.4911738591316749,1.533114102013669,1.03290776479748,1.259301399030052,0.8077365626180215,0.646091668153197,0.9702425509371356,0.7737070716716126,-0.721130416342303,1.635514611456951,-1.002803930999114,1.7279038324066065,-0.5738091541336192,-0.9124191495230388,0.9124191495230392,-0.5784279906300535,1.731127539482183,-0.5765804684883443,-0.5767344287272242,0
1.0085126446813086,-0.278604121311063,-0.3502038645510472,1.0431670215774564,-0.9115834940401768,0.646091668153197,-1.0306701134001208,-0.3118212985948603,-0.009816137054176,-0.4759125934571485,-1.002803930999114,-0.5787359118286177,1.7427397119690018,-0.9124191495230388,0.9124191495230392,-0.5784279906300535,-0.5776581893550843,-0.5765804684883443,1.733900301750437,0
-1.3919393202689916,0.7702853764032556,0.3413519501232164,0.5273149708822849,-0.9115834940401768,-1.5477679860172513,-1.0306701134001208,0.3699546450895151,1.412812421522078,0.2810141403799815,0.9972039090469852,-0.5787359118286177,-0.5738091541336192,1.0959875190286648,-1.0959875190286648,-0.5784279906300535,-0.5776581893550843,1.7343632929879855,-0.5767344287272242,0
2.063883767202561,-1.422847209726683,0.3413519501232164,-1.2258476714090278,0.8077365626180215,0.646091668153197,0.9702425509371356,-1.5116317469158758,-0.009816137054176,1.2946762576238575,0.9972039090469852,-0.5787359118286177,-0.5738091541336192,1.0959875190286648,-1.0959875190286648,1.7288236672481017,-0.5776581893550843,-0.5765804684883443,-0.5767344287272242,0
0.4497867562877042,0.007456650792842,-1.7333154938995745,0.4897379717957381,-0.9115834940401768,0.646091668153197,0.9702425509371356,0.03815077419331,0.7014981422339509,-1.3700599632530566,-1.002803930999114,-0.5787359118286177,1.7427397119690018,-0.9124191495230388,0.9124191495230392,-0.5784279906300535,-0.5776581893550843,1.7343632929879855,-0.5767344287272242,0
-1.1125763760721894,0.2935174228967471,-0.0044259572139154,-1.2258476714090278,0.8077365626180215,-1.5477679860172513,-1.0306701134001208,0.0315627773625082,-0.721130416342303,-1.5072805992118343,0.9972039090469852,-0.5787359118286177,-0.5738091541336192,1.0959875190286648,-1.0959875190286648,-0.5784279906300535,-0.5776581893550843,-0.5765804684883443,1.733900301750437,0
-0.4917698334126291,0.6749317857019538,-1.0417596792253108,-1.2258476714090278,0.8077365626180215,0.646091668153197,-1.0306701134001208,1.2935382078675577,-1.43244469563043,-0.945118638993615,-1.002803930999114,-0.5787359118286177,1.7427397119690018,-0.9124191495230388,0.9124191495230392,1.7288236672481017,-0.5776581893550843,-0.5765804684883443,-0.5767344287272242,0
1.4844643273869715,-1.613554391129287,-0.3502038645510472,0.6082985093493103,-0.9115834940401768,0.646091668153197,0.9702425509371356,0.1332489588210536,0.7014981422339509,-1.684339484319935,-1.002803930999114,-0.5787359118286177,1.7427397119690018,1.0959875190286648,-1.0959875190286648,-0.5784279906300535,-0.5776581893550843,-0.5765804684883443,1.733900301750437,0
-1.4540199745349478,2.2959428276240823,1.03290776479748,-1.2258476714090278,0.8077365626180215,0.646091668153197,0.9702425509371356,0.2643409839176065,-0.721130416342303,1.5646910574137107,0.9972039090469852,-0.5787359118286177,-0.5738091541336192,-0.9124191495230388,0.9124191495230392,-0.5784279906300535,-0.5776581893550843,-0.5765804684883443,1.733900301750437,0
0.4704803077096895,-0.7553720748175714,-0.695981771888179,1.1879073605879578,-0.9115834940401768,-1.5477679860172513,-1.0306701134001208,-1.6436716464442689,1.412812421522078,-1.2416922715496834,-1.002803930999114,1.7279038324066065,-0.5738091541336192,-0.9124191495230388,0.9124191495230392,-0.5784279906300535,-0.5776581893550843,1.7343632929879855,-0.5767344287272242,0
1.3706497945660523,-0.0878969399084596,1.378685672134612,0.6034091192592165,-0.9115834940401768,0.646091668153197,-1.0306701134001208,0.9247425417484922,-0.721130416342303,-1.1664422453787409,0.9972039090469852,-0.5787359118286177,-0.5738091541336192,-0.9124191495230388,0.9124191495230392,-0.5784279906300535,1.731127539482183,-0.5765804684883443,-0.5767344287272242,0
-1.4333264231129623,0.3888710135980487,-1.3875375865624426,-1.2258476714090278,0.8077365626180215,0.646091668153197,0.9702425509371356,-0.8280447388015577,0.7014981422339509,-0.1439271838794598,0.9972039090469852,-0.5787359118286177,-0.5738091541336192,-0.9124191495230388,0.9124191495230392,-0.5784279906300535,1.731127539482183,-0.5765804684883443,-0.5767344287272242,0
-0.5641972633895778,-1.80426157253189,-0.695981771888179,1.7759410218530214,-0.9115834940401768,0.646091668153197,-1.0306701134001208,0.05853537812311,0.7014981422339509,0.4979112746374047,-1.002803930999114,-0.5787359118286177,1.7427397119690018,-0.9124191495230388,0.9124191495230392,1.7288236672481017,-0.5776581893550843,-0.5765804684883443,-0.5767344287272242,0
0.9257384389933672,-0.278604121311063,-0.3502038645510472,0.5218219998737367,-0.9115834940401768,-1.5477679860172513,-1.0306701134001208,-0.0962568116795954,-0.721130416342303,1.2415585920914272,-1.002803930999114,1.7279038324066065,-0.5738091541336192,1.0959875190286648,-1.0959875190286648,1.7288236672481017,-0.5776581893550843,-0.5765804684883443,-0.5767344287272242,1
0.9567787661263452,-0.6600184841162697,1.378685672134612,-1.2258476714090278,0.8077365626180215,0.646091668153197,-1.0306701134001208,1.3070014678218411,0.7014981422339509,-1.073486330696988,0.9972039090469852,-0.5787359118286177,-0.5738091541336192,-0.9124191495230388,0.9124191495230392,1.7288236672481017,-0.5776581893550843,-0.5765804684883443,-0.5767344287272242,0
-1.4850603016679258,-0.6600184841162697,0.6871298574603482,-1.2258476714090278,0.8077365626180215,0.646091668153197,-1.0306701134001208,-0.5593008619588935,1.412812421522078,-0.4449272885632309,-1.002803930999114,-0.5787359118286177,1.7427397119690018,-0.9124191495230388,0.9124191495230392,-0.5784279906300535,-0.5776581893550843,-0.5765804684883443,1.733900301750437,0
1.8672950286937005,-0.4693113027136664,-1.0417596792253108,-1.2258476714090278,0.8077365626180215,-1.5477679860172513,-1.0306701134001208,1.1433389748375904,-0.009816137054176,-0.6087067572882239,0.9972039090469852,-0.5787359118286177,-0.5738091541336192,1.0959875190286648,-1.0959875190286648,-0.5784279906300535,1.731127539482183,-0.5765804684883443,-0.5767344287272242,0
0.2842383449118215,-1.0414328469214764,-0.0044259572139154,0.996602340402462,-0.9115834940401768,0.646091668153197,0.9702425509371356,-0.7989590266676808,-1.43244469563043,-0.8787215570780773,-1.002803930999114,-0.5787359118286177,1.7427397119690018,-0.9124191495230388,0.9124191495230392,-0.5784279906300535,-0.5776581893550843,1.7343632929879855,-0.5767344287272242,0
2.063883767202561,-0.0878969399084596,-1.0417596792253108,-1.2258476714090278,0.8077365626180215,0.646091668153197,-1.0306701134001208,-1.5837061989673251,-1.43244469563043,1.006955569323194,0.9972039090469852,-0.5787359118286177,-0.5738091541336192,1.0959875190286648,-1.0959875190286648,-0.5784279906300535,-0.5776581893550843,-0.5765804684883443,1.733900301750437,0
0.5118674105536603,0.3888710135980487,-1.7333154938995745,-1.2258476714090278,0.8077365626180215,0.646091668153197,-1.0306701134001208,-0.7062523513155015,0.7014981422339509,1.728470526138704,-1.002803930999114,-0.5787359118286177,1.7427397119690018,1.0959875190286648,-1.0959875190286648,-0.5784279906300535,-0.5776581893550843,-0.5765804684883443,1.733900301750437,0
-1.1022296003611969,0.7702853764032556,-0.0044259572139154,0.4609287628645219,-0.9115834940401768,-1.5477679860172513,-1.0306701134001208,-0.0029241322997835,-0.009816137054176,-0.5113243704787686,-1.002803930999114,1.7279038324066065,-0.5738091541336192,-0.9124191495230388,0.9124191495230392,-0.5784279906300535,1.731127539482183,-0.5765804684883443,-0.5767344287272242,1
-0.460729506279651,0.1028102414941437,-0.0044259572139154,-1.2258476714090278,0.8077365626180215,0.646091668153197,0.9702425509371356,-0.5076017976668371,-0.721130416342303,0.2544553076137664,0.9972039090469852,-0.5787359118286177,-0.5738091541336192,-0.9124191495230388,0.9124191495230392,1.7288236672481017,-0.5776581893550843,-0.5765804684883443,-0.5767344287272242,0
1.3706497945660523,1.914528464818876,1.378685672134612,0.797172056854542,-0.9115834940401768,0.646091668153197,0.9702425509371356,-1.663546752651579,-0.721130416342303,1.0379408742171117,-1.002803930999114,-0.5787359118286177,1.7427397119690018,1.0959875190286648,-1.0959875190286648,1.7288236672481017,-0.5776581893550843,-0.5765804684883443,-0.5767344287272242,0
-2.012745862928552,-0.6600184841162697,1.378685672134612,0.9067295262951918,-0.9115834940401768,0.646091668153197,0.9702425509371356,0.436075798838179,-0.721130416342303,0.2146170584644438,-1.002803930999114,1.7279038324066065,-0.5738091541336192,-0.9124191495230388,0.9124191495230392,1.7288236672481017,-0.5776581893550843,-0.5765804684883443,-0.5767344287272242,0
0.0152221764260119,0.5795781950006521,-1.0417596792253108,1.2010002263315558,-0.9115834940401768,-1.5477679860172513,0.9702425509371356,0.2650638446795143,-0.721130416342303,-0.9672509996321276,-1.002803930999114,1.7279038324066065,-0.5738091541336192,-0.9124191495230388,0.9124191495230392,-0.5784279906300535,1.731127539482183,-0.5765804684883443,-0.5767344287272242,0
1.0395529718142866,0.2935174228967471,-0.3502038645510472,-1.2258476714090278,0.8077365626180215,0.646091668153197,0.9702425509371356,-0.3242638242040876,-0.721130416342303,1.728470526138704,0.9972039090469852,-0.5787359118286177,-0.5738091541336192,-0.9124191495230388,0.9124191495230392,1.7288236672481017,-0.5776581893550843,-0.5765804684883443,-0.5767344287272242,0
-1.2056973574711236,-0.0878969399084596,-0.695981771888179,-1.2258476714090278,-0.9115834940401768,-1.5477679860172513,-1.0306701134001208,0.7624734293957464,1.412812421522078,0.8387496284704984,0.9972039090469852,-0.5787359118286177,-0.5738091541336192,-0.9124191495230388,0.9124191495230392,-0.5784279906300535,-0.5776581893550843,1.7343632929879855,-0.5767344287272242,0
0.4290932048657189,-0.9460792562201747,-0.3502038645510472,-1.2258476714090278,0.8077365626180215,-1.5477679860172513,-1.0306701134001208,0.6745193418433516,-0.721130416342303,1.6664999163508687,-1.002803930999114,-0.5787359118286177,1.7427397119690018,1.0959875190286648,-1.0959875190286648,1.7288236672481017,-0.5776581893550843,-0.5765804684883443,-0.5767344287272242,0
0.2842383449118215,0.3888710135980487,-0.0044259572139154,0.4143376369599614,-0.9115834940401768,0.646091668153197,0.9702425509371356,-0.3554419548003265,-0.009816137054176,1.1176173725157568,0.9972039090469852,-0.5787359118286177,-0.5738091541336192,-0.9124191495230388,0.9124191495230392,-0.5784279906300535,-0.5776581893550843,1.7343632929879855,-0.5767344287272242,0
0.0876496064029606,0.007456650792842,-1.3875375865624426,0.4490190182945914,-0.9115834940401768,0.646091668153197,-1.0306701134001208,-1.381339615854631,1.412812421522078,1.591249890179926,-1.002803930999114,1.7279038324066065,-0.5738091541336192,1.0959875190286648,-1.0959875190286648,1.7288236672481017,-0.5776581893550843,-0.5765804684883443,-0.5767344287272242,0
-0.9884150675402774,1.1516997392084622,1.378685672134612,0.9893311616694708,-0.9115834940401768,0.646091668153197,-1.0306701134001208,1.714990724440957,-0.721130416342303,-1.5072805992118343,-1.002803930999114,1.7279038324066065,-0.5738091541336192,1.0959875190286648,-1.0959875190286648,-0.5784279906300535,-0.5776581893550843,-0.5765804684883443,1.733900301750437,1
-0.4193424034356803,0.6749317857019538,-0.0044259572139154,0.6475064270301727,-0.9115834940401768,-1.5477679860172513,-1.0306701134001208,0.137080972920203,-1.43244469563043,-0.6839567834591667,-1.002803930999114,-0.5787359118286177,1.7427397119690018,1.0959875190286648,-1.0959875190286648,-0.5784279906300535,1.731127539482183,-0.5765804684883443,-0.5767344287272242,0
1.0809400746582574,-0.1832505306097613,-1.7333154938995745,0.5990827615022429,0.8077365626180215,0.646091668153197,0.9702425509371356,0.3009342232428743,-0.009816137054176,-0.0775301019639221,-1.002803930999114,1.7279038324066065,-0.5738091541336192,1.0959875190286648,-1.0959875190286648,-0.5784279906300535,1.731127539482183,-0.5765804684883443,-0.5767344287272242,0
0.6567222705075577,-0.4693113027136664,1.7244635794717436,-1.2258476714090278,0.8077365626180215,0.646091668153197,0.9702425509371356,-0.345277736071666,-0.009816137054176,0.3606906386786268,0.9972039090469852,-0.5787359118286177,-0.5738091541336192,-0.9124191495230388,0.9124191495230392,1.7288236672481017,-0.5776581893550843,-0.5765804684883443,-0.5767344287272242,0
-0.5021166091236218,0.007456650792842,0.3413519501232164,1.2442714969135278,0.8077365626180215,0.646091668153197,-1.0306701134001208,1.3306866779873336,1.412812421522078,0.9228525988968462,0.9972039090469852,-0.5787359118286177,-0.5738091541336192,1.0959875190286648,-1.0959875190286648,-0.5784279906300535,1.731127539482183,-0.5765804684883443,-0.5767344287272242,1
2.063883767202561,2.9634179625331942,-1.3875375865624426,0.3279417438417916,2.52705661927622,0.646091668153197,-1.0306701134001208,-0.6574302972004398,1.412812421522078,-1.0690598585692854,-1.002803930999114,1.7279038324066065,-0.5738091541336192,1.0959875190286648,-1.0959875190286648,-0.5784279906300535,1.731127539482183,-0.5765804684883443,-0.5767344287272242,1
-0.6883585719214899,0.4842246042993504,-0.0044259572139154,0.307493877586033,0.8077365626180215,0.646091668153197,0.9702425509371356,0.1125875219990339,-0.721130416342303,0.2456023633583614,0.9972039090469852,-0.5787359118286177,-0.5738091541336192,1.0959875190286648,-1.0959875190286648,-0.5784279906300535,-0.5776581893550843,-0.5765804684883443,1.733900301750437,0
-1.1125763760721894,0.6749317857019538,-0.0044259572139154,1.0236468043806506,-0.9115834940401768,0.646091668153197,0.9702425509371356,-0.2608951753869226,-0.721130416342303,1.2105732871975097,-1.002803930999114,-0.5787359118286177,1.7427397119690018,1.0959875190286648,-1.0959875190286648,-0.5784279906300535,1.731127539482183,-0.5765804684883443,-0.5767344287272242,0
-0.1399794592388781,-0.6600184841162697,-0.695981771888179,-1.2258476714090278,0.8077365626180215,0.646091668153197,0.9702425509371356,1.6995456400691933,1.412812421522078,0.431514192721867,0.9972039090469852,-0.5787359118286177,-0.5738091541336192,-0.9124191495230388,0.9124191495230392,-0.5784279906300535,-0.5776581893550843,-0.5765804684883443,1.733900301750437,0
0.8636577847274112,-1.613554391129287,-0.0044259572139154,0.8585776805329811,-0.9115834940401768,-1.5477679860172513,-1.0306701134001208,0.3791509920354525,0.7014981422339509,0.989249680812384,0.9972039090469852,-0.5787359118286177,-0.5738091541336192,-0.9124191495230388,0.9124191495230392,-0.5784279906300535,-0.5776581893550843,-0.5765804684883443,1.733900301750437,1
-1.0194553946732554,-0.9460792562201747,1.7244635794717436,-1.2258476714090278,0.8077365626180215,0.646091668153197,-1.0306701134001208,-1.5285524618927755,-0.009816137054176,-1.210706966655766,0.9972039090469852,-0.5787359118286177,-0.5738091541336192,-0.9124191495230388,0.9124191495230392,1.7288236672481017,-0.5776581893550843,-0.5765804684883443,-0.5767344287272242,0
1.0395529718142866,0.7702853764032556,-0.0044259572139154,1.0607388231540684,0.8077365626180215,0.646091668153197,-1.0306701134001208,1.0897812002534883,-0.009816137054176,0.0906758388887734,0.9972039090469852,-0.5787359118286177,-0.5738091541336192,-0.9124191495230388,0.9124191495230392,-0.5784279906300535,-0.5776581893550843,1.7343632929879855,-0.5767344287272242,0
-0.9884150675402774,0.1028102414941437,1.7244635794717436,-0.5362208918931081,-0.9115834940401768,0.646091668153197,-1.0306701134001208,1.2246024704546543,-0.721130416342303,1.728470526138704,0.9972039090469852,-0.5787359118286177,-0.5738091541336192,-0.9124191495230388,0.9124191495230392,-0.5784279906300535,1.731127539482183,-0.5765804684883443,-0.5767344287272242,0
-0.7297456747654606,0.2935174228967471,-1.0417596792253108,0.7507974571902452,-0.9115834940401768,-1.5477679860172513,-1.0306701134001208,0.0595719364588649,-0.009816137054176,-1.082339274952393,-1.002803930999114,1.7279038324066065,-0.5738091541336192,1.0959875190286648,-1.0959875190286648,1.7288236672481017,-0.5776581893550843,-0.5765804684883443,-0.5767344287272242,1
0.3463189991777775,-0.0878969399084596,-0.695981771888179,-1.2258476714090278,0.8077365626180215,0.646091668153197,-1.0306701134001208,-0.9709077262976944,0.7014981422339509,1.1486026774096745,-1.002803930999114,-0.5787359118286177,1.7427397119690018,1.0959875190286648,-1.0959875190286648,-0.5784279906300535,-0.5776581893550843,-0.5765804684883443,1.733900301750437,0
1.029206196103294,-1.613554391129287,-0.695981771888179,0.7243601000944535,-0.9115834940401768,0.646091668153197,-1.0306701134001208,0.4965100537758168,-0.721130416342303,1.0866320676218393,-1.002803930999114,-0.5787359118286177,1.7427397119690018,-0.9124191495230388,0.9124191495230392,-0.5784279906300535,-0.5776581893550843,-0.5765804684883443,1.733900301750437,1
-0.6883585719214899,-0.278604121311063,-0.3502038645510472,0.099531562653639,0.8077365626180215,-1.5477679860172513,-1.0306701134001208,-0.2961711979040469,1.412812421522078,1.4097645329441229,-1.002803930999114,-0.5787359118286177,1.7427397119690018,-0.9124191495230388,0.9124191495230392,-0.5784279906300535,-0.5776581893550843,1.7343632929879855,-0.5767344287272242,0
-0.8228666561643946,0.4842246042993504,1.378685672134612,-1.2258476714090278,0.8077365626180215,-1.5477679860172513,-1.0306701134001208,-1.0721517054667205,0.7014981422339509,-0.7016626719699768,0.9972039090469852,-0.5787359118286177,-0.5738091541336192,-0.9124191495230388,0.9124191495230392,-0.5784279906300535,-0.5776581893550843,1.7343632929879855,-0.5767344287272242,0
-1.4333264231129623,-0.7553720748175714,0.3413519501232164,-1.2258476714090278,0.8077365626180215,0.646091668153197,-1.0306701134001208,1.1889211103296389,-1.43244469563043,-1.5161335434672394,-1.002803930999114,-0.5787359118286177,1.7427397119690018,-0.9124191495230388,0.9124191495230392,-0.5784279906300535,-0.5776581893550843,-0.5765804684883443,1.733900301750437,0
-1.505753853089911,0.3888710135980487,0.3413519501232164,0.8119460060430864,-0.9115834940401768,-1.5477679860172513,-1.0306701134001208,0.65166376090448,1.412812421522078,1.3123821461346674,-1.002803930999114,1.7279038324066065,-0.5738091541336192,-0.9124191495230388,0.9124191495230392,-0.5784279906300535,1.731127539482183,-0.5765804684883443,-0.5767344287272242,0
-0.9470279646963068,2.677357190429289,1.378685672134612,0.7922754545654759,-0.9115834940401768,0.646091668153197,-1.0306701134001208,1.3184463864570335,-1.43244469563043,0.723661353150233,-1.002803930999114,-0.5787359118286177,1.7427397119690018,-0.9124191495230388,0.9124191495230392,-0.5784279906300535,-0.5776581893550843,-0.5765804684883443,1.733900301750437,1
0.3256254477557921,4.012307460247513,0.3413519501232164,0.7299267958036093,-0.9115834940401768,0.646091668153197,0.9702425509371356,-0.8573883298168177,0.7014981422339509,-0.3563978460091805,-1.002803930999114,1.7279038324066065,-0.5738091541336192,-0.9124191495230388,0.9124191495230392,-0.5784279906300535,-0.5776581893550843,1.7343632929879855,-0.5767344287272242,0
0.4808270834206822,-0.3739577120123647,-0.0044259572139154,0.9071643417576898,-0.9115834940401768,0.646091668153197,-1.0306701134001208,-0.6141556821102483,-1.43244469563043,-1.0336480815476654,0.9972039090469852,-0.5787359118286177,-0.5738091541336192,-0.9124191495230388,0.9124191495230392,-0.5784279906300535,1.731127539482183,-0.5765804684883443,-0.5767344287272242,0
0.0255689521370046,-0.3739577120123647,0.3413519501232164,0.6439222846830144,0.8077365626180215,0.646091668153197,0.9702425509371356,-1.3254944921095628,-0.721130416342303,-1.5249864877226444,-1.002803930999114,-0.5787359118286177,1.7427397119690018,-0.9124191495230388,0.9124191495230392,1.7288236672481017,-0.5776581893550843,-0.5765804684883443,-0.5767344287272242,0
-0.9470279646963068,-0.0878969399084596,-0.695981771888179,1.1120964112240137,-0.9115834940401768,0.646091668153197,-1.0306701134001208,-0.7612704541840638,-0.721130416342303,0.4447936091049746,-1.002803930999114,-0.5787359118286177,1.7427397119690018,-0.9124191495230388,0.9124191495230392,-0.5784279906300535,-0.5776581893550843,-0.5765804684883443,1.733900301750437,1
-0.336568197747739,0.6749317857019538,0.3413519501232164,1.1816438061869694,-0.9115834940401768,0.646091668153197,-1.0306701134001208,0.3578346854445263,-0.721130416342303,1.5425586967751983,0.9972039090469852,-0.5787359118286177,-0.5738091541336192,1.0959875190286648,-1.0959875190286648,-0.5784279906300535,-0.5776581893550843,1.7343632929879855,-0.5767344287272242,1
0.4187464291547262,0.1028102414941437,-1.3875375865624426,-1.2258476714090278,0.8077365626180215,0.646091668153197,0.9702425509371356,0.7915982667813506,-0.721130416342303,1.2017203429421046,-1.002803930999114,-0.5787359118286177,1.7427397119690018,-0.9124191495230388,0.9124191495230392,1.7288236672481017,-0.5776581893550843,-0.5765804684883443,-0.5767344287272242,0
1.029206196103294,-0.1832505306097613,0.3413519501232164,-1.2258476714090278,-0.9115834940401768,0.646091668153197,0.9702425509371356,0.3105286044163813,-0.721130416342303,-1.365633491125354,0.9972039090469852,-0.5787359118286177,-0.5738091541336192,1.0959875190286648,-1.0959875190286648,-0.5784279906300535,1.731127539482183,-0.5765804684883443,-0.5767344287272242,1
-0.5228101605456071,1.8191748741175744,1.03290776479748,0.6769405329345846,-0.9115834940401768,-1.5477679860172513,-1.0306701134001208,-1.6324920839607904,-0.009816137054176,-1.2992364092098163,-1.002803930999114,1.7279038324066065,-0.5738091541336192,1.0959875190286648,-1.0959875190286648,-0.5784279906300535,-0.5776581893550843,-0.5765804684883443,1.733900301750437,1
-0.1503262349498708,-0.4693113027136664,-1.0417596792253108,-0.5830722980450317,0.8077365626180215,-1.5477679860172513,0.9702425509371356,-0.8099462668026702,-0.009816137054176,-1.1088981077186082,-1.002803930999114,1.7279038324066065,-0.5738091541336192,-0.9124191495230388,0.9124191495230392,1.7288236672481017,-0.5776581893550843,-0.5765804684883443,-0.5767344287272242,0
1.6707062901848395,0.9609925578058588,1.03290776479748,-0.1667851349785594,0.8077365626180215,-1.5477679860172513,-1.0306701134001208,-0.1483919921109023,1.412812421522078,0.1128081995272859,-1.002803930999114,-0.5787359118286177,1.7427397119690018,1.0959875190286648,-1.0959875190286648,-0.5784279906300535,1.731127539482183,-0.5765804684883443,-0.5767344287272242,1
-0.3572617491697243,-0.278604121311063,0.3413519501232164,0.8947265039518836,-0.9115834940401768,-1.5477679860172513,-1.0306701134001208,-1.471585921488207,-0.721130416342303,-1.4984276549564297,-1.002803930999114,-0.5787359118286177,1.7427397119690018,1.0959875190286648,-1.0959875190286648,-0.5784279906300535,-0.5776581893550843,-0.5765804684883443,1.733900301750437,0
-1.2367376846041016,-1.1367864376227783,1.03290776479748,0.8989663153211871,-0.9115834940401768,-1.5477679860172513,-1.0306701134001208,-1.614869896692927,1.412812421522078,1.0113820414508965,-1.002803930999114,-0.5787359118286177,1.7427397119690018,-0.9124191495230388,0.9124191495230392,-0.5784279906300535,-0.5776581893550843,-0.5765804684883443,1.733900301750437,0
-1.9610119843735887,-1.0414328469214764,1.03290776479748,-1.2258476714090278,-0.9115834940401768,0.646091668153197,0.9702425509371356,0.0566794500711872,0.7014981422339509,1.1264703167711618,0.9972039090469852,-0.5787359118286177,-0.5738091541336192,1.0959875190286648,-1.0959875190286648,1.7288236672481017,-0.5776581893550843,-0.5765804684883443,-0.5767344287272242,0
-1.2677780117370796,2.200589236922781,0.6871298574603482,0.9089819761698494,-0.9115834940401768,-1.5477679860172513,-1.0306701134001208,1.1897109187445014,-1.43244469563043,1.1486026774096745,-1.002803930999114,1.7279038324066065,-0.5738091541336192,1.0959875190286648,-1.0959875190286648,1.7288236672481017,-0.5776581893550843,-0.5765804684883443,-0.5767344287272242,1
-2.0644797414835154,-1.518200800427985,1.378685672134612,-1.2258476714090278,0.8077365626180215,-1.5477679860172513,0.9702425509371356,-0.905419706066978,-1.43244469563043,-0.1350742396240548,-1.002803930999114,-0.5787359118286177,1.7427397119690018,1.0959875190286648,-1.0959875190286648,1.7288236672481017,-0.5776581893550843,-0.5765804684883443,-0.5767344287272242,0
-1.1332699274941749,-0.1832505306097613,1.378685672134612,2.1769323930675166,-0.9115834940401768,-1.5477679860172513,0.9702425509371356,0.8472668921686278,-1.43244469563043,-1.0513539700584753,0.9972039090469852,-0.5787359118286177,-0.5738091541336192,-0.9124191495230388,0.9124191495230392,1.7288236672481017,-0.5776581893550843,-0.5765804684883443,-0.5767344287272242,0
0.2842383449118215,-0.1832505306097613,-1.0417596792253108,0.5913551307098361,-0.9115834940401768,0.646091668153197,0.9702425509371356,0.6092013860401418,-0.721130416342303,0.7103819367671255,-1.002803930999114,1.7279038324066065,-0.5738091541336192,1.0959875190286648,-1.0959875190286648,1.7288236672481017,-0.5776581893550843,-0.5765804684883443,-0.5767344287272242,0
-0.5124633848346144,0.3888710135980487,1.03290776479748,-1.2258476714090278,2.52705661927622,-1.5477679860172513,0.9702425509371356,0.1882517593689404,0.7014981422339509,-1.1664422453787409,0.9972039090469852,-0.5787359118286177,-0.5738091541336192,1.0959875190286648,-1.0959875190286648,-0.5784279906300535,-0.5776581893550843,-0.5765804684883443,1.733900301750437,1
0.4290932048657189,-0.278604121311063,-0.695981771888179,-1.2258476714090278,0.8077365626180215,0.646091668153197,0.9702425509371356,-1.596449728179839,1.412812421522078,0.7103819367671255,0.9972039090469852,-0.5787359118286177,-0.5738091541336192,1.0959875190286648,-1.0959875190286648,-0.5784279906300535,-0.5776581893550843,-0.5765804684883443,1.733900301750437,0
1.122327177502228,-1.613554391129287,-0.0044259572139154,-1.2258476714090278,-0.9115834940401768,0.646091668153197,-1.0306701134001208,-1.3526394178677712,-1.43244469563043,0.6705436876178028,0.9972039090469852,-0.5787359118286177,-0.5738091541336192,1.0959875190286648,-1.0959875190286648,1.7288236672481017,-0.5776581893550843,-0.5765804684883443,-0.5767344287272242,0
0.6049883919525944,-1.518200800427985,1.7244635794717436,-1.2258476714090278,0.8077365626180215,-1.5477679860172513,-1.0306701134001208,0.5129744813725754,-0.721130416342303,-1.5958100417658847,-1.002803930999114,-0.5787359118286177,1.7427397119690018,-0.9124191495230388,0.9124191495230392,-0.5784279906300535,-0.5776581893550843,-0.5765804684883443,1.733900301750437,0
-1.5161006288009038,0.2935174228967471,-0.695981771888179,0.936801831673126,0.8077365626180215,-1.5477679860172513,-1.0306701134001208,0.61015691163232,-0.721130416342303,1.6753528606062738,0.9972039090469852,-0.5787359118286177,-0.5738091541336192,-0.9124191495230388,0.9124191495230392,1.7288236672481017,-0.5776581893550843,-0.5765804684883443,-0.5767344287272242,0
-0.0365117021289514,0.1981638321954454,-0.3502038645510472,1.0009163572856383,-0.9115834940401768,0.646091668153197,0.9702425509371356,0.0265599618416782,1.412812421522078,1.3787792280502051,0.9972039090469852,-0.5787359118286177,-0.5738091541336192,-0.9124191495230388,0.9124191495230392,1.7288236672481017,-0.5776581893550843,-0.5765804684883443,-0.5767344287272242,1
1.153367504635206,-0.6600184841162697,1.7244635794717436,1.8477615416610231,-0.9115834940401768,0.646091668153197,-1.0306701134001208,1.3836008856530275,-0.721130416342303,1.3610733395393952,0.9972039090469852,-0.5787359118286177,-0.5738091541336192,-0.9124191495230388,0.9124191495230392,1.7288236672481017,-0.5776581893550843,-0.5765804684883443,-0.5767344287272242,0
-0.7400924504764532,-0.1832505306097613,-0.0044259572139154,1.2136847213422215,0.8077365626180215,-1.5477679860172513,-1.0306701134001208,0.3500214596196414,-0.009816137054176,-1.3612070189976515,-1.002803930999114,-0.5787359118286177,1.7427397119690018,-0.9124191495230388,0.9124191495230392,-0.5784279906300535,-0.5776581893550843,-0.5765804684883443,1.733900301750437,0
1.1740610560571914,-1.0414328469214764,1.7244635794717436,0.7618853316194862,-0.9115834940401768,0.646091668153197,-1.0306701134001208,1.1493788703641985,-1.43244469563043,-0.4360743443078258,-1.002803930999114,1.7279038324066065,-0.5738091541336192,-0.9124191495230388,0.9124191495230392,-0.5784279906300535,-0.5776581893550843,-0.5765804684883443,1.733900301750437,0
0.4083996534437335,1.4377605113123673,-1.3875375865624426,1.0825015534180586,-0.9115834940401768,0.646091668153197,0.9702425509371356,0.1502545321216991,1.412812421522078,-0.5600155638834963,-1.002803930999114,1.7279038324066065,-0.5738091541336192,1.0959875190286648,-1.0959875190286648,-0.5784279906300535,-0.5776581893550843,-0.5765804684883443,1.733900301750437,1
-1.7230361430207572,-0.4693113027136664,-0.3502038645510472,1.1501638398406906,-0.9115834940401768,-1.5477679860172513,0.9702425509371356,-1.1537944551905253,-0.009816137054176,0.7413672416610431,-1.002803930999114,1.7279038324066065,-0.5738091541336192,1.0959875190286648,-1.0959875190286648,1.7288236672481017,-0.5776581893550843,-0.5765804684883443,-0.5767344287272242,0
0.6567222705075577,-0.278604121311063,-1.3875375865624426,0.4026509897449138,0.8077365626180215,0.646091668153197,0.9702425509371356,-1.7326836808033628,-0.009816137054176,1.728470526138704,-1.002803930999114,1.7279038324066065,-0.5738091541336192,1.0959875190286648,-1.0959875190286648,-0.5784279906300535,-0.5776581893550843,1.7343632929879855,-0.5767344287272242,0
1.4948111030979645,-0.1832505306097613,-1.0417596792253108,1.0061777365716251,0.8077365626180215,0.646091668153197,0.9702425509371356,1.7155240450944986,-1.43244469563043,-0.4537802328186359,-1.002803930999114,1.7279038324066065,-0.5738091541336192,-0.9124191495230388,0.9124191495230392,-0.5784279906300535,-0.5776581893550843,1.7343632929879855,-0.5767344287272242,0
0.0876496064029606,-0.7553720748175714,0.6871298574603482,1.1721424552605912,0.8077365626180215,0.646091668153197,0.9702425509371356,0.077264027509814,1.412812421522078,-0.8388833079287547,-1.002803930999114,-0.5787359118286177,1.7427397119690018,-0.9124191495230388,0.9124191495230392,-0.5784279906300535,-0.5776581893550843,-0.5765804684883443,1.733900301750437,0
1.1947546074791768,-1.1367864376227783,-0.0044259572139154,0.7981474666978012,-0.9115834940401768,0.646091668153197,-1.0306701134001208,1.348063680344375,-0.009816137054176,1.6045293065630335,-1.002803930999114,1.7279038324066065,-0.5738091541336192,-0.9124191495230388,0.9124191495230392,-0.5784279906300535,-0.5776581893550843,-0.5765804684883443,1.733900301750437,1
-1.1332699274941749,1.1516997392084622,0.6871298574603482,0.2225747222752556,0.8077365626180215,0.646091668153197,-1.0306701134001208,1.3871475462495817,0.7014981422339509,1.454029254221148,-1.002803930999114,1.7279038324066065,-0.5738091541336192,-0.9124191495230388,0.9124191495230392,-0.5784279906300535,-0.5776581893550843,1.7343632929879855,-0.5767344287272242,0
-0.4503827305686584,-0.3739577120123647,-1.0417596792253108,-1.2258476714090278,0.8077365626180215,0.646091668153197,0.9702425509371356,0.2451859562320816,-0.009816137054176,0.3252788616570067,0.9972039090469852,-0.5787359118286177,-0.5738091541336192,-0.9124191495230388,0.9124191495230392,-0.5784279906300535,-0.5776581893550843,-0.5765804684883443,1.733900301750437,0
-0.6159311419445411,-0.9460792562201747,-1.3875375865624426,0.3374563972684971,-0.9115834940401768,0.646091668153197,0.9702425509371356,1.6739683327301818,-0.721130416342303,1.0777791233664342,-1.002803930999114,-0.5787359118286177,1.7427397119690018,-0.9124191495230388,0.9124191495230392,-0.5784279906300535,-0.5776581893550843,1.7343632929879855,-0.5767344287272242,0
0.7912303547504624,0.6749317857019538,-0.695981771888179,0.6212463297580164,4.246376675934418,0.646091668153197,-1.0306701134001208,0.5331775441343619,-0.009816137054176,-1.1664422453787409,-1.002803930999114,1.7279038324066065,-0.5738091541336192,-0.9124191495230388,0.9124191495230392,1.7288236672481017,-0.5776581893550843,-0.5765804684883443,-0.5767344287272242,1
-1.6299151616218233,-0.1832505306097613,1.03290776479748,1.0658279110201565,0.8077365626180215,0.646091668153197,-1.0306701134001208,1.021616838914635,0.7014981422339509,0.2367494191029564,0.9972039090469852,-0.5787359118286177,-0.5738091541336192,1.0959875190286648,-1.0959875190286648,1.7288236672481017,-0.5776581893550843,-0.5765804684883443,-0.5767344287272242,0
-0.336568197747739,-0.1832505306097613,-0.0044259572139154,-1.2258476714090278,-0.9115834940401768,-1.5477679860172513,0.9702425509371356,1.367039949102009,-0.721130416342303,-0.050971269197707,0.9972039090469852,-0.5787359118286177,-0.5738091541336192,-0.9124191495230388,0.9124191495230392,-0.5784279906300535,1.731127539482183,-0.5765804684883443,-0.5767344287272242,1
-0.2744875434817829,-0.5646648934149681,0.3413519501232164,-0.1645298002243128,-0.9115834940401768,-1.5477679860172513,0.9702425509371356,1.2299026378886104,1.412812421522078,-0.8565891964395648,-1.002803930999114,-0.5787359118286177,1.7427397119690018,-0.9124191495230388,0.9124191495230392,-0.5784279906300535,1.731127539482183,-0.5765804684883443,-0.5767344287272242,0
0.2428512420678507,-0.4693113027136664,-1.0417596792253108,1.2230609005486546,-0.9115834940401768,0.646091668153197,-1.0306701134001208,1.3149416333523294,0.7014981422339509,-0.9805304160152352,-1.002803930999114,1.7279038324066065,-0.5738091541336192,-0.9124191495230388,0.9124191495230392,-0.5784279906300535,1.731127539482183,-0.5765804684883443,-0.5767344287272242,1
-0.9884150675402774,-0.6600184841162697,-0.3502038645510472,-1.2258476714090278,0.8077365626180215,0.646091668153197,0.9702425509371356,-0.7944069340467462,0.7014981422339509,1.0777791233664342,-1.002803930999114,-0.5787359118286177,1.7427397119690018,-0.9124191495230388,0.9124191495230392,1.7288236672481017,-0.5776581893550843,-0.5765804684883443,-0.5767344287272242,0
-2.1265603957494714,-0.1832505306097613,-0.695981771888179,-1.2258476714090278,0.8077365626180215,0.646091668153197,0.9702425509371356,1.389766329765178,0.7014981422339509,-1.4098982124023791,0.9972039090469852,-0.5787359118286177,-0.5738091541336192,-0.9124191495230388,0.9124191495230392,-0.5784279906300535,1.731127539482183,-0.5765804684883443,-0.5767344287272242,0
1.339609467433074,-0.5646648934149681,0.3413519501232164,1.1073886082769382,-0.9115834940401768,0.646091668153197,0.9702425509371356,0.9478452203882708,0.7014981422339509,0.0154258127178306,-1.002803930999114,-0.5787359118286177,1.7427397119690018,1.0959875190286648,-1.0959875190286648,-0.5784279906300535,1.731127539482183,-0.5765804684883443,-0.5767344287272242,0
0.8326174575944332,-0.9460792562201747,-0.0044259572139154,1.6516466258452196,-0.9115834940401768,-1.5477679860172513,-1.0306701134001208,0.2072730656385629,1.412812421522078,0.9715437923015738,0.9972039090469852,-0.5787359118286177,-0.5738091541336192,-0.9124191495230388,0.9124191495230392,1.7288236672481017,-0.5776581893550843,-0.5765804684883443,-0.5767344287272242,0
0.4601335319986969,-0.9460792562201747,-0.0044259572139154,-1.2258476714090278,0.8077365626180215,0.646091668153197,0.9702425509371356,-1.6227380717602369,-0.009816137054176,0.6262789663407777,0.9972039090469852,-0.5787359118286177,-0.5738091541336192,-0.9124191495230388,0.9124191495230392,-0.5784279906300535,1.731127539482183,-0.5765804684883443,-0.5767344287272242,0
0.3256254477557921,-0.1832505306097613,-0.0044259572139154,-1.2258476714090278,0.8077365626180215,-1.5477679860172513,0.9702425509371356,0.2167441587966277,-0.009816137054176,1.2858233133684525,0.9972039090469852,-0.5787359118286177,-0.5738091541336192,-0.9124191495230388,0.9124191495230392,-0.5784279906300535,-0.5776581893550843,1.7343632929879855,-0.5767344287272242,0
1.4327304488320085,0.3888710135980487,1.03290776479748,0.6918670601991697,0.8077365626180215,-1.5477679860172513,0.9702425509371356,0.8402712971598338,1.412812421522078,-0.1616330723902699,-1.002803930999114,1.7279038324066065,-0.5738091541336192,-0.9124191495230388,0.9124191495230392,-0.5784279906300535,-0.5776581893550843,1.7343632929879855,-0.5767344287272242,1
-1.0298021703842482,-1.23214002832408,-1.0417596792253108,1.0861993279668063,-0.9115834940401768,0.646091668153197,-1.0306701134001208,-0.8748658405982951,1.412812421522078,1.0290879299617066,0.9972039090469852,-0.5787359118286177,-0.5738091541336192,1.0959875190286648,-1.0959875190286648,1.7288236672481017,-0.5776581893550843,-0.5765804684883443,-0.5767344287272242,0
-0.812519880453402,1.4377605113123673,1.378685672134612,0.3349127348264386,-0.9115834940401768,0.646091668153197,0.9702425509371356,1.6638093307017516,-0.009816137054176,-1.2859569928267087,-1.002803930999114,1.7279038324066065,-0.5738091541336192,1.0959875190286648,-1.0959875190286648,-0.5784279906300535,1.731127539482183,-0.5765804684883443,-0.5767344287272242,0
-0.3262214220367463,0.1981638321954454,-0.0044259572139154,0.256140296293295,-0.9115834940401768,0.646091668153197,-1.0306701134001208,-1.0749840259117422,-0.009816137054176,-0.1660595445179724,-1.002803930999114,1.7279038324066065,-0.5738091541336192,1.0959875190286648,-1.0959875190286648,-0.5784279906300535,1.731127539482183,-0.5765804684883443,-0.5767344287272242,0
-0.905640861852336,-0.6600184841162697,0.3413519501232164,-1.2258476714090278,0.8077365626180215,0.646091668153197,0.9702425509371356,-1.397556771860475,0.7014981422339509,-0.1439271838794598,-1.002803930999114,-0.5787359118286177,1.7427397119690018,-0.9124191495230388,0.9124191495230392,-0.5784279906300535,-0.5776581893550843,-0.5765804684883443,1.733900301750437,0
-0.2951810949037682,-0.3739577120123647,-0.0044259572139154,-1.2258476714090278,0.8077365626180215,0.646091668153197,-1.0306701134001208,-0.8516687396843483,1.412812421522078,0.7457937137887456,0.9972039090469852,-0.5787359118286177,-0.5738091541336192,1.0959875190286648,-1.0959875190286648,-0.5784279906300535,1.731127539482183,-0.5765804684883443,-0.5767344287272242,0
0.108343157824946,-1.1367864376227783,-0.695981771888179,-1.2258476714090278,0.8077365626180215,0.646091668153197,0.9702425509371356,-0.4034326407886907,-0.721130416342303,1.6045293065630335,0.9972039090469852,-0.5787359118286177,-0.5738091541336192,1.0959875190286648,-1.0959875190286648,-0.5784279906300535,-0.5776581893550843,-0.5765804684883443,1.733900301750437,0
-1.060842497517226,-0.9460792562201747,-0.0044259572139154,0.1115020499660267,-0.9115834940401768,-1.5477679860172513,0.9702425509371356,1.3376862724663043,-0.009816137054176,1.5956763623076284,0.9972039090469852,-0.5787359118286177,-0.5738091541336192,-0.9124191495230388,0.9124191495230392,-0.5784279906300535,1.731127539482183,-0.5765804684883443,-0.5767344287272242,0
-0.1710197863718562,-0.3739577120123647,0.3413519501232164,0.6376084051603065,-0.9115834940401768,0.646091668153197,-1.0306701134001208,0.5194911833002303,-1.43244469563043,1.693058749117084,-1.002803930999114,1.7279038324066065,-0.5738091541336192,-0.9124191495230388,0.9124191495230392,-0.5784279906300535,-0.5776581893550843,-0.5765804684883443,1.733900301750437,0
