0,1,2,3,4,5,6,7,8,9,10,11,12,13,14,15,16,17,18,Exited
-0.9470279646963068,1.0563461485071606,-0.0044259572139154,1.3818005985780537,-0.9115834940401768,-1.5477679860172513,-1.0306701134001208,0.8774187239395642,-0.009816137054176,0.9228525988968462,0.9972039090469852,-0.5787359118286177,-0.5738091541336192,-0.9124191495230388,0.9124191495230392,1.7288236672481017,-0.5776581893550843,-0.5765804684883443,-0.5767344287272242,1
1.3603030188550596,-0.3739577120123647,-0.3502038645510472,-1.2258476714090278,-0.9115834940401768,0.646091668153197,0.9702425509371356,0.3386525309178037,-1.43244469563043,1.653220499967761,0.9972039090469852,-0.5787359118286177,-0.5738091541336192,1.0959875190286648,-1.0959875190286648,-0.5784279906300535,-0.5776581893550843,1.7343632929879855,-0.5767344287272242,0
1.4016901216990303,0.1028102414941437,0.3413519501232164,-1.2258476714090278,0.8077365626180215,-1.5477679860172513,-1.0306701134001208,-1.023193843255664,1.412812421522078,-1.2416922715496834,-1.002803930999114,-0.5787359118286177,1.7427397119690018,-0.9124191495230388,0.9124191495230392,-0.5784279906300535,-0.5776581893550843,1.7343632929879855,-0.5767344287272242,0
1.0085126446813086,-0.6600184841162697,-0.0044259572139154,1.2541531711323897,0.8077365626180215,0.646091668153197,0.9702425509371356,1.2615353169649133,-0.721130416342303,-0.5334567311172812,0.9972039090469852,-0.5787359118286177,-0.5738091541336192,-0.9124191495230388,0.9124191495230392,-0.5784279906300535,-0.5776581893550843,1.7343632929879855,-0.5767344287272242,0
0.1600770363799093,0.7702853764032556,-1.0417596792253108,-1.2258476714090278,-0.9115834940401768,0.646091668153197,-1.0306701134001208,-1.131037469886006,0.7014981422339509,-1.117751051974013,0.9972039090469852,-0.5787359118286177,-0.5738091541336192,-0.9124191495230388,0.9124191495230392,-0.5784279906300535,1.731127539482183,-0.5765804684883443,-0.5767344287272242,1
0.2738915692008288,1.6284676927149706,-0.0044259572139154,0.7608722580704818,-0.9115834940401768,0.646091668153197,0.9702425509371356,-0.6868571815293762,-1.43244469563043,0.896293766130631,-1.002803930999114,-0.5787359118286177,1.7427397119690018,-0.9124191495230388,0.9124191495230392,1.7288236672481017,-0.5776581893550843,-0.5765804684883443,-0.5767344287272242,1
-1.567834507355867,-0.9460792562201747,0.3413519501232164,1.1469901517506114,-0.9115834940401768,0.646091668153197,-1.0306701134001208,0.322282525595213,0.7014981422339509,0.2456023633583614,-1.002803930999114,1.7279038324066065,-0.5738091541336192,1.0959875190286648,-1.0959875190286648,-0.5784279906300535,-0.5776581893550843,1.7343632929879855,-0.5767344287272242,0
-0.3469149734587316,0.007456650792842,-0.0044259572139154,0.10999405929642,2.52705661927622,0.646091668153197,-1.0306701134001208,-1.6021637538320628,-0.009816137054176,1.7151911097555963,-1.002803930999114,1.7279038324066065,-0.5738091541336192,1.0959875190286648,-1.0959875190286648,-0.5784279906300535,-0.5776581893550843,1.7343632929879855,-0.5767344287272242,1
-0.6883585719214899,-0.8507256655188732,1.03290776479748,0.5694098516762971,-0.9115834940401768,0.646091668153197,-1.0306701134001208,1.3508087080055435,0.7014981422339509,0.1526464486766086,-1.002803930999114,1.7279038324066065,-0.5738091541336192,1.0959875190286648,-1.0959875190286648,-0.5784279906300535,-0.5776581893550843,1.7343632929879855,-0.5767344287272242,1
-0.8539069832973727,-0.278604121311063,1.7244635794717436,1.2360862921640872,-0.9115834940401768,0.646091668153197,0.9702425509371356,-0.8000060184038962,-0.721130416342303,-1.6046629860212898,-1.002803930999114,-0.5787359118286177,1.7427397119690018,1.0959875190286648,-1.0959875190286648,-0.5784279906300535,-0.5776581893550843,-0.5765804684883443,1.733900301750437,1
-1.060842497517226,-0.0878969399084596,-1.7333154938995745,1.6278838726706093,0.8077365626180215,0.646091668153197,-1.0306701134001208,-1.072127708645661,1.412812421522078,-0.7946185866517296,-1.002803930999114,-0.5787359118286177,1.7427397119690018,-0.9124191495230388,0.9124191495230392,-0.5784279906300535,-0.5776581893550843,-0.5765804684883443,1.733900301750437,0
0.4290932048657189,1.3424069206110656,0.6871298574603482,1.193075622371655,0.8077365626180215,-1.5477679860172513,-1.0306701134001208,0.3430319507611165,-0.721130416342303,-1.1044716355909057,-1.002803930999114,1.7279038324066065,-0.5738091541336192,-0.9124191495230388,0.9124191495230392,-0.5784279906300535,-0.5776581893550843,-0.5765804684883443,1.733900301750437,0
1.1119804017912354,2.772710781130591,0.3413519501232164,0.5787382700984237,-0.9115834940401768,0.646091668153197,-1.0306701134001208,-1.1168050944277723,0.7014981422339509,1.0467938184725163,-1.002803930999114,1.7279038324066065,-0.5738091541336192,-0.9124191495230388,0.9124191495230392,-0.5784279906300535,1.731127539482183,-0.5765804684883443,-0.5767344287272242,1
-0.0261649264179587,-0.1832505306097613,0.6871298574603482,-1.2258476714090278,0.8077365626180215,0.646091668153197,-1.0306701134001208,1.6371514708550432,0.7014981422339509,-0.5954273409051164,0.9972039090469852,-0.5787359118286177,-0.5738091541336192,1.0959875190286648,-1.0959875190286648,-0.5784279906300535,-0.5776581893550843,1.7343632929879855,-0.5767344287272242,0
-0.812519880453402,-0.8507256655188732,0.3413519501232164,0.6604896673493884,-0.9115834940401768,0.646091668153197,-1.0306701134001208,0.0131040052677169,0.7014981422339509,0.6262789663407777,0.9972039090469852,-0.5787359118286177,-0.5738091541336192,-0.9124191495230388,0.9124191495230392,1.7288236672481017,-0.5776581893550843,-0.5765804684883443,-0.5767344287272242,0
-0.5641972633895778,0.1981638321954454,-0.0044259572139154,-1.2258476714090278,0.8077365626180215,-1.5477679860172513,0.9702425509371356,0.7123162478017508,0.7014981422339509,1.325661562517775,-1.002803930999114,-0.5787359118286177,1.7427397119690018,-0.9124191495230388,0.9124191495230392,-0.5784279906300535,-0.5776581893550843,-0.5765804684883443,1.733900301750437,0
-1.505753853089911,0.3888710135980487,-0.0044259572139154,0.9675573727003892,0.8077365626180215,0.646091668153197,-1.0306701134001208,1.2342761454716618,-1.43244469563043,0.1924846978259312,-1.002803930999114,1.7279038324066065,-0.5738091541336192,-0.9124191495230388,0.9124191495230392,-0.5784279906300535,-0.5776581893550843,-0.5765804684883443,1.733900301750437,0
1.1119804017912354,0.007456650792842,0.3413519501232164,0.8153290081744563,-0.9115834940401768,-1.5477679860172513,0.9702425509371356,-0.7566517616901894,0.7014981422339509,-0.8964274455888874,0.9972039090469852,-0.5787359118286177,-0.5738091541336192,1.0959875190286648,-1.0959875190286648,-0.5784279906300535,-0.5776581893550843,-0.5765804684883443,1.733900301750437,0
-0.5331569362565998,-1.3274936190253817,-0.695981771888179,-1.2258476714090278,0.8077365626180215,0.646091668153197,0.9702425509371356,0.3599484923778321,-1.43244469563043,-0.5246037868618761,-1.002803930999114,-0.5787359118286177,1.7427397119690018,-0.9124191495230388,0.9124191495230392,-0.5784279906300535,-0.5776581893550843,1.7343632929879855,-0.5767344287272242,0
0.1186899335359386,-0.9460792562201747,1.7244635794717436,-1.2258476714090278,0.8077365626180215,0.646091668153197,-1.0306701134001208,0.6506628500202987,-1.43244469563043,1.4496027820934454,0.9972039090469852,-0.5787359118286177,-0.5738091541336192,1.0959875190286648,-1.0959875190286648,-0.5784279906300535,-0.5776581893550843,-0.5765804684883443,1.733900301750437,0
0.6360287190855723,-0.4693113027136664,1.03290776479748,0.6026582492106346,-0.9115834940401768,0.646091668153197,-1.0306701134001208,-0.1268637136006195,0.7014981422339509,-1.2726775764436011,0.9972039090469852,-0.5787359118286177,-0.5738091541336192,-0.9124191495230388,0.9124191495230392,1.7288236672481017,-0.5776581893550843,-0.5765804684883443,-0.5767344287272242,0
-0.1917133377938415,0.7702853764032556,-0.695981771888179,-1.2258476714090278,0.8077365626180215,0.646091668153197,-1.0306701134001208,1.3690722016217152,-0.009816137054176,1.653220499967761,-1.002803930999114,-0.5787359118286177,1.7427397119690018,-0.9124191495230388,0.9124191495230392,1.7288236672481017,-0.5776581893550843,-0.5765804684883443,-0.5767344287272242,0
-1.2470844603150943,-1.518200800427985,-1.3875375865624426,0.9708419683835564,0.8077365626180215,0.646091668153197,0.9702425509371356,1.1326671711765248,-0.721130416342303,-1.4276041009131892,-1.002803930999114,1.7279038324066065,-0.5738091541336192,-0.9124191495230388,0.9124191495230392,-0.5784279906300535,1.731127539482183,-0.5765804684883443,-0.5767344287272242,0
2.063883767202561,-0.278604121311063,-1.7333154938995745,0.9695493820565952,0.8077365626180215,0.646091668153197,0.9702425509371356,-0.0186164882624623,1.412812421522078,-0.8433097800564572,-1.002803930999114,1.7279038324066065,-0.5738091541336192,1.0959875190286648,-1.0959875190286648,-0.5784279906300535,-0.5776581893550843,-0.5765804684883443,1.733900301750437,0
1.09128685036925,-0.6600184841162697,-0.3502038645510472,-1.2258476714090278,0.8077365626180215,0.646091668153197,-1.0306701134001208,0.816413761996735,1.412812421522078,0.896293766130631,0.9972039090469852,-0.5787359118286177,-0.5738091541336192,1.0959875190286648,-1.0959875190286648,-0.5784279906300535,-0.5776581893550843,1.7343632929879855,-0.5767344287272242,0
-0.2331004406378122,-0.8507256655188732,1.378685672134612,0.8953608569192877,0.8077365626180215,0.646091668153197,0.9702425509371356,-0.4507421996169888,-0.721130416342303,0.5731613008083475,-1.002803930999114,1.7279038324066065,-0.5738091541336192,1.0959875190286648,-1.0959875190286648,-0.5784279906300535,1.731127539482183,-0.5765804684883443,-0.5767344287272242,0
-0.6987053476324826,0.8656389671045572,-0.695981771888179,0.2365703950591227,-0.9115834940401768,0.646091668153197,-1.0306701134001208,-0.6968256001093938,0.7014981422339509,-0.9097068619719948,0.9972039090469852,-0.5787359118286177,-0.5738091541336192,-0.9124191495230388,0.9124191495230392,-0.5784279906300535,-0.5776581893550843,-0.5765804684883443,1.733900301750437,1
-0.2434472163488049,0.4842246042993504,-0.0044259572139154,-1.2258476714090278,0.8077365626180215,0.646091668153197,-1.0306701134001208,-0.2977106461419999,1.412812421522078,-0.9318392226105074,0.9972039090469852,-0.5787359118286177,-0.5738091541336192,1.0959875190286648,-1.0959875190286648,-0.5784279906300535,-0.5776581893550843,-0.5765804684883443,1.733900301750437,1
-0.8021731047424093,-0.7553720748175714,-1.0417596792253108,-1.2258476714090278,0.8077365626180215,0.646091668153197,0.9702425509371356,-0.1414221328232449,-0.009816137054176,0.0995287831441784,0.9972039090469852,-0.5787359118286177,-0.5738091541336192,-0.9124191495230388,0.9124191495230392,-0.5784279906300535,-0.5776581893550843,1.7343632929879855,-0.5767344287272242,0
-0.1503262349498708,-0.3739577120123647,-1.0417596792253108,-1.2258476714090278,0.8077365626180215,0.646091668153197,0.9702425509371356,-1.3382710604235353,1.412812421522078,0.8476025727259034,0.9972039090469852,-0.5787359118286177,-0.5738091541336192,1.0959875190286648,-1.0959875190286648,1.7288236672481017,-0.5776581893550843,-0.5765804684883443,-0.5767344287272242,0
1.0395529718142866,-0.9460792562201747,-1.3875375865624426,0.9464105642286508,-0.9115834940401768,0.646091668153197,-1.0306701134001208,-0.5784435434538734,1.412812421522078,-1.4674423500625118,0.9972039090469852,-0.5787359118286177,-0.5738091541336192,-0.9124191495230388,0.9124191495230392,-0.5784279906300535,1.731127539482183,-0.5765804684883443,-0.5767344287272242,0
-0.2227536649268195,-0.7553720748175714,0.3413519501232164,0.903779256102172,-0.9115834940401768,0.646091668153197,0.9702425509371356,0.5350920731188715,-0.009816137054176,-1.1708687175064434,-1.002803930999114,-0.5787359118286177,1.7427397119690018,-0.9124191495230388,0.9124191495230392,-0.5784279906300535,-0.5776581893550843,1.7343632929879855,-0.5767344287272242,0
0.4083996534437335,-0.278604121311063,0.3413519501232164,0.5448350048973827,-0.9115834940401768,-1.5477679860172513,-1.0306701134001208,-0.3268768693494305,0.7014981422339509,-1.4630158779348093,0.9972039090469852,-0.5787359118286177,-0.5738091541336192,1.0959875190286648,-1.0959875190286648,-0.5784279906300535,1.731127539482183,-0.5765804684883443,-0.5767344287272242,0
-0.8849473104303507,-0.0878969399084596,0.6871298574603482,1.1045050108566428,0.8077365626180215,0.646091668153197,0.9702425509371356,-0.2824921404502376,-0.721130416342303,-1.4054717402746766,-1.002803930999114,1.7279038324066065,-0.5738091541336192,1.0959875190286648,-1.0959875190286648,-0.5784279906300535,1.731127539482183,-0.5765804684883443,-0.5767344287272242,0
0.5636012891086236,-0.3739577120123647,-0.3502038645510472,0.9617904984019738,0.8077365626180215,0.646091668153197,-1.0306701134001208,0.2883405872169767,1.412812421522078,-0.7946185866517296,-1.002803930999114,1.7279038324066065,-0.5738091541336192,-0.9124191495230388,0.9124191495230392,1.7288236672481017,-0.5776581893550843,-0.5765804684883443,-0.5767344287272242,0
1.4327304488320085,-0.1832505306097613,-0.695981771888179,-1.2258476714090278,-0.9115834940401768,0.646091668153197,-1.0306701134001208,0.378969450867439,0.7014981422339509,-1.538265904105752,0.9972039090469852,-0.5787359118286177,-0.5738091541336192,-0.9124191495230388,0.9124191495230392,-0.5784279906300535,-0.5776581893550843,-0.5765804684883443,1.733900301750437,1
0.1600770363799093,-0.0878969399084596,0.3413519501232164,0.8102857578396158,-0.9115834940401768,0.646091668153197,0.9702425509371356,-1.597062168786873,-0.009816137054176,1.5868234180522234,0.9972039090469852,-0.5787359118286177,-0.5738091541336192,1.0959875190286648,-1.0959875190286648,1.7288236672481017,-0.5776581893550843,-0.5765804684883443,-0.5767344287272242,0
0.3463189991777775,-0.0878969399084596,-0.0044259572139154,0.4581203325846281,0.8077365626180215,0.646091668153197,0.9702425509371356,1.7087308580546394,-0.721130416342303,1.1308967888988644,0.9972039090469852,-0.5787359118286177,-0.5738091541336192,-0.9124191495230388,0.9124191495230392,-0.5784279906300535,-0.5776581893550843,1.7343632929879855,-0.5767344287272242,0
-0.3262214220367463,-1.518200800427985,-0.0044259572139154,0.9013519504702036,-0.9115834940401768,0.646091668153197,0.9702425509371356,0.7620397477166031,-0.009816137054176,-0.334265485370668,-1.002803930999114,1.7279038324066065,-0.5738091541336192,-0.9124191495230388,0.9124191495230392,-0.5784279906300535,-0.5776581893550843,1.7343632929879855,-0.5767344287272242,0
1.5155046545199495,-0.7553720748175714,1.03290776479748,-1.2258476714090278,0.8077365626180215,0.646091668153197,-1.0306701134001208,0.3099831114623027,1.412812421522078,-1.1531628289956333,-1.002803930999114,-0.5787359118286177,1.7427397119690018,1.0959875190286648,-1.0959875190286648,1.7288236672481017,-0.5776581893550843,-0.5765804684883443,-0.5767344287272242,0
0.3463189991777775,0.6749317857019538,-0.695981771888179,0.4242255617512661,0.8077365626180215,0.646091668153197,-1.0306701134001208,0.939824891564244,-0.721130416342303,1.6797793327339765,-1.002803930999114,1.7279038324066065,-0.5738091541336192,1.0959875190286648,-1.0959875190286648,-0.5784279906300535,-0.5776581893550843,1.7343632929879855,-0.5767344287272242,0
-0.5952375905225558,0.6749317857019538,0.6871298574603482,0.3568695533783334,-0.9115834940401768,0.646091668153197,-1.0306701134001208,0.7906803014308305,-0.009816137054176,-0.7282215047361918,0.9972039090469852,-0.5787359118286177,-0.5738091541336192,1.0959875190286648,-1.0959875190286648,-0.5784279906300535,-0.5776581893550843,-0.5765804684883443,1.733900301750437,0
-1.2677780117370796,-0.6600184841162697,-1.7333154938995745,-0.1337866000708472,-0.9115834940401768,0.646091668153197,0.9702425509371356,1.2210373775172876,-0.721130416342303,1.1707350380481871,-1.002803930999114,-0.5787359118286177,1.7427397119690018,1.0959875190286648,-1.0959875190286648,-0.5784279906300535,-0.5776581893550843,-0.5765804684883443,1.733900301750437,0
0.2325044663568581,2.868064371831893,-0.695981771888179,0.0376198028784182,0.8077365626180215,0.646091668153197,0.9702425509371356,-1.0936653772163587,-1.43244469563043,0.8343231563427959,-1.002803930999114,1.7279038324066065,-0.5738091541336192,1.0959875190286648,-1.0959875190286648,-0.5784279906300535,-0.5776581893550843,-0.5765804684883443,1.733900301750437,0
1.0809400746582574,-0.4693113027136664,-0.695981771888179,-1.2258476714090278,0.8077365626180215,0.646091668153197,0.9702425509371356,1.0211828094554765,-1.43244469563043,0.285440612507684,0.9972039090469852,-0.5787359118286177,-0.5738091541336192,-0.9124191495230388,0.9124191495230392,-0.5784279906300535,-0.5776581893550843,1.7343632929879855,-0.5767344287272242,0
1.122327177502228,-0.7553720748175714,-1.3875375865624426,0.5347077953712793,-0.9115834940401768,0.646091668153197,0.9702425509371356,-1.009912993919432,1.412812421522078,-1.3612070189976515,0.9972039090469852,-0.5787359118286177,-0.5738091541336192,1.0959875190286648,-1.0959875190286648,-0.5784279906300535,-0.5776581893550843,-0.5765804684883443,1.733900301750437,0
0.170423812090902,0.1028102414941437,-1.3875375865624426,1.1221569479773934,-0.9115834940401768,0.646091668153197,-1.0306701134001208,-1.4072457491981576,-0.009816137054176,-1.666633595809125,-1.002803930999114,-0.5787359118286177,1.7427397119690018,1.0959875190286648,-1.0959875190286648,1.7288236672481017,-0.5776581893550843,-0.5765804684883443,-0.5767344287272242,0
-0.460729506279651,-0.1832505306097613,0.3413519501232164,0.0943684295447668,-0.9115834940401768,-1.5477679860172513,-1.0306701134001208,1.2596011384095362,-0.009816137054176,0.1128081995272859,0.9972039090469852,-0.5787359118286177,-0.5738091541336192,-0.9124191495230388,0.9124191495230392,-0.5784279906300535,-0.5776581893550843,1.7343632929879855,-0.5767344287272242,1
-0.7193988990544679,-0.7553720748175714,-0.695981771888179,-1.2258476714090278,0.8077365626180215,-1.5477679860172513,-1.0306701134001208,-0.1921420224820792,-0.009816137054176,-0.2191772100504026,0.9972039090469852,-0.5787359118286177,-0.5738091541336192,-0.9124191495230388,0.9124191495230392,-0.5784279906300535,-0.5776581893550843,1.7343632929879855,-0.5767344287272242,0
0.0979963821139533,-0.4693113027136664,-1.3875375865624426,-1.2258476714090278,0.8077365626180215,0.646091668153197,-1.0306701134001208,-1.5719249770572885,-0.009816137054176,1.0910585397495418,0.9972039090469852,-0.5787359118286177,-0.5738091541336192,-0.9124191495230388,0.9124191495230392,1.7288236672481017,-0.5776581893550843,-0.5765804684883443,-0.5767344287272242,0
1.122327177502228,0.1028102414941437,-0.3502038645510472,-1.2258476714090278,0.8077365626180215,0.646091668153197,-1.0306701134001208,0.4264713320442268,-1.43244469563043,0.3474112222955193,0.9972039090469852,-0.5787359118286177,-0.5738091541336192,-0.9124191495230388,0.9124191495230392,-0.5784279906300535,-0.5776581893550843,-0.5765804684883443,1.733900301750437,0
-0.84356020758638,0.1981638321954454,-0.3502038645510472,1.01538899682822,-0.9115834940401768,0.646091668153197,0.9702425509371356,1.103061875699713,-0.009816137054176,1.608955778690736,-1.002803930999114,-0.5787359118286177,1.7427397119690018,1.0959875190286648,-1.0959875190286648,-0.5784279906300535,-0.5776581893550843,-0.5765804684883443,1.733900301750437,0
-0.1192859078168928,-1.1367864376227783,-1.0417596792253108,-1.2258476714090278,0.8077365626180215,-1.5477679860172513,-1.0306701134001208,0.4374018840367139,-0.009816137054176,-0.2900007640936428,0.9972039090469852,-0.5787359118286177,-0.5738091541336192,1.0959875190286648,-1.0959875190286648,-0.5784279906300535,-0.5776581893550843,1.7343632929879855,-0.5767344287272242,0
-0.1089391321059001,0.1028102414941437,1.03290776479748,0.5425944150832577,-0.9115834940401768,0.646091668153197,0.9702425509371356,1.0050209504720735,0.7014981422339509,0.7590731301718532,0.9972039090469852,-0.5787359118286177,-0.5738091541336192,-0.9124191495230388,0.9124191495230392,1.7288236672481017,-0.5776581893550843,-0.5765804684883443,-0.5767344287272242,0
0.1497302606689167,1.1516997392084622,1.378685672134612,0.5469174071473776,0.8077365626180215,-1.5477679860172513,0.9702425509371356,-1.7211194736229054,-0.721130416342303,1.0467938184725163,-1.002803930999114,1.7279038324066065,-0.5738091541336192,1.0959875190286648,-1.0959875190286648,-0.5784279906300535,1.731127539482183,-0.5765804684883443,-0.5767344287272242,1
0.20146413922388,-0.6600184841162697,-0.3502038645510472,0.4242181892812052,0.8077365626180215,-1.5477679860172513,0.9702425509371356,0.6060451085108204,1.412812421522078,-1.6046629860212898,-1.002803930999114,1.7279038324066065,-0.5738091541336192,1.0959875190286648,-1.0959875190286648,-0.5784279906300535,-0.5776581893550843,-0.5765804684883443,1.733900301750437,0
0.0152221764260119,1.1516997392084622,-0.695981771888179,-1.2258476714090278,-0.9115834940401768,0.646091668153197,-1.0306701134001208,1.2850337692621618,-1.43244469563043,0.2942935567630891,0.9972039090469852,-0.5787359118286177,-0.5738091541336192,1.0959875190286648,-1.0959875190286648,1.7288236672481017,-0.5776581893550843,-0.5765804684883443,-0.5767344287272242,1
0.3256254477557921,-0.0878969399084596,-1.3875375865624426,0.6416355367954653,-0.9115834940401768,0.646091668153197,0.9702425509371356,-0.8739144883663013,-1.43244469563043,-0.635265590054439,-1.002803930999114,1.7279038324066065,-0.5738091541336192,1.0959875190286648,-1.0959875190286648,-0.5784279906300535,1.731127539482183,-0.5765804684883443,-0.5767344287272242,1
-1.0504957218062334,0.6749317857019538,0.6871298574603482,-1.2258476714090278,-0.9115834940401768,0.646091668153197,0.9702425509371356,0.1559327364323415,-0.721130416342303,1.4761616148596606,0.9972039090469852,-0.5787359118286177,-0.5738091541336192,1.0959875190286648,-1.0959875190286648,1.7288236672481017,-0.5776581893550843,-0.5765804684883443,-0.5767344287272242,0
2.063883767202561,-0.0878969399084596,-0.0044259572139154,-1.2258476714090278,0.8077365626180215,0.646091668153197,-1.0306701134001208,-1.4536961174985303,-1.43244469563043,0.9848232086846814,0.9972039090469852,-0.5787359118286177,-0.5738091541336192,-0.9124191495230388,0.9124191495230392,-0.5784279906300535,-0.5776581893550843,-0.5765804684883443,1.733900301750437,0
-0.7607860018984386,0.1981638321954454,0.3413519501232164,-1.2258476714090278,-0.9115834940401768,0.646091668153197,0.9702425509371356,1.17429556956405,-0.721130416342303,-0.2722948755828328,0.9972039090469852,-0.5787359118286177,-0.5738091541336192,-0.9124191495230388,0.9124191495230392,1.7288236672481017,-0.5776581893550843,-0.5765804684883443,-0.5767344287272242,0
0.3877061020217482,-0.6600184841162697,-0.0044259572139154,-1.2258476714090278,0.8077365626180215,-1.5477679860172513,0.9702425509371356,1.3479523907394622,-0.721130416342303,1.1397497331542694,0.9972039090469852,-0.5787359118286177,-0.5738091541336192,1.0959875190286648,-1.0959875190286648,-0.5784279906300535,-0.5776581893550843,-0.5765804684883443,1.733900301750437,0
-0.3158746463257536,0.1981638321954454,-0.695981771888179,-1.2258476714090278,0.8077365626180215,0.646091668153197,0.9702425509371356,0.6471980916173603,-0.721130416342303,0.5244701074036199,0.9972039090469852,-0.5787359118286177,-0.5738091541336192,-0.9124191495230388,0.9124191495230392,-0.5784279906300535,-0.5776581893550843,1.7343632929879855,-0.5767344287272242,0
-1.1436167032051676,-0.1832505306097613,-0.695981771888179,0.8571184122742109,-0.9115834940401768,-1.5477679860172513,-1.0306701134001208,-1.4035733661260543,1.412812421522078,-0.4626331770740409,-1.002803930999114,1.7279038324066065,-0.5738091541336192,-0.9124191495230388,0.9124191495230392,-0.5784279906300535,-0.5776581893550843,-0.5765804684883443,1.733900301750437,0
-0.4814230577016364,3.058771553234496,1.7244635794717436,-1.2258476714090278,0.8077365626180215,0.646091668153197,0.9702425509371356,0.5198260954550136,-1.43244469563043,0.6351319105961827,-1.002803930999114,-0.5787359118286177,1.7427397119690018,1.0959875190286648,-1.0959875190286648,-0.5784279906300535,1.731127539482183,-0.5765804684883443,-0.5767344287272242,0
0.1807705878018947,-0.6600184841162697,-1.0417596792253108,-1.2258476714090278,0.8077365626180215,0.646091668153197,0.9702425509371356,-1.0335658605434968,-0.009816137054176,-1.6356482909152072,0.9972039090469852,-0.5787359118286177,-0.5738091541336192,1.0959875190286648,-1.0959875190286648,1.7288236672481017,-0.5776581893550843,-0.5765804684883443,-0.5767344287272242,0
1.6086256359188835,-0.7553720748175714,1.378685672134612,-1.2258476714090278,0.8077365626180215,-1.5477679860172513,0.9702425509371356,0.6969184615120745,0.7014981422339509,-1.2903834649544113,0.9972039090469852,-0.5787359118286177,-0.5738091541336192,-0.9124191495230388,0.9124191495230392,-0.5784279906300535,-0.5776581893550843,-0.5765804684883443,1.733900301750437,0
0.3152786720447995,-0.0878969399084596,-1.0417596792253108,0.3738411397293446,0.8077365626180215,0.646091668153197,-1.0306701134001208,-1.3312799865549412,-1.43244469563043,-0.1704860166456749,-1.002803930999114,-0.5787359118286177,1.7427397119690018,-0.9124191495230388,0.9124191495230392,1.7288236672481017,-0.5776581893550843,-0.5765804684883443,-0.5767344287272242,0
-0.8642537590083653,0.1028102414941437,-0.3502038645510472,0.6754290163010358,-0.9115834940401768,-1.5477679860172513,-1.0306701134001208,-0.1411397354507794,-1.43244469563043,1.2636909527299398,-1.002803930999114,-0.5787359118286177,1.7427397119690018,-0.9124191495230388,0.9124191495230392,-0.5784279906300535,-0.5776581893550843,1.7343632929879855,-0.5767344287272242,0
-0.967721516118292,-0.6600184841162697,-0.695981771888179,0.7535408174082978,-0.9115834940401768,0.646091668153197,0.9702425509371356,-0.5262509793200334,0.7014981422339509,0.5156171631482148,0.9972039090469852,-0.5787359118286177,-0.5738091541336192,1.0959875190286648,-1.0959875190286648,1.7288236672481017,-0.5776581893550843,-0.5765804684883443,-0.5767344287272242,0
2.063883767202561,0.6749317857019538,-0.695981771888179,-1.2258476714090278,0.8077365626180215,0.646091668153197,0.9702425509371356,1.528318757861041,-1.43244469563043,-1.2771040485713037,0.9972039090469852,-0.5787359118286177,-0.5738091541336192,1.0959875190286648,-1.0959875190286648,-0.5784279906300535,-0.5776581893550843,1.7343632929879855,-0.5767344287272242,0
-1.0298021703842482,0.3888710135980487,0.6871298574603482,-1.2258476714090278,0.8077365626180215,0.646091668153197,-1.0306701134001208,1.3616185803327037,-1.43244469563043,1.617808722946141,0.9972039090469852,-0.5787359118286177,-0.5738091541336192,-0.9124191495230388,0.9124191495230392,-0.5784279906300535,-0.5776581893550843,1.7343632929879855,-0.5767344287272242,0
0.1186899335359386,0.1981638321954454,-0.3502038645510472,0.2222139520555422,-0.9115834940401768,0.646091668153197,-1.0306701134001208,-0.4209110210202065,-0.009816137054176,0.4536465533603796,-1.002803930999114,-0.5787359118286177,1.7427397119690018,1.0959875190286648,-1.0959875190286648,-0.5784279906300535,-0.5776581893550843,1.7343632929879855,-0.5767344287272242,1
-0.967721516118292,0.1028102414941437,-0.3502038645510472,-1.2258476714090278,0.8077365626180215,-1.5477679860172513,0.9702425509371356,0.0929144759806429,-0.721130416342303,-1.4408835172962966,-1.002803930999114,-0.5787359118286177,1.7427397119690018,1.0959875190286648,-1.0959875190286648,-0.5784279906300535,-0.5776581893550843,-0.5765804684883443,1.733900301750437,0
-0.8952940861413433,-1.422847209726683,0.3413519501232164,1.171681836152881,-0.9115834940401768,0.646091668153197,0.9702425509371356,0.933468690113674,-0.721130416342303,-1.3523540747422464,-1.002803930999114,-0.5787359118286177,1.7427397119690018,1.0959875190286648,-1.0959875190286648,-0.5784279906300535,1.731127539482183,-0.5765804684883443,-0.5767344287272242,0
-0.398648852013695,0.7702853764032556,0.3413519501232164,0.8580750704001416,-0.9115834940401768,0.646091668153197,0.9702425509371356,-0.9449188213105144,0.7014981422339509,0.4359406648495695,-1.002803930999114,1.7279038324066065,-0.5738091541336192,1.0959875190286648,-1.0959875190286648,-0.5784279906300535,-0.5776581893550843,1.7343632929879855,-0.5767344287272242,1
1.5879320844968985,-1.422847209726683,-0.695981771888179,-1.2258476714090278,0.8077365626180215,0.646091668153197,-1.0306701134001208,1.2712244681926033,0.7014981422339509,-1.2018540224003609,0.9972039090469852,-0.5787359118286177,-0.5738091541336192,-0.9124191495230388,0.9124191495230392,-0.5784279906300535,-0.5776581893550843,-0.5765804684883443,1.733900301750437,0
2.063883767202561,2.105235646221479,-1.3875375865624426,-1.2258476714090278,-0.9115834940401768,0.646091668153197,-1.0306701134001208,-0.8176727215137248,-0.721130416342303,-1.038074553675368,0.9972039090469852,-0.5787359118286177,-0.5738091541336192,-0.9124191495230388,0.9124191495230392,-0.5784279906300535,1.731127539482183,-0.5765804684883443,-0.5767344287272242,1
0.5739480648196164,0.3888710135980487,-1.3875375865624426,-1.2258476714090278,0.8077365626180215,0.646091668153197,-1.0306701134001208,-1.1846686260533468,0.7014981422339509,1.7151911097555963,-1.002803930999114,-0.5787359118286177,1.7427397119690018,1.0959875190286648,-1.0959875190286648,-0.5784279906300535,-0.5776581893550843,-0.5765804684883443,1.733900301750437,0
0.0566092792699826,-0.6600184841162697,-0.0044259572139154,0.9692751582245516,-0.9115834940401768,0.646091668153197,-1.0306701134001208,0.5864273595148701,-1.43244469563043,1.7196175818832988,-1.002803930999114,-0.5787359118286177,1.7427397119690018,-0.9124191495230388,0.9124191495230392,-0.5784279906300535,1.731127539482183,-0.5765804684883443,-0.5767344287272242,0
-1.474713525956933,0.9609925578058588,0.6871298574603482,0.7366952041326733,0.8077365626180215,0.646091668153197,0.9702425509371356,-0.4222421490289638,-0.009816137054176,1.2149997593252122,0.9972039090469852,-0.5787359118286177,-0.5738091541336192,-0.9124191495230388,0.9124191495230392,-0.5784279906300535,1.731127539482183,-0.5765804684883443,-0.5767344287272242,0
0.1911173635128873,0.1981638321954454,-1.7333154938995745,1.181735160707288,0.8077365626180215,-1.5477679860172513,-1.0306701134001208,0.1347437173270338,-0.721130416342303,1.2105732871975097,0.9972039090469852,-0.5787359118286177,-0.5738091541336192,1.0959875190286648,-1.0959875190286648,-0.5784279906300535,-0.5776581893550843,1.7343632929879855,-0.5767344287272242,0
-1.6402619373328158,0.9609925578058588,-1.0417596792253108,1.1982437238842645,0.8077365626180215,0.646091668153197,0.9702425509371356,1.1676314089098865,0.7014981422339509,-0.2811478198382378,-1.002803930999114,1.7279038324066065,-0.5738091541336192,1.0959875190286648,-1.0959875190286648,-0.5784279906300535,1.731127539482183,-0.5765804684883443,-0.5767344287272242,0
-0.1917133377938415,-0.7553720748175714,-0.695981771888179,0.9627572536064662,-0.9115834940401768,0.646091668153197,-1.0306701134001208,-0.3119136341889361,0.7014981422339509,1.5823969459245208,-1.002803930999114,-0.5787359118286177,1.7427397119690018,-0.9124191495230388,0.9124191495230392,-0.5784279906300535,-0.5776581893550843,-0.5765804684883443,1.733900301750437,1
2.043190215780576,-0.3739577120123647,-0.0044259572139154,0.6981544949923115,0.8077365626180215,0.646091668153197,-1.0306701134001208,-0.267435700245629,1.412812421522078,0.1659258650597161,-1.002803930999114,-0.5787359118286177,1.7427397119690018,-0.9124191495230388,0.9124191495230392,-0.5784279906300535,1.731127539482183,-0.5765804684883443,-0.5767344287272242,0
-1.4954070773789183,1.0563461485071606,-0.695981771888179,-1.2258476714090278,0.8077365626180215,0.646091668153197,-1.0306701134001208,-1.5315092875832934,-0.009816137054176,-1.3789129075084614,-1.002803930999114,-0.5787359118286177,1.7427397119690018,-0.9124191495230388,0.9124191495230392,1.7288236672481017,-0.5776581893550843,-0.5765804684883443,-0.5767344287272242,0
1.308569140300096,-0.6600184841162697,-1.0417596792253108,-1.2258476714090278,-0.9115834940401768,0.646091668153197,-1.0306701134001208,0.6324023125342576,1.412812421522078,1.3743527559225026,0.9972039090469852,-0.5787359118286177,-0.5738091541336192,1.0959875190286648,-1.0959875190286648,-0.5784279906300535,-0.5776581893550843,-0.5765804684883443,1.733900301750437,1
-0.1089391321059001,-0.1832505306097613,-0.0044259572139154,1.3068262642949195,-0.9115834940401768,0.646091668153197,-1.0306701134001208,-0.3267767087050094,-1.43244469563043,0.6307054384684803,-1.002803930999114,-0.5787359118286177,1.7427397119690018,-0.9124191495230388,0.9124191495230392,-0.5784279906300535,1.731127539482183,-0.5765804684883443,-0.5767344287272242,0
0.4808270834206822,0.2935174228967471,1.7244635794717436,-1.2258476714090278,0.8077365626180215,0.646091668153197,-1.0306701134001208,-0.6743122347056278,1.412812421522078,1.153029149537377,0.9972039090469852,-0.5787359118286177,-0.5738091541336192,1.0959875190286648,-1.0959875190286648,-0.5784279906300535,1.731127539482183,-0.5765804684883443,-0.5767344287272242,0
-1.4850603016679258,0.6749317857019538,1.03290776479748,0.4215012737927185,-0.9115834940401768,0.646091668153197,0.9702425509371356,-0.5176107326186432,-1.43244469563043,0.1172346716549885,-1.002803930999114,1.7279038324066065,-0.5738091541336192,1.0959875190286648,-1.0959875190286648,-0.5784279906300535,1.731127539482183,-0.5765804684883443,-0.5767344287272242,0
-1.040148946095241,-1.3274936190253817,-1.7333154938995745,-1.2258476714090278,0.8077365626180215,0.646091668153197,0.9702425509371356,1.462951765075667,1.412812421522078,-0.4759125934571485,0.9972039090469852,-0.5787359118286177,-0.5738091541336192,-0.9124191495230388,0.9124191495230392,-0.5784279906300535,-0.5776581893550843,1.7343632929879855,-0.5767344287272242,0
0.1497302606689167,-0.1832505306097613,-0.695981771888179,0.5677722016962736,-0.9115834940401768,0.646091668153197,0.9702425509371356,0.1785753021118104,0.7014981422339509,-0.8565891964395648,-1.002803930999114,1.7279038324066065,-0.5738091541336192,1.0959875190286648,-1.0959875190286648,-0.5784279906300535,1.731127539482183,-0.5765804684883443,-0.5767344287272242,1
-0.1399794592388781,0.1028102414941437,0.3413519501232164,-1.2258476714090278,0.8077365626180215,0.646091668153197,0.9702425509371356,1.4175576046819167,-0.009816137054176,-1.666633595809125,-1.002803930999114,-0.5787359118286177,1.7427397119690018,1.0959875190286648,-1.0959875190286648,-0.5784279906300535,-0.5776581893550843,1.7343632929879855,-0.5767344287272242,0
0.2842383449118215,0.4842246042993504,-1.0417596792253108,0.3449553212179315,0.8077365626180215,-1.5477679860172513,0.9702425509371356,-1.1947179034869335,-0.009816137054176,1.6753528606062738,-1.002803930999114,1.7279038324066065,-0.5738091541336192,1.0959875190286648,-1.0959875190286648,-0.5784279906300535,-0.5776581893550843,-0.5765804684883443,1.733900301750437,0
0.3463189991777775,-0.3739577120123647,-0.695981771888179,0.3763464973813045,-0.9115834940401768,0.646091668153197,0.9702425509371356,1.335333366772444,-1.43244469563043,-0.0022800757929793,-1.002803930999114,1.7279038324066065,-0.5738091541336192,-0.9124191495230388,0.9124191495230392,-0.5784279906300535,-0.5776581893550843,-0.5765804684883443,1.733900301750437,0
0.3049318963338068,1.1516997392084622,-0.0044259572139154,1.0682706026765998,-0.9115834940401768,-1.5477679860172513,-1.0306701134001208,-0.9093544891606636,-1.43244469563043,-1.1885746060172533,-1.002803930999114,1.7279038324066065,-0.5738091541336192,1.0959875190286648,-1.0959875190286648,1.7288236672481017,-0.5776581893550843,-0.5765804684883443,-0.5767344287272242,1
-1.4333264231129623,-0.5646648934149681,0.3413519501232164,0.7244160347042623,0.8077365626180215,0.646091668153197,0.9702425509371356,-0.2853234175552133,0.7014981422339509,1.6222351950738436,0.9972039090469852,-0.5787359118286177,-0.5738091541336192,1.0959875190286648,-1.0959875190286648,-0.5784279906300535,1.731127539482183,-0.5765804684883443,-0.5767344287272242,0
-1.671302264465794,-1.0414328469214764,-1.3875375865624426,0.0476821026137693,0.8077365626180215,0.646091668153197,0.9702425509371356,1.1804243228845803,-0.009816137054176,-1.65778065155372,-1.002803930999114,1.7279038324066065,-0.5738091541336192,-0.9124191495230388,0.9124191495230392,-0.5784279906300535,-0.5776581893550843,1.7343632929879855,-0.5767344287272242,0
-0.5538504876785851,-0.0878969399084596,-1.3875375865624426,-1.2258476714090278,0.8077365626180215,0.646091668153197,-1.0306701134001208,-1.0222463166038391,-0.009816137054176,-0.5777214523943063,-1.002803930999114,-0.5787359118286177,1.7427397119690018,-0.9124191495230388,0.9124191495230392,1.7288236672481017,-0.5776581893550843,-0.5765804684883443,-0.5767344287272242,0
0.615335167663587,-0.8507256655188732,0.3413519501232164,-1.2258476714090278,0.8077365626180215,0.646091668153197,0.9702425509371356,-1.58412179608567,-0.721130416342303,1.006955569323194,0.9972039090469852,-0.5787359118286177,-0.5738091541336192,-0.9124191495230388,0.9124191495230392,-0.5784279906300535,-0.5776581893550843,1.7343632929879855,-0.5767344287272242,0
2.012149888647598,0.1981638321954454,-1.0417596792253108,0.0841078744732161,0.8077365626180215,-1.5477679860172513,-1.0306701134001208,1.7331799670238517,-1.43244469563043,-1.0956186913355006,-1.002803930999114,1.7279038324066065,-0.5738091541336192,1.0959875190286648,-1.0959875190286648,1.7288236672481017,-0.5776581893550843,-0.5765804684883443,-0.5767344287272242,0
0.0566092792699826,2.868064371831893,0.3413519501232164,1.4021989410675342,-0.9115834940401768,0.646091668153197,0.9702425509371356,-1.1125785239012067,-0.009816137054176,1.015808513578599,-1.002803930999114,-0.5787359118286177,1.7427397119690018,-0.9124191495230388,0.9124191495230392,-0.5784279906300535,-0.5776581893550843,-0.5765804684883443,1.733900301750437,0
-0.398648852013695,0.2935174228967471,-0.0044259572139154,1.0488334059035218,-0.9115834940401768,0.646091668153197,0.9702425509371356,-0.992412181876926,1.412812421522078,-1.3612070189976515,-1.002803930999114,1.7279038324066065,-0.5738091541336192,-0.9124191495230388,0.9124191495230392,-0.5784279906300535,1.731127539482183,-0.5765804684883443,-0.5767344287272242,0
-0.4089956277246876,-0.1832505306097613,-0.3502038645510472,-1.2258476714090278,0.8077365626180215,0.646091668153197,-1.0306701134001208,0.4452631035037172,0.7014981422339509,0.0995287831441784,-1.002803930999114,-0.5787359118286177,1.7427397119690018,1.0959875190286648,-1.0959875190286648,-0.5784279906300535,-0.5776581893550843,-0.5765804684883443,1.733900301750437,0
-1.9610119843735887,-0.3739577120123647,-0.0044259572139154,-1.2258476714090278,-0.9115834940401768,0.646091668153197,0.9702425509371356,-0.7978285677277811,-0.721130416342303,0.4580730254880821,0.9972039090469852,-0.5787359118286177,-0.5738091541336192,1.0959875190286648,-1.0959875190286648,-0.5784279906300535,1.731127539482183,-0.5765804684883443,-0.5767344287272242,0
-0.1813665620828488,-0.6600184841162697,-1.3875375865624426,0.4409937640912525,-0.9115834940401768,-1.5477679860172513,0.9702425509371356,-1.103290189141209,-0.009816137054176,-0.4227949279247183,0.9972039090469852,-0.5787359118286177,-0.5738091541336192,1.0959875190286648,-1.0959875190286648,1.7288236672481017,-0.5776581893550843,-0.5765804684883443,-0.5767344287272242,0
-0.5952375905225558,-0.3739577120123647,0.3413519501232164,0.9135969821568112,0.8077365626180215,0.646091668153197,0.9702425509371356,-0.3823658663587789,0.7014981422339509,1.1397497331542694,0.9972039090469852,-0.5787359118286177,-0.5738091541336192,1.0959875190286648,-1.0959875190286648,1.7288236672481017,-0.5776581893550843,-0.5765804684883443,-0.5767344287272242,0
-0.5745440391005705,-0.6600184841162697,1.03290776479748,0.8750123587382613,0.8077365626180215,0.646091668153197,0.9702425509371356,-0.5331719755155343,-1.43244469563043,1.617808722946141,-1.002803930999114,1.7279038324066065,-0.5738091541336192,-0.9124191495230388,0.9124191495230392,-0.5784279906300535,1.731127539482183,-0.5765804684883443,-0.5767344287272242,0
0.9257384389933672,1.1516997392084622,-0.3502038645510472,-1.2258476714090278,0.8077365626180215,0.646091668153197,0.9702425509371356,1.370941866984244,0.7014981422339509,1.0777791233664342,0.9972039090469852,-0.5787359118286177,-0.5738091541336192,1.0959875190286648,-1.0959875190286648,-0.5784279906300535,-0.5776581893550843,-0.5765804684883443,1.733900301750437,0
2.012149888647598,-0.5646648934149681,1.03290776479748,1.408777107614812,-0.9115834940401768,0.646091668153197,-1.0306701134001208,0.8794440208589632,1.412812421522078,-0.0819565740916246,0.9972039090469852,-0.5787359118286177,-0.5738091541336192,-0.9124191495230388,0.9124191495230392,-0.5784279906300535,1.731127539482183,-0.5765804684883443,-0.5767344287272242,0
-0.4089956277246876,-0.0878969399084596,0.6871298574603482,-1.2258476714090278,-0.9115834940401768,0.646091668153197,0.9702425509371356,-0.6414496316050347,-0.721130416342303,-0.7060891440976792,0.9972039090469852,-0.5787359118286177,-0.5738091541336192,-0.9124191495230388,0.9124191495230392,1.7288236672481017,-0.5776581893550843,-0.5765804684883443,-0.5767344287272242,0
-0.9884150675402774,-1.1367864376227783,1.03290776479748,0.408920153633992,-0.9115834940401768,0.646091668153197,0.9702425509371356,0.2898183045022048,1.412812421522078,-0.0908095183470296,0.9972039090469852,-0.5787359118286177,-0.5738091541336192,1.0959875190286648,-1.0959875190286648,-0.5784279906300535,-0.5776581893550843,-0.5765804684883443,1.733900301750437,0
-1.2677780117370796,-1.518200800427985,0.6871298574603482,0.4529100797758021,-0.9115834940401768,0.646091668153197,-1.0306701134001208,1.2202336579018105,1.412812421522078,-0.3962360951585032,-1.002803930999114,-0.5787359118286177,1.7427397119690018,-0.9124191495230388,0.9124191495230392,-0.5784279906300535,1.731127539482183,-0.5765804684883443,-0.5767344287272242,0
-1.2263909088931089,1.247053329909764,1.378685672134612,0.9819788857658108,-0.9115834940401768,0.646091668153197,-1.0306701134001208,1.0972763812543342,-0.721130416342303,-0.9097068619719948,-1.002803930999114,1.7279038324066065,-0.5738091541336192,-0.9124191495230388,0.9124191495230392,-0.5784279906300535,1.731127539482183,-0.5765804684883443,-0.5767344287272242,1
-0.4710762819906437,1.7238212834162725,-1.0417596792253108,-1.2258476714090278,2.52705661927622,0.646091668153197,-1.0306701134001208,-0.5814445372063407,-0.009816137054176,-0.4626331770740409,-1.002803930999114,-0.5787359118286177,1.7427397119690018,1.0959875190286648,-1.0959875190286648,-0.5784279906300535,-0.5776581893550843,1.7343632929879855,-0.5767344287272242,1
1.1637142803461988,-0.6600184841162697,1.378685672134612,1.349394746154793,-0.9115834940401768,0.646091668153197,-1.0306701134001208,-1.2033864942595751,-0.009816137054176,-0.0288389085591944,-1.002803930999114,1.7279038324066065,-0.5738091541336192,-0.9124191495230388,0.9124191495230392,1.7288236672481017,-0.5776581893550843,-0.5765804684883443,-0.5767344287272242,0
0.3566657748887701,-0.3739577120123647,1.378685672134612,-1.2258476714090278,-0.9115834940401768,0.646091668153197,-1.0306701134001208,1.1640821399632175,1.412812421522078,1.653220499967761,0.9972039090469852,-0.5787359118286177,-0.5738091541336192,-0.9124191495230388,0.9124191495230392,-0.5784279906300535,-0.5776581893550843,1.7343632929879855,-0.5767344287272242,0
0.8946981118603892,-0.278604121311063,1.378685672134612,-1.2258476714090278,-0.9115834940401768,-1.5477679860172513,0.9702425509371356,1.5403291668011947,-0.009816137054176,1.0689261791110292,0.9972039090469852,-0.5787359118286177,-0.5738091541336192,-0.9124191495230388,0.9124191495230392,-0.5784279906300535,-0.5776581893550843,-0.5765804684883443,1.733900301750437,1
-2.405923339946274,-0.4693113027136664,1.03290776479748,1.273962677643537,-0.9115834940401768,0.646091668153197,-1.0306701134001208,0.9410704656892253,0.7014981422339509,0.7546466580441507,0.9972039090469852,-0.5787359118286177,-0.5738091541336192,-0.9124191495230388,0.9124191495230392,-0.5784279906300535,1.731127539482183,-0.5765804684883443,-0.5767344287272242,0
-0.3262214220367463,-0.4693113027136664,-1.3875375865624426,-1.2258476714090278,-0.9115834940401768,0.646091668153197,-1.0306701134001208,0.692588948100965,1.412812421522078,-0.3652507902645856,-1.002803930999114,-0.5787359118286177,1.7427397119690018,-0.9124191495230388,0.9124191495230392,-0.5784279906300535,1.731127539482183,-0.5765804684883443,-0.5767344287272242,0
0.3256254477557921,0.2935174228967471,-1.7333154938995745,-1.2258476714090278,-0.9115834940401768,-1.5477679860172513,0.9702425509371356,-0.14099679786447,1.412812421522078,-1.0867657470800955,0.9972039090469852,-0.5787359118286177,-0.5738091541336192,1.0959875190286648,-1.0959875190286648,-0.5784279906300535,1.731127539482183,-0.5765804684883443,-0.5767344287272242,1
-0.5641972633895778,-0.9460792562201747,-1.0417596792253108,-1.2258476714090278,0.8077365626180215,0.646091668153197,0.9702425509371356,-1.7128000539856765,-0.721130416342303,-1.69319242857534,-1.002803930999114,-0.5787359118286177,1.7427397119690018,-0.9124191495230388,0.9124191495230392,1.7288236672481017,-0.5776581893550843,-0.5765804684883443,-0.5767344287272242,0
0.4601335319986969,-1.1367864376227783,0.3413519501232164,0.7864032821620621,-0.9115834940401768,0.646091668153197,-1.0306701134001208,0.0904405428414406,-1.43244469563043,-0.2457360428166177,-1.002803930999114,1.7279038324066065,-0.5738091541336192,-0.9124191495230388,0.9124191495230392,-0.5784279906300535,-0.5776581893550843,-0.5765804684883443,1.733900301750437,0
0.0359157278479972,-0.7553720748175714,-0.0044259572139154,1.1877321842884705,0.8077365626180215,0.646091668153197,0.9702425509371356,0.0891744496955538,-0.721130416342303,1.462882198476553,-1.002803930999114,1.7279038324066065,-0.5738091541336192,-0.9124191495230388,0.9124191495230392,1.7288236672481017,-0.5776581893550843,-0.5765804684883443,-0.5767344287272242,0
1.443077224543001,-0.7553720748175714,-1.0417596792253108,1.1988961874846435,-0.9115834940401768,0.646091668153197,0.9702425509371356,1.2580399539206235,-1.43244469563043,0.8121907957042833,0.9972039090469852,-0.5787359118286177,-0.5738091541336192,1.0959875190286648,-1.0959875190286648,1.7288236672481017,-0.5776581893550843,-0.5765804684883443,-0.5767344287272242,0
0.4808270834206822,-1.3274936190253817,-1.3875375865624426,-1.2258476714090278,0.8077365626180215,-1.5477679860172513,-1.0306701134001208,-0.2136572592417864,-0.721130416342303,1.0822055954941368,0.9972039090469852,-0.5787359118286177,-0.5738091541336192,1.0959875190286648,-1.0959875190286648,-0.5784279906300535,-0.5776581893550843,1.7343632929879855,-0.5767344287272242,0
0.3359722234667848,3.1541251439357976,-0.695981771888179,1.03393075903109,-0.9115834940401768,-1.5477679860172513,0.9702425509371356,-0.8210013240406532,-0.009816137054176,-0.1173683511132447,0.9972039090469852,-0.5787359118286177,-0.5738091541336192,-0.9124191495230388,0.9124191495230392,-0.5784279906300535,-0.5776581893550843,-0.5765804684883443,1.733900301750437,0
-0.8021731047424093,0.6749317857019538,-0.695981771888179,-0.1797706190930108,-0.9115834940401768,-1.5477679860172513,0.9702425509371356,1.5632435225626609,0.7014981422339509,-0.3785302066476931,-1.002803930999114,-0.5787359118286177,1.7427397119690018,-0.9124191495230388,0.9124191495230392,-0.5784279906300535,1.731127539482183,-0.5765804684883443,-0.5767344287272242,1
0.5325609619756456,2.009882055520177,-0.0044259572139154,0.9954701854348672,0.8077365626180215,0.646091668153197,0.9702425509371356,-1.018189462724765,0.7014981422339509,-0.5777214523943063,-1.002803930999114,1.7279038324066065,-0.5738091541336192,1.0959875190286648,-1.0959875190286648,-0.5784279906300535,1.731127539482183,-0.5765804684883443,-0.5767344287272242,1
-0.6469714690775192,0.4842246042993504,1.03290776479748,1.2488940356416387,-0.9115834940401768,0.646091668153197,-1.0306701134001208,-0.8827736625873555,-1.43244469563043,0.5731613008083475,0.9972039090469852,-0.5787359118286177,-0.5738091541336192,-0.9124191495230388,0.9124191495230392,1.7288236672481017,-0.5776581893550843,-0.5765804684883443,-0.5767344287272242,1
-0.4917698334126291,0.8656389671045572,-0.0044259572139154,-1.2258476714090278,-0.9115834940401768,0.646091668153197,-1.0306701134001208,0.0067531944073848,-0.721130416342303,0.4536465533603796,0.9972039090469852,-0.5787359118286177,-0.5738091541336192,1.0959875190286648,-1.0959875190286648,-0.5784279906300535,-0.5776581893550843,1.7343632929879855,-0.5767344287272242,1
-1.1125763760721894,2.391296418325384,-0.3502038645510472,-1.2258476714090278,0.8077365626180215,0.646091668153197,0.9702425509371356,0.8384207596981493,1.412812421522078,0.4182347763387595,0.9972039090469852,-0.5787359118286177,-0.5738091541336192,-0.9124191495230388,0.9124191495230392,-0.5784279906300535,1.731127539482183,-0.5765804684883443,-0.5767344287272242,0
1.0705932989472646,-0.1832505306097613,0.3413519501232164,-1.2258476714090278,-0.9115834940401768,0.646091668153197,0.9702425509371356,0.279119200109934,1.412812421522078,-0.4936184819679585,0.9972039090469852,-0.5787359118286177,-0.5738091541336192,-0.9124191495230388,0.9124191495230392,-0.5784279906300535,-0.5776581893550843,-0.5765804684883443,1.733900301750437,0
-0.1606730106608635,-0.4693113027136664,-0.0044259572139154,0.3557630417848629,0.8077365626180215,0.646091668153197,-1.0306701134001208,-1.4668848051306942,-0.009816137054176,-0.2147507379227001,-1.002803930999114,-0.5787359118286177,1.7427397119690018,1.0959875190286648,-1.0959875190286648,-0.5784279906300535,-0.5776581893550843,-0.5765804684883443,1.733900301750437,0
1.443077224543001,0.1981638321954454,-1.0417596792253108,0.8034931485762222,-0.9115834940401768,0.646091668153197,-1.0306701134001208,1.7064546378541643,0.7014981422339509,0.3961024157002469,0.9972039090469852,-0.5787359118286177,-0.5738091541336192,1.0959875190286648,-1.0959875190286648,1.7288236672481017,-0.5776581893550843,-0.5765804684883443,-0.5767344287272242,0
0.9774723175483306,0.5795781950006521,1.7244635794717436,0.6530364206601134,2.52705661927622,0.646091668153197,0.9702425509371356,0.3876143925990368,-0.721130416342303,-1.3966187960192715,-1.002803930999114,1.7279038324066065,-0.5738091541336192,-0.9124191495230388,0.9124191495230392,-0.5784279906300535,1.731127539482183,-0.5765804684883443,-0.5767344287272242,1
1.6396659630518615,0.3888710135980487,-1.0417596792253108,-1.2258476714090278,0.8077365626180215,0.646091668153197,0.9702425509371356,0.5706692731292902,-1.43244469563043,0.4403671369772721,0.9972039090469852,-0.5787359118286177,-0.5738091541336192,-0.9124191495230388,0.9124191495230392,-0.5784279906300535,-0.5776581893550843,1.7343632929879855,-0.5767344287272242,0
0.553254513397631,0.7702853764032556,-0.0044259572139154,-1.2258476714090278,0.8077365626180215,0.646091668153197,0.9702425509371356,0.786823942730606,0.7014981422339509,-1.3213687698483287,0.9972039090469852,-0.5787359118286177,-0.5738091541336192,-0.9124191495230388,0.9124191495230392,-0.5784279906300535,1.731127539482183,-0.5765804684883443,-0.5767344287272242,0
0.7084561490625211,-0.278604121311063,-0.695981771888179,1.2651363885409856,-0.9115834940401768,0.646091668153197,0.9702425509371356,1.73457160875528,-0.721130416342303,-1.0292216094199629,0.9972039090469852,-0.5787359118286177,-0.5738091541336192,-0.9124191495230388,0.9124191495230392,-0.5784279906300535,-0.5776581893550843,-0.5765804684883443,1.733900301750437,0
-0.1813665620828488,-0.278604121311063,0.3413519501232164,0.779628943802732,-0.9115834940401768,-1.5477679860172513,-1.0306701134001208,0.4498750142872922,1.412812421522078,-0.626412645799034,0.9972039090469852,-0.5787359118286177,-0.5738091541336192,1.0959875190286648,-1.0959875190286648,-0.5784279906300535,1.731127539482183,-0.5765804684883443,-0.5767344287272242,0
0.1497302606689167,-0.5646648934149681,-1.0417596792253108,0.3974758363044207,-0.9115834940401768,0.646091668153197,0.9702425509371356,1.0389974929618373,1.412812421522078,0.723661353150233,0.9972039090469852,-0.5787359118286177,-0.5738091541336192,-0.9124191495230388,0.9124191495230392,-0.5784279906300535,-0.5776581893550843,1.7343632929879855,-0.5767344287272242,0
0.8429642333054258,0.2935174228967471,-1.0417596792253108,0.6796098479098529,0.8077365626180215,-1.5477679860172513,-1.0306701134001208,-0.2202854246643615,-0.009816137054176,-1.684339484319935,-1.002803930999114,1.7279038324066065,-0.5738091541336192,1.0959875190286648,-1.0959875190286648,-0.5784279906300535,1.731127539482183,-0.5765804684883443,-0.5767344287272242,0
0.6877625976405357,1.914528464818876,-0.3502038645510472,-1.2258476714090278,0.8077365626180215,0.646091668153197,0.9702425509371356,1.2248532198457232,-1.43244469563043,-1.0956186913355006,0.9972039090469852,-0.5787359118286177,-0.5738091541336192,1.0959875190286648,-1.0959875190286648,1.7288236672481017,-0.5776581893550843,-0.5765804684883443,-0.5767344287272242,0
0.8843513361493965,-1.3274936190253817,1.378685672134612,0.0840940911596242,0.8077365626180215,0.646091668153197,-1.0306701134001208,0.6330820485742619,-0.009816137054176,1.5646910574137107,-1.002803930999114,1.7279038324066065,-0.5738091541336192,1.0959875190286648,-1.0959875190286648,-0.5784279906300535,-0.5776581893550843,1.7343632929879855,-0.5767344287272242,0
0.3463189991777775,0.007456650792842,-0.3502038645510472,1.013522479734136,-0.9115834940401768,0.646091668153197,0.9702425509371356,0.3568548152512736,-0.721130416342303,-1.560398264744265,-1.002803930999114,-0.5787359118286177,1.7427397119690018,1.0959875190286648,-1.0959875190286648,-0.5784279906300535,-0.5776581893550843,-0.5765804684883443,1.733900301750437,0
0.7705368033284771,0.4842246042993504,1.7244635794717436,-1.2258476714090278,-0.9115834940401768,-1.5477679860172513,0.9702425509371356,-0.1097703258460976,1.412812421522078,0.3961024157002469,0.9972039090469852,-0.5787359118286177,-0.5738091541336192,1.0959875190286648,-1.0959875190286648,-0.5784279906300535,-0.5776581893550843,-0.5765804684883443,1.733900301750437,0
0.3670125505997628,-0.5646648934149681,1.378685672134612,1.0486890016529833,0.8077365626180215,-1.5477679860172513,0.9702425509371356,1.459741059973943,0.7014981422339509,1.635514611456951,-1.002803930999114,1.7279038324066065,-0.5738091541336192,-0.9124191495230388,0.9124191495230392,-0.5784279906300535,1.731127539482183,-0.5765804684883443,-0.5767344287272242,0
-0.2641407677707902,-1.613554391129287,1.378685672134612,-1.2258476714090278,0.8077365626180215,0.646091668153197,-1.0306701134001208,0.9908716944375092,-0.721130416342303,-0.0332653806868969,0.9972039090469852,-0.5787359118286177,-0.5738091541336192,-0.9124191495230388,0.9124191495230392,-0.5784279906300535,-0.5776581893550843,1.7343632929879855,-0.5767344287272242,0
-0.6159311419445411,1.8191748741175744,-0.0044259572139154,0.8331340041845124,-0.9115834940401768,-1.5477679860172513,0.9702425509371356,0.6462502171855198,-0.721130416342303,-0.4050890394139082,-1.002803930999114,-0.5787359118286177,1.7427397119690018,-0.9124191495230388,0.9124191495230392,-0.5784279906300535,1.731127539482183,-0.5765804684883443,-0.5767344287272242,0
-0.0572052535509367,-1.422847209726683,-0.695981771888179,-0.6721460005061486,-0.9115834940401768,0.646091668153197,0.9702425509371356,-1.5380931110539109,-0.721130416342303,-0.1129418789855422,0.9972039090469852,-0.5787359118286177,-0.5738091541336192,1.0959875190286648,-1.0959875190286648,-0.5784279906300535,-0.5776581893550843,-0.5765804684883443,1.733900301750437,0
1.7534804958727812,0.007456650792842,-1.3875375865624426,0.4508169393628927,-0.9115834940401768,0.646091668153197,-1.0306701134001208,-0.670377451611942,0.7014981422339509,1.4894410312427682,0.9972039090469852,-0.5787359118286177,-0.5738091541336192,1.0959875190286648,-1.0959875190286648,-0.5784279906300535,1.731127539482183,-0.5765804684883443,-0.5767344287272242,1
0.6049883919525944,-0.6600184841162697,0.6871298574603482,-1.2258476714090278,0.8077365626180215,0.646091668153197,0.9702425509371356,1.7272108447303671,1.412812421522078,-0.343118429626073,0.9972039090469852,-0.5787359118286177,-0.5738091541336192,1.0959875190286648,-1.0959875190286648,-0.5784279906300535,1.731127539482183,-0.5765804684883443,-0.5767344287272242,0
0.2325044663568581,1.7238212834162725,-0.3502038645510472,-1.2258476714090278,0.8077365626180215,0.646091668153197,0.9702425509371356,-0.876512578970984,-1.43244469563043,-0.790192114524027,-1.002803930999114,-0.5787359118286177,1.7427397119690018,1.0959875190286648,-1.0959875190286648,-0.5784279906300535,-0.5776581893550843,-0.5765804684883443,1.733900301750437,0
1.060246523236272,-0.0878969399084596,0.3413519501232164,1.0542241239577488,-0.9115834940401768,-1.5477679860172513,0.9702425509371356,-1.153930784956543,0.7014981422339509,-1.1310304683571206,0.9972039090469852,-0.5787359118286177,-0.5738091541336192,1.0959875190286648,-1.0959875190286648,1.7288236672481017,-0.5776581893550843,-0.5765804684883443,-0.5767344287272242,0
0.9153916632823744,-0.278604121311063,-1.7333154938995745,-1.2258476714090278,0.8077365626180215,-1.5477679860172513,-1.0306701134001208,0.5803636410572108,-0.721130416342303,-1.254971687932791,0.9972039090469852,-0.5787359118286177,-0.5738091541336192,1.0959875190286648,-1.0959875190286648,-0.5784279906300535,1.731127539482183,-0.5765804684883443,-0.5767344287272242,0
-0.1089391321059001,0.8656389671045572,-1.3875375865624426,0.5627667753382668,-0.9115834940401768,-1.5477679860172513,0.9702425509371356,0.6243579868891715,-0.009816137054176,1.3433674510285851,-1.002803930999114,1.7279038324066065,-0.5738091541336192,-0.9124191495230388,0.9124191495230392,-0.5784279906300535,-0.5776581893550843,1.7343632929879855,-0.5767344287272242,0
0.6256819433745797,-0.6600184841162697,-1.3875375865624426,-1.2258476714090278,0.8077365626180215,0.646091668153197,-1.0306701134001208,0.4538212741214847,0.7014981422339509,-1.3744864353807589,0.9972039090469852,-0.5787359118286177,-0.5738091541336192,1.0959875190286648,-1.0959875190286648,-0.5784279906300535,-0.5776581893550843,-0.5765804684883443,1.733900301750437,0
-1.1436167032051676,0.007456650792842,-1.3875375865624426,-1.2258476714090278,-0.9115834940401768,-1.5477679860172513,0.9702425509371356,0.1448359455925165,-0.721130416342303,0.5333230516590249,-1.002803930999114,-0.5787359118286177,1.7427397119690018,-0.9124191495230388,0.9124191495230392,1.7288236672481017,-0.5776581893550843,-0.5765804684883443,-0.5767344287272242,0
-1.3298586660030356,0.1981638321954454,0.6871298574603482,-1.2258476714090278,0.8077365626180215,-1.5477679860172513,0.9702425509371356,1.33356507928439,-0.721130416342303,-1.3435011304868414,0.9972039090469852,-0.5787359118286177,-0.5738091541336192,1.0959875190286648,-1.0959875190286648,-0.5784279906300535,1.731127539482183,-0.5765804684883443,-0.5767344287272242,0
-1.88858455439664,0.2935174228967471,1.378685672134612,1.6851102674511145,0.8077365626180215,0.646091668153197,-1.0306701134001208,1.26206150812814,-1.43244469563043,-0.4449272885632309,-1.002803930999114,1.7279038324066065,-0.5738091541336192,-0.9124191495230388,0.9124191495230392,-0.5784279906300535,-0.5776581893550843,1.7343632929879855,-0.5767344287272242,0
-1.2988183388700576,-0.8507256655188732,-0.0044259572139154,-1.2258476714090278,0.8077365626180215,-1.5477679860172513,0.9702425509371356,0.8538903625609953,0.7014981422339509,0.8653084612367135,-1.002803930999114,-0.5787359118286177,1.7427397119690018,1.0959875190286648,-1.0959875190286648,-0.5784279906300535,-0.5776581893550843,-0.5765804684883443,1.733900301750437,0
-0.7918263290314166,0.007456650792842,-1.0417596792253108,0.737867587143426,0.8077365626180215,0.646091668153197,-1.0306701134001208,-0.202175128144952,-1.43244469563043,0.3518376944232217,0.9972039090469852,-0.5787359118286177,-0.5738091541336192,1.0959875190286648,-1.0959875190286648,-0.5784279906300535,-0.5776581893550843,-0.5765804684883443,1.733900301750437,0
0.9567787661263452,-0.3739577120123647,-1.3875375865624426,1.126631235948847,-0.9115834940401768,0.646091668153197,-1.0306701134001208,1.551402482489984,-0.721130416342303,-1.4762952943179168,-1.002803930999114,1.7279038324066065,-0.5738091541336192,1.0959875190286648,-1.0959875190286648,1.7288236672481017,-0.5776581893550843,-0.5765804684883443,-0.5767344287272242,0
1.029206196103294,-0.1832505306097613,-0.695981771888179,-1.2258476714090278,0.8077365626180215,0.646091668153197,-1.0306701134001208,-1.4471133373679588,-0.721130416342303,0.896293766130631,0.9972039090469852,-0.5787359118286177,-0.5738091541336192,-0.9124191495230388,0.9124191495230392,-0.5784279906300535,-0.5776581893550843,-0.5765804684883443,1.733900301750437,0
-2.5093910970562003,0.1028102414941437,-0.695981771888179,-1.2258476714090278,0.8077365626180215,-1.5477679860172513,-1.0306701134001208,0.4309688232027512,1.412812421522078,-0.0199859643037894,0.9972039090469852,-0.5787359118286177,-0.5738091541336192,-0.9124191495230388,0.9124191495230392,-0.5784279906300535,1.731127539482183,-0.5765804684883443,-0.5767344287272242,0
-0.1296326835278854,-0.9460792562201747,1.378685672134612,0.4316397022950015,-0.9115834940401768,0.646091668153197,0.9702425509371356,-1.4737845867452586,0.7014981422339509,-0.506897898351066,0.9972039090469852,-0.5787359118286177,-0.5738091541336192,1.0959875190286648,-1.0959875190286648,-0.5784279906300535,-0.5776581893550843,-0.5765804684883443,1.733900301750437,0
-0.3469149734587316,-0.0878969399084596,0.6871298574603482,-1.2258476714090278,-0.9115834940401768,0.646091668153197,0.9702425509371356,-1.2668053972889586,-1.43244469563043,0.6041466057022651,-1.002803930999114,-0.5787359118286177,1.7427397119690018,-0.9124191495230388,0.9124191495230392,1.7288236672481017,-0.5776581893550843,-0.5765804684883443,-0.5767344287272242,0
-0.8228666561643946,0.9609925578058588,-0.3502038645510472,1.6688732034976808,-0.9115834940401768,-1.5477679860172513,-1.0306701134001208,-1.7313748107155875,-0.009816137054176,0.1969111699536337,0.9972039090469852,-0.5787359118286177,-0.5738091541336192,-0.9124191495230388,0.9124191495230392,1.7288236672481017,-0.5776581893550843,-0.5765804684883443,-0.5767344287272242,0
0.1807705878018947,0.2935174228967471,1.03290776479748,1.7797928169176045,-0.9115834940401768,0.646091668153197,0.9702425509371356,-1.168364003373642,-0.721130416342303,1.0113820414508965,0.9972039090469852,-0.5787359118286177,-0.5738091541336192,-0.9124191495230388,0.9124191495230392,-0.5784279906300535,-0.5776581893550843,1.7343632929879855,-0.5767344287272242,1
0.4911738591316749,-0.0878969399084596,-1.3875375865624426,1.5283850167302802,-0.9115834940401768,-1.5477679860172513,-1.0306701134001208,-1.4455961470509884,1.412812421522078,0.8830143497475236,-1.002803930999114,-0.5787359118286177,1.7427397119690018,1.0959875190286648,-1.0959875190286648,-0.5784279906300535,-0.5776581893550843,1.7343632929879855,-0.5767344287272242,0
1.691399841606825,-0.7553720748175714,0.3413519501232164,0.1808920587202941,-0.9115834940401768,0.646091668153197,-1.0306701134001208,1.5376434356326438,-0.009816137054176,1.1663085659204846,0.9972039090469852,-0.5787359118286177,-0.5738091541336192,1.0959875190286648,-1.0959875190286648,-0.5784279906300535,-0.5776581893550843,-0.5765804684883443,1.733900301750437,0
-1.040148946095241,-1.613554391129287,0.6871298574603482,1.0034726811436707,-0.9115834940401768,0.646091668153197,-1.0306701134001208,0.51820439724343,0.7014981422339509,1.6310881393292485,0.9972039090469852,-0.5787359118286177,-0.5738091541336192,1.0959875190286648,-1.0959875190286648,1.7288236672481017,-0.5776581893550843,-0.5765804684883443,-0.5767344287272242,0
-1.5988748344888453,0.4842246042993504,-1.7333154938995745,1.64871494709844,0.8077365626180215,0.646091668153197,-1.0306701134001208,-1.6897071131863275,-1.43244469563043,-1.2416922715496834,-1.002803930999114,-0.5787359118286177,1.7427397119690018,1.0959875190286648,-1.0959875190286648,-0.5784279906300535,-0.5776581893550843,1.7343632929879855,-0.5767344287272242,1
-0.1917133377938415,-0.4693113027136664,-1.0417596792253108,-1.2258476714090278,0.8077365626180215,-1.5477679860172513,-1.0306701134001208,1.1354201977780465,0.7014981422339509,-0.3785302066476931,0.9972039090469852,-0.5787359118286177,-0.5738091541336192,1.0959875190286648,-1.0959875190286648,-0.5784279906300535,-0.5776581893550843,-0.5765804684883443,1.733900301750437,0
0.3773593263107555,-0.3739577120123647,-1.3875375865624426,0.7798046009154846,0.8077365626180215,0.646091668153197,0.9702425509371356,0.8424419661256499,-0.009816137054176,-1.3612070189976515,-1.002803930999114,1.7279038324066065,-0.5738091541336192,-0.9124191495230388,0.9124191495230392,-0.5784279906300535,-0.5776581893550843,-0.5765804684883443,1.733900301750437,0
-2.085173292905501,-0.7553720748175714,-1.3875375865624426,0.5963224125488328,-0.9115834940401768,-1.5477679860172513,-1.0306701134001208,-0.3007245077550353,-1.43244469563043,-0.93626569473821,-1.002803930999114,-0.5787359118286177,1.7427397119690018,1.0959875190286648,-1.0959875190286648,-0.5784279906300535,1.731127539482183,-0.5765804684883443,-0.5767344287272242,0
0.9464319904153524,-0.3739577120123647,-0.0044259572139154,0.9675743614357466,-0.9115834940401768,-1.5477679860172513,-1.0306701134001208,-0.2709322805199718,0.7014981422339509,0.9582643759184664,-1.002803930999114,1.7279038324066065,-0.5738091541336192,-0.9124191495230388,0.9124191495230392,-0.5784279906300535,1.731127539482183,-0.5765804684883443,-0.5767344287272242,0
-0.7400924504764532,-1.1367864376227783,1.378685672134612,-1.2258476714090278,0.8077365626180215,0.646091668153197,-1.0306701134001208,0.4651289935406205,1.412812421522078,1.3123821461346674,0.9972039090469852,-0.5787359118286177,-0.5738091541336192,1.0959875190286648,-1.0959875190286648,-0.5784279906300535,1.731127539482183,-0.5765804684883443,-0.5767344287272242,0
1.8672950286937005,-0.6600184841162697,-1.0417596792253108,1.114649048847015,-0.9115834940401768,0.646091668153197,-1.0306701134001208,1.5853638965490795,1.412812421522078,-1.091192219207798,0.9972039090469852,-0.5787359118286177,-0.5738091541336192,1.0959875190286648,-1.0959875190286648,-0.5784279906300535,-0.5776581893550843,-0.5765804684883443,1.733900301750437,0
0.1186899335359386,3.344832325338401,0.3413519501232164,-1.2258476714090278,0.8077365626180215,0.646091668153197,-1.0306701134001208,0.4085304043922937,-1.43244469563043,-0.4183684557970157,0.9972039090469852,-0.5787359118286177,-0.5738091541336192,-0.9124191495230388,0.9124191495230392,-0.5784279906300535,-0.5776581893550843,-0.5765804684883443,1.733900301750437,0
0.4083996534437335,0.2935174228967471,-0.695981771888179,0.2579122534452954,0.8077365626180215,-1.5477679860172513,-1.0306701134001208,-0.5091436803648975,1.412812421522078,1.5735440016691158,0.9972039090469852,-0.5787359118286177,-0.5738091541336192,1.0959875190286648,-1.0959875190286648,1.7288236672481017,-0.5776581893550843,-0.5765804684883443,-0.5767344287272242,0
-1.1022296003611969,-0.6600184841162697,1.378685672134612,0.5488082854468801,-0.9115834940401768,0.646091668153197,0.9702425509371356,-1.487292014761492,-1.43244469563043,0.0995287831441784,0.9972039090469852,-0.5787359118286177,-0.5738091541336192,1.0959875190286648,-1.0959875190286648,-0.5784279906300535,-0.5776581893550843,-0.5765804684883443,1.733900301750437,0
-0.1192859078168928,-0.3739577120123647,-1.3875375865624426,0.4251868677387568,0.8077365626180215,0.646091668153197,0.9702425509371356,0.6782385013275196,-1.43244469563043,-0.6175597015436289,0.9972039090469852,-0.5787359118286177,-0.5738091541336192,1.0959875190286648,-1.0959875190286648,-0.5784279906300535,-0.5776581893550843,1.7343632929879855,-0.5767344287272242,0
1.277528813167118,0.1028102414941437,1.378685672134612,0.2649534431666082,0.8077365626180215,0.646091668153197,-1.0306701134001208,1.5914192682863708,-1.43244469563043,-1.117751051974013,0.9972039090469852,-0.5787359118286177,-0.5738091541336192,-0.9124191495230388,0.9124191495230392,-0.5784279906300535,1.731127539482183,-0.5765804684883443,-0.5767344287272242,1
-1.702342591598772,0.1028102414941437,1.378685672134612,-0.0824722851947373,-0.9115834940401768,0.646091668153197,-1.0306701134001208,-0.4155628599441323,0.7014981422339509,-0.3386919574983705,-1.002803930999114,1.7279038324066065,-0.5738091541336192,1.0959875190286648,-1.0959875190286648,-0.5784279906300535,-0.5776581893550843,1.7343632929879855,-0.5767344287272242,0
1.2051013831901694,0.4842246042993504,-1.0417596792253108,1.218434675585513,-0.9115834940401768,0.646091668153197,0.9702425509371356,0.6403483903250065,0.7014981422339509,0.7546466580441507,0.9972039090469852,-0.5787359118286177,-0.5738091541336192,1.0959875190286648,-1.0959875190286648,-0.5784279906300535,1.731127539482183,-0.5765804684883443,-0.5767344287272242,0
0.3049318963338068,-1.518200800427985,-0.0044259572139154,1.0180627993939606,-0.9115834940401768,-1.5477679860172513,0.9702425509371356,-1.188993096654234,-0.009816137054176,0.8918672940029286,0.9972039090469852,-0.5787359118286177,-0.5738091541336192,-0.9124191495230388,0.9124191495230392,-0.5784279906300535,1.731127539482183,-0.5765804684883443,-0.5767344287272242,0
-0.9884150675402774,0.4842246042993504,-0.695981771888179,0.4693508482824368,2.52705661927622,0.646091668153197,-1.0306701134001208,-0.6878441812129436,0.7014981422339509,1.3079556740069649,0.9972039090469852,-0.5787359118286177,-0.5738091541336192,1.0959875190286648,-1.0959875190286648,1.7288236672481017,-0.5776581893550843,-0.5765804684883443,-0.5767344287272242,1
0.9774723175483306,-1.3274936190253817,-0.0044259572139154,1.3063257376862274,0.8077365626180215,0.646091668153197,-1.0306701134001208,0.7990456280300857,-1.43244469563043,-0.93626569473821,0.9972039090469852,-0.5787359118286177,-0.5738091541336192,-0.9124191495230388,0.9124191495230392,-0.5784279906300535,-0.5776581893550843,-0.5765804684883443,1.733900301750437,0
-1.4333264231129623,-0.6600184841162697,-1.0417596792253108,0.7519592623091716,0.8077365626180215,0.646091668153197,-1.0306701134001208,-0.3472592127091307,-0.721130416342303,0.8476025727259034,-1.002803930999114,1.7279038324066065,-0.5738091541336192,1.0959875190286648,-1.0959875190286648,-0.5784279906300535,-0.5776581893550843,1.7343632929879855,-0.5767344287272242,0
-0.9884150675402774,-0.1832505306097613,1.378685672134612,0.7770461752151339,-0.9115834940401768,0.646091668153197,-1.0306701134001208,-0.6937548764638484,-0.721130416342303,1.31680861826237,0.9972039090469852,-0.5787359118286177,-0.5738091541336192,-0.9124191495230388,0.9124191495230392,-0.5784279906300535,1.731127539482183,-0.5765804684883443,-0.5767344287272242,0
0.0566092792699826,-1.1367864376227783,-0.695981771888179,1.1927236670617969,0.8077365626180215,0.646091668153197,-1.0306701134001208,-1.4448785029893103,0.7014981422339509,1.0290879299617066,-1.002803930999114,1.7279038324066065,-0.5738091541336192,1.0959875190286648,-1.0959875190286648,-0.5784279906300535,1.731127539482183,-0.5765804684883443,-0.5767344287272242,0
0.3773593263107555,0.7702853764032556,0.6871298574603482,-1.2258476714090278,0.8077365626180215,0.646091668153197,0.9702425509371356,1.348234788111928,-1.43244469563043,-0.3962360951585032,0.9972039090469852,-0.5787359118286177,-0.5738091541336192,1.0959875190286648,-1.0959875190286648,1.7288236672481017,-0.5776581893550843,-0.5765804684883443,-0.5767344287272242,0
1.6707062901848395,-1.422847209726683,1.7244635794717436,-1.2258476714090278,0.8077365626180215,0.646091668153197,0.9702425509371356,0.9879719046695088,-1.43244469563043,0.2278964748475513,0.9972039090469852,-0.5787359118286177,-0.5738091541336192,-0.9124191495230388,0.9124191495230392,-0.5784279906300535,-0.5776581893550843,1.7343632929879855,-0.5767344287272242,0
0.8119239061724478,-0.278604121311063,1.03290776479748,0.5228188860428251,-0.9115834940401768,-1.5477679860172513,-1.0306701134001208,0.369009900677813,-0.009816137054176,-0.6662508949483567,0.9972039090469852,-0.5787359118286177,-0.5738091541336192,1.0959875190286648,-1.0959875190286648,1.7288236672481017,-0.5776581893550843,-0.5765804684883443,-0.5767344287272242,0
-0.5124633848346144,0.1981638321954454,-0.695981771888179,-1.2258476714090278,0.8077365626180215,0.646091668153197,-1.0306701134001208,-0.7955017455350725,1.412812421522078,-0.205897793667295,-1.002803930999114,-0.5787359118286177,1.7427397119690018,1.0959875190286648,-1.0959875190286648,-0.5784279906300535,-0.5776581893550843,1.7343632929879855,-0.5767344287272242,0
0.6463754947965651,1.247053329909764,-1.7333154938995745,1.7534562703363394,-0.9115834940401768,0.646091668153197,0.9702425509371356,-0.934148769795112,0.7014981422339509,-0.2767213477105353,0.9972039090469852,-0.5787359118286177,-0.5738091541336192,1.0959875190286648,-1.0959875190286648,-0.5784279906300535,-0.5776581893550843,1.7343632929879855,-0.5767344287272242,1
-1.826503900130684,-0.4693113027136664,1.378685672134612,1.5999136828865277,-0.9115834940401768,0.646091668153197,-1.0306701134001208,1.0454794168879566,-0.009816137054176,0.5200436352759173,-1.002803930999114,1.7279038324066065,-0.5738091541336192,1.0959875190286648,-1.0959875190286648,-0.5784279906300535,-0.5776581893550843,-0.5765804684883443,1.733900301750437,0
0.3980528777327409,0.6749317857019538,0.6871298574603482,-0.392180296454028,0.8077365626180215,0.646091668153197,0.9702425509371356,-0.4711826222392529,-0.009816137054176,-0.9849568881429376,0.9972039090469852,-0.5787359118286177,-0.5738091541336192,1.0959875190286648,-1.0959875190286648,1.7288236672481017,-0.5776581893550843,-0.5765804684883443,-0.5767344287272242,0
0.2118109149348727,0.2935174228967471,-0.695981771888179,-1.2258476714090278,0.8077365626180215,0.646091668153197,0.9702425509371356,0.4931362398468927,-0.721130416342303,1.4363233657103378,-1.002803930999114,-0.5787359118286177,1.7427397119690018,1.0959875190286648,-1.0959875190286648,1.7288236672481017,-0.5776581893550843,-0.5765804684883443,-0.5767344287272242,0
-0.5331569362565998,1.0563461485071606,-0.695981771888179,0.7159912246778465,-0.9115834940401768,-1.5477679860172513,-1.0306701134001208,-1.6703326363111155,-0.721130416342303,-0.7592068096301094,0.9972039090469852,-0.5787359118286177,-0.5738091541336192,-0.9124191495230388,0.9124191495230392,-0.5784279906300535,-0.5776581893550843,-0.5765804684883443,1.733900301750437,1
1.1326739532132206,0.3888710135980487,1.03290776479748,0.7280426488898145,-0.9115834940401768,0.646091668153197,-1.0306701134001208,1.6210389966338197,-0.009816137054176,-1.69319242857534,0.9972039090469852,-0.5787359118286177,-0.5738091541336192,-0.9124191495230388,0.9124191495230392,-0.5784279906300535,-0.5776581893550843,-0.5765804684883443,1.733900301750437,0
-0.5228101605456071,-0.8507256655188732,-1.0417596792253108,0.6934787462628922,-0.9115834940401768,0.646091668153197,0.9702425509371356,-1.3604689893533777,-1.43244469563043,1.3433674510285851,-1.002803930999114,1.7279038324066065,-0.5738091541336192,-0.9124191495230388,0.9124191495230392,1.7288236672481017,-0.5776581893550843,-0.5765804684883443,-0.5767344287272242,0
0.1600770363799093,-1.1367864376227783,-1.3875375865624426,0.140066044132178,-0.9115834940401768,-1.5477679860172513,0.9702425509371356,-0.6186797784399471,0.7014981422339509,1.1707350380481871,0.9972039090469852,-0.5787359118286177,-0.5738091541336192,1.0959875190286648,-1.0959875190286648,-0.5784279906300535,-0.5776581893550843,-0.5765804684883443,1.733900301750437,0
-1.1125763760721894,-0.3739577120123647,1.7244635794717436,-0.2736990930891535,-0.9115834940401768,0.646091668153197,-1.0306701134001208,-0.4054542860179283,0.7014981422339509,-0.5600155638834963,-1.002803930999114,-0.5787359118286177,1.7427397119690018,-0.9124191495230388,0.9124191495230392,-0.5784279906300535,1.731127539482183,-0.5765804684883443,-0.5767344287272242,0
0.3359722234667848,-1.23214002832408,0.6871298574603482,-1.2258476714090278,0.8077365626180215,0.646091668153197,-1.0306701134001208,-0.2342380111002446,0.7014981422339509,0.3562641665509243,0.9972039090469852,-0.5787359118286177,-0.5738091541336192,1.0959875190286648,-1.0959875190286648,1.7288236672481017,-0.5776581893550843,-0.5765804684883443,-0.5767344287272242,0
0.7601900276174844,-0.1832505306097613,0.3413519501232164,0.7853845991249676,-0.9115834940401768,0.646091668153197,-1.0306701134001208,0.3213537790642169,0.7014981422339509,1.2105732871975097,-1.002803930999114,1.7279038324066065,-0.5738091541336192,-0.9124191495230388,0.9124191495230392,-0.5784279906300535,-0.5776581893550843,-0.5765804684883443,1.733900301750437,0
0.6567222705075577,1.4377605113123673,-0.3502038645510472,0.9856782630254408,0.8077365626180215,-1.5477679860172513,0.9702425509371356,-0.848265016674104,-0.721130416342303,0.896293766130631,-1.002803930999114,1.7279038324066065,-0.5738091541336192,-0.9124191495230388,0.9124191495230392,-0.5784279906300535,-0.5776581893550843,1.7343632929879855,-0.5767344287272242,1
-1.7126893673097645,-1.3274936190253817,-0.695981771888179,0.9292737383856252,-0.9115834940401768,0.646091668153197,0.9702425509371356,0.2291148678326851,-0.721130416342303,0.5643083565529425,0.9972039090469852,-0.5787359118286177,-0.5738091541336192,1.0959875190286648,-1.0959875190286648,-0.5784279906300535,-0.5776581893550843,1.7343632929879855,-0.5767344287272242,0
-1.15396347891616,0.007456650792842,-1.3875375865624426,-1.2258476714090278,-0.9115834940401768,0.646091668153197,0.9702425509371356,-1.2503654881832822,1.412812421522078,-0.7149420883530843,0.9972039090469852,-0.5787359118286177,-0.5738091541336192,-0.9124191495230388,0.9124191495230392,-0.5784279906300535,-0.5776581893550843,1.7343632929879855,-0.5767344287272242,0
1.1016336260802426,-1.518200800427985,-1.0417596792253108,0.0671226650797014,0.8077365626180215,0.646091668153197,-1.0306701134001208,-0.1060483841218069,1.412812421522078,-1.4585894058071067,0.9972039090469852,-0.5787359118286177,-0.5738091541336192,-0.9124191495230388,0.9124191495230392,1.7288236672481017,-0.5776581893550843,-0.5765804684883443,-0.5767344287272242,0
-2.6025120784551343,0.6749317857019538,-1.0417596792253108,0.8200964319663706,-0.9115834940401768,0.646091668153197,-1.0306701134001208,0.6938983398587629,1.412812421522078,-0.5821479245220088,-1.002803930999114,1.7279038324066065,-0.5738091541336192,-0.9124191495230388,0.9124191495230392,-0.5784279906300535,-0.5776581893550843,1.7343632929879855,-0.5767344287272242,1
-0.936681188985314,-1.0414328469214764,-1.3875375865624426,-1.2258476714090278,0.8077365626180215,0.646091668153197,0.9702425509371356,0.3615256747474507,-0.009816137054176,-0.6883832555868692,-1.002803930999114,-0.5787359118286177,1.7427397119690018,1.0959875190286648,-1.0959875190286648,-0.5784279906300535,-0.5776581893550843,-0.5765804684883443,1.733900301750437,0
0.3049318963338068,0.7702853764032556,-0.0044259572139154,-1.2258476714090278,0.8077365626180215,0.646091668153197,0.9702425509371356,1.386826545295412,-1.43244469563043,0.5687348286806451,0.9972039090469852,-0.5787359118286177,-0.5738091541336192,1.0959875190286648,-1.0959875190286648,1.7288236672481017,-0.5776581893550843,-0.5765804684883443,-0.5767344287272242,0
0.6049883919525944,-0.7553720748175714,0.3413519501232164,-1.2258476714090278,0.8077365626180215,0.646091668153197,0.9702425509371356,-0.5056790958519669,0.7014981422339509,-1.2859569928267087,0.9972039090469852,-0.5787359118286177,-0.5738091541336192,-0.9124191495230388,0.9124191495230392,-0.5784279906300535,-0.5776581893550843,1.7343632929879855,-0.5767344287272242,0
0.2842383449118215,-0.0878969399084596,-0.695981771888179,-1.2258476714090278,0.8077365626180215,0.646091668153197,-1.0306701134001208,-0.5830295446263046,-1.43244469563043,-1.219559910911171,0.9972039090469852,-0.5787359118286177,-0.5738091541336192,-0.9124191495230388,0.9124191495230392,-0.5784279906300535,-0.5776581893550843,-0.5765804684883443,1.733900301750437,0
-0.0054713749959734,-0.1832505306097613,1.378685672134612,-1.2258476714090278,0.8077365626180215,0.646091668153197,-1.0306701134001208,-1.427917967200653,-0.721130416342303,1.7151911097555963,0.9972039090469852,-0.5787359118286177,-0.5738091541336192,-0.9124191495230388,0.9124191495230392,-0.5784279906300535,-0.5776581893550843,-0.5765804684883443,1.733900301750437,0
-0.750439226187446,-0.0878969399084596,-0.3502038645510472,0.5876267443832275,0.8077365626180215,0.646091668153197,-1.0306701134001208,1.3323861050323484,0.7014981422339509,-0.4626331770740409,-1.002803930999114,1.7279038324066065,-0.5738091541336192,1.0959875190286648,-1.0959875190286648,-0.5784279906300535,1.731127539482183,-0.5765804684883443,-0.5767344287272242,1
1.1740610560571914,-1.422847209726683,0.6871298574603482,-1.2258476714090278,0.8077365626180215,0.646091668153197,-1.0306701134001208,1.4957279448424454,-1.43244469563043,-0.8698686128226722,0.9972039090469852,-0.5787359118286177,-0.5738091541336192,1.0959875190286648,-1.0959875190286648,-0.5784279906300535,-0.5776581893550843,-0.5765804684883443,1.733900301750437,0
0.6670690462185503,-0.6600184841162697,1.03290776479748,1.5838218245390745,-0.9115834940401768,0.646091668153197,-1.0306701134001208,1.512164723927984,-0.009816137054176,0.2898670846353866,0.9972039090469852,-0.5787359118286177,-0.5738091541336192,-0.9124191495230388,0.9124191495230392,-0.5784279906300535,1.731127539482183,-0.5765804684883443,-0.5767344287272242,0
-0.99876184325127,-1.422847209726683,1.7244635794717436,-1.2258476714090278,-0.9115834940401768,-1.5477679860172513,-1.0306701134001208,-0.1375403861819002,1.412812421522078,-0.9229862783551024,0.9972039090469852,-0.5787359118286177,-0.5738091541336192,-0.9124191495230388,0.9124191495230392,-0.5784279906300535,-0.5776581893550843,-0.5765804684883443,1.733900301750437,0
0.2635447934898361,-1.23214002832408,-1.3875375865624426,0.5106680937561249,-0.9115834940401768,-1.5477679860172513,-1.0306701134001208,-0.6930994850249188,0.7014981422339509,-1.6046629860212898,-1.002803930999114,1.7279038324066065,-0.5738091541336192,1.0959875190286648,-1.0959875190286648,-0.5784279906300535,-0.5776581893550843,-0.5765804684883443,1.733900301750437,1
-0.7090521233434752,-0.5646648934149681,0.3413519501232164,-1.2258476714090278,0.8077365626180215,-1.5477679860172513,0.9702425509371356,-0.4715777003366921,0.7014981422339509,-0.5821479245220088,-1.002803930999114,-0.5787359118286177,1.7427397119690018,-0.9124191495230388,0.9124191495230392,1.7288236672481017,-0.5776581893550843,-0.5765804684883443,-0.5767344287272242,0
-0.5952375905225558,3.344832325338401,-0.0044259572139154,1.3614783848555043,0.8077365626180215,0.646091668153197,0.9702425509371356,-0.6009303036864649,1.412812421522078,-1.5161335434672394,-1.002803930999114,1.7279038324066065,-0.5738091541336192,-0.9124191495230388,0.9124191495230392,-0.5784279906300535,-0.5776581893550843,1.7343632929879855,-0.5767344287272242,0
0.5739480648196164,1.3424069206110656,0.6871298574603482,-1.2258476714090278,0.8077365626180215,-1.5477679860172513,0.9702425509371356,0.3103750595396036,-0.721130416342303,1.0335144020894091,-1.002803930999114,-0.5787359118286177,1.7427397119690018,-0.9124191495230388,0.9124191495230392,1.7288236672481017,-0.5776581893550843,-0.5765804684883443,-0.5767344287272242,0
-0.3158746463257536,-0.3739577120123647,-1.7333154938995745,0.0080789564292134,-0.9115834940401768,0.646091668153197,0.9702425509371356,-1.44063436957197,0.7014981422339509,0.5864407171914551,-1.002803930999114,1.7279038324066065,-0.5738091541336192,-0.9124191495230388,0.9124191495230392,-0.5784279906300535,-0.5776581893550843,1.7343632929879855,-0.5767344287272242,0
-0.4710762819906437,-1.0414328469214764,0.3413519501232164,-1.2258476714090278,0.8077365626180215,-1.5477679860172513,-1.0306701134001208,1.0332245185970113,-1.43244469563043,-0.6131332294159264,0.9972039090469852,-0.5787359118286177,-0.5738091541336192,1.0959875190286648,-1.0959875190286648,1.7288236672481017,-0.5776581893550843,-0.5765804684883443,-0.5767344287272242,0
1.3809965702770448,-0.0878969399084596,1.7244635794717436,0.7337524666808029,-0.9115834940401768,-1.5477679860172513,-1.0306701134001208,0.7941502765339989,1.412812421522078,-0.4272214000524208,-1.002803930999114,-0.5787359118286177,1.7427397119690018,-0.9124191495230388,0.9124191495230392,-0.5784279906300535,-0.5776581893550843,1.7343632929879855,-0.5767344287272242,0
0.7808835790394698,-0.8507256655188732,1.03290776479748,0.9242256799181364,-0.9115834940401768,0.646091668153197,0.9702425509371356,0.8300152645071209,-1.43244469563043,-0.7990450587794321,-1.002803930999114,-0.5787359118286177,1.7427397119690018,-0.9124191495230388,0.9124191495230392,-0.5784279906300535,-0.5776581893550843,1.7343632929879855,-0.5767344287272242,0
1.2257949346121548,-0.7553720748175714,0.6871298574603482,1.1608087249819317,0.8077365626180215,0.646091668153197,-1.0306701134001208,-0.8046414043385075,1.412812421522078,0.6926760482563155,-1.002803930999114,1.7279038324066065,-0.5738091541336192,1.0959875190286648,-1.0959875190286648,-0.5784279906300535,-0.5776581893550843,-0.5765804684883443,1.733900301750437,0
-1.5471409559338818,0.1981638321954454,-0.695981771888179,1.0862310616422854,-0.9115834940401768,0.646091668153197,-1.0306701134001208,1.252432870623121,1.412812421522078,-0.3918096230308007,0.9972039090469852,-0.5787359118286177,-0.5738091541336192,1.0959875190286648,-1.0959875190286648,1.7288236672481017,-0.5776581893550843,-0.5765804684883443,-0.5767344287272242,0
2.0535369914915687,0.1981638321954454,1.378685672134612,0.6247269369821474,-0.9115834940401768,0.646091668153197,-1.0306701134001208,0.0536322015766781,-0.009816137054176,0.0729699503779633,0.9972039090469852,-0.5787359118286177,-0.5738091541336192,1.0959875190286648,-1.0959875190286648,-0.5784279906300535,1.731127539482183,-0.5765804684883443,-0.5767344287272242,0
-0.5331569362565998,0.6749317857019538,0.6871298574603482,0.0842537211635488,0.8077365626180215,0.646091668153197,-1.0306701134001208,-0.2922748445020572,-0.009816137054176,-0.9982363045260452,-1.002803930999114,-0.5787359118286177,1.7427397119690018,1.0959875190286648,-1.0959875190286648,-0.5784279906300535,-0.5776581893550843,1.7343632929879855,-0.5767344287272242,0
0.4808270834206822,0.8656389671045572,-1.3875375865624426,-1.2258476714090278,0.8077365626180215,0.646091668153197,0.9702425509371356,-0.2206613748609563,1.412812421522078,-0.2368830985612126,0.9972039090469852,-0.5787359118286177,-0.5738091541336192,1.0959875190286648,-1.0959875190286648,1.7288236672481017,-0.5776581893550843,-0.5765804684883443,-0.5767344287272242,0
-1.4540199745349478,0.5795781950006521,1.7244635794717436,0.4381103269420449,0.8077365626180215,-1.5477679860172513,0.9702425509371356,-0.3862378751596939,-0.009816137054176,-0.8565891964395648,0.9972039090469852,-0.5787359118286177,-0.5738091541336192,1.0959875190286648,-1.0959875190286648,-0.5784279906300535,-0.5776581893550843,-0.5765804684883443,1.733900301750437,0
2.063883767202561,-0.1832505306097613,1.378685672134612,-1.2258476714090278,-0.9115834940401768,-1.5477679860172513,-1.0306701134001208,0.0001881510575961,1.412812421522078,0.9184261267691436,0.9972039090469852,-0.5787359118286177,-0.5738091541336192,1.0959875190286648,-1.0959875190286648,1.7288236672481017,-0.5776581893550843,-0.5765804684883443,-0.5767344287272242,0
-1.7437296944427425,-0.3739577120123647,-1.0417596792253108,0.907548511556292,-0.9115834940401768,-1.5477679860172513,0.9702425509371356,-0.3500804041936614,-0.009816137054176,1.5469851689029008,0.9972039090469852,-0.5787359118286177,-0.5738091541336192,1.0959875190286648,-1.0959875190286648,-0.5784279906300535,-0.5776581893550843,1.7343632929879855,-0.5767344287272242,0
0.1186899335359386,0.007456650792842,-0.0044259572139154,1.015096502092113,0.8077365626180215,0.646091668153197,0.9702425509371356,0.8021486952170583,-0.721130416342303,-1.1930010781449558,-1.002803930999114,1.7279038324066065,-0.5738091541336192,-0.9124191495230388,0.9124191495230392,-0.5784279906300535,-0.5776581893550843,1.7343632929879855,-0.5767344287272242,0
-2.1886410500154274,1.247053329909764,-0.695981771888179,0.3158999358951203,4.246376675934418,0.646091668153197,-1.0306701134001208,1.7177599228131926,-1.43244469563043,-0.927412750482805,-1.002803930999114,-0.5787359118286177,1.7427397119690018,-0.9124191495230388,0.9124191495230392,-0.5784279906300535,1.731127539482183,-0.5765804684883443,-0.5767344287272242,1
0.905044887571382,-0.3739577120123647,-0.695981771888179,-1.2258476714090278,-0.9115834940401768,0.646091668153197,0.9702425509371356,-1.468318702133988,-0.721130416342303,0.7059554646394229,-1.002803930999114,-0.5787359118286177,1.7427397119690018,-0.9124191495230388,0.9124191495230392,1.7288236672481017,-0.5776581893550843,-0.5765804684883443,-0.5767344287272242,0
-1.5781812830668598,3.2494787346370995,-1.0417596792253108,1.5026345815188478,0.8077365626180215,0.646091668153197,0.9702425509371356,1.1358098852852476,-0.721130416342303,-0.2988537083490479,0.9972039090469852,-0.5787359118286177,-0.5738091541336192,-0.9124191495230388,0.9124191495230392,-0.5784279906300535,1.731127539482183,-0.5765804684883443,-0.5767344287272242,0
-0.6262779176555339,0.1981638321954454,-1.3875375865624426,0.2019483140271555,-0.9115834940401768,0.646091668153197,-1.0306701134001208,-1.3144392609815725,-0.009816137054176,-0.4139419836693133,0.9972039090469852,-0.5787359118286177,-0.5738091541336192,-0.9124191495230388,0.9124191495230392,-0.5784279906300535,1.731127539482183,-0.5765804684883443,-0.5767344287272242,0
0.7808835790394698,0.8656389671045572,0.3413519501232164,0.3753597082907776,-0.9115834940401768,0.646091668153197,-1.0306701134001208,-0.6219523883844039,0.7014981422339509,1.3035292018792624,-1.002803930999114,-0.5787359118286177,1.7427397119690018,1.0959875190286648,-1.0959875190286648,1.7288236672481017,-0.5776581893550843,-0.5765804684883443,-0.5767344287272242,0
0.9567787661263452,-0.4693113027136664,-1.3875375865624426,0.8855136409844055,-0.9115834940401768,0.646091668153197,0.9702425509371356,0.1469887038875418,1.412812421522078,-0.4095155115416107,-1.002803930999114,1.7279038324066065,-0.5738091541336192,1.0959875190286648,-1.0959875190286648,-0.5784279906300535,1.731127539482183,-0.5765804684883443,-0.5767344287272242,0
-0.5848908148115631,1.0563461485071606,0.6871298574603482,0.0773219965955299,-0.9115834940401768,0.646091668153197,0.9702425509371356,1.4568117089046382,0.7014981422339509,-0.7415009211192993,0.9972039090469852,-0.5787359118286177,-0.5738091541336192,-0.9124191495230388,0.9124191495230392,-0.5784279906300535,-0.5776581893550843,-0.5765804684883443,1.733900301750437,0
-1.185003806049138,0.1028102414941437,1.378685672134612,-1.2258476714090278,0.8077365626180215,0.646091668153197,0.9702425509371356,-1.532513676267628,-0.721130416342303,-1.631221818787505,-1.002803930999114,-0.5787359118286177,1.7427397119690018,-0.9124191495230388,0.9124191495230392,-0.5784279906300535,-0.5776581893550843,-0.5765804684883443,1.733900301750437,0
-1.009108618962263,-0.6600184841162697,-0.695981771888179,0.6384982302424255,-0.9115834940401768,0.646091668153197,-1.0306701134001208,-0.396221422170379,-0.721130416342303,0.9936761529400864,0.9972039090469852,-0.5787359118286177,-0.5738091541336192,-0.9124191495230388,0.9124191495230392,-0.5784279906300535,1.731127539482183,-0.5765804684883443,-0.5767344287272242,0
-0.8539069832973727,0.1028102414941437,-1.3875375865624426,0.3653658443101213,-0.9115834940401768,-1.5477679860172513,-1.0306701134001208,0.6001065908586872,-0.721130416342303,0.9361320152799536,-1.002803930999114,1.7279038324066065,-0.5738091541336192,-0.9124191495230388,0.9124191495230392,-0.5784279906300535,-0.5776581893550843,-0.5765804684883443,1.733900301750437,1
0.615335167663587,-1.1367864376227783,-1.0417596792253108,0.942266915512314,-0.9115834940401768,0.646091668153197,-1.0306701134001208,0.7322492593816168,0.7014981422339509,-1.2948099370821138,-1.002803930999114,-0.5787359118286177,1.7427397119690018,1.0959875190286648,-1.0959875190286648,-0.5784279906300535,-0.5776581893550843,-0.5765804684883443,1.733900301750437,0
-0.4503827305686584,-0.5646648934149681,1.03290776479748,0.2374549311953285,-0.9115834940401768,-1.5477679860172513,0.9702425509371356,0.5344392900300571,1.412812421522078,-0.5600155638834963,0.9972039090469852,-0.5787359118286177,-0.5738091541336192,1.0959875190286648,-1.0959875190286648,1.7288236672481017,-0.5776581893550843,-0.5765804684883443,-0.5767344287272242,0
0.4394399805767116,-1.0414328469214764,1.03290776479748,-1.2258476714090278,0.8077365626180215,0.646091668153197,0.9702425509371356,1.016474215827634,-1.43244469563043,1.060073234855624,0.9972039090469852,-0.5787359118286177,-0.5738091541336192,1.0959875190286648,-1.0959875190286648,-0.5784279906300535,-0.5776581893550843,1.7343632929879855,-0.5767344287272242,0
0.3359722234667848,0.1028102414941437,-0.3502038645510472,0.2975787067097212,-0.9115834940401768,0.646091668153197,0.9702425509371356,0.2908536456079058,1.412812421522078,0.7546466580441507,-1.002803930999114,-0.5787359118286177,1.7427397119690018,-0.9124191495230388,0.9124191495230392,-0.5784279906300535,-0.5776581893550843,1.7343632929879855,-0.5767344287272242,1
-0.6159311419445411,0.4842246042993504,1.7244635794717436,0.5945430829267716,-0.9115834940401768,0.646091668153197,-1.0306701134001208,-1.7059449621030849,1.412812421522078,0.1703523371874186,-1.002803930999114,1.7279038324066065,-0.5738091541336192,1.0959875190286648,-1.0959875190286648,-0.5784279906300535,1.731127539482183,-0.5765804684883443,-0.5767344287272242,0
0.3256254477557921,-0.5646648934149681,1.03290776479748,-0.0243994987970369,-0.9115834940401768,0.646091668153197,0.9702425509371356,-1.1706219651233112,0.7014981422339509,-1.0956186913355006,0.9972039090469852,-0.5787359118286177,-0.5738091541336192,1.0959875190286648,-1.0959875190286648,1.7288236672481017,-0.5776581893550843,-0.5765804684883443,-0.5767344287272242,0
0.7808835790394698,-0.5646648934149681,0.6871298574603482,0.361578317951938,0.8077365626180215,0.646091668153197,0.9702425509371356,-0.7657625547523503,-0.009816137054176,-0.7149420883530843,-1.002803930999114,1.7279038324066065,-0.5738091541336192,1.0959875190286648,-1.0959875190286648,-0.5784279906300535,-0.5776581893550843,1.7343632929879855,-0.5767344287272242,0
0.7188029247735137,0.3888710135980487,1.7244635794717436,0.5503230075021943,-0.9115834940401768,-1.5477679860172513,-1.0306701134001208,-0.4734729275303494,0.7014981422339509,1.6842058048616788,-1.002803930999114,1.7279038324066065,-0.5738091541336192,1.0959875190286648,-1.0959875190286648,-0.5784279906300535,-0.5776581893550843,-0.5765804684883443,1.733900301750437,0
-1.2884715631590649,1.8191748741175744,1.378685672134612,1.824093348428497,0.8077365626180215,0.646091668153197,0.9702425509371356,1.585416411331398,-1.43244469563043,1.2504115363468322,-1.002803930999114,1.7279038324066065,-0.5738091541336192,-0.9124191495230388,0.9124191495230392,1.7288236672481017,-0.5776581893550843,-0.5765804684883443,-0.5767344287272242,0
0.7188029247735137,0.3888710135980487,0.3413519501232164,0.9830730564854836,0.8077365626180215,0.646091668153197,-1.0306701134001208,1.260137936863231,0.7014981422339509,-0.4449272885632309,0.9972039090469852,-0.5787359118286177,-0.5738091541336192,1.0959875190286648,-1.0959875190286648,-0.5784279906300535,1.731127539482183,-0.5765804684883443,-0.5767344287272242,0
-0.5848908148115631,-1.518200800427985,-0.3502038645510472,0.4530535223998108,0.8077365626180215,0.646091668153197,-1.0306701134001208,-0.7535300882723952,-0.009816137054176,0.5421759959144299,-1.002803930999114,1.7279038324066065,-0.5738091541336192,1.0959875190286648,-1.0959875190286648,-0.5784279906300535,-0.5776581893550843,1.7343632929879855,-0.5767344287272242,1
0.2118109149348727,0.7702853764032556,0.6871298574603482,0.6109192621848302,0.8077365626180215,0.646091668153197,-1.0306701134001208,0.9234268899504178,0.7014981422339509,-0.4759125934571485,-1.002803930999114,1.7279038324066065,-0.5738091541336192,1.0959875190286648,-1.0959875190286648,-0.5784279906300535,-0.5776581893550843,-0.5765804684883443,1.733900301750437,1
0.1807705878018947,-1.3274936190253817,1.03290776479748,-1.2258476714090278,0.8077365626180215,0.646091668153197,0.9702425509371356,0.6089949786010308,-0.721130416342303,0.7015289925117204,-1.002803930999114,-0.5787359118286177,1.7427397119690018,-0.9124191495230388,0.9124191495230392,-0.5784279906300535,-0.5776581893550843,-0.5765804684883443,1.733900301750437,0
-1.5161006288009038,0.3888710135980487,0.6871298574603482,0.4147751770309601,-0.9115834940401768,0.646091668153197,-1.0306701134001208,1.6450086908518695,0.7014981422339509,1.4761616148596606,-1.002803930999114,1.7279038324066065,-0.5738091541336192,1.0959875190286648,-1.0959875190286648,-0.5784279906300535,-0.5776581893550843,-0.5765804684883443,1.733900301750437,1
0.7498432519064918,0.1028102414941437,0.6871298574603482,1.0637362130470418,0.8077365626180215,-1.5477679860172513,-1.0306701134001208,-1.0793439700741954,1.412812421522078,-0.3741037345199906,0.9972039090469852,-0.5787359118286177,-0.5738091541336192,1.0959875190286648,-1.0959875190286648,-0.5784279906300535,-0.5776581893550843,1.7343632929879855,-0.5767344287272242,0
-1.3402054417140283,-0.9460792562201747,-1.0417596792253108,0.1719213653672038,-0.9115834940401768,0.646091668153197,0.9702425509371356,-1.723169636813402,-1.43244469563043,1.015808513578599,-1.002803930999114,1.7279038324066065,-0.5738091541336192,1.0959875190286648,-1.0959875190286648,-0.5784279906300535,-0.5776581893550843,1.7343632929879855,-0.5767344287272242,0
-1.3402054417140283,-0.8507256655188732,-1.0417596792253108,0.4941189819938142,-0.9115834940401768,0.646091668153197,-1.0306701134001208,-0.6223596387823804,-0.721130416342303,1.4982939754981732,0.9972039090469852,-0.5787359118286177,-0.5738091541336192,-0.9124191495230388,0.9124191495230392,-0.5784279906300535,-0.5776581893550843,-0.5765804684883443,1.733900301750437,0
-0.429689179146673,0.007456650792842,1.03290776479748,1.0447966580030663,-0.9115834940401768,-1.5477679860172513,0.9702425509371356,1.3141565199676737,0.7014981422339509,-0.7370744489915968,0.9972039090469852,-0.5787359118286177,-0.5738091541336192,1.0959875190286648,-1.0959875190286648,-0.5784279906300535,-0.5776581893550843,-0.5765804684883443,1.733900301750437,0
-0.0882455806839148,-0.8507256655188732,1.03290776479748,0.9297547119215468,-0.9115834940401768,-1.5477679860172513,-1.0306701134001208,-0.9883855848591874,-0.009816137054176,1.737323470394109,-1.002803930999114,1.7279038324066065,-0.5738091541336192,-0.9124191495230388,0.9124191495230392,-0.5784279906300535,1.731127539482183,-0.5765804684883443,-0.5767344287272242,0
-1.4333264231129623,0.007456650792842,-0.695981771888179,-1.2258476714090278,-0.9115834940401768,0.646091668153197,-1.0306701134001208,0.6049276913214962,-0.009816137054176,-0.927412750482805,-1.002803930999114,-0.5787359118286177,1.7427397119690018,-0.9124191495230388,0.9124191495230392,-0.5784279906300535,-0.5776581893550843,-0.5765804684883443,1.733900301750437,0
0.108343157824946,0.8656389671045572,-0.695981771888179,0.7025427173893601,-0.9115834940401768,-1.5477679860172513,-1.0306701134001208,-0.0630697298246795,1.412812421522078,0.5333230516590249,0.9972039090469852,-0.5787359118286177,-0.5738091541336192,-0.9124191495230388,0.9124191495230392,-0.5784279906300535,-0.5776581893550843,1.7343632929879855,-0.5767344287272242,0
-0.781479553320424,-1.0414328469214764,0.6871298574603482,-1.2258476714090278,-0.9115834940401768,0.646091668153197,0.9702425509371356,-1.5549973064800815,-1.43244469563043,0.6351319105961827,-1.002803930999114,-0.5787359118286177,1.7427397119690018,-0.9124191495230388,0.9124191495230392,-0.5784279906300535,-0.5776581893550843,1.7343632929879855,-0.5767344287272242,0
1.1430207289242134,2.200589236922781,-0.0044259572139154,0.3585015938702672,-0.9115834940401768,-1.5477679860172513,-1.0306701134001208,-0.2290004440690524,-0.009816137054176,-1.2372657994219811,-1.002803930999114,1.7279038324066065,-0.5738091541336192,-0.9124191495230388,0.9124191495230392,1.7288236672481017,-0.5776581893550843,-0.5765804684883443,-0.5767344287272242,1
1.09128685036925,-0.4693113027136664,-1.3875375865624426,0.4270803103756718,-0.9115834940401768,0.646091668153197,0.9702425509371356,-0.1744325424303625,0.7014981422339509,-0.351971373881478,0.9972039090469852,-0.5787359118286177,-0.5738091541336192,-0.9124191495230388,0.9124191495230392,-0.5784279906300535,-0.5776581893550843,-0.5765804684883443,1.733900301750437,0
-0.398648852013695,0.3888710135980487,-0.3502038645510472,1.0098755111203723,0.8077365626180215,0.646091668153197,0.9702425509371356,-0.3992864074456711,-0.721130416342303,-0.0731036298362196,0.9972039090469852,-0.5787359118286177,-0.5738091541336192,1.0959875190286648,-1.0959875190286648,-0.5784279906300535,1.731127539482183,-0.5765804684883443,-0.5767344287272242,0
1.09128685036925,0.2935174228967471,1.378685672134612,-1.2258476714090278,0.8077365626180215,0.646091668153197,-1.0306701134001208,-1.1201441303551614,-0.721130416342303,0.6439848548515877,0.9972039090469852,-0.5787359118286177,-0.5738091541336192,1.0959875190286648,-1.0959875190286648,1.7288236672481017,-0.5776581893550843,-0.5765804684883443,-0.5767344287272242,0
-0.5228101605456071,1.3424069206110656,0.6871298574603482,0.4772190368192635,-0.9115834940401768,0.646091668153197,-1.0306701134001208,-0.1123430285096596,0.7014981422339509,-0.0686771577085171,-1.002803930999114,1.7279038324066065,-0.5738091541336192,-0.9124191495230388,0.9124191495230392,-0.5784279906300535,-0.5776581893550843,1.7343632929879855,-0.5767344287272242,1
-0.429689179146673,-0.4693113027136664,0.6871298574603482,1.02908287915286,0.8077365626180215,0.646091668153197,-1.0306701134001208,-0.9359387935341256,-0.009816137054176,0.5288965795313224,-1.002803930999114,-0.5787359118286177,1.7427397119690018,-0.9124191495230388,0.9124191495230392,1.7288236672481017,-0.5776581893550843,-0.5765804684883443,-0.5767344287272242,0
-0.1399794592388781,0.3888710135980487,-0.695981771888179,1.5339600465360268,-0.9115834940401768,0.646091668153197,0.9702425509371356,0.0813756567413063,0.7014981422339509,-0.2501625149443202,-1.002803930999114,-0.5787359118286177,1.7427397119690018,-0.9124191495230388,0.9124191495230392,-0.5784279906300535,1.731127539482183,-0.5765804684883443,-0.5767344287272242,0
0.998165868970316,-0.0878969399084596,-1.0417596792253108,0.8533267188677327,-0.9115834940401768,0.646091668153197,-1.0306701134001208,-0.187813378521008,-0.721130416342303,0.6218524942130752,-1.002803930999114,1.7279038324066065,-0.5738091541336192,-0.9124191495230388,0.9124191495230392,-0.5784279906300535,-0.5776581893550843,1.7343632929879855,-0.5767344287272242,0
2.012149888647598,0.3888710135980487,-0.695981771888179,1.2112920342653206,0.8077365626180215,0.646091668153197,-1.0306701134001208,-0.0379111496241508,-1.43244469563043,-0.7237950326084893,-1.002803930999114,1.7279038324066065,-0.5738091541336192,1.0959875190286648,-1.0959875190286648,1.7288236672481017,-0.5776581893550843,-0.5765804684883443,-0.5767344287272242,0
1.0188594203923014,-0.3739577120123647,-0.695981771888179,-1.2258476714090278,2.52705661927622,0.646091668153197,0.9702425509371356,0.5661790853510882,-0.009816137054176,-0.1439271838794598,0.9972039090469852,-0.5787359118286177,-0.5738091541336192,1.0959875190286648,-1.0959875190286648,-0.5784279906300535,-0.5776581893550843,-0.5765804684883443,1.733900301750437,0
-0.4503827305686584,2.200589236922781,1.03290776479748,0.5051544477771887,-0.9115834940401768,0.646091668153197,0.9702425509371356,-1.3337966966360315,1.412812421522078,-1.485148238573322,-1.002803930999114,-0.5787359118286177,1.7427397119690018,1.0959875190286648,-1.0959875190286648,-0.5784279906300535,1.731127539482183,-0.5765804684883443,-0.5767344287272242,1
0.0152221764260119,0.6749317857019538,1.7244635794717436,0.714455026296703,2.52705661927622,0.646091668153197,-1.0306701134001208,0.8936489216959836,1.412812421522078,0.3385582780401142,-1.002803930999114,1.7279038324066065,-0.5738091541336192,-0.9124191495230388,0.9124191495230392,-0.5784279906300535,-0.5776581893550843,-0.5765804684883443,1.733900301750437,1
0.2738915692008288,0.1028102414941437,-0.0044259572139154,-1.2258476714090278,0.8077365626180215,0.646091668153197,-1.0306701134001208,-0.1937600690035017,0.7014981422339509,-1.2948099370821138,-1.002803930999114,-0.5787359118286177,1.7427397119690018,-0.9124191495230388,0.9124191495230392,-0.5784279906300535,1.731127539482183,-0.5765804684883443,-0.5767344287272242,0
-0.5435037119675924,0.007456650792842,-1.3875375865624426,-1.2258476714090278,0.8077365626180215,0.646091668153197,-1.0306701134001208,1.0266479985067165,0.7014981422339509,-0.5024714262233636,-1.002803930999114,-0.5787359118286177,1.7427397119690018,-0.9124191495230388,0.9124191495230392,-0.5784279906300535,1.731127539482183,-0.5765804684883443,-0.5767344287272242,0
0.8015771304614552,-1.0414328469214764,-0.3502038645510472,1.0539050242209875,0.8077365626180215,0.646091668153197,-1.0306701134001208,-1.165336578340008,0.7014981422339509,1.3123821461346674,0.9972039090469852,-0.5787359118286177,-0.5738091541336192,1.0959875190286648,-1.0959875190286648,-0.5784279906300535,-0.5776581893550843,-0.5765804684883443,1.733900301750437,0
1.9604160100926349,-0.8507256655188732,1.03290776479748,0.9585143970864852,-0.9115834940401768,0.646091668153197,-1.0306701134001208,-0.7994916517611916,-0.009816137054176,1.4673086706042555,0.9972039090469852,-0.5787359118286177,-0.5738091541336192,-0.9124191495230388,0.9124191495230392,-0.5784279906300535,-0.5776581893550843,1.7343632929879855,-0.5767344287272242,0
0.3670125505997628,1.6284676927149706,-0.0044259572139154,0.5634520945117429,-0.9115834940401768,0.646091668153197,0.9702425509371356,-0.3397179508562508,1.412812421522078,0.852029044853606,-1.002803930999114,1.7279038324066065,-0.5738091541336192,1.0959875190286648,-1.0959875190286648,1.7288236672481017,-0.5776581893550843,-0.5765804684883443,-0.5767344287272242,0
0.9878190932593232,-0.1832505306097613,-0.3502038645510472,-1.2258476714090278,0.8077365626180215,-1.5477679860172513,0.9702425509371356,1.233737782007898,1.412812421522078,-1.7153247892138526,0.9972039090469852,-0.5787359118286177,-0.5738091541336192,1.0959875190286648,-1.0959875190286648,-0.5784279906300535,-0.5776581893550843,1.7343632929879855,-0.5767344287272242,0
0.3980528777327409,-1.0414328469214764,-0.695981771888179,-1.2258476714090278,0.8077365626180215,0.646091668153197,0.9702425509371356,1.6060268983811683,0.7014981422339509,0.551028940169835,-1.002803930999114,-0.5787359118286177,1.7427397119690018,1.0959875190286648,-1.0959875190286648,-0.5784279906300535,-0.5776581893550843,-0.5765804684883443,1.733900301750437,0
-0.8228666561643946,-0.5646648934149681,1.378685672134612,-1.2258476714090278,0.8077365626180215,-1.5477679860172513,0.9702425509371356,-0.3924805264352516,-0.721130416342303,0.422661248466462,0.9972039090469852,-0.5787359118286177,-0.5738091541336192,1.0959875190286648,-1.0959875190286648,-0.5784279906300535,-0.5776581893550843,1.7343632929879855,-0.5767344287272242,0
0.6774158219295431,0.007456650792842,1.7244635794717436,0.6220989719476547,-0.9115834940401768,0.646091668153197,-1.0306701134001208,-0.9835712661066778,1.412812421522078,-0.626412645799034,-1.002803930999114,1.7279038324066065,-0.5738091541336192,1.0959875190286648,-1.0959875190286648,1.7288236672481017,-0.5776581893550843,-0.5765804684883443,-0.5767344287272242,1
0.0152221764260119,3.440185916039703,1.7244635794717436,-1.2258476714090278,0.8077365626180215,0.646091668153197,0.9702425509371356,0.2536274466546986,1.412812421522078,0.1969111699536337,-1.002803930999114,-0.5787359118286177,1.7427397119690018,1.0959875190286648,-1.0959875190286648,1.7288236672481017,-0.5776581893550843,-0.5765804684883443,-0.5767344287272242,0
-0.9573747404072994,0.007456650792842,1.7244635794717436,1.0941888417174592,-0.9115834940401768,0.646091668153197,-1.0306701134001208,-1.3426409163164257,0.7014981422339509,-1.560398264744265,-1.002803930999114,1.7279038324066065,-0.5738091541336192,-0.9124191495230388,0.9124191495230392,1.7288236672481017,-0.5776581893550843,-0.5765804684883443,-0.5767344287272242,1
1.060246523236272,-0.8507256655188732,-1.3875375865624426,0.5503489714184955,-0.9115834940401768,0.646091668153197,0.9702425509371356,-0.7337109746475567,-0.009816137054176,1.693058749117084,-1.002803930999114,1.7279038324066065,-0.5738091541336192,-0.9124191495230388,0.9124191495230392,1.7288236672481017,-0.5776581893550843,-0.5765804684883443,-0.5767344287272242,0
-0.429689179146673,0.3888710135980487,0.3413519501232164,0.1533414586453242,0.8077365626180215,0.646091668153197,0.9702425509371356,0.229295191770645,1.412812421522078,-0.343118429626073,-1.002803930999114,-0.5787359118286177,1.7427397119690018,1.0959875190286648,-1.0959875190286648,-0.5784279906300535,-0.5776581893550843,1.7343632929879855,-0.5767344287272242,1
-2.426616891368259,-0.3739577120123647,1.03290776479748,-1.2258476714090278,-0.9115834940401768,-1.5477679860172513,-1.0306701134001208,0.3412163651909743,-0.721130416342303,-1.6046629860212898,-1.002803930999114,-0.5787359118286177,1.7427397119690018,-0.9124191495230388,0.9124191495230392,1.7288236672481017,-0.5776581893550843,-0.5765804684883443,-0.5767344287272242,0
-1.919624881529618,1.3424069206110656,-1.3875375865624426,0.6563466597174048,-0.9115834940401768,-1.5477679860172513,-1.0306701134001208,-0.4380539674269157,-0.721130416342303,1.5381322246474958,-1.002803930999114,1.7279038324066065,-0.5738091541336192,-0.9124191495230388,0.9124191495230392,-0.5784279906300535,-0.5776581893550843,-0.5765804684883443,1.733900301750437,1
-0.0468584778399441,-1.422847209726683,-1.7333154938995745,0.2550264122297637,-0.9115834940401768,0.646091668153197,0.9702425509371356,-1.4118642678020243,1.412812421522078,1.2415585920914272,-1.002803930999114,1.7279038324066065,-0.5738091541336192,-0.9124191495230388,0.9124191495230392,-0.5784279906300535,1.731127539482183,-0.5765804684883443,-0.5767344287272242,0
0.0876496064029606,0.8656389671045572,-0.3502038645510472,0.75499431590789,0.8077365626180215,0.646091668153197,-1.0306701134001208,-0.3064147104762074,-1.43244469563043,-1.3966187960192715,-1.002803930999114,1.7279038324066065,-0.5738091541336192,-0.9124191495230388,0.9124191495230392,-0.5784279906300535,-0.5776581893550843,1.7343632929879855,-0.5767344287272242,1
-1.4643667502459403,-0.0878969399084596,-1.0417596792253108,-1.2258476714090278,-0.9115834940401768,-1.5477679860172513,-1.0306701134001208,1.1888838978679956,-0.721130416342303,-0.6928097277145717,-1.002803930999114,-0.5787359118286177,1.7427397119690018,-0.9124191495230388,0.9124191495230392,-0.5784279906300535,1.731127539482183,-0.5765804684883443,-0.5767344287272242,0
-0.812519880453402,-1.899615163233192,-1.3875375865624426,0.9964244394944736,-0.9115834940401768,0.646091668153197,0.9702425509371356,-1.4594313577316906,-0.009816137054176,-1.520560015594942,-1.002803930999114,1.7279038324066065,-0.5738091541336192,1.0959875190286648,-1.0959875190286648,-0.5784279906300535,-0.5776581893550843,1.7343632929879855,-0.5767344287272242,0
-0.367608524880717,-0.8507256655188732,0.6871298574603482,-1.2258476714090278,0.8077365626180215,0.646091668153197,0.9702425509371356,0.9782460626501992,0.7014981422339509,-0.2590154591997252,0.9972039090469852,-0.5787359118286177,-0.5738091541336192,-0.9124191495230388,0.9124191495230392,1.7288236672481017,-0.5776581893550843,-0.5765804684883443,-0.5767344287272242,0
-1.9092781058186252,-0.9460792562201747,0.3413519501232164,-1.2258476714090278,0.8077365626180215,0.646091668153197,0.9702425509371356,-1.691827527939925,-0.721130416342303,0.9626908480461688,0.9972039090469852,-0.5787359118286177,-0.5738091541336192,-0.9124191495230388,0.9124191495230392,-0.5784279906300535,1.731127539482183,-0.5765804684883443,-0.5767344287272242,0
-1.9713587600845812,0.6749317857019538,-0.3502038645510472,0.8185698498505236,0.8077365626180215,0.646091668153197,0.9702425509371356,0.4671078618279701,1.412812421522078,-1.4143246845300816,-1.002803930999114,1.7279038324066065,-0.5738091541336192,-0.9124191495230388,0.9124191495230392,-0.5784279906300535,-0.5776581893550843,-0.5765804684883443,1.733900301750437,0
0.3566657748887701,-0.5646648934149681,0.3413519501232164,-1.2258476714090278,0.8077365626180215,-1.5477679860172513,0.9702425509371356,1.5075354241436414,-0.009816137054176,-1.1797216617618482,0.9972039090469852,-0.5787359118286177,-0.5738091541336192,1.0959875190286648,-1.0959875190286648,-0.5784279906300535,-0.5776581893550843,-0.5765804684883443,1.733900301750437,0
0.3256254477557921,0.6749317857019538,0.6871298574603482,0.8260985842223777,-0.9115834940401768,0.646091668153197,0.9702425509371356,-0.65165088890533,-0.009816137054176,-0.0908095183470296,-1.002803930999114,-0.5787359118286177,1.7427397119690018,-0.9124191495230388,0.9124191495230392,-0.5784279906300535,1.731127539482183,-0.5765804684883443,-0.5767344287272242,0
0.170423812090902,-0.0878969399084596,0.3413519501232164,1.0889803518906045,-0.9115834940401768,0.646091668153197,0.9702425509371356,-0.4543236382150778,-1.43244469563043,-0.9008539177165898,0.9972039090469852,-0.5787359118286177,-0.5738091541336192,1.0959875190286648,-1.0959875190286648,-0.5784279906300535,-0.5776581893550843,-0.5765804684883443,1.733900301750437,1
1.1016336260802426,-0.6600184841162697,1.378685672134612,-1.2258476714090278,0.8077365626180215,0.646091668153197,-1.0306701134001208,0.2758020743235124,1.412812421522078,-1.2018540224003609,0.9972039090469852,-0.5787359118286177,-0.5738091541336192,-0.9124191495230388,0.9124191495230392,1.7288236672481017,-0.5776581893550843,-0.5765804684883443,-0.5767344287272242,0
-0.1710197863718562,-0.4693113027136664,-1.3875375865624426,-1.2258476714090278,0.8077365626180215,0.646091668153197,-1.0306701134001208,-0.6624282438010548,1.412812421522078,-0.3741037345199906,-1.002803930999114,-0.5787359118286177,1.7427397119690018,-0.9124191495230388,0.9124191495230392,-0.5784279906300535,-0.5776581893550843,-0.5765804684883443,1.733900301750437,0
0.2221576906458654,1.247053329909764,1.03290776479748,1.4989025089572083,-0.9115834940401768,-1.5477679860172513,-1.0306701134001208,-0.759600588440354,0.7014981422339509,-0.2280301543058076,0.9972039090469852,-0.5787359118286177,-0.5738091541336192,-0.9124191495230388,0.9124191495230392,-0.5784279906300535,-0.5776581893550843,-0.5765804684883443,1.733900301750437,1
-1.185003806049138,-0.3739577120123647,1.03290776479748,-1.2258476714090278,-0.9115834940401768,0.646091668153197,-1.0306701134001208,1.2476608071424762,-1.43244469563043,-0.8344568358010521,0.9972039090469852,-0.5787359118286177,-0.5738091541336192,1.0959875190286648,-1.0959875190286648,-0.5784279906300535,-0.5776581893550843,-0.5765804684883443,1.733900301750437,1
0.1290367092469313,-1.613554391129287,1.378685672134612,-1.2258476714090278,-0.9115834940401768,0.646091668153197,-1.0306701134001208,-1.2338252445431768,1.412812421522078,-0.0731036298362196,-1.002803930999114,-0.5787359118286177,1.7427397119690018,1.0959875190286648,-1.0959875190286648,1.7288236672481017,-0.5776581893550843,-0.5765804684883443,-0.5767344287272242,1
-0.6469714690775192,0.9609925578058588,0.3413519501232164,0.8997277632615955,2.52705661927622,0.646091668153197,-1.0306701134001208,-1.109371296599636,-0.009816137054176,1.5602645852860084,-1.002803930999114,1.7279038324066065,-0.5738091541336192,-0.9124191495230388,0.9124191495230392,-0.5784279906300535,-0.5776581893550843,1.7343632929879855,-0.5767344287272242,1
2.063883767202561,0.1981638321954454,-0.695981771888179,0.3759966255955938,0.8077365626180215,0.646091668153197,-1.0306701134001208,-0.5027321818918867,-0.721130416342303,-1.5692512089996695,-1.002803930999114,-0.5787359118286177,1.7427397119690018,1.0959875190286648,-1.0959875190286648,-0.5784279906300535,1.731127539482183,-0.5765804684883443,-0.5767344287272242,0
-0.3572617491697243,3.058771553234496,-0.3502038645510472,-1.2258476714090278,0.8077365626180215,0.646091668153197,0.9702425509371356,1.2782504939527404,1.412812421522078,1.5381322246474958,-1.002803930999114,-0.5787359118286177,1.7427397119690018,-0.9124191495230388,0.9124191495230392,-0.5784279906300535,1.731127539482183,-0.5765804684883443,-0.5767344287272242,0
0.0979963821139533,-1.0414328469214764,-1.0417596792253108,1.5130257575273445,0.8077365626180215,0.646091668153197,-1.0306701134001208,-1.014323713964126,-0.009816137054176,-0.2147507379227001,-1.002803930999114,1.7279038324066065,-0.5738091541336192,-0.9124191495230388,0.9124191495230392,1.7288236672481017,-0.5776581893550843,-0.5765804684883443,-0.5767344287272242,0
-1.1332699274941749,0.007456650792842,1.378685672134612,0.3787330941568506,-0.9115834940401768,0.646091668153197,0.9702425509371356,1.7339939461497813,-0.721130416342303,0.1260876159103935,-1.002803930999114,1.7279038324066065,-0.5738091541336192,1.0959875190286648,-1.0959875190286648,-0.5784279906300535,1.731127539482183,-0.5765804684883443,-0.5767344287272242,1
-0.9884150675402774,-0.5646648934149681,-0.0044259572139154,0.8150988588916892,-0.9115834940401768,-1.5477679860172513,0.9702425509371356,0.37732497306485,-1.43244469563043,-1.3080893534652211,-1.002803930999114,-0.5787359118286177,1.7427397119690018,-0.9124191495230388,0.9124191495230392,-0.5784279906300535,-0.5776581893550843,1.7343632929879855,-0.5767344287272242,0
0.3566657748887701,1.7238212834162725,0.6871298574603482,0.4068100244857252,-0.9115834940401768,-1.5477679860172513,0.9702425509371356,0.2329034094299159,0.7014981422339509,1.3477939231562877,-1.002803930999114,1.7279038324066065,-0.5738091541336192,-0.9124191495230388,0.9124191495230392,1.7288236672481017,-0.5776581893550843,-0.5765804684883443,-0.5767344287272242,0
1.4327304488320085,-0.1832505306097613,0.3413519501232164,0.5481780995277715,-0.9115834940401768,0.646091668153197,0.9702425509371356,-0.5037454389666132,-1.43244469563043,0.8210437399596884,-1.002803930999114,1.7279038324066065,-0.5738091541336192,1.0959875190286648,-1.0959875190286648,-0.5784279906300535,-0.5776581893550843,-0.5765804684883443,1.733900301750437,1
-0.1917133377938415,0.1028102414941437,-0.0044259572139154,1.1405658454480805,-0.9115834940401768,0.646091668153197,0.9702425509371356,1.731676514017487,-1.43244469563043,0.1969111699536337,0.9972039090469852,-0.5787359118286177,-0.5738091541336192,-0.9124191495230388,0.9124191495230392,-0.5784279906300535,-0.5776581893550843,-0.5765804684883443,1.733900301750437,0
1.184407831768184,0.1981638321954454,-1.0417596792253108,-1.2258476714090278,0.8077365626180215,-1.5477679860172513,0.9702425509371356,1.584579130944439,0.7014981422339509,-0.2634419313274277,0.9972039090469852,-0.5787359118286177,-0.5738091541336192,-0.9124191495230388,0.9124191495230392,1.7288236672481017,-0.5776581893550843,-0.5765804684883443,-0.5767344287272242,0
-0.3572617491697243,0.2935174228967471,0.3413519501232164,0.6637476580319014,0.8077365626180215,-1.5477679860172513,-1.0306701134001208,0.8725204163133472,-0.009816137054176,0.2057641142090388,-1.002803930999114,1.7279038324066065,-0.5738091541336192,1.0959875190286648,-1.0959875190286648,-0.5784279906300535,-0.5776581893550843,1.7343632929879855,-0.5767344287272242,0
-0.7193988990544679,3.058771553234496,-0.3502038645510472,-1.2258476714090278,0.8077365626180215,0.646091668153197,0.9702425509371356,1.6949379026458022,-0.721130416342303,0.6749701597455053,0.9972039090469852,-0.5787359118286177,-0.5738091541336192,-0.9124191495230388,0.9124191495230392,1.7288236672481017,-0.5776581893550843,-0.5765804684883443,-0.5767344287272242,0
0.1911173635128873,1.1516997392084622,-0.695981771888179,0.1978008188047001,-0.9115834940401768,-1.5477679860172513,-1.0306701134001208,-0.2580435531510486,-0.009816137054176,0.0242787569732356,-1.002803930999114,-0.5787359118286177,1.7427397119690018,-0.9124191495230388,0.9124191495230392,1.7288236672481017,-0.5776581893550843,-0.5765804684883443,-0.5767344287272242,1
1.7534804958727812,-0.5646648934149681,-1.0417596792253108,0.8921389272316372,0.8077365626180215,0.646091668153197,-1.0306701134001208,-1.3393403100807333,-0.721130416342303,0.8387496284704984,0.9972039090469852,-0.5787359118286177,-0.5738091541336192,-0.9124191495230388,0.9124191495230392,-0.5784279906300535,1.731127539482183,-0.5765804684883443,-0.5767344287272242,0
0.0669560549809753,-1.3274936190253817,-1.0417596792253108,1.527137626850213,-0.9115834940401768,0.646091668153197,-1.0306701134001208,-1.3449477411582518,0.7014981422339509,-0.5290302589895787,-1.002803930999114,1.7279038324066065,-0.5738091541336192,-0.9124191495230388,0.9124191495230392,-0.5784279906300535,1.731127539482183,-0.5765804684883443,-0.5767344287272242,0
-1.7540764701537352,-0.4693113027136664,-0.0044259572139154,-1.2258476714090278,0.8077365626180215,0.646091668153197,0.9702425509371356,0.4375632539638371,0.7014981422339509,1.0689261791110292,0.9972039090469852,-0.5787359118286177,-0.5738091541336192,1.0959875190286648,-1.0959875190286648,-0.5784279906300535,-0.5776581893550843,1.7343632929879855,-0.5767344287272242,0
-0.367608524880717,0.007456650792842,-0.0044259572139154,0.5883170319604402,0.8077365626180215,0.646091668153197,0.9702425509371356,-0.8333502968257511,0.7014981422339509,0.0773964225056658,-1.002803930999114,1.7279038324066065,-0.5738091541336192,-0.9124191495230388,0.9124191495230392,-0.5784279906300535,-0.5776581893550843,1.7343632929879855,-0.5767344287272242,0
-1.0194553946732554,0.2935174228967471,1.03290776479748,0.4307485950441763,-0.9115834940401768,-1.5477679860172513,0.9702425509371356,1.5090060119385544,-0.721130416342303,-0.506897898351066,-1.002803930999114,1.7279038324066065,-0.5738091541336192,1.0959875190286648,-1.0959875190286648,1.7288236672481017,-0.5776581893550843,-0.5765804684883443,-0.5767344287272242,1
0.5636012891086236,-0.1832505306097613,1.7244635794717436,-1.2258476714090278,0.8077365626180215,0.646091668153197,0.9702425509371356,-1.498144316250525,-0.009816137054176,1.4363233657103378,0.9972039090469852,-0.5787359118286177,-0.5738091541336192,1.0959875190286648,-1.0959875190286648,-0.5784279906300535,1.731127539482183,-0.5765804684883443,-0.5767344287272242,1
-0.336568197747739,0.1981638321954454,-0.3502038645510472,0.6213029054521785,-0.9115834940401768,-1.5477679860172513,-1.0306701134001208,0.6320121033570333,1.412812421522078,0.1659258650597161,-1.002803930999114,-0.5787359118286177,1.7427397119690018,-0.9124191495230388,0.9124191495230392,-0.5784279906300535,-0.5776581893550843,1.7343632929879855,-0.5767344287272242,0
1.09128685036925,-1.1367864376227783,-1.3875375865624426,0.8881119558675667,-0.9115834940401768,0.646091668153197,-1.0306701134001208,-0.1180356656909394,0.7014981422339509,-0.7016626719699768,-1.002803930999114,1.7279038324066065,-0.5738091541336192,-0.9124191495230388,0.9124191495230392,-0.5784279906300535,-0.5776581893550843,-0.5765804684883443,1.733900301750437,0
0.0462625035589899,-1.80426157253189,0.6871298574603482,0.9281574502557692,-0.9115834940401768,-1.5477679860172513,-1.0306701134001208,-1.2530635655423783,0.7014981422339509,-0.4006625672862057,0.9972039090469852,-0.5787359118286177,-0.5738091541336192,1.0959875190286648,-1.0959875190286648,-0.5784279906300535,1.731127539482183,-0.5765804684883443,-0.5767344287272242,0
0.9464319904153524,-0.5646648934149681,0.3413519501232164,-1.2258476714090278,0.8077365626180215,-1.5477679860172513,-1.0306701134001208,-1.0701163229268762,-0.009816137054176,-1.2505452158050885,0.9972039090469852,-0.5787359118286177,-0.5738091541336192,-0.9124191495230388,0.9124191495230392,-0.5784279906300535,-0.5776581893550843,1.7343632929879855,-0.5767344287272242,0
-0.2020601135048342,-0.3739577120123647,1.03290776479748,0.8449427779688278,-0.9115834940401768,0.646091668153197,0.9702425509371356,-0.3641931433266139,-0.721130416342303,-0.6485450064375465,0.9972039090469852,-0.5787359118286177,-0.5738091541336192,-0.9124191495230388,0.9124191495230392,-0.5784279906300535,-0.5776581893550843,-0.5765804684883443,1.733900301750437,0
-0.0261649264179587,-1.0414328469214764,1.378685672134612,0.4134468502513129,-0.9115834940401768,0.646091668153197,0.9702425509371356,1.005099374865535,-1.43244469563043,-0.5954273409051164,-1.002803930999114,-0.5787359118286177,1.7427397119690018,1.0959875190286648,-1.0959875190286648,1.7288236672481017,-0.5776581893550843,-0.5765804684883443,-0.5767344287272242,0
-1.2884715631590649,-1.0414328469214764,-1.3875375865624426,0.5703174668492149,-0.9115834940401768,-1.5477679860172513,0.9702425509371356,0.4554455806831836,0.7014981422339509,-0.5334567311172812,0.9972039090469852,-0.5787359118286177,-0.5738091541336192,-0.9124191495230388,0.9124191495230392,1.7288236672481017,-0.5776581893550843,-0.5765804684883443,-0.5767344287272242,0
-0.2537939920597976,0.4842246042993504,1.7244635794717436,-1.2258476714090278,0.8077365626180215,-1.5477679860172513,-1.0306701134001208,1.1163324655254918,0.7014981422339509,0.0906758388887734,0.9972039090469852,-0.5787359118286177,-0.5738091541336192,-0.9124191495230388,0.9124191495230392,-0.5784279906300535,1.731127539482183,-0.5765804684883443,-0.5767344287272242,0
-0.1710197863718562,-0.0878969399084596,-1.0417596792253108,1.1530649068096084,-0.9115834940401768,0.646091668153197,0.9702425509371356,-0.7657163000103085,1.412812421522078,0.8918672940029286,-1.002803930999114,1.7279038324066065,-0.5738091541336192,-0.9124191495230388,0.9124191495230392,-0.5784279906300535,-0.5776581893550843,1.7343632929879855,-0.5767344287272242,0
-0.7090521233434752,-1.3274936190253817,1.378685672134612,1.146853119970134,0.8077365626180215,0.646091668153197,-1.0306701134001208,-0.830308960591503,1.412812421522078,-1.3125158255929237,-1.002803930999114,-0.5787359118286177,1.7427397119690018,-0.9124191495230388,0.9124191495230392,1.7288236672481017,-0.5776581893550843,-0.5765804684883443,-0.5767344287272242,0
-0.7400924504764532,-1.613554391129287,-0.695981771888179,0.6762587397250506,-0.9115834940401768,0.646091668153197,0.9702425509371356,-0.8739788276691413,1.412812421522078,-0.7680597538855144,-1.002803930999114,-0.5787359118286177,1.7427397119690018,-0.9124191495230388,0.9124191495230392,-0.5784279906300535,-0.5776581893550843,-0.5765804684883443,1.733900301750437,0
1.7224401687398032,1.8191748741175744,-0.695981771888179,0.6064930555398597,0.8077365626180215,0.646091668153197,0.9702425509371356,-0.9956790534511294,-0.009816137054176,-1.5249864877226444,-1.002803930999114,1.7279038324066065,-0.5738091541336192,-0.9124191495230388,0.9124191495230392,1.7288236672481017,-0.5776581893550843,-0.5765804684883443,-0.5767344287272242,0
0.3980528777327409,-0.0878969399084596,-1.0417596792253108,-1.2258476714090278,-0.9115834940401768,0.646091668153197,0.9702425509371356,-0.3022284824314223,1.412812421522078,0.0641170061225583,-1.002803930999114,-0.5787359118286177,1.7427397119690018,-0.9124191495230388,0.9124191495230392,1.7288236672481017,-0.5776581893550843,-0.5765804684883443,-0.5767344287272242,0
-2.1265603957494714,0.8656389671045572,0.6871298574603482,1.4712996605074598,-0.9115834940401768,0.646091668153197,-1.0306701134001208,-1.4510159508102245,1.412812421522078,1.4673086706042555,-1.002803930999114,1.7279038324066065,-0.5738091541336192,1.0959875190286648,-1.0959875190286648,1.7288236672481017,-0.5776581893550843,-0.5765804684883443,-0.5767344287272242,1
-1.4540199745349478,1.0563461485071606,0.6871298574603482,0.7604967429106466,-0.9115834940401768,0.646091668153197,0.9702425509371356,-1.3271673139834033,1.412812421522078,0.7192348810225305,-1.002803930999114,1.7279038324066065,-0.5738091541336192,1.0959875190286648,-1.0959875190286648,1.7288236672481017,-0.5776581893550843,-0.5765804684883443,-0.5767344287272242,0
-0.3469149734587316,-0.4693113027136664,-1.7333154938995745,0.8776246172061026,0.8077365626180215,0.646091668153197,-1.0306701134001208,1.445700311304168,1.412812421522078,1.4451763099657429,0.9972039090469852,-0.5787359118286177,-0.5738091541336192,1.0959875190286648,-1.0959875190286648,1.7288236672481017,-0.5776581893550843,-0.5765804684883443,-0.5767344287272242,0
0.2325044663568581,1.1516997392084622,1.03290776479748,0.0493229580155584,0.8077365626180215,0.646091668153197,0.9702425509371356,1.253932498049316,-0.009816137054176,-0.8300303636733497,0.9972039090469852,-0.5787359118286177,-0.5738091541336192,-0.9124191495230388,0.9124191495230392,-0.5784279906300535,-0.5776581893550843,1.7343632929879855,-0.5767344287272242,0
-0.460729506279651,-0.3739577120123647,0.6871298574603482,-1.2258476714090278,-0.9115834940401768,0.646091668153197,-1.0306701134001208,0.1173204602279512,1.412812421522078,-0.8344568358010521,-1.002803930999114,-0.5787359118286177,1.7427397119690018,-0.9124191495230388,0.9124191495230392,-0.5784279906300535,-0.5776581893550843,-0.5765804684883443,1.733900301750437,1
0.3566657748887701,0.007456650792842,1.378685672134612,-1.2258476714090278,0.8077365626180215,0.646091668153197,0.9702425509371356,-1.4131028863266983,-0.009816137054176,0.1128081995272859,-1.002803930999114,-0.5787359118286177,1.7427397119690018,-0.9124191495230388,0.9124191495230392,-0.5784279906300535,1.731127539482183,-0.5765804684883443,-0.5767344287272242,0
-1.4954070773789183,0.1981638321954454,-0.695981771888179,-0.3003500915456196,-0.9115834940401768,0.646091668153197,-1.0306701134001208,-1.6702966410795268,-1.43244469563043,1.33451450677318,-1.002803930999114,1.7279038324066065,-0.5738091541336192,1.0959875190286648,-1.0959875190286648,-0.5784279906300535,-0.5776581893550843,-0.5765804684883443,1.733900301750437,0
-0.3158746463257536,2.677357190429289,-0.695981771888179,-1.2258476714090278,0.8077365626180215,0.646091668153197,0.9702425509371356,-0.9842784767678948,1.412812421522078,-0.8964274455888874,0.9972039090469852,-0.5787359118286177,-0.5738091541336192,1.0959875190286648,-1.0959875190286648,-0.5784279906300535,1.731127539482183,-0.5765804684883443,-0.5767344287272242,0
-1.4333264231129623,1.1516997392084622,0.3413519501232164,1.0973348029092662,-0.9115834940401768,0.646091668153197,0.9702425509371356,1.129327439689105,-0.721130416342303,-1.1841481338895508,0.9972039090469852,-0.5787359118286177,-0.5738091541336192,-0.9124191495230388,0.9124191495230392,-0.5784279906300535,-0.5776581893550843,1.7343632929879855,-0.5767344287272242,0
-1.7747700215757207,0.7702853764032556,0.3413519501232164,0.7262075449290326,-0.9115834940401768,-1.5477679860172513,0.9702425509371356,-1.639406124555984,-0.721130416342303,-0.6883832555868692,0.9972039090469852,-0.5787359118286177,-0.5738091541336192,-0.9124191495230388,0.9124191495230392,-0.5784279906300535,-0.5776581893550843,1.7343632929879855,-0.5767344287272242,1
-0.3262214220367463,-0.3739577120123647,-0.3502038645510472,0.2232132422909547,-0.9115834940401768,0.646091668153197,0.9702425509371356,-1.3830346956494537,-0.009816137054176,-0.9628245275044252,0.9972039090469852,-0.5787359118286177,-0.5738091541336192,1.0959875190286648,-1.0959875190286648,1.7288236672481017,-0.5776581893550843,-0.5765804684883443,-0.5767344287272242,0
-0.0572052535509367,1.914528464818876,1.03290776479748,0.7241695377704909,0.8077365626180215,-1.5477679860172513,-1.0306701134001208,-1.7388738172966025,1.412812421522078,-1.3966187960192715,-1.002803930999114,1.7279038324066065,-0.5738091541336192,1.0959875190286648,-1.0959875190286648,-0.5784279906300535,-0.5776581893550843,-0.5765804684883443,1.733900301750437,1
-0.8849473104303507,-0.278604121311063,0.3413519501232164,0.4761046719424673,-0.9115834940401768,0.646091668153197,-1.0306701134001208,0.8605007912027871,1.412812421522078,-1.6356482909152072,0.9972039090469852,-0.5787359118286177,-0.5738091541336192,-0.9124191495230388,0.9124191495230392,1.7288236672481017,-0.5776581893550843,-0.5765804684883443,-0.5767344287272242,0
-0.3158746463257536,-0.0878969399084596,-1.7333154938995745,-1.2258476714090278,0.8077365626180215,0.646091668153197,0.9702425509371356,-1.0794204816775723,0.7014981422339509,0.1039552552718809,-1.002803930999114,-0.5787359118286177,1.7427397119690018,-0.9124191495230388,0.9124191495230392,-0.5784279906300535,-0.5776581893550843,1.7343632929879855,-0.5767344287272242,0
-0.2744875434817829,-1.0414328469214764,-1.0417596792253108,-1.2258476714090278,0.8077365626180215,-1.5477679860172513,0.9702425509371356,0.0741296601214594,0.7014981422339509,0.2942935567630891,-1.002803930999114,-0.5787359118286177,1.7427397119690018,1.0959875190286648,-1.0959875190286648,-0.5784279906300535,1.731127539482183,-0.5765804684883443,-0.5767344287272242,0
1.0395529718142866,0.007456650792842,-0.695981771888179,-1.2258476714090278,0.8077365626180215,0.646091668153197,0.9702425509371356,-0.2767442062465171,0.7014981422339509,-1.560398264744265,0.9972039090469852,-0.5787359118286177,-0.5738091541336192,1.0959875190286648,-1.0959875190286648,1.7288236672481017,-0.5776581893550843,-0.5765804684883443,-0.5767344287272242,0
-0.7193988990544679,-0.7553720748175714,0.3413519501232164,0.6475886460984593,-0.9115834940401768,0.646091668153197,-1.0306701134001208,0.1225413338184066,-0.721130416342303,-1.5426923762334546,-1.002803930999114,1.7279038324066065,-0.5738091541336192,-0.9124191495230388,0.9124191495230392,-0.5784279906300535,-0.5776581893550843,-0.5765804684883443,1.733900301750437,0
1.2982223645891036,-0.3739577120123647,1.03290776479748,0.478880406920352,-0.9115834940401768,0.646091668153197,0.9702425509371356,0.8422765967283502,1.412812421522078,-0.6751038392037616,-1.002803930999114,-0.5787359118286177,1.7427397119690018,-0.9124191495230388,0.9124191495230392,-0.5784279906300535,1.731127539482183,-0.5765804684883443,-0.5767344287272242,0
0.3049318963338068,-0.7553720748175714,-1.3875375865624426,-1.2258476714090278,0.8077365626180215,0.646091668153197,0.9702425509371356,-1.6857252059005616,-0.721130416342303,-0.7282215047361918,0.9972039090469852,-0.5787359118286177,-0.5738091541336192,-0.9124191495230388,0.9124191495230392,-0.5784279906300535,1.731127539482183,-0.5765804684883443,-0.5767344287272242,0
0.3463189991777775,-0.278604121311063,-0.3502038645510472,-1.2258476714090278,-0.9115834940401768,0.646091668153197,-1.0306701134001208,0.2947213071586291,-1.43244469563043,0.4934848025097023,-1.002803930999114,-0.5787359118286177,1.7427397119690018,1.0959875190286648,-1.0959875190286648,-0.5784279906300535,-0.5776581893550843,-0.5765804684883443,1.733900301750437,0
0.3256254477557921,0.7702853764032556,1.7244635794717436,0.92229793926833,-0.9115834940401768,0.646091668153197,-1.0306701134001208,0.7686065299664686,-0.009816137054176,0.5244701074036199,-1.002803930999114,-0.5787359118286177,1.7427397119690018,1.0959875190286648,-1.0959875190286648,1.7288236672481017,-0.5776581893550843,-0.5765804684883443,-0.5767344287272242,0
-1.2781247874480723,-0.3739577120123647,1.03290776479748,-1.2258476714090278,-0.9115834940401768,0.646091668153197,-1.0306701134001208,-0.035798907700914,0.7014981422339509,-1.4585894058071067,-1.002803930999114,-0.5787359118286177,1.7427397119690018,1.0959875190286648,-1.0959875190286648,-0.5784279906300535,1.731127539482183,-0.5765804684883443,-0.5767344287272242,1
0.9878190932593232,-0.278604121311063,-1.0417596792253108,-1.2258476714090278,0.8077365626180215,0.646091668153197,0.9702425509371356,-1.4546539036608082,1.412812421522078,0.4934848025097023,-1.002803930999114,-0.5787359118286177,1.7427397119690018,-0.9124191495230388,0.9124191495230392,1.7288236672481017,-0.5776581893550843,-0.5765804684883443,-0.5767344287272242,0
-1.2574312360260869,-1.0414328469214764,1.378685672134612,-1.2258476714090278,0.8077365626180215,0.646091668153197,0.9702425509371356,-0.8267600394248497,-0.721130416342303,-0.1527801281348648,0.9972039090469852,-0.5787359118286177,-0.5738091541336192,-0.9124191495230388,0.9124191495230392,-0.5784279906300535,1.731127539482183,-0.5765804684883443,-0.5767344287272242,0
-1.319511890292043,2.009882055520177,-1.3875375865624426,1.4009049123007784,-0.9115834940401768,-1.5477679860172513,0.9702425509371356,-0.7482231391281403,-1.43244469563043,-1.3169422977206262,-1.002803930999114,1.7279038324066065,-0.5738091541336192,-0.9124191495230388,0.9124191495230392,1.7288236672481017,-0.5776581893550843,-0.5765804684883443,-0.5767344287272242,0
-2.405923339946274,0.007456650792842,-1.0417596792253108,-1.2258476714090278,0.8077365626180215,-1.5477679860172513,-1.0306701134001208,-1.5832429559868768,-0.721130416342303,-1.6135159302766948,0.9972039090469852,-0.5787359118286177,-0.5738091541336192,1.0959875190286648,-1.0959875190286648,1.7288236672481017,-0.5776581893550843,-0.5765804684883443,-0.5767344287272242,0
-1.4333264231129623,3.440185916039703,-1.0417596792253108,-1.2258476714090278,-0.9115834940401768,0.646091668153197,-1.0306701134001208,0.4036748737079648,-0.009816137054176,-1.1133245798463105,0.9972039090469852,-0.5787359118286177,-0.5738091541336192,1.0959875190286648,-1.0959875190286648,-0.5784279906300535,1.731127539482183,-0.5765804684883443,-0.5767344287272242,0
-1.6609554887548013,-0.9460792562201747,-0.3502038645510472,-1.2258476714090278,0.8077365626180215,0.646091668153197,-1.0306701134001208,-1.182463700756019,0.7014981422339509,0.9626908480461688,0.9972039090469852,-0.5787359118286177,-0.5738091541336192,-0.9124191495230388,0.9124191495230392,-0.5784279906300535,-0.5776581893550843,-0.5765804684883443,1.733900301750437,0
1.3499562431440668,0.8656389671045572,1.378685672134612,0.1011036617585569,-0.9115834940401768,0.646091668153197,-1.0306701134001208,0.4282987421348907,1.412812421522078,1.006955569323194,-1.002803930999114,1.7279038324066065,-0.5738091541336192,1.0959875190286648,-1.0959875190286648,1.7288236672481017,-0.5776581893550843,-0.5765804684883443,-0.5767344287272242,1
-1.319511890292043,-0.6600184841162697,-0.3502038645510472,-1.2258476714090278,0.8077365626180215,0.646091668153197,-1.0306701134001208,1.1782400904981658,-0.009816137054176,-0.5600155638834963,-1.002803930999114,-0.5787359118286177,1.7427397119690018,-0.9124191495230388,0.9124191495230392,1.7288236672481017,-0.5776581893550843,-0.5765804684883443,-0.5767344287272242,0
-0.1089391321059001,0.4842246042993504,0.6871298574603482,0.5665195228702936,-0.9115834940401768,0.646091668153197,-1.0306701134001208,-0.5718807606741845,-0.009816137054176,-1.1133245798463105,0.9972039090469852,-0.5787359118286177,-0.5738091541336192,-0.9124191495230388,0.9124191495230392,-0.5784279906300535,-0.5776581893550843,1.7343632929879855,-0.5767344287272242,0
0.3049318963338068,-0.6600184841162697,0.6871298574603482,1.5861726808619343,-0.9115834940401768,-1.5477679860172513,0.9702425509371356,-0.3954314398655083,-0.721130416342303,0.732514297405638,-1.002803930999114,1.7279038324066065,-0.5738091541336192,-0.9124191495230388,0.9124191495230392,-0.5784279906300535,-0.5776581893550843,1.7343632929879855,-0.5767344287272242,0
-1.2160441331821163,-0.0878969399084596,-1.3875375865624426,0.9424491437396858,0.8077365626180215,-1.5477679860172513,0.9702425509371356,0.9192884816577434,-1.43244469563043,1.153029149537377,-1.002803930999114,-0.5787359118286177,1.7427397119690018,-0.9124191495230388,0.9124191495230392,-0.5784279906300535,1.731127539482183,-0.5765804684883443,-0.5767344287272242,0
0.2635447934898361,-0.4693113027136664,-1.3875375865624426,-0.2146170796485671,-0.9115834940401768,0.646091668153197,0.9702425509371356,-1.0336792368285013,-0.009816137054176,1.626661667201546,0.9972039090469852,-0.5787359118286177,-0.5738091541336192,1.0959875190286648,-1.0959875190286648,-0.5784279906300535,-0.5776581893550843,-0.5765804684883443,1.733900301750437,0
-0.336568197747739,-0.3739577120123647,1.7244635794717436,-1.2258476714090278,0.8077365626180215,0.646091668153197,-1.0306701134001208,1.3971976931332066,-1.43244469563043,-1.175295189634146,0.9972039090469852,-0.5787359118286177,-0.5738091541336192,1.0959875190286648,-1.0959875190286648,1.7288236672481017,-0.5776581893550843,-0.5765804684883443,-0.5767344287272242,0
-0.0778988049729221,-1.3274936190253817,-0.3502038645510472,0.6195601176382446,-0.9115834940401768,0.646091668153197,0.9702425509371356,0.8348234971093621,1.412812421522078,1.33451450677318,-1.002803930999114,1.7279038324066065,-0.5738091541336192,-0.9124191495230388,0.9124191495230392,-0.5784279906300535,-0.5776581893550843,-0.5765804684883443,1.733900301750437,0
0.5325609619756456,-1.23214002832408,-1.0417596792253108,-0.0834146791938114,-0.9115834940401768,0.646091668153197,0.9702425509371356,0.1505344950340569,1.412812421522078,-1.3744864353807589,0.9972039090469852,-0.5787359118286177,-0.5738091541336192,-0.9124191495230388,0.9124191495230392,-0.5784279906300535,-0.5776581893550843,1.7343632929879855,-0.5767344287272242,1
0.3980528777327409,-0.4693113027136664,-1.3875375865624426,1.4236300704498774,-0.9115834940401768,0.646091668153197,-1.0306701134001208,0.9634443713068356,-0.009816137054176,-1.2416922715496834,0.9972039090469852,-0.5787359118286177,-0.5738091541336192,-0.9124191495230388,0.9124191495230392,1.7288236672481017,-0.5776581893550843,-0.5765804684883443,-0.5767344287272242,0
-0.4814230577016364,-0.8507256655188732,-0.0044259572139154,-1.2258476714090278,0.8077365626180215,0.646091668153197,-1.0306701134001208,-0.422616881995505,-1.43244469563043,-0.6131332294159264,0.9972039090469852,-0.5787359118286177,-0.5738091541336192,-0.9124191495230388,0.9124191495230392,-0.5784279906300535,-0.5776581893550843,1.7343632929879855,-0.5767344287272242,0
-1.505753853089911,-1.3274936190253817,-0.0044259572139154,0.6055516231673155,0.8077365626180215,0.646091668153197,0.9702425509371356,0.4632087261858578,-0.721130416342303,1.4894410312427682,-1.002803930999114,1.7279038324066065,-0.5738091541336192,1.0959875190286648,-1.0959875190286648,-0.5784279906300535,-0.5776581893550843,-0.5765804684883443,1.733900301750437,0
-0.5124633848346144,-1.80426157253189,1.378685672134612,0.7366174726548584,0.8077365626180215,0.646091668153197,-1.0306701134001208,-0.2312448423981228,-0.009816137054176,-0.0067065479206819,-1.002803930999114,-0.5787359118286177,1.7427397119690018,1.0959875190286648,-1.0959875190286648,-0.5784279906300535,-0.5776581893550843,1.7343632929879855,-0.5767344287272242,0
0.0979963821139533,-0.8507256655188732,-0.3502038645510472,-1.2258476714090278,0.8077365626180215,0.646091668153197,-1.0306701134001208,0.5053038453539848,-0.009816137054176,-1.3169422977206262,-1.002803930999114,-0.5787359118286177,1.7427397119690018,-0.9124191495230388,0.9124191495230392,1.7288236672481017,-0.5776581893550843,-0.5765804684883443,-0.5767344287272242,0
0.0773028306919679,-1.3274936190253817,-0.695981771888179,-1.2258476714090278,0.8077365626180215,-1.5477679860172513,0.9702425509371356,1.2843196030006376,0.7014981422339509,-0.9185598062274,0.9972039090469852,-0.5787359118286177,-0.5738091541336192,-0.9124191495230388,0.9124191495230392,-0.5784279906300535,1.731127539482183,-0.5765804684883443,-0.5767344287272242,0
-1.9092781058186252,0.1028102414941437,-0.3502038645510472,0.2421082419723888,-0.9115834940401768,0.646091668153197,-1.0306701134001208,0.715034670291745,-1.43244469563043,1.6399410835846535,0.9972039090469852,-0.5787359118286177,-0.5738091541336192,-0.9124191495230388,0.9124191495230392,-0.5784279906300535,-0.5776581893550843,-0.5765804684883443,1.733900301750437,1
-0.9159876375633288,-0.3739577120123647,-1.7333154938995745,-1.2258476714090278,0.8077365626180215,0.646091668153197,-1.0306701134001208,0.3444635871943106,-0.721130416342303,0.9184261267691436,-1.002803930999114,-0.5787359118286177,1.7427397119690018,1.0959875190286648,-1.0959875190286648,-0.5784279906300535,-0.5776581893550843,-0.5765804684883443,1.733900301750437,0
-0.460729506279651,-0.1832505306097613,1.03290776479748,1.2537476852790463,0.8077365626180215,0.646091668153197,-1.0306701134001208,-0.1911235487071227,1.412812421522078,-0.1306477674963523,-1.002803930999114,-0.5787359118286177,1.7427397119690018,-0.9124191495230388,0.9124191495230392,1.7288236672481017,-0.5776581893550843,-0.5765804684883443,-0.5767344287272242,0
-2.4886975456342157,-0.5646648934149681,0.3413519501232164,0.7901973796348647,-0.9115834940401768,-1.5477679860172513,-1.0306701134001208,-0.5869949323613416,-0.009816137054176,0.9272790710245488,0.9972039090469852,-0.5787359118286177,-0.5738091541336192,-0.9124191495230388,0.9124191495230392,1.7288236672481017,-0.5776581893550843,-0.5765804684883443,-0.5767344287272242,1
1.0809400746582574,-0.9460792562201747,1.378685672134612,0.6498992743781618,-0.9115834940401768,0.646091668153197,0.9702425509371356,-1.3603076194262544,1.412812421522078,-1.3523540747422464,0.9972039090469852,-0.5787359118286177,-0.5738091541336192,-0.9124191495230388,0.9124191495230392,-0.5784279906300535,-0.5776581893550843,1.7343632929879855,-0.5767344287272242,0
0.7394964761954991,0.1028102414941437,0.3413519501232164,-1.2258476714090278,0.8077365626180215,0.646091668153197,0.9702425509371356,0.2052397697788107,-0.721130416342303,1.060073234855624,0.9972039090469852,-0.5787359118286177,-0.5738091541336192,-0.9124191495230388,0.9124191495230392,-0.5784279906300535,1.731127539482183,-0.5765804684883443,-0.5767344287272242,0
0.6567222705075577,0.2935174228967471,-1.0417596792253108,1.6212093831992762,-0.9115834940401768,-1.5477679860172513,0.9702425509371356,-0.9202900839633734,1.412812421522078,0.896293766130631,-1.002803930999114,1.7279038324066065,-0.5738091541336192,-0.9124191495230388,0.9124191495230392,-0.5784279906300535,1.731127539482183,-0.5765804684883443,-0.5767344287272242,0
-1.7126893673097645,-0.8507256655188732,-0.0044259572139154,1.2867491050663475,-0.9115834940401768,0.646091668153197,0.9702425509371356,0.7139570739141785,1.412812421522078,0.1659258650597161,-1.002803930999114,1.7279038324066065,-0.5738091541336192,1.0959875190286648,-1.0959875190286648,-0.5784279906300535,-0.5776581893550843,1.7343632929879855,-0.5767344287272242,0
-2.4473104427902443,2.009882055520177,-0.695981771888179,-1.2258476714090278,0.8077365626180215,0.646091668153197,0.9702425509371356,-0.1086016111045091,1.412812421522078,-1.2903834649544113,-1.002803930999114,-0.5787359118286177,1.7427397119690018,-0.9124191495230388,0.9124191495230392,1.7288236672481017,-0.5776581893550843,-0.5765804684883443,-0.5767344287272242,0
-0.6883585719214899,0.7702853764032556,0.6871298574603482,0.8663114016267428,-0.9115834940401768,0.646091668153197,-1.0306701134001208,-0.1247556450375669,-0.009816137054176,-1.6400747630429098,-1.002803930999114,1.7279038324066065,-0.5738091541336192,-0.9124191495230388,0.9124191495230392,-0.5784279906300535,1.731127539482183,-0.5765804684883443,-0.5767344287272242,0
0.108343157824946,0.2935174228967471,-1.0417596792253108,1.6401345138453067,-0.9115834940401768,-1.5477679860172513,-1.0306701134001208,-1.2299530618522545,-1.43244469563043,-0.7990450587794321,-1.002803930999114,-0.5787359118286177,1.7427397119690018,-0.9124191495230388,0.9124191495230392,-0.5784279906300535,-0.5776581893550843,1.7343632929879855,-0.5767344287272242,1
0.2842383449118215,0.9609925578058588,-1.0417596792253108,0.6482520081328416,-0.9115834940401768,0.646091668153197,-1.0306701134001208,1.6513175942203515,1.412812421522078,-1.5028541270841318,-1.002803930999114,1.7279038324066065,-0.5738091541336192,-0.9124191495230388,0.9124191495230392,-0.5784279906300535,-0.5776581893550843,-0.5765804684883443,1.733900301750437,1
1.0705932989472646,-0.3739577120123647,0.3413519501232164,0.3541999178608886,0.8077365626180215,-1.5477679860172513,0.9702425509371356,0.1047965540951315,-0.009816137054176,0.7015289925117204,-1.002803930999114,1.7279038324066065,-0.5738091541336192,-0.9124191495230388,0.9124191495230392,-0.5784279906300535,-0.5776581893550843,1.7343632929879855,-0.5767344287272242,0
1.6396659630518615,-0.5646648934149681,-0.695981771888179,-1.2258476714090278,0.8077365626180215,-1.5477679860172513,0.9702425509371356,0.7188011278580008,1.412812421522078,0.0906758388887734,-1.002803930999114,-0.5787359118286177,1.7427397119690018,1.0959875190286648,-1.0959875190286648,-0.5784279906300535,1.731127539482183,-0.5765804684883443,-0.5767344287272242,0
1.6086256359188835,-1.3274936190253817,0.6871298574603482,-1.2258476714090278,0.8077365626180215,0.646091668153197,-1.0306701134001208,-1.4194352648462167,0.7014981422339509,0.7103819367671255,-1.002803930999114,-0.5787359118286177,1.7427397119690018,-0.9124191495230388,0.9124191495230392,-0.5784279906300535,-0.5776581893550843,1.7343632929879855,-0.5767344287272242,0
-1.3712457688470063,0.5795781950006521,1.03290776479748,-1.2258476714090278,0.8077365626180215,0.646091668153197,0.9702425509371356,-1.1111079361062932,-1.43244469563043,1.3699262837948,0.9972039090469852,-0.5787359118286177,-0.5738091541336192,1.0959875190286648,-1.0959875190286648,-0.5784279906300535,-0.5776581893550843,-0.5765804684883443,1.733900301750437,0
-0.9159876375633288,-0.9460792562201747,1.378685672134612,0.702335006058952,-0.9115834940401768,0.646091668153197,0.9702425509371356,-1.6223003906109172,-1.43244469563043,-0.4714861213294459,-1.002803930999114,-0.5787359118286177,1.7427397119690018,1.0959875190286648,-1.0959875190286648,1.7288236672481017,-0.5776581893550843,-0.5765804684883443,-0.5767344287272242,0
-0.5124633848346144,-1.23214002832408,0.6871298574603482,0.4652477481514345,0.8077365626180215,0.646091668153197,-1.0306701134001208,-0.8697917301743181,1.412812421522078,-0.3608243181368831,-1.002803930999114,1.7279038324066065,-0.5738091541336192,1.0959875190286648,-1.0959875190286648,-0.5784279906300535,1.731127539482183,-0.5765804684883443,-0.5767344287272242,0
-0.84356020758638,1.1516997392084622,-0.695981771888179,-1.2258476714090278,2.52705661927622,0.646091668153197,-1.0306701134001208,-0.4348168310440247,-0.721130416342303,-0.8654421406949698,-1.002803930999114,-0.5787359118286177,1.7427397119690018,1.0959875190286648,-1.0959875190286648,-0.5784279906300535,-0.5776581893550843,-0.5765804684883443,1.733900301750437,1
-1.4643667502459403,-1.9949687539344931,0.6871298574603482,0.4246866616722416,-0.9115834940401768,0.646091668153197,-1.0306701134001208,1.246449489349007,1.412812421522078,-0.763633281757812,0.9972039090469852,-0.5787359118286177,-0.5738091541336192,-0.9124191495230388,0.9124191495230392,1.7288236672481017,-0.5776581893550843,-0.5765804684883443,-0.5767344287272242,0
-1.1125763760721894,3.058771553234496,-1.3875375865624426,0.4459203370738267,-0.9115834940401768,0.646091668153197,0.9702425509371356,-1.2944406928688126,1.412812421522078,0.4580730254880821,0.9972039090469852,-0.5787359118286177,-0.5738091541336192,1.0959875190286648,-1.0959875190286648,1.7288236672481017,-0.5776581893550843,-0.5765804684883443,-0.5767344287272242,0
-0.0261649264179587,-0.278604121311063,1.03290776479748,1.129229871374185,0.8077365626180215,0.646091668153197,0.9702425509371356,0.520821615748957,-0.009816137054176,0.7679260744272581,-1.002803930999114,-0.5787359118286177,1.7427397119690018,-0.9124191495230388,0.9124191495230392,-0.5784279906300535,1.731127539482183,-0.5765804684883443,-0.5767344287272242,0
0.2531980177788434,-0.3739577120123647,1.03290776479748,1.268308313649093,-0.9115834940401768,-1.5477679860172513,0.9702425509371356,-1.1287709875259608,-1.43244469563043,1.6399410835846535,-1.002803930999114,-0.5787359118286177,1.7427397119690018,1.0959875190286648,-1.0959875190286648,-0.5784279906300535,-0.5776581893550843,1.7343632929879855,-0.5767344287272242,0
1.4637707759649865,1.0563461485071606,-0.3502038645510472,1.1255016453186648,-0.9115834940401768,0.646091668153197,-1.0306701134001208,-1.4530568978303142,0.7014981422339509,1.2769703691130474,-1.002803930999114,1.7279038324066065,-0.5738091541336192,1.0959875190286648,-1.0959875190286648,-0.5784279906300535,1.731127539482183,-0.5765804684883443,-0.5767344287272242,1
-0.0468584778399441,1.1516997392084622,-0.3502038645510472,0.4029761797830298,-0.9115834940401768,-1.5477679860172513,-1.0306701134001208,0.5295100299824738,1.412812421522078,0.1437935044212036,0.9972039090469852,-0.5787359118286177,-0.5738091541336192,1.0959875190286648,-1.0959875190286648,-0.5784279906300535,-0.5776581893550843,-0.5765804684883443,1.733900301750437,0
-0.8849473104303507,1.914528464818876,1.378685672134612,-0.1179002092585658,-0.9115834940401768,0.646091668153197,0.9702425509371356,1.2279293340815065,1.412812421522078,-0.2147507379227001,-1.002803930999114,1.7279038324066065,-0.5738091541336192,-0.9124191495230388,0.9124191495230392,-0.5784279906300535,-0.5776581893550843,1.7343632929879855,-0.5767344287272242,0
0.3877061020217482,0.007456650792842,-1.7333154938995745,-1.2258476714090278,0.8077365626180215,0.646091668153197,-1.0306701134001208,-0.8149892509152734,1.412812421522078,0.7015289925117204,0.9972039090469852,-0.5787359118286177,-0.5738091541336192,1.0959875190286648,-1.0959875190286648,-0.5784279906300535,1.731127539482183,-0.5765804684883443,-0.5767344287272242,1
0.4497867562877042,-1.613554391129287,-0.3502038645510472,-1.2258476714090278,0.8077365626180215,0.646091668153197,0.9702425509371356,-1.540048504190224,-1.43244469563043,1.6886322769893811,0.9972039090469852,-0.5787359118286177,-0.5738091541336192,1.0959875190286648,-1.0959875190286648,-0.5784279906300535,1.731127539482183,-0.5765804684883443,-0.5767344287272242,0
1.950069234381642,1.1516997392084622,-0.695981771888179,-1.2258476714090278,-0.9115834940401768,0.646091668153197,0.9702425509371356,-0.5388679166069597,1.412812421522078,0.431514192721867,0.9972039090469852,-0.5787359118286177,-0.5738091541336192,1.0959875190286648,-1.0959875190286648,-0.5784279906300535,-0.5776581893550843,1.7343632929879855,-0.5767344287272242,1
-2.271415255703369,0.2935174228967471,1.03290776479748,0.7105934546957354,0.8077365626180215,0.646091668153197,-1.0306701134001208,0.4532095290744817,1.412812421522078,0.4669259697434871,-1.002803930999114,1.7279038324066065,-0.5738091541336192,-0.9124191495230388,0.9124191495230392,-0.5784279906300535,1.731127539482183,-0.5765804684883443,-0.5767344287272242,0
-0.5124633848346144,0.9609925578058588,-0.3502038645510472,0.316809314050009,0.8077365626180215,0.646091668153197,-1.0306701134001208,0.0725743878928081,0.7014981422339509,-0.9583980553767226,-1.002803930999114,1.7279038324066065,-0.5738091541336192,1.0959875190286648,-1.0959875190286648,-0.5784279906300535,1.731127539482183,-0.5765804684883443,-0.5767344287272242,0
-0.2020601135048342,-1.518200800427985,-0.695981771888179,-1.2258476714090278,0.8077365626180215,0.646091668153197,-1.0306701134001208,-1.500270817154391,0.7014981422339509,-1.6489277072983148,-1.002803930999114,-0.5787359118286177,1.7427397119690018,-0.9124191495230388,0.9124191495230392,-0.5784279906300535,1.731127539482183,-0.5765804684883443,-0.5767344287272242,0
2.063883767202561,-0.4693113027136664,0.3413519501232164,0.3971617049713959,-0.9115834940401768,0.646091668153197,-1.0306701134001208,-1.1579033021818947,-1.43244469563043,1.3035292018792624,0.9972039090469852,-0.5787359118286177,-0.5738091541336192,1.0959875190286648,-1.0959875190286648,1.7288236672481017,-0.5776581893550843,-0.5765804684883443,-0.5767344287272242,0
-1.4850603016679258,-0.7553720748175714,1.378685672134612,0.5626121137380785,-0.9115834940401768,0.646091668153197,-1.0306701134001208,0.8685275539570978,-0.721130416342303,-0.5910008687774139,-1.002803930999114,1.7279038324066065,-0.5738091541336192,-0.9124191495230388,0.9124191495230392,-0.5784279906300535,-0.5776581893550843,1.7343632929879855,-0.5767344287272242,0
0.3256254477557921,1.0563461485071606,1.7244635794717436,0.8262474760633878,-0.9115834940401768,0.646091668153197,0.9702425509371356,0.0377327426148577,0.7014981422339509,1.507146919753578,-1.002803930999114,-0.5787359118286177,1.7427397119690018,1.0959875190286648,-1.0959875190286648,-0.5784279906300535,-0.5776581893550843,-0.5765804684883443,1.733900301750437,0
1.4637707759649865,2.9634179625331942,-0.695981771888179,-1.2258476714090278,0.8077365626180215,0.646091668153197,0.9702425509371356,1.2546169291195273,0.7014981422339509,-0.3652507902645856,0.9972039090469852,-0.5787359118286177,-0.5738091541336192,1.0959875190286648,-1.0959875190286648,-0.5784279906300535,-0.5776581893550843,1.7343632929879855,-0.5767344287272242,0
-0.7711327776094312,-1.422847209726683,-0.695981771888179,-1.2258476714090278,-0.9115834940401768,-1.5477679860172513,0.9702425509371356,-0.3754667803042453,-0.721130416342303,1.4673086706042555,0.9972039090469852,-0.5787359118286177,-0.5738091541336192,-0.9124191495230388,0.9124191495230392,-0.5784279906300535,-0.5776581893550843,-0.5765804684883443,1.733900301750437,1
0.2118109149348727,-0.4693113027136664,-0.0044259572139154,0.8725659808467876,4.246376675934418,0.646091668153197,0.9702425509371356,-1.2494343071921787,-1.43244469563043,-0.0908095183470296,-1.002803930999114,-0.5787359118286177,1.7427397119690018,1.0959875190286648,-1.0959875190286648,-0.5784279906300535,-0.5776581893550843,1.7343632929879855,-0.5767344287272242,1
-0.1917133377938415,-1.518200800427985,-0.695981771888179,0.7371287374264648,-0.9115834940401768,0.646091668153197,-1.0306701134001208,0.8197267144229723,1.412812421522078,-0.9583980553767226,-1.002803930999114,1.7279038324066065,-0.5738091541336192,-0.9124191495230388,0.9124191495230392,-0.5784279906300535,-0.5776581893550843,1.7343632929879855,-0.5767344287272242,1
0.9567787661263452,3.058771553234496,-1.7333154938995745,-1.2258476714090278,0.8077365626180215,-1.5477679860172513,0.9702425509371356,-1.2216223393645262,1.412812421522078,-1.2239863830388735,0.9972039090469852,-0.5787359118286177,-0.5738091541336192,-0.9124191495230388,0.9124191495230392,-0.5784279906300535,-0.5776581893550843,1.7343632929879855,-0.5767344287272242,0
-0.0054713749959734,0.6749317857019538,1.378685672134612,1.162251805860786,0.8077365626180215,0.646091668153197,-1.0306701134001208,1.3356941885383709,-0.009816137054176,1.2105732871975097,-1.002803930999114,1.7279038324066065,-0.5738091541336192,1.0959875190286648,-1.0959875190286648,-0.5784279906300535,1.731127539482183,-0.5765804684883443,-0.5767344287272242,0
-0.0054713749959734,0.5795781950006521,1.378685672134612,1.216158185047614,2.52705661927622,0.646091668153197,-1.0306701134001208,0.8824043243496342,-0.009816137054176,0.6793966318732079,-1.002803930999114,1.7279038324066065,-0.5738091541336192,1.0959875190286648,-1.0959875190286648,-0.5784279906300535,-0.5776581893550843,1.7343632929879855,-0.5767344287272242,1
0.3152786720447995,-0.8507256655188732,-1.0417596792253108,0.5546520898676686,-0.9115834940401768,0.646091668153197,-1.0306701134001208,-0.5408718250554144,1.412812421522078,0.3739700550617343,-1.002803930999114,-0.5787359118286177,1.7427397119690018,-0.9124191495230388,0.9124191495230392,-0.5784279906300535,-0.5776581893550843,1.7343632929879855,-0.5767344287272242,0
0.1186899335359386,0.007456650792842,-0.0044259572139154,0.9876042406932763,-0.9115834940401768,-1.5477679860172513,-1.0306701134001208,-1.3997017051051548,-0.721130416342303,1.0644997069833266,0.9972039090469852,-0.5787359118286177,-0.5738091541336192,1.0959875190286648,-1.0959875190286648,-0.5784279906300535,-0.5776581893550843,1.7343632929879855,-0.5767344287272242,0
-1.1746570303381456,-0.0878969399084596,-1.3875375865624426,-1.2258476714090278,0.8077365626180215,-1.5477679860172513,0.9702425509371356,-1.023451722137047,1.412812421522078,0.9361320152799536,-1.002803930999114,-0.5787359118286177,1.7427397119690018,1.0959875190286648,-1.0959875190286648,-0.5784279906300535,-0.5776581893550843,1.7343632929879855,-0.5767344287272242,0
1.0188594203923014,1.4377605113123673,-0.695981771888179,1.0943798848546866,-0.9115834940401768,0.646091668153197,-1.0306701134001208,-0.1174442657748341,-1.43244469563043,-1.0115157209091528,-1.002803930999114,1.7279038324066065,-0.5738091541336192,-0.9124191495230388,0.9124191495230392,-0.5784279906300535,-0.5776581893550843,-0.5765804684883443,1.733900301750437,1
-0.9780682918292848,-0.0878969399084596,-1.0417596792253108,0.6133614730280088,-0.9115834940401768,0.646091668153197,-1.0306701134001208,1.6193300056383826,0.7014981422339509,0.9449849595353588,0.9972039090469852,-0.5787359118286177,-0.5738091541336192,-0.9124191495230388,0.9124191495230392,1.7288236672481017,-0.5776581893550843,-0.5765804684883443,-0.5767344287272242,0
0.7188029247735137,2.009882055520177,1.378685672134612,0.632024720715793,0.8077365626180215,-1.5477679860172513,-1.0306701134001208,0.9992039819353056,-1.43244469563043,-1.4718688221902143,-1.002803930999114,1.7279038324066065,-0.5738091541336192,-0.9124191495230388,0.9124191495230392,-0.5784279906300535,-0.5776581893550843,1.7343632929879855,-0.5767344287272242,1
-0.5848908148115631,2.105235646221479,-0.695981771888179,-0.225896798570477,-0.9115834940401768,0.646091668153197,0.9702425509371356,1.6057676283797238,0.7014981422339509,1.600102834435331,0.9972039090469852,-0.5787359118286177,-0.5738091541336192,-0.9124191495230388,0.9124191495230392,-0.5784279906300535,-0.5776581893550843,-0.5765804684883443,1.733900301750437,0
-1.4022860959799843,2.009882055520177,1.378685672134612,0.5966807787022221,-0.9115834940401768,0.646091668153197,-1.0306701134001208,-1.4200901346151231,-1.43244469563043,1.0777791233664342,-1.002803930999114,1.7279038324066065,-0.5738091541336192,-0.9124191495230388,0.9124191495230392,-0.5784279906300535,1.731127539482183,-0.5765804684883443,-0.5767344287272242,1
1.0085126446813086,-1.1367864376227783,-1.0417596792253108,0.2321680688063057,-0.9115834940401768,0.646091668153197,0.9702425509371356,0.5490095337732043,-0.009816137054176,0.6085730778299676,-1.002803930999114,1.7279038324066065,-0.5738091541336192,1.0959875190286648,-1.0959875190286648,-0.5784279906300535,1.731127539482183,-0.5765804684883443,-0.5767344287272242,0
-0.6883585719214899,-0.8507256655188732,-0.0044259572139154,-1.2258476714090278,0.8077365626180215,0.646091668153197,0.9702425509371356,1.4800011586582469,-0.721130416342303,-0.188191905156485,-1.002803930999114,-0.5787359118286177,1.7427397119690018,1.0959875190286648,-1.0959875190286648,-0.5784279906300535,-0.5776581893550843,-0.5765804684883443,1.733900301750437,0
0.9567787661263452,0.1028102414941437,0.3413519501232164,-1.2258476714090278,-0.9115834940401768,0.646091668153197,-1.0306701134001208,-1.2486944052095186,-0.721130416342303,0.6085730778299676,0.9972039090469852,-0.5787359118286177,-0.5738091541336192,1.0959875190286648,-1.0959875190286648,-0.5784279906300535,-0.5776581893550843,1.7343632929879855,-0.5767344287272242,1
-0.5952375905225558,0.5795781950006521,-0.3502038645510472,0.9991187567595134,-0.9115834940401768,-1.5477679860172513,-1.0306701134001208,-1.5521675943851747,1.412812421522078,-0.5821479245220088,0.9972039090469852,-0.5787359118286177,-0.5738091541336192,-0.9124191495230388,0.9124191495230392,-0.5784279906300535,-0.5776581893550843,1.7343632929879855,-0.5767344287272242,0
-1.5471409559338818,-1.3274936190253817,0.3413519501232164,0.4411926605118052,-0.9115834940401768,0.646091668153197,-1.0306701134001208,0.2553420021303812,1.412812421522078,0.0995287831441784,-1.002803930999114,1.7279038324066065,-0.5738091541336192,-0.9124191495230388,0.9124191495230392,-0.5784279906300535,-0.5776581893550843,1.7343632929879855,-0.5767344287272242,0
1.153367504635206,-0.3739577120123647,1.378685672134612,-1.2258476714090278,0.8077365626180215,0.646091668153197,0.9702425509371356,-0.9914258777533894,-1.43244469563043,0.6307054384684803,0.9972039090469852,-0.5787359118286177,-0.5738091541336192,-0.9124191495230388,0.9124191495230392,1.7288236672481017,-0.5776581893550843,-0.5765804684883443,-0.5767344287272242,0
0.4394399805767116,-0.4693113027136664,1.7244635794717436,0.4979650072992189,0.8077365626180215,-1.5477679860172513,-1.0306701134001208,0.9484154057234396,1.412812421522078,0.4624994976157847,-1.002803930999114,-0.5787359118286177,1.7427397119690018,1.0959875190286648,-1.0959875190286648,1.7288236672481017,-0.5776581893550843,-0.5765804684883443,-0.5767344287272242,0
-0.0778988049729221,0.5795781950006521,-0.0044259572139154,-1.2258476714090278,-0.9115834940401768,0.646091668153197,-1.0306701134001208,0.7376981027721351,-0.009816137054176,0.5466024680421324,0.9972039090469852,-0.5787359118286177,-0.5738091541336192,-0.9124191495230388,0.9124191495230392,-0.5784279906300535,1.731127539482183,-0.5765804684883443,-0.5767344287272242,1
2.063883767202561,-0.6600184841162697,-0.695981771888179,0.981313600478369,-0.9115834940401768,-1.5477679860172513,0.9702425509371356,1.0314014557565392,-0.721130416342303,0.9184261267691436,-1.002803930999114,1.7279038324066065,-0.5738091541336192,-0.9124191495230388,0.9124191495230392,1.7288236672481017,-0.5776581893550843,-0.5765804684883443,-0.5767344287272242,0
0.7188029247735137,-0.4693113027136664,-0.695981771888179,0.6702806281322851,0.8077365626180215,0.646091668153197,0.9702425509371356,0.6265265691748957,-0.721130416342303,-0.8698686128226722,0.9972039090469852,-0.5787359118286177,-0.5738091541336192,1.0959875190286648,-1.0959875190286648,-0.5784279906300535,1.731127539482183,-0.5765804684883443,-0.5767344287272242,0
-0.8228666561643946,-0.1832505306097613,1.378685672134612,1.011424210646402,2.52705661927622,0.646091668153197,-1.0306701134001208,0.0706412526774771,1.412812421522078,1.4009115886887178,-1.002803930999114,1.7279038324066065,-0.5738091541336192,-0.9124191495230388,0.9124191495230392,-0.5784279906300535,-0.5776581893550843,1.7343632929879855,-0.5767344287272242,1
-0.7193988990544679,1.0563461485071606,-0.3502038645510472,-1.2258476714090278,0.8077365626180215,0.646091668153197,0.9702425509371356,-0.3371469870927654,-0.009816137054176,-1.65778065155372,-1.002803930999114,-0.5787359118286177,1.7427397119690018,1.0959875190286648,-1.0959875190286648,-0.5784279906300535,1.731127539482183,-0.5765804684883443,-0.5767344287272242,0
-0.7711327776094312,0.1981638321954454,-0.3502038645510472,0.5789636112485425,-0.9115834940401768,-1.5477679860172513,-1.0306701134001208,1.5814416335359465,0.7014981422339509,0.2367494191029564,0.9972039090469852,-0.5787359118286177,-0.5738091541336192,1.0959875190286648,-1.0959875190286648,-0.5784279906300535,-0.5776581893550843,-0.5765804684883443,1.733900301750437,1
-1.8678910029746547,-1.3274936190253817,1.03290776479748,0.8252065153450229,0.8077365626180215,0.646091668153197,0.9702425509371356,1.446227719697449,-0.009816137054176,-1.091192219207798,0.9972039090469852,-0.5787359118286177,-0.5738091541336192,1.0959875190286648,-1.0959875190286648,1.7288236672481017,-0.5776581893550843,-0.5765804684883443,-0.5767344287272242,0
0.615335167663587,-1.7089079818305883,-0.3502038645510472,0.5232061009921045,0.8077365626180215,0.646091668153197,0.9702425509371356,-0.7633467008757118,1.412812421522078,0.0906758388887734,0.9972039090469852,-0.5787359118286177,-0.5738091541336192,-0.9124191495230388,0.9124191495230392,-0.5784279906300535,-0.5776581893550843,-0.5765804684883443,1.733900301750437,0
2.063883767202561,-0.7553720748175714,-0.3502038645510472,-1.2258476714090278,0.8077365626180215,-1.5477679860172513,-1.0306701134001208,0.9078456497026438,1.412812421522078,0.3297053337847092,0.9972039090469852,-0.5787359118286177,-0.5738091541336192,-0.9124191495230388,0.9124191495230392,-0.5784279906300535,-0.5776581893550843,-0.5765804684883443,1.733900301750437,0
-0.1710197863718562,-0.278604121311063,-1.3875375865624426,-1.2258476714090278,-0.9115834940401768,0.646091668153197,0.9702425509371356,0.7628638124629785,-0.009816137054176,1.617808722946141,-1.002803930999114,-0.5787359118286177,1.7427397119690018,1.0959875190286648,-1.0959875190286648,-0.5784279906300535,1.731127539482183,-0.5765804684883443,-0.5767344287272242,0
0.6256819433745797,-0.0878969399084596,-0.3502038645510472,0.7510296899971598,-0.9115834940401768,0.646091668153197,-1.0306701134001208,0.7257749866158347,-0.721130416342303,-0.1527801281348648,0.9972039090469852,-0.5787359118286177,-0.5738091541336192,-0.9124191495230388,0.9124191495230392,-0.5784279906300535,1.731127539482183,-0.5765804684883443,-0.5767344287272242,0
-1.4643667502459403,-0.9460792562201747,-1.3875375865624426,-1.2258476714090278,0.8077365626180215,0.646091668153197,-1.0306701134001208,-0.5386608136078179,-0.721130416342303,-1.263824632188196,-1.002803930999114,-0.5787359118286177,1.7427397119690018,-0.9124191495230388,0.9124191495230392,1.7288236672481017,-0.5776581893550843,-0.5765804684883443,-0.5767344287272242,0
0.3877061020217482,1.4377605113123673,1.378685672134612,-1.2258476714090278,-0.9115834940401768,0.646091668153197,-1.0306701134001208,1.584527311722152,1.412812421522078,0.6174260220853727,0.9972039090469852,-0.5787359118286177,-0.5738091541336192,1.0959875190286648,-1.0959875190286648,-0.5784279906300535,1.731127539482183,-0.5765804684883443,-0.5767344287272242,1
-0.1606730106608635,0.4842246042993504,-1.0417596792253108,0.0413332839938172,0.8077365626180215,-1.5477679860172513,0.9702425509371356,0.229561069592381,-1.43244469563043,1.0999114840049469,-1.002803930999114,1.7279038324066065,-0.5738091541336192,1.0959875190286648,-1.0959875190286648,-0.5784279906300535,-0.5776581893550843,1.7343632929879855,-0.5767344287272242,0
-0.1710197863718562,1.247053329909764,-1.3875375865624426,-1.2258476714090278,0.8077365626180215,0.646091668153197,0.9702425509371356,1.3358783380565,0.7014981422339509,1.4230439493272304,-1.002803930999114,-0.5787359118286177,1.7427397119690018,-0.9124191495230388,0.9124191495230392,-0.5784279906300535,-0.5776581893550843,1.7343632929879855,-0.5767344287272242,0
0.6463754947965651,0.007456650792842,1.7244635794717436,-1.2258476714090278,0.8077365626180215,0.646091668153197,0.9702425509371356,0.4551350131294748,1.412812421522078,-1.631221818787505,0.9972039090469852,-0.5787359118286177,-0.5738091541336192,1.0959875190286648,-1.0959875190286648,-0.5784279906300535,-0.5776581893550843,1.7343632929879855,-0.5767344287272242,0
0.4704803077096895,-0.4693113027136664,1.378685672134612,1.1919505193319446,-0.9115834940401768,-1.5477679860172513,0.9702425509371356,-1.5972398843747175,-0.009816137054176,-0.1527801281348648,0.9972039090469852,-0.5787359118286177,-0.5738091541336192,-0.9124191495230388,0.9124191495230392,-0.5784279906300535,1.731127539482183,-0.5765804684883443,-0.5767344287272242,0
0.4083996534437335,-1.7089079818305883,1.03290776479748,-1.2258476714090278,0.8077365626180215,0.646091668153197,0.9702425509371356,0.968439535667328,-0.721130416342303,-0.2722948755828328,0.9972039090469852,-0.5787359118286177,-0.5738091541336192,-0.9124191495230388,0.9124191495230392,1.7288236672481017,-0.5776581893550843,-0.5765804684883443,-0.5767344287272242,0
1.3809965702770448,-0.3739577120123647,-0.695981771888179,-1.2258476714090278,0.8077365626180215,-1.5477679860172513,-1.0306701134001208,-0.3235501796125867,-0.721130416342303,-0.6087067572882239,-1.002803930999114,-0.5787359118286177,1.7427397119690018,-0.9124191495230388,0.9124191495230392,-0.5784279906300535,-0.5776581893550843,1.7343632929879855,-0.5767344287272242,0
0.8015771304614552,-0.5646648934149681,1.03290776479748,0.8561960521611718,-0.9115834940401768,-1.5477679860172513,0.9702425509371356,-1.113005249980043,-0.721130416342303,1.3566468674116927,0.9972039090469852,-0.5787359118286177,-0.5738091541336192,-0.9124191495230388,0.9124191495230392,-0.5784279906300535,1.731127539482183,-0.5765804684883443,-0.5767344287272242,0
-1.2470844603150943,0.4842246042993504,0.3413519501232164,-1.2258476714090278,0.8077365626180215,-1.5477679860172513,-1.0306701134001208,-0.7685394042849236,1.412812421522078,-1.210706966655766,-1.002803930999114,-0.5787359118286177,1.7427397119690018,-0.9124191495230388,0.9124191495230392,-0.5784279906300535,-0.5776581893550843,-0.5765804684883443,1.733900301750437,0
0.3152786720447995,0.6749317857019538,-1.7333154938995745,0.4725357553486951,-0.9115834940401768,0.646091668153197,-1.0306701134001208,-1.6401075968469478,0.7014981422339509,-0.9761039438875326,0.9972039090469852,-0.5787359118286177,-0.5738091541336192,-0.9124191495230388,0.9124191495230392,-0.5784279906300535,1.731127539482183,-0.5765804684883443,-0.5767344287272242,0
-0.6159311419445411,-0.5646648934149681,1.378685672134612,0.885975862802999,-0.9115834940401768,0.646091668153197,-1.0306701134001208,0.3250320743965811,1.412812421522078,-0.042118324942302,0.9972039090469852,-0.5787359118286177,-0.5738091541336192,-0.9124191495230388,0.9124191495230392,-0.5784279906300535,1.731127539482183,-0.5765804684883443,-0.5767344287272242,0
-2.1886410500154274,-0.6600184841162697,-0.695981771888179,1.000343548416133,-0.9115834940401768,0.646091668153197,-1.0306701134001208,-0.4243658676927073,0.7014981422339509,1.3566468674116927,-1.002803930999114,-0.5787359118286177,1.7427397119690018,1.0959875190286648,-1.0959875190286648,1.7288236672481017,-0.5776581893550843,-0.5765804684883443,-0.5767344287272242,0
-0.6780117962104972,-1.0414328469214764,0.3413519501232164,0.469754731424897,-0.9115834940401768,0.646091668153197,0.9702425509371356,-1.0237104704684683,-0.721130416342303,-0.7105156162253817,0.9972039090469852,-0.5787359118286177,-0.5738091541336192,1.0959875190286648,-1.0959875190286648,-0.5784279906300535,-0.5776581893550843,1.7343632929879855,-0.5767344287272242,0
-0.6055843662335485,2.5820035997279875,-0.0044259572139154,1.1774203424686704,-0.9115834940401768,0.646091668153197,0.9702425509371356,-0.414252077066273,0.7014981422339509,-0.8964274455888874,0.9972039090469852,-0.5787359118286177,-0.5738091541336192,1.0959875190286648,-1.0959875190286648,1.7288236672481017,-0.5776581893550843,-0.5765804684883443,-0.5767344287272242,0
-0.7193988990544679,-0.8507256655188732,-1.3875375865624426,-1.2258476714090278,0.8077365626180215,0.646091668153197,-1.0306701134001208,1.7280117821057217,0.7014981422339509,-0.0022800757929793,0.9972039090469852,-0.5787359118286177,-0.5738091541336192,-0.9124191495230388,0.9124191495230392,-0.5784279906300535,-0.5776581893550843,1.7343632929879855,-0.5767344287272242,0
1.0188594203923014,-0.5646648934149681,-1.3875375865624426,-0.0336554746872619,-0.9115834940401768,0.646091668153197,-1.0306701134001208,-1.3898292738093745,-0.721130416342303,0.3031465010184941,0.9972039090469852,-0.5787359118286177,-0.5738091541336192,1.0959875190286648,-1.0959875190286648,1.7288236672481017,-0.5776581893550843,-0.5765804684883443,-0.5767344287272242,0
-1.567834507355867,1.3424069206110656,-1.3875375865624426,-0.0201999154708912,0.8077365626180215,-1.5477679860172513,-1.0306701134001208,0.7783118529648729,0.7014981422339509,-0.807898003034837,-1.002803930999114,-0.5787359118286177,1.7427397119690018,1.0959875190286648,-1.0959875190286648,-0.5784279906300535,-0.5776581893550843,-0.5765804684883443,1.733900301750437,1
-1.857544227263662,1.8191748741175744,-0.3502038645510472,0.61267919900521,-0.9115834940401768,0.646091668153197,0.9702425509371356,-1.1089871735726804,-1.43244469563043,1.31680861826237,0.9972039090469852,-0.5787359118286177,-0.5738091541336192,1.0959875190286648,-1.0959875190286648,-0.5784279906300535,-0.5776581893550843,1.7343632929879855,-0.5767344287272242,0
0.9567787661263452,0.2935174228967471,0.6871298574603482,0.0082749679701772,0.8077365626180215,0.646091668153197,0.9702425509371356,-0.3418994010025424,-0.721130416342303,1.7107646376278938,0.9972039090469852,-0.5787359118286177,-0.5738091541336192,-0.9124191495230388,0.9124191495230392,-0.5784279906300535,-0.5776581893550843,1.7343632929879855,-0.5767344287272242,0
-1.091882824650204,-0.1832505306097613,-0.695981771888179,0.2355683802152093,-0.9115834940401768,0.646091668153197,-1.0306701134001208,0.0936642896937405,-1.43244469563043,-1.4630158779348093,0.9972039090469852,-0.5787359118286177,-0.5738091541336192,-0.9124191495230388,0.9124191495230392,-0.5784279906300535,1.731127539482183,-0.5765804684883443,-0.5767344287272242,0
-0.1503262349498708,0.5795781950006521,-0.695981771888179,-1.2258476714090278,0.8077365626180215,0.646091668153197,0.9702425509371356,1.0324468824826856,-0.009816137054176,-1.3302217141037338,-1.002803930999114,-0.5787359118286177,1.7427397119690018,-0.9124191495230388,0.9124191495230392,-0.5784279906300535,1.731127539482183,-0.5765804684883443,-0.5767344287272242,0
0.6256819433745797,2.391296418325384,-0.3502038645510472,-1.2258476714090278,0.8077365626180215,0.646091668153197,0.9702425509371356,-1.6850736400418007,-1.43244469563043,1.5159998640089831,0.9972039090469852,-0.5787359118286177,-0.5738091541336192,-0.9124191495230388,0.9124191495230392,-0.5784279906300535,1.731127539482183,-0.5765804684883443,-0.5767344287272242,0
-0.0054713749959734,2.009882055520177,1.03290776479748,-1.2258476714090278,0.8077365626180215,0.646091668153197,0.9702425509371356,0.0493068615257525,-0.009816137054176,-1.5515453204888596,0.9972039090469852,-0.5787359118286177,-0.5738091541336192,-0.9124191495230388,0.9124191495230392,-0.5784279906300535,1.731127539482183,-0.5765804684883443,-0.5767344287272242,0
-1.2781247874480723,0.7702853764032556,-1.3875375865624426,-1.2258476714090278,-0.9115834940401768,0.646091668153197,-1.0306701134001208,-1.3698720915184412,-0.009816137054176,-0.0731036298362196,0.9972039090469852,-0.5787359118286177,-0.5738091541336192,-0.9124191495230388,0.9124191495230392,-0.5784279906300535,-0.5776581893550843,1.7343632929879855,-0.5767344287272242,1
0.139383484957924,1.7238212834162725,-1.3875375865624426,-1.2258476714090278,0.8077365626180215,0.646091668153197,0.9702425509371356,-0.7569026849712654,-0.009816137054176,1.3433674510285851,0.9972039090469852,-0.5787359118286177,-0.5738091541336192,-0.9124191495230388,0.9124191495230392,-0.5784279906300535,-0.5776581893550843,1.7343632929879855,-0.5767344287272242,0
0.4704803077096895,0.2935174228967471,0.6871298574603482,1.3756503558364772,-0.9115834940401768,0.646091668153197,-1.0306701134001208,0.3646760400165115,1.412812421522078,-0.0863830462193271,-1.002803930999114,1.7279038324066065,-0.5738091541336192,-0.9124191495230388,0.9124191495230392,-0.5784279906300535,1.731127539482183,-0.5765804684883443,-0.5767344287272242,0
-1.2677780117370796,-0.6600184841162697,-1.0417596792253108,0.3623178087532522,-0.9115834940401768,-1.5477679860172513,0.9702425509371356,0.1923178294184214,1.412812421522078,1.1176173725157568,-1.002803930999114,1.7279038324066065,-0.5738091541336192,-0.9124191495230388,0.9124191495230392,-0.5784279906300535,-0.5776581893550843,1.7343632929879855,-0.5767344287272242,0
0.4911738591316749,0.007456650792842,1.378685672134612,1.370446033057918,-0.9115834940401768,-1.5477679860172513,-1.0306701134001208,-0.171766113052663,-0.009816137054176,-0.4050890394139082,-1.002803930999114,-0.5787359118286177,1.7427397119690018,1.0959875190286648,-1.0959875190286648,1.7288236672481017,-0.5776581893550843,-0.5765804684883443,-0.5767344287272242,0
0.5325609619756456,0.5795781950006521,-1.7333154938995745,0.0690398278376815,-0.9115834940401768,0.646091668153197,0.9702425509371356,-1.2627097659381727,-0.721130416342303,1.7151911097555963,0.9972039090469852,-0.5787359118286177,-0.5738091541336192,-0.9124191495230388,0.9124191495230392,1.7288236672481017,-0.5776581893550843,-0.5765804684883443,-0.5767344287272242,0
1.443077224543001,-1.3274936190253817,-0.0044259572139154,1.2244692026013524,-0.9115834940401768,0.646091668153197,-1.0306701134001208,-0.7281722301230701,0.7014981422339509,1.4673086706042555,-1.002803930999114,1.7279038324066065,-0.5738091541336192,1.0959875190286648,-1.0959875190286648,-0.5784279906300535,-0.5776581893550843,-0.5765804684883443,1.733900301750437,0
-1.009108618962263,0.6749317857019538,-0.695981771888179,0.0930407438494728,-0.9115834940401768,0.646091668153197,-1.0306701134001208,0.216662604383028,-1.43244469563043,1.2105732871975097,-1.002803930999114,1.7279038324066065,-0.5738091541336192,-0.9124191495230388,0.9124191495230392,1.7288236672481017,-0.5776581893550843,-0.5765804684883443,-0.5767344287272242,1
1.5155046545199495,-0.6600184841162697,-1.3875375865624426,1.209037821408692,-0.9115834940401768,0.646091668153197,-1.0306701134001208,-1.5861060549632575,-0.721130416342303,1.0689261791110292,-1.002803930999114,1.7279038324066065,-0.5738091541336192,-0.9124191495230388,0.9124191495230392,-0.5784279906300535,1.731127539482183,-0.5765804684883443,-0.5767344287272242,0
-1.5574877316448743,-0.4693113027136664,0.3413519501232164,-1.2258476714090278,-0.9115834940401768,0.646091668153197,0.9702425509371356,0.698658926598901,-0.721130416342303,-0.3696772623922881,0.9972039090469852,-0.5787359118286177,-0.5738091541336192,1.0959875190286648,-1.0959875190286648,-0.5784279906300535,-0.5776581893550843,1.7343632929879855,-0.5767344287272242,0
-1.1022296003611969,-0.1832505306097613,-0.695981771888179,0.1283902953511334,-0.9115834940401768,-1.5477679860172513,-1.0306701134001208,-0.349834523722808,1.412812421522078,1.471735142731958,0.9972039090469852,-0.5787359118286177,-0.5738091541336192,-0.9124191495230388,0.9124191495230392,-0.5784279906300535,-0.5776581893550843,1.7343632929879855,-0.5767344287272242,0
-0.4193424034356803,-0.4693113027136664,-1.7333154938995745,0.4266781902151826,-0.9115834940401768,-1.5477679860172513,-1.0306701134001208,0.4444033913057687,-1.43244469563043,0.5820142450637525,0.9972039090469852,-0.5787359118286177,-0.5738091541336192,-0.9124191495230388,0.9124191495230392,1.7288236672481017,-0.5776581893550843,-0.5765804684883443,-0.5767344287272242,0
-0.4400359548576657,-1.0414328469214764,-0.3502038645510472,-1.2258476714090278,0.8077365626180215,0.646091668153197,-1.0306701134001208,-1.5509355836807923,1.412812421522078,-0.95397158324902,-1.002803930999114,-0.5787359118286177,1.7427397119690018,1.0959875190286648,-1.0959875190286648,-0.5784279906300535,-0.5776581893550843,1.7343632929879855,-0.5767344287272242,1
-0.0468584778399441,-0.0878969399084596,0.6871298574603482,-1.2258476714090278,0.8077365626180215,0.646091668153197,-1.0306701134001208,-1.7138919093438725,-0.009816137054176,-0.6396920621821415,0.9972039090469852,-0.5787359118286177,-0.5738091541336192,-0.9124191495230388,0.9124191495230392,-0.5784279906300535,-0.5776581893550843,-0.5765804684883443,1.733900301750437,0
-0.5952375905225558,-0.3739577120123647,-0.3502038645510472,1.3647381385199888,-0.9115834940401768,0.646091668153197,0.9702425509371356,-1.392542131819123,-1.43244469563043,-0.95397158324902,-1.002803930999114,-0.5787359118286177,1.7427397119690018,-0.9124191495230388,0.9124191495230392,-0.5784279906300535,1.731127539482183,-0.5765804684883443,-0.5767344287272242,0
-0.3469149734587316,-0.8507256655188732,1.03290776479748,-1.2258476714090278,-0.9115834940401768,0.646091668153197,0.9702425509371356,-0.1298669679231867,-0.009816137054176,0.9848232086846814,0.9972039090469852,-0.5787359118286177,-0.5738091541336192,1.0959875190286648,-1.0959875190286648,-0.5784279906300535,1.731127539482183,-0.5765804684883443,-0.5767344287272242,0
-1.474713525956933,0.1981638321954454,-0.0044259572139154,-1.2258476714090278,0.8077365626180215,0.646091668153197,0.9702425509371356,-0.1029324490742659,-0.009816137054176,0.9494114316630612,0.9972039090469852,-0.5787359118286177,-0.5738091541336192,1.0959875190286648,-1.0959875190286648,-0.5784279906300535,-0.5776581893550843,1.7343632929879855,-0.5767344287272242,0
1.4016901216990303,-0.9460792562201747,-0.3502038645510472,-1.2258476714090278,0.8077365626180215,0.646091668153197,-1.0306701134001208,0.0570802665388795,0.7014981422339509,-1.6002365138935872,0.9972039090469852,-0.5787359118286177,-0.5738091541336192,1.0959875190286648,-1.0959875190286648,-0.5784279906300535,-0.5776581893550843,-0.5765804684883443,1.733900301750437,0
-0.0365117021289514,-0.3739577120123647,-0.695981771888179,1.857895803115011,-0.9115834940401768,0.646091668153197,0.9702425509371356,-1.0423829533826934,-0.009816137054176,1.5735440016691158,-1.002803930999114,1.7279038324066065,-0.5738091541336192,-0.9124191495230388,0.9124191495230392,1.7288236672481017,-0.5776581893550843,-0.5765804684883443,-0.5767344287272242,0
0.522214186264653,0.007456650792842,1.378685672134612,-1.2258476714090278,0.8077365626180215,-1.5477679860172513,0.9702425509371356,0.796497269967598,-0.721130416342303,-0.4139419836693133,0.9972039090469852,-0.5787359118286177,-0.5738091541336192,1.0959875190286648,-1.0959875190286648,-0.5784279906300535,1.731127539482183,-0.5765804684883443,-0.5767344287272242,0
2.063883767202561,-0.9460792562201747,-1.3875375865624426,-1.2258476714090278,0.8077365626180215,0.646091668153197,0.9702425509371356,1.7024946407093655,-0.009816137054176,-0.3209860689875604,-1.002803930999114,-0.5787359118286177,1.7427397119690018,1.0959875190286648,-1.0959875190286648,1.7288236672481017,-0.5776581893550843,-0.5765804684883443,-0.5767344287272242,0
0.3773593263107555,-0.0878969399084596,-1.7333154938995745,1.0892774944882715,-0.9115834940401768,-1.5477679860172513,0.9702425509371356,0.6466376441226213,-0.009816137054176,-0.9805304160152352,0.9972039090469852,-0.5787359118286177,-0.5738091541336192,-0.9124191495230388,0.9124191495230392,-0.5784279906300535,-0.5776581893550843,-0.5765804684883443,1.733900301750437,0
-1.381592544557999,-1.0414328469214764,-1.0417596792253108,0.6182733010704614,-0.9115834940401768,0.646091668153197,-1.0306701134001208,1.3731396627912578,-0.721130416342303,1.3433674510285851,0.9972039090469852,-0.5787359118286177,-0.5738091541336192,-0.9124191495230388,0.9124191495230392,-0.5784279906300535,1.731127539482183,-0.5765804684883443,-0.5767344287272242,0
0.2428512420678507,-1.23214002832408,1.7244635794717436,-1.2258476714090278,0.8077365626180215,0.646091668153197,0.9702425509371356,0.6665701340324647,-1.43244469563043,0.2544553076137664,0.9972039090469852,-0.5787359118286177,-0.5738091541336192,1.0959875190286648,-1.0959875190286648,-0.5784279906300535,-0.5776581893550843,1.7343632929879855,-0.5767344287272242,0
0.8222706818834405,1.247053329909764,0.6871298574603482,-1.2258476714090278,0.8077365626180215,-1.5477679860172513,0.9702425509371356,0.3879242645927148,1.412812421522078,0.8564555169813085,-1.002803930999114,-0.5787359118286177,1.7427397119690018,1.0959875190286648,-1.0959875190286648,-0.5784279906300535,-0.5776581893550843,-0.5765804684883443,1.733900301750437,0
-1.4540199745349478,-0.6600184841162697,1.378685672134612,0.4301498222583701,-0.9115834940401768,0.646091668153197,0.9702425509371356,-0.9383546474107642,-0.009816137054176,-1.6046629860212898,0.9972039090469852,-0.5787359118286177,-0.5738091541336192,-0.9124191495230388,0.9124191495230392,-0.5784279906300535,1.731127539482183,-0.5765804684883443,-0.5767344287272242,0
-1.7747700215757207,-1.518200800427985,1.378685672134612,0.7547104758105498,-0.9115834940401768,-1.5477679860172513,0.9702425509371356,-0.0859357441640117,-0.009816137054176,0.7989113793211757,-1.002803930999114,1.7279038324066065,-0.5738091541336192,1.0959875190286648,-1.0959875190286648,-0.5784279906300535,1.731127539482183,-0.5765804684883443,-0.5767344287272242,0
0.5739480648196164,0.2935174228967471,1.378685672134612,-1.2258476714090278,0.8077365626180215,0.646091668153197,0.9702425509371356,-1.241155577816746,0.7014981422339509,-1.0867657470800955,-1.002803930999114,-0.5787359118286177,1.7427397119690018,-0.9124191495230388,0.9124191495230392,-0.5784279906300535,-0.5776581893550843,1.7343632929879855,-0.5767344287272242,0
0.5325609619756456,-0.278604121311063,1.378685672134612,0.2255749970478178,0.8077365626180215,0.646091668153197,-1.0306701134001208,1.289892256076621,-0.721130416342303,1.480588086987363,-1.002803930999114,1.7279038324066065,-0.5738091541336192,-0.9124191495230388,0.9124191495230392,-0.5784279906300535,-0.5776581893550843,1.7343632929879855,-0.5767344287272242,0
-0.1710197863718562,0.1981638321954454,0.6871298574603482,-1.2258476714090278,0.8077365626180215,0.646091668153197,0.9702425509371356,0.5424444904234156,0.7014981422339509,1.2725438969853449,0.9972039090469852,-0.5787359118286177,-0.5738091541336192,1.0959875190286648,-1.0959875190286648,-0.5784279906300535,-0.5776581893550843,-0.5765804684883443,1.733900301750437,0
1.2671820374561256,1.0563461485071606,-0.3502038645510472,-1.2258476714090278,0.8077365626180215,0.646091668153197,-1.0306701134001208,0.5091968948458285,0.7014981422339509,-0.4537802328186359,0.9972039090469852,-0.5787359118286177,-0.5738091541336192,1.0959875190286648,-1.0959875190286648,-0.5784279906300535,1.731127539482183,-0.5765804684883443,-0.5767344287272242,0
-0.1399794592388781,-0.1832505306097613,1.03290776479748,-1.2258476714090278,-0.9115834940401768,0.646091668153197,0.9702425509371356,1.494969262738956,-1.43244469563043,0.4093818320833545,-1.002803930999114,-0.5787359118286177,1.7427397119690018,-0.9124191495230388,0.9124191495230392,1.7288236672481017,-0.5776581893550843,-0.5765804684883443,-0.5767344287272242,0
0.2842383449118215,-0.3739577120123647,-0.3502038645510472,-1.2258476714090278,-0.9115834940401768,0.646091668153197,-1.0306701134001208,0.4421689047071359,-1.43244469563043,0.6307054384684803,0.9972039090469852,-0.5787359118286177,-0.5738091541336192,1.0959875190286648,-1.0959875190286648,1.7288236672481017,-0.5776581893550843,-0.5765804684883443,-0.5767344287272242,0
0.5636012891086236,-0.6600184841162697,-0.695981771888179,-1.2258476714090278,0.8077365626180215,-1.5477679860172513,-1.0306701134001208,0.5127451204524514,-0.721130416342303,0.8077643235765808,0.9972039090469852,-0.5787359118286177,-0.5738091541336192,-0.9124191495230388,0.9124191495230392,1.7288236672481017,-0.5776581893550843,-0.5765804684883443,-0.5767344287272242,0
0.1186899335359386,-0.5646648934149681,-1.7333154938995745,0.43250164020776,-0.9115834940401768,0.646091668153197,0.9702425509371356,1.0887733337690002,-0.009816137054176,-1.6090894581489923,-1.002803930999114,1.7279038324066065,-0.5738091541336192,-0.9124191495230388,0.9124191495230392,1.7288236672481017,-0.5776581893550843,-0.5765804684883443,-0.5767344287272242,0
1.4534240002539935,-0.3739577120123647,0.6871298574603482,-0.3854469874932972,-0.9115834940401768,0.646091668153197,-1.0306701134001208,1.0600597462515493,-0.721130416342303,0.1924846978259312,-1.002803930999114,1.7279038324066065,-0.5738091541336192,1.0959875190286648,-1.0959875190286648,-0.5784279906300535,-0.5776581893550843,-0.5765804684883443,1.733900301750437,0
-0.398648852013695,-0.5646648934149681,1.378685672134612,-1.2258476714090278,-0.9115834940401768,-1.5477679860172513,-1.0306701134001208,0.7426365789901251,-0.009816137054176,0.6705436876178028,0.9972039090469852,-0.5787359118286177,-0.5738091541336192,1.0959875190286648,-1.0959875190286648,-0.5784279906300535,-0.5776581893550843,-0.5765804684883443,1.733900301750437,1
1.3189159160110888,-1.422847209726683,-0.3502038645510472,-1.2258476714090278,0.8077365626180215,0.646091668153197,0.9702425509371356,1.0906200456505164,-0.009816137054176,1.4982939754981732,0.9972039090469852,-0.5787359118286177,-0.5738091541336192,-0.9124191495230388,0.9124191495230392,1.7288236672481017,-0.5776581893550843,-0.5765804684883443,-0.5767344287272242,0
0.8119239061724478,-1.23214002832408,-0.3502038645510472,0.3330787527632747,0.8077365626180215,0.646091668153197,-1.0306701134001208,-1.0561011360882298,-0.009816137054176,-1.3169422977206262,-1.002803930999114,1.7279038324066065,-0.5738091541336192,-0.9124191495230388,0.9124191495230392,-0.5784279906300535,1.731127539482183,-0.5765804684883443,-0.5767344287272242,0
0.615335167663587,-0.278604121311063,1.03290776479748,-1.2258476714090278,0.8077365626180215,-1.5477679860172513,-1.0306701134001208,-0.293596756340408,-0.009816137054176,0.130514088038096,-1.002803930999114,-0.5787359118286177,1.7427397119690018,1.0959875190286648,-1.0959875190286648,-0.5784279906300535,-0.5776581893550843,-0.5765804684883443,1.733900301750437,0
-0.6159311419445411,0.2935174228967471,1.378685672134612,1.3649564277422233,0.8077365626180215,0.646091668153197,0.9702425509371356,0.550600627343437,-0.721130416342303,0.1747788093151212,0.9972039090469852,-0.5787359118286177,-0.5738091541336192,-0.9124191495230388,0.9124191495230392,-0.5784279906300535,-0.5776581893550843,-0.5765804684883443,1.733900301750437,0
-2.085173292905501,-0.6600184841162697,-1.7333154938995745,1.268280747021909,-0.9115834940401768,0.646091668153197,0.9702425509371356,1.158138579500862,-1.43244469563043,0.267734723996874,-1.002803930999114,-0.5787359118286177,1.7427397119690018,-0.9124191495230388,0.9124191495230392,-0.5784279906300535,1.731127539482183,-0.5765804684883443,-0.5767344287272242,0
0.5739480648196164,-0.9460792562201747,0.3413519501232164,1.747891978693507,-0.9115834940401768,0.646091668153197,-1.0306701134001208,1.2337042212364169,-0.721130416342303,-0.2678684034551303,-1.002803930999114,1.7279038324066065,-0.5738091541336192,1.0959875190286648,-1.0959875190286648,-0.5784279906300535,1.731127539482183,-0.5765804684883443,-0.5767344287272242,0
1.0809400746582574,-0.8507256655188732,-0.3502038645510472,0.7489751749165255,0.8077365626180215,-1.5477679860172513,0.9702425509371356,0.7667307784536709,-0.009816137054176,0.7944849071934733,0.9972039090469852,-0.5787359118286177,-0.5738091541336192,-0.9124191495230388,0.9124191495230392,-0.5784279906300535,1.731127539482183,-0.5765804684883443,-0.5767344287272242,0
1.153367504635206,-1.0414328469214764,-0.695981771888179,0.7800384364332821,0.8077365626180215,0.646091668153197,0.9702425509371356,0.1031825070438857,-0.721130416342303,-0.8521627243118622,-1.002803930999114,1.7279038324066065,-0.5738091541336192,-0.9124191495230388,0.9124191495230392,-0.5784279906300535,1.731127539482183,-0.5765804684883443,-0.5767344287272242,0
-1.040148946095241,-0.9460792562201747,1.378685672134612,1.1027963607845117,0.8077365626180215,0.646091668153197,-1.0306701134001208,0.8241323916574442,-0.009816137054176,1.1751615101758894,-1.002803930999114,1.7279038324066065,-0.5738091541336192,-0.9124191495230388,0.9124191495230392,-0.5784279906300535,-0.5776581893550843,-0.5765804684883443,1.733900301750437,0
0.7601900276174844,0.1981638321954454,-0.3502038645510472,1.064110125495994,2.52705661927622,-1.5477679860172513,-1.0306701134001208,1.4859068110989295,1.412812421522078,1.3212350903900725,-1.002803930999114,-0.5787359118286177,1.7427397119690018,1.0959875190286648,-1.0959875190286648,-0.5784279906300535,-0.5776581893550843,-0.5765804684883443,1.733900301750437,1
0.2325044663568581,-0.6600184841162697,-1.7333154938995745,-1.2258476714090278,-0.9115834940401768,0.646091668153197,0.9702425509371356,-0.4732748668116068,0.7014981422339509,0.5288965795313224,-1.002803930999114,-0.5787359118286177,1.7427397119690018,1.0959875190286648,-1.0959875190286648,-0.5784279906300535,1.731127539482183,-0.5765804684883443,-0.5767344287272242,0
-1.1953505817601309,0.8656389671045572,1.378685672134612,0.5286795189278828,-0.9115834940401768,0.646091668153197,-1.0306701134001208,0.9958366019366656,-0.721130416342303,-0.8477362521841597,-1.002803930999114,-0.5787359118286177,1.7427397119690018,-0.9124191495230388,0.9124191495230392,-0.5784279906300535,1.731127539482183,-0.5765804684883443,-0.5767344287272242,1
0.5636012891086236,0.007456650792842,0.3413519501232164,0.9099429616151636,-0.9115834940401768,0.646091668153197,0.9702425509371356,-0.3829812630959432,0.7014981422339509,-1.1620157732510383,-1.002803930999114,-0.5787359118286177,1.7427397119690018,-0.9124191495230388,0.9124191495230392,-0.5784279906300535,1.731127539482183,-0.5765804684883443,-0.5767344287272242,0
0.170423812090902,-1.1367864376227783,0.6871298574603482,1.2873911510459888,-0.9115834940401768,0.646091668153197,0.9702425509371356,0.8574924940699974,0.7014981422339509,-1.4585894058071067,0.9972039090469852,-0.5787359118286177,-0.5738091541336192,-0.9124191495230388,0.9124191495230392,-0.5784279906300535,-0.5776581893550843,1.7343632929879855,-0.5767344287272242,0
-1.1125763760721894,-0.1832505306097613,-0.695981771888179,0.7343422642856653,0.8077365626180215,-1.5477679860172513,-1.0306701134001208,-1.149265837720627,-0.009816137054176,0.3429847501678167,-1.002803930999114,1.7279038324066065,-0.5738091541336192,1.0959875190286648,-1.0959875190286648,1.7288236672481017,-0.5776581893550843,-0.5765804684883443,-0.5767344287272242,0
-1.6506087130438083,-0.5646648934149681,-0.0044259572139154,0.1065548020130647,-0.9115834940401768,0.646091668153197,-1.0306701134001208,1.5277334440952048,-1.43244469563043,0.3518376944232217,0.9972039090469852,-0.5787359118286177,-0.5738091541336192,-0.9124191495230388,0.9124191495230392,-0.5784279906300535,-0.5776581893550843,1.7343632929879855,-0.5767344287272242,0
0.7188029247735137,0.4842246042993504,-0.3502038645510472,-1.2258476714090278,0.8077365626180215,0.646091668153197,-1.0306701134001208,1.1021282602485023,-1.43244469563043,-1.3080893534652211,0.9972039090469852,-0.5787359118286177,-0.5738091541336192,-0.9124191495230388,0.9124191495230392,-0.5784279906300535,-0.5776581893550843,1.7343632929879855,-0.5767344287272242,0
-0.3883020763027023,0.1028102414941437,1.378685672134612,0.306734352898684,0.8077365626180215,0.646091668153197,0.9702425509371356,-0.6848468391506374,1.412812421522078,-0.1483536560071623,0.9972039090469852,-0.5787359118286177,-0.5738091541336192,1.0959875190286648,-1.0959875190286648,-0.5784279906300535,-0.5776581893550843,-0.5765804684883443,1.733900301750437,0
1.6707062901848395,0.4842246042993504,1.03290776479748,-1.2258476714090278,2.52705661927622,0.646091668153197,-1.0306701134001208,-0.576678559875965,-0.721130416342303,0.9095731825137386,-1.002803930999114,-0.5787359118286177,1.7427397119690018,1.0959875190286648,-1.0959875190286648,-0.5784279906300535,-0.5776581893550843,1.7343632929879855,-0.5767344287272242,1
0.6567222705075577,0.5795781950006521,-1.7333154938995745,0.7726283026667535,-0.9115834940401768,-1.5477679860172513,0.9702425509371356,1.514649959917685,-0.721130416342303,1.5292792803920907,-1.002803930999114,-0.5787359118286177,1.7427397119690018,-0.9124191495230388,0.9124191495230392,-0.5784279906300535,-0.5776581893550843,1.7343632929879855,-0.5767344287272242,0
0.0152221764260119,-0.278604121311063,1.378685672134612,1.193551948046017,-0.9115834940401768,-1.5477679860172513,-1.0306701134001208,-0.4823720964531691,-0.721130416342303,-0.4405008164355283,-1.002803930999114,1.7279038324066065,-0.5738091541336192,-0.9124191495230388,0.9124191495230392,-0.5784279906300535,1.731127539482183,-0.5765804684883443,-0.5767344287272242,0
0.3256254477557921,1.8191748741175744,-0.3502038645510472,-1.2258476714090278,-0.9115834940401768,0.646091668153197,-1.0306701134001208,1.320621054893026,-0.721130416342303,-0.4936184819679585,-1.002803930999114,-0.5787359118286177,1.7427397119690018,1.0959875190286648,-1.0959875190286648,-0.5784279906300535,-0.5776581893550843,-0.5765804684883443,1.733900301750437,0
1.2257949346121548,0.5795781950006521,-0.0044259572139154,0.8043832942005176,-0.9115834940401768,0.646091668153197,-1.0306701134001208,0.4178310853428365,1.412812421522078,-0.0642506855808146,-1.002803930999114,1.7279038324066065,-0.5738091541336192,1.0959875190286648,-1.0959875190286648,1.7288236672481017,-0.5776581893550843,-0.5765804684883443,-0.5767344287272242,1
0.8843513361493965,-1.422847209726683,-1.7333154938995745,-1.2258476714090278,0.8077365626180215,0.646091668153197,-1.0306701134001208,0.161117614791208,-1.43244469563043,-0.7105156162253817,0.9972039090469852,-0.5787359118286177,-0.5738091541336192,1.0959875190286648,-1.0959875190286648,-0.5784279906300535,-0.5776581893550843,-0.5765804684883443,1.733900301750437,1
1.2671820374561256,0.3888710135980487,0.6871298574603482,0.9883065486021102,-0.9115834940401768,0.646091668153197,0.9702425509371356,1.3435945332571015,-0.721130416342303,1.4584557263488505,-1.002803930999114,-0.5787359118286177,1.7427397119690018,-0.9124191495230388,0.9124191495230392,-0.5784279906300535,-0.5776581893550843,-0.5765804684883443,1.733900301750437,0
1.598278860207891,-0.1832505306097613,-0.0044259572139154,-1.2258476714090278,0.8077365626180215,0.646091668153197,-1.0306701134001208,-1.359149164195119,1.412812421522078,-1.3080893534652211,-1.002803930999114,-0.5787359118286177,1.7427397119690018,-0.9124191495230388,0.9124191495230392,-0.5784279906300535,-0.5776581893550843,1.7343632929879855,-0.5767344287272242,0
-1.0298021703842482,0.2935174228967471,-1.0417596792253108,1.0109190361761498,-0.9115834940401768,0.646091668153197,-1.0306701134001208,-0.9851705325072712,1.412812421522078,-0.3475449017537755,0.9972039090469852,-0.5787359118286177,-0.5738091541336192,-0.9124191495230388,0.9124191495230392,-0.5784279906300535,1.731127539482183,-0.5765804684883443,-0.5767344287272242,1
1.7120933930288105,0.1028102414941437,1.378685672134612,0.5211594391947957,-0.9115834940401768,0.646091668153197,0.9702425509371356,-0.3566428391933348,-1.43244469563043,-0.0642506855808146,-1.002803930999114,1.7279038324066065,-0.5738091541336192,1.0959875190286648,-1.0959875190286648,1.7288236672481017,-0.5776581893550843,-0.5765804684883443,-0.5767344287272242,0
0.0669560549809753,2.677357190429289,-0.0044259572139154,0.693967092268875,0.8077365626180215,0.646091668153197,0.9702425509371356,0.1294451149031475,-1.43244469563043,1.1928673986866996,-1.002803930999114,-0.5787359118286177,1.7427397119690018,-0.9124191495230388,0.9124191495230392,-0.5784279906300535,-0.5776581893550843,1.7343632929879855,-0.5767344287272242,0
-0.015818150706966,-0.278604121311063,-1.0417596792253108,-1.2258476714090278,0.8077365626180215,-1.5477679860172513,0.9702425509371356,-0.4356772388020043,-0.009816137054176,1.6709263884785712,0.9972039090469852,-0.5787359118286177,-0.5738091541336192,1.0959875190286648,-1.0959875190286648,-0.5784279906300535,-0.5776581893550843,-0.5765804684883443,1.733900301750437,0
0.4911738591316749,0.4842246042993504,1.7244635794717436,0.6391207231492967,0.8077365626180215,0.646091668153197,-1.0306701134001208,1.7035816271473463,0.7014981422339509,0.9848232086846814,-1.002803930999114,1.7279038324066065,-0.5738091541336192,-0.9124191495230388,0.9124191495230392,-0.5784279906300535,-0.5776581893550843,-0.5765804684883443,1.733900301750437,0
2.063883767202561,-1.1367864376227783,0.3413519501232164,0.3232480447504852,0.8077365626180215,-1.5477679860172513,-1.0306701134001208,0.915529501361818,-0.721130416342303,0.0287052291009382,0.9972039090469852,-0.5787359118286177,-0.5738091541336192,-0.9124191495230388,0.9124191495230392,-0.5784279906300535,-0.5776581893550843,1.7343632929879855,-0.5767344287272242,0
-0.3572617491697243,-0.7553720748175714,-0.695981771888179,0.284930272693918,0.8077365626180215,0.646091668153197,-1.0306701134001208,1.1964470698618428,1.412812421522078,-0.4759125934571485,0.9972039090469852,-0.5787359118286177,-0.5738091541336192,-0.9124191495230388,0.9124191495230392,-0.5784279906300535,-0.5776581893550843,-0.5765804684883443,1.733900301750437,0
-2.023092638639545,0.3888710135980487,0.3413519501232164,-1.2258476714090278,-0.9115834940401768,0.646091668153197,0.9702425509371356,-0.3275992084413155,1.412812421522078,1.2327056478360223,-1.002803930999114,-0.5787359118286177,1.7427397119690018,1.0959875190286648,-1.0959875190286648,-0.5784279906300535,-0.5776581893550843,1.7343632929879855,-0.5767344287272242,0
-0.6262779176555339,-0.1832505306097613,0.3413519501232164,1.4972049175901692,-0.9115834940401768,0.646091668153197,0.9702425509371356,0.4897775543486363,-0.009816137054176,1.6842058048616788,-1.002803930999114,-0.5787359118286177,1.7427397119690018,-0.9124191495230388,0.9124191495230392,-0.5784279906300535,1.731127539482183,-0.5765804684883443,-0.5767344287272242,0
0.967125541837338,0.2935174228967471,-1.3875375865624426,0.5759186208423507,-0.9115834940401768,0.646091668153197,0.9702425509371356,-0.2967836385110807,-0.009816137054176,-1.0602069143138804,0.9972039090469852,-0.5787359118286177,-0.5738091541336192,-0.9124191495230388,0.9124191495230392,-0.5784279906300535,-0.5776581893550843,-0.5765804684883443,1.733900301750437,0
0.3877061020217482,-0.5646648934149681,-1.0417596792253108,-1.2258476714090278,-0.9115834940401768,-1.5477679860172513,-1.0306701134001208,-1.2612774339449475,-1.43244469563043,1.2017203429421046,-1.002803930999114,-0.5787359118286177,1.7427397119690018,1.0959875190286648,-1.0959875190286648,1.7288236672481017,-0.5776581893550843,-0.5765804684883443,-0.5767344287272242,1
-0.2744875434817829,2.200589236922781,0.6871298574603482,0.7801632876110505,0.8077365626180215,0.646091668153197,0.9702425509371356,0.8924254316019776,1.412812421522078,-0.4139419836693133,0.9972039090469852,-0.5787359118286177,-0.5738091541336192,1.0959875190286648,-1.0959875190286648,-0.5784279906300535,1.731127539482183,-0.5765804684883443,-0.5767344287272242,0
0.8533110090164185,-0.5646648934149681,-0.695981771888179,-1.2258476714090278,-0.9115834940401768,0.646091668153197,0.9702425509371356,-1.607152484262271,-1.43244469563043,1.0999114840049469,0.9972039090469852,-0.5787359118286177,-0.5738091541336192,-0.9124191495230388,0.9124191495230392,-0.5784279906300535,-0.5776581893550843,-0.5765804684883443,1.733900301750437,0
-0.6366246933665265,-0.0878969399084596,1.03290776479748,0.2521596432737371,-0.9115834940401768,0.646091668153197,-1.0306701134001208,-0.0170980807154379,-0.721130416342303,-0.2324566264335101,-1.002803930999114,1.7279038324066065,-0.5738091541336192,-0.9124191495230388,0.9124191495230392,-0.5784279906300535,-0.5776581893550843,1.7343632929879855,-0.5767344287272242,0
-0.9263344132743214,-0.1832505306097613,-0.0044259572139154,-1.2258476714090278,0.8077365626180215,0.646091668153197,-1.0306701134001208,-0.2955606700870974,1.412812421522078,0.1924846978259312,0.9972039090469852,-0.5787359118286177,-0.5738091541336192,-0.9124191495230388,0.9124191495230392,-0.5784279906300535,-0.5776581893550843,1.7343632929879855,-0.5767344287272242,0
0.6670690462185503,-0.4693113027136664,1.378685672134612,0.4133652722673795,-0.9115834940401768,-1.5477679860172513,-1.0306701134001208,1.3522092181273635,-0.721130416342303,-1.1885746060172533,-1.002803930999114,1.7279038324066065,-0.5738091541336192,1.0959875190286648,-1.0959875190286648,-0.5784279906300535,-0.5776581893550843,-0.5765804684883443,1.733900301750437,1
-1.6092216101998378,-0.8507256655188732,1.7244635794717436,0.8537657013785258,-0.9115834940401768,-1.5477679860172513,-1.0306701134001208,1.2634745383305126,-0.721130416342303,0.6484113269792903,0.9972039090469852,-0.5787359118286177,-0.5738091541336192,-0.9124191495230388,0.9124191495230392,1.7288236672481017,-0.5776581893550843,-0.5765804684883443,-0.5767344287272242,0
-1.88858455439664,0.2935174228967471,-0.0044259572139154,-1.2258476714090278,0.8077365626180215,0.646091668153197,-1.0306701134001208,0.4384653953236586,-0.009816137054176,0.7679260744272581,0.9972039090469852,-0.5787359118286177,-0.5738091541336192,1.0959875190286648,-1.0959875190286648,-0.5784279906300535,1.731127539482183,-0.5765804684883443,-0.5767344287272242,0
-1.9092781058186252,-1.23214002832408,1.378685672134612,0.4653658679434952,-0.9115834940401768,0.646091668153197,-1.0306701134001208,-1.5519297128546743,0.7014981422339509,1.2415585920914272,0.9972039090469852,-0.5787359118286177,-0.5738091541336192,-0.9124191495230388,0.9124191495230392,-0.5784279906300535,-0.5776581893550843,-0.5765804684883443,1.733900301750437,0
-1.1746570303381456,0.8656389671045572,-0.3502038645510472,0.8870830154808225,-0.9115834940401768,0.646091668153197,-1.0306701134001208,1.1543985532157732,-0.009816137054176,1.4097645329441229,-1.002803930999114,1.7279038324066065,-0.5738091541336192,-0.9124191495230388,0.9124191495230392,1.7288236672481017,-0.5776581893550843,-0.5765804684883443,-0.5767344287272242,1
1.3913433459880375,1.4377605113123673,-1.3875375865624426,-1.2258476714090278,0.8077365626180215,0.646091668153197,-1.0306701134001208,-0.9559832686089118,1.412812421522078,-1.4143246845300816,-1.002803930999114,-0.5787359118286177,1.7427397119690018,1.0959875190286648,-1.0959875190286648,-0.5784279906300535,-0.5776581893550843,1.7343632929879855,-0.5767344287272242,1
0.0048754007150192,0.007456650792842,1.03290776479748,-1.2258476714090278,-0.9115834940401768,0.646091668153197,-1.0306701134001208,0.6496935871175145,-0.009816137054176,1.5469851689029008,0.9972039090469852,-0.5787359118286177,-0.5738091541336192,1.0959875190286648,-1.0959875190286648,1.7288236672481017,-0.5776581893550843,-0.5765804684883443,-0.5767344287272242,0
-2.2300281528593984,-0.1832505306097613,1.03290776479748,0.6067929227460277,-0.9115834940401768,-1.5477679860172513,0.9702425509371356,-1.7234118655940942,-1.43244469563043,-0.7990450587794321,-1.002803930999114,1.7279038324066065,-0.5738091541336192,-0.9124191495230388,0.9124191495230392,-0.5784279906300535,-0.5776581893550843,1.7343632929879855,-0.5767344287272242,1
0.584294840530609,0.1028102414941437,-0.0044259572139154,-1.2258476714090278,0.8077365626180215,0.646091668153197,-1.0306701134001208,-1.0266017396260925,-0.721130416342303,0.6926760482563155,0.9972039090469852,-0.5787359118286177,-0.5738091541336192,1.0959875190286648,-1.0959875190286648,1.7288236672481017,-0.5776581893550843,-0.5765804684883443,-0.5767344287272242,0
2.063883767202561,-0.278604121311063,0.6871298574603482,0.4217506556060789,-0.9115834940401768,0.646091668153197,0.9702425509371356,-0.2214977857978765,-1.43244469563043,-0.5998538130328189,-1.002803930999114,1.7279038324066065,-0.5738091541336192,-0.9124191495230388,0.9124191495230392,1.7288236672481017,-0.5776581893550843,-0.5765804684883443,-0.5767344287272242,0
-0.1813665620828488,-1.3274936190253817,-1.3875375865624426,-1.2258476714090278,-0.9115834940401768,0.646091668153197,-1.0306701134001208,0.0088464823197848,0.7014981422339509,-1.666633595809125,0.9972039090469852,-0.5787359118286177,-0.5738091541336192,-0.9124191495230388,0.9124191495230392,-0.5784279906300535,-0.5776581893550843,-0.5765804684883443,1.733900301750437,0
1.308569140300096,-0.278604121311063,0.6871298574603482,-1.2258476714090278,-0.9115834940401768,0.646091668153197,-1.0306701134001208,0.1109783438680028,-0.721130416342303,-0.3077066526044529,0.9972039090469852,-0.5787359118286177,-0.5738091541336192,-0.9124191495230388,0.9124191495230392,-0.5784279906300535,-0.5776581893550843,-0.5765804684883443,1.733900301750437,0
-0.5021166091236218,-0.0878969399084596,-1.0417596792253108,-0.0772173167522817,0.8077365626180215,-1.5477679860172513,-1.0306701134001208,0.6437695023360187,-0.009816137054176,-1.4453099894239991,-1.002803930999114,1.7279038324066065,-0.5738091541336192,-0.9124191495230388,0.9124191495230392,1.7288236672481017,-0.5776581893550843,-0.5765804684883443,-0.5767344287272242,0
-0.1606730106608635,-1.0414328469214764,-0.695981771888179,0.0823437706045412,0.8077365626180215,0.646091668153197,0.9702425509371356,0.9859758212713994,-1.43244469563043,0.2323229469752538,-1.002803930999114,1.7279038324066065,-0.5738091541336192,1.0959875190286648,-1.0959875190286648,1.7288236672481017,-0.5776581893550843,-0.5765804684883443,-0.5767344287272242,0
-0.460729506279651,1.3424069206110656,-1.3875375865624426,0.5263970983597173,-0.9115834940401768,0.646091668153197,0.9702425509371356,-0.4213394859991194,1.412812421522078,-0.1085154068578397,-1.002803930999114,-0.5787359118286177,1.7427397119690018,1.0959875190286648,-1.0959875190286648,1.7288236672481017,-0.5776581893550843,-0.5765804684883443,-0.5767344287272242,0
0.2325044663568581,0.7702853764032556,-1.3875375865624426,-1.2258476714090278,0.8077365626180215,-1.5477679860172513,-1.0306701134001208,0.1507960256056013,1.412812421522078,-0.9938098323983428,0.9972039090469852,-0.5787359118286177,-0.5738091541336192,-0.9124191495230388,0.9124191495230392,-0.5784279906300535,-0.5776581893550843,-0.5765804684883443,1.733900301750437,0
0.5325609619756456,-0.0878969399084596,-1.0417596792253108,-1.2258476714090278,-0.9115834940401768,0.646091668153197,0.9702425509371356,1.074612253213914,-0.721130416342303,-1.073486330696988,-1.002803930999114,-0.5787359118286177,1.7427397119690018,1.0959875190286648,-1.0959875190286648,-0.5784279906300535,1.731127539482183,-0.5765804684883443,-0.5767344287272242,0
-1.8782377786856477,-0.7553720748175714,0.3413519501232164,-1.2258476714090278,-0.9115834940401768,0.646091668153197,-1.0306701134001208,0.8020417528623379,-0.009816137054176,-1.7153247892138526,-1.002803930999114,-0.5787359118286177,1.7427397119690018,1.0959875190286648,-1.0959875190286648,1.7288236672481017,-0.5776581893550843,-0.5765804684883443,-0.5767344287272242,1
0.4497867562877042,0.1028102414941437,1.378685672134612,-1.2258476714090278,0.8077365626180215,0.646091668153197,-1.0306701134001208,-1.036857598388798,-0.721130416342303,-0.9141333340996974,0.9972039090469852,-0.5787359118286177,-0.5738091541336192,-0.9124191495230388,0.9124191495230392,-0.5784279906300535,-0.5776581893550843,1.7343632929879855,-0.5767344287272242,0
-1.1953505817601309,-0.5646648934149681,-1.0417596792253108,0.9064040157148994,-0.9115834940401768,0.646091668153197,0.9702425509371356,0.177533700965833,0.7014981422339509,-1.2593981600604935,0.9972039090469852,-0.5787359118286177,-0.5738091541336192,-0.9124191495230388,0.9124191495230392,1.7288236672481017,-0.5776581893550843,-0.5765804684883443,-0.5767344287272242,0
0.7912303547504624,-0.6600184841162697,-1.3875375865624426,-0.2758917618478834,-0.9115834940401768,0.646091668153197,0.9702425509371356,-0.940237354523869,-0.721130416342303,1.6222351950738436,0.9972039090469852,-0.5787359118286177,-0.5738091541336192,-0.9124191495230388,0.9124191495230392,1.7288236672481017,-0.5776581893550843,-0.5765804684883443,-0.5767344287272242,0
-0.6055843662335485,-0.1832505306097613,-0.695981771888179,0.3231889047189106,-0.9115834940401768,0.646091668153197,0.9702425509371356,-1.6842537486556095,-0.721130416342303,0.4580730254880821,0.9972039090469852,-0.5787359118286177,-0.5738091541336192,-0.9124191495230388,0.9124191495230392,-0.5784279906300535,1.731127539482183,-0.5765804684883443,-0.5767344287272242,0
1.919028907248664,0.1981638321954454,0.6871298574603482,1.1830723023967904,-0.9115834940401768,0.646091668153197,0.9702425509371356,0.9728441695617532,-0.721130416342303,0.1836317535705262,-1.002803930999114,-0.5787359118286177,1.7427397119690018,1.0959875190286648,-1.0959875190286648,1.7288236672481017,-0.5776581893550843,-0.5765804684883443,-0.5767344287272242,0
0.9878190932593232,0.7702853764032556,1.03290776479748,1.056124618522548,-0.9115834940401768,0.646091668153197,0.9702425509371356,-0.6608449752811675,-0.009816137054176,0.3297053337847092,0.9972039090469852,-0.5787359118286177,-0.5738091541336192,-0.9124191495230388,0.9124191495230392,-0.5784279906300535,-0.5776581893550843,1.7343632929879855,-0.5767344287272242,0
-0.1813665620828488,1.8191748741175744,-1.0417596792253108,0.8278247038431306,0.8077365626180215,0.646091668153197,-1.0306701134001208,0.8267616085735006,0.7014981422339509,0.3297053337847092,-1.002803930999114,1.7279038324066065,-0.5738091541336192,-0.9124191495230388,0.9124191495230392,-0.5784279906300535,-0.5776581893550843,1.7343632929879855,-0.5767344287272242,1
0.9153916632823744,0.1028102414941437,-0.3502038645510472,-1.2258476714090278,0.8077365626180215,-1.5477679860172513,-1.0306701134001208,1.2734210467695628,0.7014981422339509,0.8741614054921185,0.9972039090469852,-0.5787359118286177,-0.5738091541336192,-0.9124191495230388,0.9124191495230392,-0.5784279906300535,1.731127539482183,-0.5765804684883443,-0.5767344287272242,0
-2.1679474985934424,2.009882055520177,-1.3875375865624426,1.0277906133680754,-0.9115834940401768,-1.5477679860172513,0.9702425509371356,1.2918460842028656,0.7014981422339509,-1.6799130121922323,0.9972039090469852,-0.5787359118286177,-0.5738091541336192,-0.9124191495230388,0.9124191495230392,-0.5784279906300535,-0.5776581893550843,-0.5765804684883443,1.733900301750437,0
-0.4710762819906437,-0.278604121311063,1.378685672134612,-1.2258476714090278,0.8077365626180215,-1.5477679860172513,0.9702425509371356,-1.122783606781671,-0.721130416342303,0.9671173201738712,-1.002803930999114,-0.5787359118286177,1.7427397119690018,1.0959875190286648,-1.0959875190286648,1.7288236672481017,-0.5776581893550843,-0.5765804684883443,-0.5767344287272242,0
1.0395529718142866,-0.278604121311063,-0.0044259572139154,-0.0527436010300706,-0.9115834940401768,0.646091668153197,0.9702425509371356,-0.1889763548923429,-0.009816137054176,-1.3523540747422464,-1.002803930999114,1.7279038324066065,-0.5738091541336192,-0.9124191495230388,0.9124191495230392,-0.5784279906300535,-0.5776581893550843,1.7343632929879855,-0.5767344287272242,0
0.8222706818834405,-1.3274936190253817,-0.0044259572139154,1.456862921688652,-0.9115834940401768,0.646091668153197,0.9702425509371356,-0.761337923507042,1.412812421522078,-0.6839567834591667,-1.002803930999114,-0.5787359118286177,1.7427397119690018,-0.9124191495230388,0.9124191495230392,-0.5784279906300535,-0.5776581893550843,1.7343632929879855,-0.5767344287272242,0
1.0809400746582574,-1.518200800427985,-0.0044259572139154,0.1249888620446115,0.8077365626180215,0.646091668153197,0.9702425509371356,-0.6475427374739915,1.412812421522078,-0.6795303113314641,0.9972039090469852,-0.5787359118286177,-0.5738091541336192,-0.9124191495230388,0.9124191495230392,1.7288236672481017,-0.5776581893550843,-0.5765804684883443,-0.5767344287272242,0
0.3152786720447995,-0.0878969399084596,0.3413519501232164,1.6879502711353984,0.8077365626180215,0.646091668153197,0.9702425509371356,-0.7402937547781282,-1.43244469563043,-1.3169422977206262,-1.002803930999114,1.7279038324066065,-0.5738091541336192,-0.9124191495230388,0.9124191495230392,-0.5784279906300535,-0.5776581893550843,-0.5765804684883443,1.733900301750437,0
0.3670125505997628,0.7702853764032556,0.3413519501232164,-1.2258476714090278,-0.9115834940401768,0.646091668153197,-1.0306701134001208,-1.182618115082835,-0.009816137054176,-0.4272214000524208,-1.002803930999114,-0.5787359118286177,1.7427397119690018,1.0959875190286648,-1.0959875190286648,-0.5784279906300535,-0.5776581893550843,1.7343632929879855,-0.5767344287272242,1
0.9774723175483306,-1.0414328469214764,-1.3875375865624426,0.554305102961547,-0.9115834940401768,0.646091668153197,-1.0306701134001208,-0.4662735334325598,-1.43244469563043,-1.631221818787505,-1.002803930999114,1.7279038324066065,-0.5738091541336192,1.0959875190286648,-1.0959875190286648,-0.5784279906300535,-0.5776581893550843,1.7343632929879855,-0.5767344287272242,1
-0.5538504876785851,0.2935174228967471,-0.3502038645510472,-0.1882507226448825,-0.9115834940401768,0.646091668153197,0.9702425509371356,0.1173910595710675,1.412812421522078,-1.6046629860212898,0.9972039090469852,-0.5787359118286177,-0.5738091541336192,1.0959875190286648,-1.0959875190286648,-0.5784279906300535,-0.5776581893550843,-0.5765804684883443,1.733900301750437,0
-1.1332699274941749,-0.9460792562201747,0.6871298574603482,0.8176819480214642,-0.9115834940401768,-1.5477679860172513,-1.0306701134001208,-0.241990897092466,0.7014981422339509,0.1792052814428237,0.9972039090469852,-0.5787359118286177,-0.5738091541336192,-0.9124191495230388,0.9124191495230392,1.7288236672481017,-0.5776581893550843,-0.5765804684883443,-0.5767344287272242,0
0.1807705878018947,-0.4693113027136664,-1.7333154938995745,-1.2258476714090278,-0.9115834940401768,-1.5477679860172513,-1.0306701134001208,-0.0018324508315955,-1.43244469563043,1.144176205281972,-1.002803930999114,-0.5787359118286177,1.7427397119690018,-0.9124191495230388,0.9124191495230392,-0.5784279906300535,1.731127539482183,-0.5765804684883443,-0.5767344287272242,0
0.2635447934898361,-0.278604121311063,-0.3502038645510472,-1.2258476714090278,0.8077365626180215,0.646091668153197,0.9702425509371356,-1.685288568091288,-0.721130416342303,-0.2988537083490479,-1.002803930999114,-0.5787359118286177,1.7427397119690018,1.0959875190286648,-1.0959875190286648,-0.5784279906300535,-0.5776581893550843,1.7343632929879855,-0.5767344287272242,0
0.170423812090902,0.3888710135980487,1.03290776479748,1.822948532044928,-0.9115834940401768,0.646091668153197,-1.0306701134001208,-0.0449018757127296,-0.009816137054176,0.3252788616570067,0.9972039090469852,-0.5787359118286177,-0.5738091541336192,-0.9124191495230388,0.9124191495230392,1.7288236672481017,-0.5776581893550843,-0.5765804684883443,-0.5767344287272242,1
0.3463189991777775,-1.1367864376227783,1.378685672134612,0.738275316792005,0.8077365626180215,-1.5477679860172513,0.9702425509371356,0.6563579216616858,-0.721130416342303,0.8874408218752261,0.9972039090469852,-0.5787359118286177,-0.5738091541336192,1.0959875190286648,-1.0959875190286648,-0.5784279906300535,1.731127539482183,-0.5765804684883443,-0.5767344287272242,0
-1.3298586660030356,0.1981638321954454,-0.0044259572139154,1.084422883224334,-0.9115834940401768,0.646091668153197,0.9702425509371356,-1.483287675664736,-0.009816137054176,-1.6887659564476376,0.9972039090469852,-0.5787359118286177,-0.5738091541336192,-0.9124191495230388,0.9124191495230392,-0.5784279906300535,1.731127539482183,-0.5765804684883443,-0.5767344287272242,0
2.063883767202561,-1.0414328469214764,1.03290776479748,0.3766545384129746,-0.9115834940401768,0.646091668153197,-1.0306701134001208,1.677904854723944,-0.009816137054176,1.2769703691130474,0.9972039090469852,-0.5787359118286177,-0.5738091541336192,-0.9124191495230388,0.9124191495230392,-0.5784279906300535,-0.5776581893550843,1.7343632929879855,-0.5767344287272242,0
-1.6299151616218233,1.4377605113123673,-0.695981771888179,1.4640121341234642,0.8077365626180215,0.646091668153197,-1.0306701134001208,0.870662227691325,1.412812421522078,-0.0686771577085171,0.9972039090469852,-0.5787359118286177,-0.5738091541336192,-0.9124191495230388,0.9124191495230392,-0.5784279906300535,-0.5776581893550843,1.7343632929879855,-0.5767344287272242,1
0.0048754007150192,0.5795781950006521,0.3413519501232164,0.1639280051104321,-0.9115834940401768,0.646091668153197,-1.0306701134001208,-0.2472776749958304,-0.721130416342303,0.7369407695333405,-1.002803930999114,1.7279038324066065,-0.5738091541336192,1.0959875190286648,-1.0959875190286648,-0.5784279906300535,-0.5776581893550843,1.7343632929879855,-0.5767344287272242,1
-1.567834507355867,-0.7553720748175714,-0.3502038645510472,-1.2258476714090278,-0.9115834940401768,0.646091668153197,-1.0306701134001208,-1.2892161675881957,0.7014981422339509,0.4093818320833545,0.9972039090469852,-0.5787359118286177,-0.5738091541336192,-0.9124191495230388,0.9124191495230392,-0.5784279906300535,-0.5776581893550843,1.7343632929879855,-0.5767344287272242,0
-0.4503827305686584,-0.0878969399084596,-0.695981771888179,0.348106891897828,-0.9115834940401768,0.646091668153197,-1.0306701134001208,1.32552927424968,0.7014981422339509,-1.117751051974013,-1.002803930999114,1.7279038324066065,-0.5738091541336192,-0.9124191495230388,0.9124191495230392,-0.5784279906300535,-0.5776581893550843,1.7343632929879855,-0.5767344287272242,0
0.5636012891086236,-0.3739577120123647,-0.0044259572139154,-1.2258476714090278,-0.9115834940401768,0.646091668153197,-1.0306701134001208,0.5895022565205994,-0.009816137054176,-0.188191905156485,0.9972039090469852,-0.5787359118286177,-0.5738091541336192,1.0959875190286648,-1.0959875190286648,-0.5784279906300535,-0.5776581893550843,1.7343632929879855,-0.5767344287272242,1
0.2325044663568581,0.1028102414941437,-0.0044259572139154,0.9777881173495202,-0.9115834940401768,0.646091668153197,-1.0306701134001208,-0.3188502804851277,-1.43244469563043,0.6262789663407777,0.9972039090469852,-0.5787359118286177,-0.5738091541336192,1.0959875190286648,-1.0959875190286648,-0.5784279906300535,-0.5776581893550843,-0.5765804684883443,1.733900301750437,0
-1.4022860959799843,0.8656389671045572,-0.0044259572139154,0.8478669239744578,-0.9115834940401768,-1.5477679860172513,0.9702425509371356,0.8323361744395686,-0.009816137054176,-1.494001182828727,0.9972039090469852,-0.5787359118286177,-0.5738091541336192,-0.9124191495230388,0.9124191495230392,-0.5784279906300535,-0.5776581893550843,-0.5765804684883443,1.733900301750437,1
-1.1436167032051676,0.2935174228967471,1.378685672134612,0.1728607142156006,0.8077365626180215,0.646091668153197,-1.0306701134001208,1.2603965113046451,-1.43244469563043,1.644367555712356,-1.002803930999114,1.7279038324066065,-0.5738091541336192,1.0959875190286648,-1.0959875190286648,-0.5784279906300535,-0.5776581893550843,1.7343632929879855,-0.5767344287272242,0
0.522214186264653,0.007456650792842,1.378685672134612,-1.2258476714090278,0.8077365626180215,0.646091668153197,0.9702425509371356,0.1730838556694118,-1.43244469563043,0.3828229993171393,-1.002803930999114,-0.5787359118286177,1.7427397119690018,1.0959875190286648,-1.0959875190286648,-0.5784279906300535,1.731127539482183,-0.5765804684883443,-0.5767344287272242,0
-0.1089391321059001,-0.278604121311063,-0.3502038645510472,-1.2258476714090278,-0.9115834940401768,-1.5477679860172513,-1.0306701134001208,1.268114097625308,0.7014981422339509,-1.082339274952393,-1.002803930999114,-0.5787359118286177,1.7427397119690018,-0.9124191495230388,0.9124191495230392,-0.5784279906300535,-0.5776581893550843,-0.5765804684883443,1.733900301750437,0
-1.671302264465794,1.1516997392084622,-0.695981771888179,-1.2258476714090278,0.8077365626180215,-1.5477679860172513,0.9702425509371356,1.2869258664356813,-0.009816137054176,0.3385582780401142,0.9972039090469852,-0.5787359118286177,-0.5738091541336192,1.0959875190286648,-1.0959875190286648,-0.5784279906300535,1.731127539482183,-0.5765804684883443,-0.5767344287272242,1
1.7534804958727812,-0.278604121311063,-0.3502038645510472,-1.2258476714090278,0.8077365626180215,0.646091668153197,-1.0306701134001208,-1.1940600775878965,-0.721130416342303,-1.064633386441583,0.9972039090469852,-0.5787359118286177,-0.5738091541336192,-0.9124191495230388,0.9124191495230392,-0.5784279906300535,-0.5776581893550843,-0.5765804684883443,1.733900301750437,0
1.6189724116298765,0.7702853764032556,-1.3875375865624426,0.2986603762845085,-0.9115834940401768,-1.5477679860172513,-1.0306701134001208,0.4831509539361308,-0.009816137054176,-0.6131332294159264,0.9972039090469852,-0.5787359118286177,-0.5738091541336192,-0.9124191495230388,0.9124191495230392,-0.5784279906300535,-0.5776581893550843,1.7343632929879855,-0.5767344287272242,0
-1.2574312360260869,-0.7553720748175714,0.6871298574603482,-1.2258476714090278,0.8077365626180215,0.646091668153197,0.9702425509371356,1.3147411381734793,-0.009816137054176,-0.1262212953686498,0.9972039090469852,-0.5787359118286177,-0.5738091541336192,1.0959875190286648,-1.0959875190286648,-0.5784279906300535,-0.5776581893550843,-0.5765804684883443,1.733900301750437,0
0.6256819433745797,1.1516997392084622,0.6871298574603482,-1.2258476714090278,2.52705661927622,0.646091668153197,-1.0306701134001208,-1.0725613903248044,-0.721130416342303,0.1083817273995834,0.9972039090469852,-0.5787359118286177,-0.5738091541336192,-0.9124191495230388,0.9124191495230392,-0.5784279906300535,-0.5776581893550843,-0.5765804684883443,1.733900301750437,1
-1.091882824650204,0.4842246042993504,-1.0417596792253108,0.8181927319798058,-0.9115834940401768,0.646091668153197,-1.0306701134001208,0.1444746021565664,1.412812421522078,-1.2682511043158986,-1.002803930999114,1.7279038324066065,-0.5738091541336192,1.0959875190286648,-1.0959875190286648,-0.5784279906300535,-0.5776581893550843,1.7343632929879855,-0.5767344287272242,0
-0.9780682918292848,-0.0878969399084596,-1.0417596792253108,0.6246929595114326,-0.9115834940401768,0.646091668153197,-1.0306701134001208,0.879699291390231,-0.009816137054176,-1.1354569404848232,-1.002803930999114,-0.5787359118286177,1.7427397119690018,-0.9124191495230388,0.9124191495230392,-0.5784279906300535,-0.5776581893550843,-0.5765804684883443,1.733900301750437,0
1.339609467433074,-1.23214002832408,-0.695981771888179,1.0236644342003614,-0.9115834940401768,0.646091668153197,-1.0306701134001208,0.2965504561493696,-0.721130416342303,-0.9008539177165898,0.9972039090469852,-0.5787359118286177,-0.5738091541336192,1.0959875190286648,-1.0959875190286648,-0.5784279906300535,-0.5776581893550843,-0.5765804684883443,1.733900301750437,0
-3.109504088293776,0.007456650792842,-1.7333154938995745,0.5328582670125522,0.8077365626180215,-1.5477679860172513,-1.0306701134001208,0.4088479275463095,-0.721130416342303,-1.529412959850347,-1.002803930999114,1.7279038324066065,-0.5738091541336192,-0.9124191495230388,0.9124191495230392,-0.5784279906300535,1.731127539482183,-0.5765804684883443,-0.5767344287272242,1
-2.1989878257264204,1.4377605113123673,-1.0417596792253108,-1.2258476714090278,-0.9115834940401768,-1.5477679860172513,-1.0306701134001208,1.5940989133046537,-0.009816137054176,-1.4408835172962966,-1.002803930999114,-0.5787359118286177,1.7427397119690018,1.0959875190286648,-1.0959875190286648,-0.5784279906300535,-0.5776581893550843,-0.5765804684883443,1.733900301750437,1
-1.0815360489392114,-1.0414328469214764,1.03290776479748,-1.2258476714090278,-0.9115834940401768,0.646091668153197,-1.0306701134001208,1.028803712931872,-0.721130416342303,0.4802053861265947,0.9972039090469852,-0.5787359118286177,-0.5738091541336192,-0.9124191495230388,0.9124191495230392,-0.5784279906300535,1.731127539482183,-0.5765804684883443,-0.5767344287272242,0
0.20146413922388,1.7238212834162725,-0.695981771888179,1.5881271867834834,0.8077365626180215,0.646091668153197,-1.0306701134001208,-0.0178844113301475,1.412812421522078,1.0467938184725163,-1.002803930999114,-0.5787359118286177,1.7427397119690018,1.0959875190286648,-1.0959875190286648,1.7288236672481017,-0.5776581893550843,-0.5765804684883443,-0.5767344287272242,1
1.4223836731210155,-0.1832505306097613,1.03290776479748,1.0426493459623192,-0.9115834940401768,-1.5477679860172513,-1.0306701134001208,-0.5925644554171866,0.7014981422339509,-0.1085154068578397,-1.002803930999114,-0.5787359118286177,1.7427397119690018,-0.9124191495230388,0.9124191495230392,1.7288236672481017,-0.5776581893550843,-0.5765804684883443,-0.5767344287272242,0
-0.99876184325127,-0.1832505306097613,-0.3502038645510472,-0.2861787616489999,-0.9115834940401768,-1.5477679860172513,-1.0306701134001208,1.4250000970104368,-0.721130416342303,-0.0022800757929793,-1.002803930999114,1.7279038324066065,-0.5738091541336192,1.0959875190286648,-1.0959875190286648,1.7288236672481017,-0.5776581893550843,-0.5765804684883443,-0.5767344287272242,0
0.6774158219295431,0.007456650792842,-1.3875375865624426,-0.093410466427527,0.8077365626180215,0.646091668153197,0.9702425509371356,-0.4106271659662651,-0.009816137054176,-0.8211774194179446,0.9972039090469852,-0.5787359118286177,-0.5738091541336192,-0.9124191495230388,0.9124191495230392,-0.5784279906300535,1.731127539482183,-0.5765804684883443,-0.5767344287272242,0
0.1911173635128873,0.7702853764032556,-1.7333154938995745,-0.204539714430918,0.8077365626180215,0.646091668153197,0.9702425509371356,1.4230812207757355,-1.43244469563043,-1.2859569928267087,-1.002803930999114,1.7279038324066065,-0.5738091541336192,-0.9124191495230388,0.9124191495230392,1.7288236672481017,-0.5776581893550843,-0.5765804684883443,-0.5767344287272242,0
-1.4850603016679258,-0.4693113027136664,-0.3502038645510472,-1.2258476714090278,0.8077365626180215,0.646091668153197,0.9702425509371356,-0.6851589717144154,-0.009816137054176,-0.9495451111213176,-1.002803930999114,-0.5787359118286177,1.7427397119690018,1.0959875190286648,-1.0959875190286648,1.7288236672481017,-0.5776581893550843,-0.5765804684883443,-0.5767344287272242,0
-0.015818150706966,-0.278604121311063,1.03290776479748,-1.2258476714090278,0.8077365626180215,-1.5477679860172513,0.9702425509371356,0.1580599328962385,-0.009816137054176,0.2987200288907916,0.9972039090469852,-0.5787359118286177,-0.5738091541336192,1.0959875190286648,-1.0959875190286648,1.7288236672481017,-0.5776581893550843,-0.5765804684883443,-0.5767344287272242,0
-1.2367376846041016,-0.7553720748175714,-0.695981771888179,-1.2258476714090278,-0.9115834940401768,0.646091668153197,0.9702425509371356,-0.9998833660567126,-1.43244469563043,-1.6179424024043974,0.9972039090469852,-0.5787359118286177,-0.5738091541336192,-0.9124191495230388,0.9124191495230392,1.7288236672481017,-0.5776581893550843,-0.5765804684883443,-0.5767344287272242,0
0.1600770363799093,-0.6600184841162697,1.7244635794717436,0.5777881830871124,0.8077365626180215,0.646091668153197,0.9702425509371356,-1.1431476916905652,-0.009816137054176,-1.4408835172962966,0.9972039090469852,-0.5787359118286177,-0.5738091541336192,1.0959875190286648,-1.0959875190286648,-0.5784279906300535,-0.5776581893550843,-0.5765804684883443,1.733900301750437,0
0.1807705878018947,0.6749317857019538,0.6871298574603482,1.367436142020059,-0.9115834940401768,0.646091668153197,0.9702425509371356,1.2687354066227334,0.7014981422339509,0.8298966842150934,-1.002803930999114,1.7279038324066065,-0.5738091541336192,1.0959875190286648,-1.0959875190286648,-0.5784279906300535,1.731127539482183,-0.5765804684883443,-0.5767344287272242,0
-1.1953505817601309,-0.0878969399084596,1.03290776479748,0.1521963217195787,-0.9115834940401768,0.646091668153197,-1.0306701134001208,-1.5798235828759415,-0.009816137054176,0.7413672416610431,0.9972039090469852,-0.5787359118286177,-0.5738091541336192,-0.9124191495230388,0.9124191495230392,1.7288236672481017,-0.5776581893550843,-0.5765804684883443,-0.5767344287272242,0
-0.8952940861413433,-0.7553720748175714,-0.3502038645510472,-1.2258476714090278,0.8077365626180215,0.646091668153197,-1.0306701134001208,-0.8098094153666295,0.7014981422339509,-1.0779128028246905,0.9972039090469852,-0.5787359118286177,-0.5738091541336192,-0.9124191495230388,0.9124191495230392,-0.5784279906300535,-0.5776581893550843,1.7343632929879855,-0.5767344287272242,0
-0.2331004406378122,-0.5646648934149681,1.03290776479748,1.2125790111041923,-0.9115834940401768,0.646091668153197,0.9702425509371356,-1.18099502575119,1.412812421522078,0.3872494714448419,-1.002803930999114,1.7279038324066065,-0.5738091541336192,-0.9124191495230388,0.9124191495230392,-0.5784279906300535,-0.5776581893550843,-0.5765804684883443,1.733900301750437,0
0.8429642333054258,0.3888710135980487,1.378685672134612,-1.2258476714090278,0.8077365626180215,0.646091668153197,-1.0306701134001208,1.4442770215913427,0.7014981422339509,-1.392192323891569,0.9972039090469852,-0.5787359118286177,-0.5738091541336192,1.0959875190286648,-1.0959875190286648,-0.5784279906300535,1.731127539482183,-0.5765804684883443,-0.5767344287272242,0
1.7120933930288105,-0.4693113027136664,-1.0417596792253108,0.5116651401963015,0.8077365626180215,0.646091668153197,-1.0306701134001208,0.0490138568628191,0.7014981422339509,-0.2280301543058076,-1.002803930999114,1.7279038324066065,-0.5738091541336192,1.0959875190286648,-1.0959875190286648,-0.5784279906300535,-0.5776581893550843,1.7343632929879855,-0.5767344287272242,0
0.5429077376866382,1.1516997392084622,-0.695981771888179,-1.2258476714090278,2.52705661927622,0.646091668153197,0.9702425509371356,-0.396394094948001,-0.721130416342303,1.4053380608164203,0.9972039090469852,-0.5787359118286177,-0.5738091541336192,1.0959875190286648,-1.0959875190286648,1.7288236672481017,-0.5776581893550843,-0.5765804684883443,-0.5767344287272242,1
0.522214186264653,0.2935174228967471,-0.0044259572139154,-1.2258476714090278,0.8077365626180215,-1.5477679860172513,-1.0306701134001208,-1.3194718116937147,-1.43244469563043,-1.436457045168594,-1.002803930999114,-0.5787359118286177,1.7427397119690018,1.0959875190286648,-1.0959875190286648,-0.5784279906300535,1.731127539482183,-0.5765804684883443,-0.5767344287272242,0
-1.7747700215757207,0.1028102414941437,-1.3875375865624426,-1.2258476714090278,0.8077365626180215,-1.5477679860172513,-1.0306701134001208,0.259203751420843,-0.009816137054176,1.3389409789008826,0.9972039090469852,-0.5787359118286177,-0.5738091541336192,-0.9124191495230388,0.9124191495230392,-0.5784279906300535,-0.5776581893550843,-0.5765804684883443,1.733900301750437,0
-1.0194553946732554,0.2935174228967471,-0.3502038645510472,-1.2258476714090278,0.8077365626180215,-1.5477679860172513,-1.0306701134001208,1.6624242967906144,-0.009816137054176,0.7900584350657708,-1.002803930999114,-0.5787359118286177,1.7427397119690018,-0.9124191495230388,0.9124191495230392,-0.5784279906300535,-0.5776581893550843,-0.5765804684883443,1.733900301750437,0
0.905044887571382,-0.3739577120123647,1.03290776479748,0.8142527878166703,-0.9115834940401768,0.646091668153197,-1.0306701134001208,-1.4608259555932497,-0.721130416342303,0.0596905339948558,-1.002803930999114,-0.5787359118286177,1.7427397119690018,-0.9124191495230388,0.9124191495230392,-0.5784279906300535,-0.5776581893550843,-0.5765804684883443,1.733900301750437,0
-0.2641407677707902,-0.278604121311063,-0.695981771888179,-1.2258476714090278,0.8077365626180215,0.646091668153197,-1.0306701134001208,-1.0223887325201255,-0.721130416342303,1.0379408742171117,0.9972039090469852,-0.5787359118286177,-0.5738091541336192,1.0959875190286648,-1.0959875190286648,-0.5784279906300535,-0.5776581893550843,1.7343632929879855,-0.5767344287272242,1
1.3499562431440668,-1.899615163233192,-0.695981771888179,-1.2258476714090278,0.8077365626180215,0.646091668153197,0.9702425509371356,0.4209369347699323,0.7014981422339509,-0.1129418789855422,0.9972039090469852,-0.5787359118286177,-0.5738091541336192,1.0959875190286648,-1.0959875190286648,-0.5784279906300535,-0.5776581893550843,1.7343632929879855,-0.5767344287272242,0
-1.2470844603150943,-0.278604121311063,0.6871298574603482,-1.2258476714090278,0.8077365626180215,0.646091668153197,-1.0306701134001208,-0.3385838402261898,1.412812421522078,0.6838231040009104,-1.002803930999114,-0.5787359118286177,1.7427397119690018,1.0959875190286648,-1.0959875190286648,-0.5784279906300535,-0.5776581893550843,-0.5765804684883443,1.733900301750437,0
1.3809965702770448,-1.518200800427985,-1.0417596792253108,-1.2258476714090278,-0.9115834940401768,0.646091668153197,0.9702425509371356,-1.6213940758909111,1.412812421522078,-1.547118848361157,-1.002803930999114,-0.5787359118286177,1.7427397119690018,-0.9124191495230388,0.9124191495230392,-0.5784279906300535,1.731127539482183,-0.5765804684883443,-0.5767344287272242,0
-0.6780117962104972,-0.4693113027136664,-1.3875375865624426,-1.2258476714090278,-0.9115834940401768,0.646091668153197,0.9702425509371356,-0.427537099762689,-0.009816137054176,-0.4582067049463384,0.9972039090469852,-0.5787359118286177,-0.5738091541336192,1.0959875190286648,-1.0959875190286648,-0.5784279906300535,1.731127539482183,-0.5765804684883443,-0.5767344287272242,0
0.3670125505997628,-0.0878969399084596,0.6871298574603482,0.5609326330040145,-0.9115834940401768,0.646091668153197,0.9702425509371356,-0.4175801579231783,0.7014981422339509,0.7856319629380683,-1.002803930999114,-0.5787359118286177,1.7427397119690018,-0.9124191495230388,0.9124191495230392,1.7288236672481017,-0.5776581893550843,-0.5765804684883443,-0.5767344287272242,0
-0.7193988990544679,-0.8507256655188732,-1.7333154938995745,-0.3717332315537108,-0.9115834940401768,-1.5477679860172513,-1.0306701134001208,1.6779001596937368,-1.43244469563043,-1.2948099370821138,-1.002803930999114,-0.5787359118286177,1.7427397119690018,-0.9124191495230388,0.9124191495230392,-0.5784279906300535,-0.5776581893550843,1.7343632929879855,-0.5767344287272242,0
-0.5745440391005705,1.247053329909764,1.378685672134612,-1.2258476714090278,-0.9115834940401768,0.646091668153197,0.9702425509371356,0.1086885602469293,0.7014981422339509,-0.5644420360111988,0.9972039090469852,-0.5787359118286177,-0.5738091541336192,-0.9124191495230388,0.9124191495230392,-0.5784279906300535,1.731127539482183,-0.5765804684883443,-0.5767344287272242,1
0.3049318963338068,-0.1832505306097613,0.3413519501232164,0.7637667539247807,0.8077365626180215,0.646091668153197,-1.0306701134001208,-0.1263117867162567,-1.43244469563043,-0.6485450064375465,-1.002803930999114,-0.5787359118286177,1.7427397119690018,1.0959875190286648,-1.0959875190286648,-0.5784279906300535,1.731127539482183,-0.5765804684883443,-0.5767344287272242,0
0.4808270834206822,0.5795781950006521,-1.3875375865624426,-1.2258476714090278,0.8077365626180215,0.646091668153197,-1.0306701134001208,-0.9265315180088776,-0.009816137054176,-0.2103242657949975,0.9972039090469852,-0.5787359118286177,-0.5738091541336192,1.0959875190286648,-1.0959875190286648,-0.5784279906300535,-0.5776581893550843,1.7343632929879855,-0.5767344287272242,1
-1.6092216101998378,0.7702853764032556,1.7244635794717436,0.9808076246526756,-0.9115834940401768,0.646091668153197,-1.0306701134001208,-0.5046074117346615,1.412812421522078,1.33451450677318,0.9972039090469852,-0.5787359118286177,-0.5738091541336192,-0.9124191495230388,0.9124191495230392,-0.5784279906300535,-0.5776581893550843,-0.5765804684883443,1.733900301750437,0
0.522214186264653,-0.1832505306097613,-0.695981771888179,-1.2258476714090278,0.8077365626180215,0.646091668153197,0.9702425509371356,1.115991988890463,1.412812421522078,0.1792052814428237,0.9972039090469852,-0.5787359118286177,-0.5738091541336192,1.0959875190286648,-1.0959875190286648,-0.5784279906300535,1.731127539482183,-0.5765804684883443,-0.5767344287272242,0
1.6396659630518615,-0.0878969399084596,-1.0417596792253108,1.2545591377989973,0.8077365626180215,0.646091668153197,0.9702425509371356,1.2991334666445389,1.412812421522078,0.55988188442524,0.9972039090469852,-0.5787359118286177,-0.5738091541336192,1.0959875190286648,-1.0959875190286648,1.7288236672481017,-0.5776581893550843,-0.5765804684883443,-0.5767344287272242,0
0.4187464291547262,-1.7089079818305883,-0.695981771888179,0.4249596033355788,-0.9115834940401768,0.646091668153197,0.9702425509371356,0.0792649798281385,-0.009816137054176,-1.1531628289956333,-1.002803930999114,-0.5787359118286177,1.7427397119690018,-0.9124191495230388,0.9124191495230392,-0.5784279906300535,-0.5776581893550843,-0.5765804684883443,1.733900301750437,0
2.063883767202561,-0.278604121311063,0.3413519501232164,-1.2258476714090278,0.8077365626180215,-1.5477679860172513,0.9702425509371356,-1.022459157973234,-0.721130416342303,-1.6489277072983148,-1.002803930999114,-0.5787359118286177,1.7427397119690018,-0.9124191495230388,0.9124191495230392,-0.5784279906300535,-0.5776581893550843,-0.5765804684883443,1.733900301750437,0
1.8672950286937005,-0.8507256655188732,-1.0417596792253108,-1.2258476714090278,0.8077365626180215,-1.5477679860172513,0.9702425509371356,-1.6808183776639685,-1.43244469563043,1.0379408742171117,0.9972039090469852,-0.5787359118286177,-0.5738091541336192,-0.9124191495230388,0.9124191495230392,1.7288236672481017,-0.5776581893550843,-0.5765804684883443,-0.5767344287272242,0
0.5325609619756456,0.4842246042993504,1.378685672134612,-1.2258476714090278,-0.9115834940401768,-1.5477679860172513,-1.0306701134001208,-0.7109115601811642,0.7014981422339509,1.6399410835846535,-1.002803930999114,-0.5787359118286177,1.7427397119690018,-0.9124191495230388,0.9124191495230392,1.7288236672481017,-0.5776581893550843,-0.5765804684883443,-0.5767344287272242,1
-0.9780682918292848,-0.1832505306097613,1.378685672134612,1.0983818539289858,0.8077365626180215,0.646091668153197,-1.0306701134001208,-0.1593218485433588,-1.43244469563043,-0.2722948755828328,-1.002803930999114,1.7279038324066065,-0.5738091541336192,-0.9124191495230388,0.9124191495230392,-0.5784279906300535,-0.5776581893550843,-0.5765804684883443,1.733900301750437,1
0.5636012891086236,-1.422847209726683,-0.0044259572139154,1.6237695535634271,0.8077365626180215,-1.5477679860172513,-1.0306701134001208,-0.351330499458842,-0.721130416342303,-0.7237950326084893,-1.002803930999114,-0.5787359118286177,1.7427397119690018,1.0959875190286648,-1.0959875190286648,-0.5784279906300535,1.731127539482183,-0.5765804684883443,-0.5767344287272242,0
-1.7437296944427425,-0.3739577120123647,-0.0044259572139154,1.1431681671084484,0.8077365626180215,-1.5477679860172513,-1.0306701134001208,0.1554486266509724,-0.721130416342303,1.4982939754981732,0.9972039090469852,-0.5787359118286177,-0.5738091541336192,1.0959875190286648,-1.0959875190286648,-0.5784279906300535,-0.5776581893550843,-0.5765804684883443,1.733900301750437,0
-0.1399794592388781,-0.8507256655188732,-1.3875375865624426,0.7324331150820992,-0.9115834940401768,0.646091668153197,-1.0306701134001208,0.0430589935499646,-0.721130416342303,0.7767790186826632,-1.002803930999114,1.7279038324066065,-0.5738091541336192,-0.9124191495230388,0.9124191495230392,-0.5784279906300535,1.731127539482183,-0.5765804684883443,-0.5767344287272242,1
0.0979963821139533,0.1028102414941437,1.03290776479748,1.453580569800721,-0.9115834940401768,0.646091668153197,0.9702425509371356,1.4792249136639828,-0.721130416342303,0.5731613008083475,0.9972039090469852,-0.5787359118286177,-0.5738091541336192,1.0959875190286648,-1.0959875190286648,1.7288236672481017,-0.5776581893550843,-0.5765804684883443,-0.5767344287272242,0
-0.6676650204995045,0.1981638321954454,-0.695981771888179,-0.2021391740706918,-0.9115834940401768,0.646091668153197,-1.0306701134001208,-0.2840771478702016,-0.721130416342303,1.617808722946141,-1.002803930999114,-0.5787359118286177,1.7427397119690018,-0.9124191495230388,0.9124191495230392,1.7288236672481017,-0.5776581893550843,-0.5765804684883443,-0.5767344287272242,0
0.0152221764260119,-0.3739577120123647,0.6871298574603482,0.4412207079522539,0.8077365626180215,0.646091668153197,0.9702425509371356,-0.7804593904210857,-1.43244469563043,1.4141910050718254,-1.002803930999114,1.7279038324066065,-0.5738091541336192,-0.9124191495230388,0.9124191495230392,-0.5784279906300535,-0.5776581893550843,1.7343632929879855,-0.5767344287272242,0
-0.7607860018984386,0.6749317857019538,-1.3875375865624426,-1.2258476714090278,-0.9115834940401768,0.646091668153197,0.9702425509371356,1.0200438299052006,0.7014981422339509,0.8564555169813085,0.9972039090469852,-0.5787359118286177,-0.5738091541336192,1.0959875190286648,-1.0959875190286648,-0.5784279906300535,-0.5776581893550843,-0.5765804684883443,1.733900301750437,0
1.029206196103294,-0.3739577120123647,-0.695981771888179,-1.2258476714090278,-0.9115834940401768,0.646091668153197,-1.0306701134001208,1.5898808633884638,-1.43244469563043,1.2061468150698071,0.9972039090469852,-0.5787359118286177,-0.5738091541336192,1.0959875190286648,-1.0959875190286648,1.7288236672481017,-0.5776581893550843,-0.5765804684883443,-0.5767344287272242,0
0.615335167663587,-0.3739577120123647,-1.3875375865624426,0.4813362408060344,-0.9115834940401768,0.646091668153197,0.9702425509371356,0.4844848641850109,0.7014981422339509,1.471735142731958,-1.002803930999114,-0.5787359118286177,1.7427397119690018,-0.9124191495230388,0.9124191495230392,-0.5784279906300535,-0.5776581893550843,1.7343632929879855,-0.5767344287272242,0
-0.0882455806839148,0.1981638321954454,0.6871298574603482,0.6200218586435734,-0.9115834940401768,0.646091668153197,0.9702425509371356,-1.0853478703692143,-0.721130416342303,1.3654998116670978,0.9972039090469852,-0.5787359118286177,-0.5738091541336192,1.0959875190286648,-1.0959875190286648,-0.5784279906300535,1.731127539482183,-0.5765804684883443,-0.5767344287272242,0
0.615335167663587,-0.4693113027136664,1.378685672134612,0.9259577295691552,0.8077365626180215,0.646091668153197,-1.0306701134001208,0.8170122914031549,1.412812421522078,-1.547118848361157,-1.002803930999114,1.7279038324066065,-0.5738091541336192,-0.9124191495230388,0.9124191495230392,-0.5784279906300535,1.731127539482183,-0.5765804684883443,-0.5767344287272242,0
-0.1917133377938415,0.8656389671045572,0.3413519501232164,0.7946299971233662,-0.9115834940401768,0.646091668153197,-1.0306701134001208,-0.6215633964372334,-0.009816137054176,-0.3962360951585032,-1.002803930999114,1.7279038324066065,-0.5738091541336192,-0.9124191495230388,0.9124191495230392,-0.5784279906300535,-0.5776581893550843,1.7343632929879855,-0.5767344287272242,1
-0.1813665620828488,-0.1832505306097613,0.6871298574603482,1.042731084217341,-0.9115834940401768,0.646091668153197,0.9702425509371356,0.4302016204888861,-0.009816137054176,-0.3386919574983705,0.9972039090469852,-0.5787359118286177,-0.5738091541336192,-0.9124191495230388,0.9124191495230392,-0.5784279906300535,1.731127539482183,-0.5765804684883443,-0.5767344287272242,0
1.0085126446813086,-1.23214002832408,-1.3875375865624426,0.0207455010779918,-0.9115834940401768,-1.5477679860172513,0.9702425509371356,1.4425770728763048,-0.009816137054176,-1.1797216617618482,0.9972039090469852,-0.5787359118286177,-0.5738091541336192,1.0959875190286648,-1.0959875190286648,-0.5784279906300535,1.731127539482183,-0.5765804684883443,-0.5767344287272242,0
1.8155611501387368,1.533114102013669,-0.3502038645510472,0.6218511928451772,-0.9115834940401768,0.646091668153197,-1.0306701134001208,0.6961848195696911,-0.721130416342303,0.4669259697434871,0.9972039090469852,-0.5787359118286177,-0.5738091541336192,-0.9124191495230388,0.9124191495230392,-0.5784279906300535,1.731127539482183,-0.5765804684883443,-0.5767344287272242,0
-0.9159876375633288,1.7238212834162725,-0.695981771888179,-1.2258476714090278,2.52705661927622,0.646091668153197,-1.0306701134001208,-1.6264848797556253,-0.721130416342303,-0.1572066002625674,0.9972039090469852,-0.5787359118286177,-0.5738091541336192,1.0959875190286648,-1.0959875190286648,-0.5784279906300535,-0.5776581893550843,-0.5765804684883443,1.733900301750437,1
-0.5952375905225558,0.5795781950006521,0.3413519501232164,0.0444569675043533,-0.9115834940401768,0.646091668153197,-1.0306701134001208,-0.7780353637140863,-0.721130416342303,-1.5559717926165622,-1.002803930999114,-0.5787359118286177,1.7427397119690018,1.0959875190286648,-1.0959875190286648,-0.5784279906300535,1.731127539482183,-0.5765804684883443,-0.5767344287272242,0
-0.6055843662335485,2.009882055520177,1.378685672134612,-1.2258476714090278,4.246376675934418,0.646091668153197,0.9702425509371356,-1.5037352277773144,1.412812421522078,0.869734933364416,0.9972039090469852,-0.5787359118286177,-0.5738091541336192,-0.9124191495230388,0.9124191495230392,-0.5784279906300535,1.731127539482183,-0.5765804684883443,-0.5767344287272242,1
0.9257384389933672,0.4842246042993504,1.378685672134612,-1.2258476714090278,-0.9115834940401768,-1.5477679860172513,0.9702425509371356,-0.0619437920249793,-0.721130416342303,0.4270877205941645,0.9972039090469852,-0.5787359118286177,-0.5738091541336192,-0.9124191495230388,0.9124191495230392,1.7288236672481017,-0.5776581893550843,-0.5765804684883443,-0.5767344287272242,1
-1.3298586660030356,-0.1832505306097613,-0.695981771888179,0.2970893990772087,-0.9115834940401768,0.646091668153197,0.9702425509371356,0.5045827234921536,-0.009816137054176,-0.3209860689875604,-1.002803930999114,1.7279038324066065,-0.5738091541336192,1.0959875190286648,-1.0959875190286648,-0.5784279906300535,-0.5776581893550843,-0.5765804684883443,1.733900301750437,0
0.170423812090902,-1.518200800427985,0.3413519501232164,0.9554528987582012,0.8077365626180215,-1.5477679860172513,-1.0306701134001208,1.2099108514861496,-1.43244469563043,-0.0022800757929793,-1.002803930999114,-0.5787359118286177,1.7427397119690018,1.0959875190286648,-1.0959875190286648,1.7288236672481017,-0.5776581893550843,-0.5765804684883443,-0.5767344287272242,1
0.9878190932593232,-1.3274936190253817,1.378685672134612,-1.2258476714090278,0.8077365626180215,-1.5477679860172513,0.9702425509371356,-0.1975698251816686,-0.009816137054176,0.6174260220853727,0.9972039090469852,-0.5787359118286177,-0.5738091541336192,-0.9124191495230388,0.9124191495230392,-0.5784279906300535,-0.5776581893550843,-0.5765804684883443,1.733900301750437,0
-0.7918263290314166,-1.0414328469214764,0.6871298574603482,-1.2258476714090278,0.8077365626180215,-1.5477679860172513,-1.0306701134001208,1.4879778410903468,-1.43244469563043,0.0862493667610709,-1.002803930999114,-0.5787359118286177,1.7427397119690018,1.0959875190286648,-1.0959875190286648,-0.5784279906300535,-0.5776581893550843,1.7343632929879855,-0.5767344287272242,0
0.93608521470436,1.3424069206110656,-0.695981771888179,-1.2258476714090278,0.8077365626180215,0.646091668153197,0.9702425509371356,-1.0637992467280333,-0.009816137054176,-1.6002365138935872,-1.002803930999114,-0.5787359118286177,1.7427397119690018,-0.9124191495230388,0.9124191495230392,-0.5784279906300535,1.731127539482183,-0.5765804684883443,-0.5767344287272242,0
1.6707062901848395,-0.6600184841162697,-0.0044259572139154,0.9065747044239152,0.8077365626180215,0.646091668153197,-1.0306701134001208,-0.1861374266270295,-0.721130416342303,-1.6223688745321,0.9972039090469852,-0.5787359118286177,-0.5738091541336192,-0.9124191495230388,0.9124191495230392,-0.5784279906300535,-0.5776581893550843,-0.5765804684883443,1.733900301750437,0
-0.936681188985314,-1.1367864376227783,0.6871298574603482,0.7774765030871599,-0.9115834940401768,0.646091668153197,0.9702425509371356,0.2535238082101238,1.412812421522078,-0.6618244228206541,-1.002803930999114,-0.5787359118286177,1.7427397119690018,1.0959875190286648,-1.0959875190286648,-0.5784279906300535,-0.5776581893550843,-0.5765804684883443,1.733900301750437,0
1.7327869444507955,0.3888710135980487,1.7244635794717436,0.461830928820438,-0.9115834940401768,0.646091668153197,0.9702425509371356,-0.3677538890137894,0.7014981422339509,-0.8610156685672673,-1.002803930999114,1.7279038324066065,-0.5738091541336192,-0.9124191495230388,0.9124191495230392,1.7288236672481017,-0.5776581893550843,-0.5765804684883443,-0.5767344287272242,0
0.3359722234667848,0.3888710135980487,-1.0417596792253108,0.5771927759941599,0.8077365626180215,0.646091668153197,-1.0306701134001208,-1.212275229781934,-1.43244469563043,-0.6087067572882239,0.9972039090469852,-0.5787359118286177,-0.5738091541336192,-0.9124191495230388,0.9124191495230392,-0.5784279906300535,-0.5776581893550843,-0.5765804684883443,1.733900301750437,0
-0.4710762819906437,-0.278604121311063,0.6871298574603482,0.8389127385434602,-0.9115834940401768,0.646091668153197,-1.0306701134001208,1.5736758796831571,-0.721130416342303,1.2061468150698071,0.9972039090469852,-0.5787359118286177,-0.5738091541336192,-0.9124191495230388,0.9124191495230392,-0.5784279906300535,-0.5776581893550843,-0.5765804684883443,1.733900301750437,0
2.063883767202561,-0.1832505306097613,-0.3502038645510472,0.1867993304920408,-0.9115834940401768,0.646091668153197,-1.0306701134001208,0.1663932637340812,-1.43244469563043,-1.67548654006453,-1.002803930999114,-0.5787359118286177,1.7427397119690018,-0.9124191495230388,0.9124191495230392,-0.5784279906300535,1.731127539482183,-0.5765804684883443,-0.5767344287272242,0
-0.4089956277246876,2.772710781130591,-0.0044259572139154,0.0971438439804751,0.8077365626180215,0.646091668153197,0.9702425509371356,0.8061153001821492,-0.009816137054176,0.1083817273995834,0.9972039090469852,-0.5787359118286177,-0.5738091541336192,-0.9124191495230388,0.9124191495230392,-0.5784279906300535,1.731127539482183,-0.5765804684883443,-0.5767344287272242,0
-0.0778988049729221,-0.278604121311063,0.6871298574603482,1.3555528421796947,0.8077365626180215,-1.5477679860172513,0.9702425509371356,-0.2746665684348076,-1.43244469563043,-1.6533541794260174,0.9972039090469852,-0.5787359118286177,-0.5738091541336192,-0.9124191495230388,0.9124191495230392,-0.5784279906300535,-0.5776581893550843,-0.5765804684883443,1.733900301750437,0
-0.8642537590083653,-0.278604121311063,0.6871298574603482,-1.2258476714090278,0.8077365626180215,-1.5477679860172513,0.9702425509371356,-1.6727203200065108,1.412812421522078,1.3610733395393952,0.9972039090469852,-0.5787359118286177,-0.5738091541336192,-0.9124191495230388,0.9124191495230392,-0.5784279906300535,1.731127539482183,-0.5765804684883443,-0.5767344287272242,0
1.7534804958727812,-0.4693113027136664,1.7244635794717436,0.3321228959927854,-0.9115834940401768,0.646091668153197,0.9702425509371356,-0.7048961831456386,-0.721130416342303,0.9759702644292764,-1.002803930999114,-0.5787359118286177,1.7427397119690018,-0.9124191495230388,0.9124191495230392,-0.5784279906300535,1.731127539482183,-0.5765804684883443,-0.5767344287272242,0
0.0669560549809753,-0.1832505306097613,-1.0417596792253108,-1.2258476714090278,0.8077365626180215,0.646091668153197,0.9702425509371356,-1.6071394425116956,-0.721130416342303,-0.9229862783551024,0.9972039090469852,-0.5787359118286177,-0.5738091541336192,1.0959875190286648,-1.0959875190286648,1.7288236672481017,-0.5776581893550843,-0.5765804684883443,-0.5767344287272242,0
-0.2020601135048342,-0.7553720748175714,-1.0417596792253108,0.1871318930002174,0.8077365626180215,0.646091668153197,-1.0306701134001208,0.4789042121686747,-1.43244469563043,0.8741614054921185,-1.002803930999114,-0.5787359118286177,1.7427397119690018,1.0959875190286648,-1.0959875190286648,-0.5784279906300535,-0.5776581893550843,1.7343632929879855,-0.5767344287272242,0
-0.2951810949037682,-0.8507256655188732,-1.0417596792253108,1.315808497166366,2.52705661927622,0.646091668153197,-1.0306701134001208,0.7347254530909186,-0.721130416342303,1.6576469720954636,0.9972039090469852,-0.5787359118286177,-0.5738091541336192,1.0959875190286648,-1.0959875190286648,1.7288236672481017,-0.5776581893550843,-0.5765804684883443,-0.5767344287272242,1
0.1186899335359386,-0.0878969399084596,-1.7333154938995745,0.461351077182134,-0.9115834940401768,-1.5477679860172513,0.9702425509371356,1.386654741967829,-1.43244469563043,-0.2988537083490479,0.9972039090469852,-0.5787359118286177,-0.5738091541336192,-0.9124191495230388,0.9124191495230392,-0.5784279906300535,1.731127539482183,-0.5765804684883443,-0.5767344287272242,0
-0.6676650204995045,0.7702853764032556,-0.0044259572139154,1.2920026310690087,0.8077365626180215,0.646091668153197,0.9702425509371356,-0.6018051443150814,-1.43244469563043,-0.1350742396240548,-1.002803930999114,1.7279038324066065,-0.5738091541336192,1.0959875190286648,-1.0959875190286648,1.7288236672481017,-0.5776581893550843,-0.5765804684883443,-0.5767344287272242,0
-2.1989878257264204,2.009882055520177,0.6871298574603482,0.0305361413187119,-0.9115834940401768,-1.5477679860172513,0.9702425509371356,-0.8810248507801609,0.7014981422339509,-1.5249864877226444,0.9972039090469852,-0.5787359118286177,-0.5738091541336192,-0.9124191495230388,0.9124191495230392,-0.5784279906300535,1.731127539482183,-0.5765804684883443,-0.5767344287272242,0
0.5636012891086236,0.8656389671045572,-1.7333154938995745,-1.2258476714090278,0.8077365626180215,-1.5477679860172513,-1.0306701134001208,0.8639267721340137,-1.43244469563043,-0.0863830462193271,0.9972039090469852,-0.5787359118286177,-0.5738091541336192,1.0959875190286648,-1.0959875190286648,-0.5784279906300535,-0.5776581893550843,-0.5765804684883443,1.733900301750437,0
1.09128685036925,0.4842246042993504,1.7244635794717436,0.9771119336280756,-0.9115834940401768,0.646091668153197,-1.0306701134001208,1.555509764471284,1.412812421522078,1.5868234180522234,-1.002803930999114,1.7279038324066065,-0.5738091541336192,-0.9124191495230388,0.9124191495230392,-0.5784279906300535,-0.5776581893550843,1.7343632929879855,-0.5767344287272242,0
0.4187464291547262,0.1981638321954454,-1.0417596792253108,-1.2258476714090278,-0.9115834940401768,0.646091668153197,0.9702425509371356,-0.7518885665999365,-0.721130416342303,1.28139684124075,0.9972039090469852,-0.5787359118286177,-0.5738091541336192,-0.9124191495230388,0.9124191495230392,-0.5784279906300535,-0.5776581893550843,-0.5765804684883443,1.733900301750437,1
-0.9780682918292848,0.007456650792842,1.378685672134612,0.209994563743059,-0.9115834940401768,0.646091668153197,0.9702425509371356,-0.0902861243760424,-1.43244469563043,0.9759702644292764,0.9972039090469852,-0.5787359118286177,-0.5738091541336192,1.0959875190286648,-1.0959875190286648,1.7288236672481017,-0.5776581893550843,-0.5765804684883443,-0.5767344287272242,0
1.0395529718142866,0.4842246042993504,1.7244635794717436,-1.2258476714090278,0.8077365626180215,0.646091668153197,-1.0306701134001208,1.226694019466978,-1.43244469563043,-1.4320305730408918,0.9972039090469852,-0.5787359118286177,-0.5738091541336192,1.0959875190286648,-1.0959875190286648,-0.5784279906300535,-0.5776581893550843,-0.5765804684883443,1.733900301750437,0
0.8119239061724478,-0.4693113027136664,1.378685672134612,0.8916813532746035,-0.9115834940401768,-1.5477679860172513,0.9702425509371356,0.0924933143820523,-0.009816137054176,0.2101905863367413,0.9972039090469852,-0.5787359118286177,-0.5738091541336192,1.0959875190286648,-1.0959875190286648,-0.5784279906300535,1.731127539482183,-0.5765804684883443,-0.5767344287272242,0
1.153367504635206,-1.80426157253189,-1.3875375865624426,1.0088529815771594,-0.9115834940401768,0.646091668153197,0.9702425509371356,-0.2518520255377475,1.412812421522078,-0.8477362521841597,0.9972039090469852,-0.5787359118286177,-0.5738091541336192,-0.9124191495230388,0.9124191495230392,-0.5784279906300535,1.731127539482183,-0.5765804684883443,-0.5767344287272242,0
-0.1606730106608635,-0.3739577120123647,-1.0417596792253108,0.5953954045742336,-0.9115834940401768,0.646091668153197,-1.0306701134001208,-0.1601026146778229,-1.43244469563043,0.0287052291009382,-1.002803930999114,-0.5787359118286177,1.7427397119690018,-0.9124191495230388,0.9124191495230392,-0.5784279906300535,-0.5776581893550843,-0.5765804684883443,1.733900301750437,0
-0.6883585719214899,-1.23214002832408,-1.7333154938995745,1.118697496536915,-0.9115834940401768,0.646091668153197,-1.0306701134001208,0.0872077537087417,-1.43244469563043,-1.5515453204888596,0.9972039090469852,-0.5787359118286177,-0.5738091541336192,1.0959875190286648,-1.0959875190286648,-0.5784279906300535,-0.5776581893550843,-0.5765804684883443,1.733900301750437,0
1.060246523236272,-0.6600184841162697,0.3413519501232164,1.6226364369693027,-0.9115834940401768,0.646091668153197,0.9702425509371356,1.070324995074669,-0.009816137054176,1.6842058048616788,0.9972039090469852,-0.5787359118286177,-0.5738091541336192,-0.9124191495230388,0.9124191495230392,-0.5784279906300535,-0.5776581893550843,-0.5765804684883443,1.733900301750437,0
0.8119239061724478,0.1028102414941437,-0.0044259572139154,0.5944249631347108,0.8077365626180215,0.646091668153197,-1.0306701134001208,0.0574852563667564,0.7014981422339509,1.7196175818832988,-1.002803930999114,1.7279038324066065,-0.5738091541336192,-0.9124191495230388,0.9124191495230392,-0.5784279906300535,-0.5776581893550843,-0.5765804684883443,1.733900301750437,0
-1.5471409559338818,0.4842246042993504,-0.3502038645510472,1.0508202865849028,0.8077365626180215,-1.5477679860172513,0.9702425509371356,-0.4373288460949081,-0.009816137054176,-1.573677681127372,0.9972039090469852,-0.5787359118286177,-0.5738091541336192,-0.9124191495230388,0.9124191495230392,-0.5784279906300535,1.731127539482183,-0.5765804684883443,-0.5767344287272242,0
1.09128685036925,2.009882055520177,-0.695981771888179,0.6320931564704877,-0.9115834940401768,0.646091668153197,-1.0306701134001208,-0.1141770464206153,-0.009816137054176,-0.3696772623922881,-1.002803930999114,1.7279038324066065,-0.5738091541336192,1.0959875190286648,-1.0959875190286648,1.7288236672481017,-0.5776581893550843,-0.5765804684883443,-0.5767344287272242,1
-0.0261649264179587,0.5795781950006521,-0.0044259572139154,0.6795600036013986,-0.9115834940401768,-1.5477679860172513,-1.0306701134001208,-0.8425586421822182,0.7014981422339509,0.0109993405901281,-1.002803930999114,1.7279038324066065,-0.5738091541336192,1.0959875190286648,-1.0959875190286648,-0.5784279906300535,-0.5776581893550843,-0.5765804684883443,1.733900301750437,0
0.2842383449118215,1.4377605113123673,-1.3875375865624426,0.7566941510701654,0.8077365626180215,-1.5477679860172513,0.9702425509371356,0.0892320072880944,-1.43244469563043,0.2544553076137664,-1.002803930999114,1.7279038324066065,-0.5738091541336192,1.0959875190286648,-1.0959875190286648,-0.5784279906300535,1.731127539482183,-0.5765804684883443,-0.5767344287272242,0
0.3049318963338068,-0.5646648934149681,-1.0417596792253108,0.5113843452496388,-0.9115834940401768,-1.5477679860172513,0.9702425509371356,-1.061295404507511,-0.009816137054176,-0.8034715309071345,0.9972039090469852,-0.5787359118286177,-0.5738091541336192,-0.9124191495230388,0.9124191495230392,-0.5784279906300535,1.731127539482183,-0.5765804684883443,-0.5767344287272242,0
1.5879320844968985,1.533114102013669,0.6871298574603482,-1.2258476714090278,0.8077365626180215,0.646091668153197,0.9702425509371356,0.3245197944339686,1.412812421522078,1.3610733395393952,0.9972039090469852,-0.5787359118286177,-0.5738091541336192,-0.9124191495230388,0.9124191495230392,-0.5784279906300535,-0.5776581893550843,-0.5765804684883443,1.733900301750437,0
0.6256819433745797,-0.278604121311063,1.03290776479748,-1.2258476714090278,0.8077365626180215,0.646091668153197,-1.0306701134001208,-0.7804675632514463,-0.009816137054176,-0.8698686128226722,-1.002803930999114,-0.5787359118286177,1.7427397119690018,-0.9124191495230388,0.9124191495230392,-0.5784279906300535,1.731127539482183,-0.5765804684883443,-0.5767344287272242,0
-0.6883585719214899,0.1981638321954454,-0.695981771888179,-1.2258476714090278,0.8077365626180215,0.646091668153197,0.9702425509371356,1.0434311664875449,0.7014981422339509,0.8387496284704984,0.9972039090469852,-0.5787359118286177,-0.5738091541336192,1.0959875190286648,-1.0959875190286648,-0.5784279906300535,-0.5776581893550843,-0.5765804684883443,1.733900301750437,0
-0.6159311419445411,0.3888710135980487,-0.695981771888179,-1.2258476714090278,0.8077365626180215,-1.5477679860172513,0.9702425509371356,1.7186613686129837,-0.009816137054176,0.7900584350657708,0.9972039090469852,-0.5787359118286177,-0.5738091541336192,-0.9124191495230388,0.9124191495230392,-0.5784279906300535,-0.5776581893550843,1.7343632929879855,-0.5767344287272242,0
0.9567787661263452,3.2494787346370995,0.3413519501232164,-1.2258476714090278,0.8077365626180215,-1.5477679860172513,0.9702425509371356,0.1352366954987945,0.7014981422339509,-0.3032801804767503,0.9972039090469852,-0.5787359118286177,-0.5738091541336192,1.0959875190286648,-1.0959875190286648,-0.5784279906300535,1.731127539482183,-0.5765804684883443,-0.5767344287272242,0
-0.4710762819906437,2.200589236922781,-0.3502038645510472,0.554218075760612,0.8077365626180215,-1.5477679860172513,0.9702425509371356,0.4446497934466452,-1.43244469563043,1.1574556216650795,0.9972039090469852,-0.5787359118286177,-0.5738091541336192,1.0959875190286648,-1.0959875190286648,-0.5784279906300535,-0.5776581893550843,1.7343632929879855,-0.5767344287272242,0
1.2878755888781108,3.630893097442306,0.3413519501232164,0.93974424858282,-0.9115834940401768,0.646091668153197,-1.0306701134001208,-1.0825278961147375,-1.43244469563043,-0.3032801804767503,-1.002803930999114,1.7279038324066065,-0.5738091541336192,1.0959875190286648,-1.0959875190286648,-0.5784279906300535,1.731127539482183,-0.5765804684883443,-0.5767344287272242,0
-1.795463572997706,-0.278604121311063,-0.695981771888179,0.6605568209353768,-0.9115834940401768,-1.5477679860172513,-1.0306701134001208,-0.4529528632845702,-0.009816137054176,0.7457937137887456,-1.002803930999114,1.7279038324066065,-0.5738091541336192,1.0959875190286648,-1.0959875190286648,-0.5784279906300535,1.731127539482183,-0.5765804684883443,-0.5767344287272242,0
0.905044887571382,0.007456650792842,-1.3875375865624426,0.2876795629422369,0.8077365626180215,-1.5477679860172513,0.9702425509371356,1.5535441118245177,1.412812421522078,-0.5865743966497113,0.9972039090469852,-0.5787359118286177,-0.5738091541336192,1.0959875190286648,-1.0959875190286648,-0.5784279906300535,-0.5776581893550843,-0.5765804684883443,1.733900301750437,0
-1.6919958158877793,-0.278604121311063,-1.3875375865624426,1.02014568245722,-0.9115834940401768,0.646091668153197,-1.0306701134001208,1.6342720262179409,-0.721130416342303,0.3119994452738991,-1.002803930999114,-0.5787359118286177,1.7427397119690018,1.0959875190286648,-1.0959875190286648,1.7288236672481017,-0.5776581893550843,-0.5765804684883443,-0.5767344287272242,0
-0.2331004406378122,-0.6600184841162697,1.378685672134612,1.1643761991359092,0.8077365626180215,0.646091668153197,0.9702425509371356,-1.4552529547372508,-0.009816137054176,1.1176173725157568,0.9972039090469852,-0.5787359118286177,-0.5738091541336192,-0.9124191495230388,0.9124191495230392,-0.5784279906300535,1.731127539482183,-0.5765804684883443,-0.5767344287272242,0
-1.0298021703842482,3.5355395067410043,-1.0417596792253108,0.8322047524146773,0.8077365626180215,0.646091668153197,0.9702425509371356,1.4194378773349143,-1.43244469563043,0.4846318582542972,-1.002803930999114,-0.5787359118286177,1.7427397119690018,-0.9124191495230388,0.9124191495230392,-0.5784279906300535,-0.5776581893550843,-0.5765804684883443,1.733900301750437,0
-0.7607860018984386,-0.278604121311063,-0.695981771888179,0.7149145235067957,0.8077365626180215,-1.5477679860172513,0.9702425509371356,0.7597814381869188,0.7014981422339509,0.422661248466462,0.9972039090469852,-0.5787359118286177,-0.5738091541336192,-0.9124191495230388,0.9124191495230392,-0.5784279906300535,-0.5776581893550843,1.7343632929879855,-0.5767344287272242,0
1.660359514473847,0.007456650792842,0.6871298574603482,-1.2258476714090278,0.8077365626180215,0.646091668153197,0.9702425509371356,1.346415550851625,-0.009816137054176,-1.0779128028246905,-1.002803930999114,-0.5787359118286177,1.7427397119690018,-0.9124191495230388,0.9124191495230392,-0.5784279906300535,1.731127539482183,-0.5765804684883443,-0.5767344287272242,0
-1.1436167032051676,2.391296418325384,-1.3875375865624426,0.246557848196248,-0.9115834940401768,-1.5477679860172513,0.9702425509371356,-0.0811934158746799,1.412812421522078,-0.6219861736713315,-1.002803930999114,1.7279038324066065,-0.5738091541336192,-0.9124191495230388,0.9124191495230392,-0.5784279906300535,-0.5776581893550843,-0.5765804684883443,1.733900301750437,0
0.2635447934898361,0.3888710135980487,-1.0417596792253108,-1.2258476714090278,-0.9115834940401768,0.646091668153197,0.9702425509371356,-0.7819957086389004,-1.43244469563043,0.3208523895293041,0.9972039090469852,-0.5787359118286177,-0.5738091541336192,1.0959875190286648,-1.0959875190286648,-0.5784279906300535,-0.5776581893550843,1.7343632929879855,-0.5767344287272242,0
1.060246523236272,-0.3739577120123647,-0.695981771888179,-1.2258476714090278,0.8077365626180215,0.646091668153197,0.9702425509371356,1.4737792002936023,-1.43244469563043,-1.2239863830388735,0.9972039090469852,-0.5787359118286177,-0.5738091541336192,-0.9124191495230388,0.9124191495230392,-0.5784279906300535,1.731127539482183,-0.5765804684883443,-0.5767344287272242,0
0.6981093733515285,-1.23214002832408,0.6871298574603482,1.1385840934415243,-0.9115834940401768,-1.5477679860172513,-1.0306701134001208,-0.851898970054511,0.7014981422339509,1.5425586967751983,-1.002803930999114,1.7279038324066065,-0.5738091541336192,-0.9124191495230388,0.9124191495230392,-0.5784279906300535,-0.5776581893550843,1.7343632929879855,-0.5767344287272242,0
-1.505753853089911,-0.1832505306097613,1.7244635794717436,0.7367354321758309,0.8077365626180215,0.646091668153197,0.9702425509371356,-0.8241734255606735,1.412812421522078,-1.560398264744265,-1.002803930999114,1.7279038324066065,-0.5738091541336192,1.0959875190286648,-1.0959875190286648,1.7288236672481017,-0.5776581893550843,-0.5765804684883443,-0.5767344287272242,0
-0.5641972633895778,1.7238212834162725,0.3413519501232164,-1.2258476714090278,0.8077365626180215,0.646091668153197,0.9702425509371356,-0.4814708245433858,-1.43244469563043,0.0906758388887734,-1.002803930999114,-0.5787359118286177,1.7427397119690018,-0.9124191495230388,0.9124191495230392,1.7288236672481017,-0.5776581893550843,-0.5765804684883443,-0.5767344287272242,0
0.4808270834206822,-0.9460792562201747,-1.7333154938995745,1.5419304880271747,-0.9115834940401768,-1.5477679860172513,-1.0306701134001208,0.7252733139436908,-0.721130416342303,-1.5028541270841318,-1.002803930999114,1.7279038324066065,-0.5738091541336192,-0.9124191495230388,0.9124191495230392,1.7288236672481017,-0.5776581893550843,-0.5765804684883443,-0.5767344287272242,0
-0.6883585719214899,-0.9460792562201747,-0.3502038645510472,-1.2258476714090278,0.8077365626180215,0.646091668153197,-1.0306701134001208,-0.1951623180253986,-0.009816137054176,0.7723525465549607,-1.002803930999114,-0.5787359118286177,1.7427397119690018,1.0959875190286648,-1.0959875190286648,1.7288236672481017,-0.5776581893550843,-0.5765804684883443,-0.5767344287272242,0
1.5465449816529278,0.007456650792842,-0.3502038645510472,0.3007780381739244,-0.9115834940401768,0.646091668153197,-1.0306701134001208,-1.4986519011829305,-1.43244469563043,1.3522203952839902,-1.002803930999114,1.7279038324066065,-0.5738091541336192,-0.9124191495230388,0.9124191495230392,-0.5784279906300535,1.731127539482183,-0.5765804684883443,-0.5767344287272242,0
2.063883767202561,-1.80426157253189,0.6871298574603482,-1.2258476714090278,0.8077365626180215,0.646091668153197,-1.0306701134001208,-1.1963888125706894,-1.43244469563043,-0.9318392226105074,0.9972039090469852,-0.5787359118286177,-0.5738091541336192,-0.9124191495230388,0.9124191495230392,1.7288236672481017,-0.5776581893550843,-0.5765804684883443,-0.5767344287272242,0
-2.4783507699232223,1.4377605113123673,1.378685672134612,-1.2258476714090278,-0.9115834940401768,-1.5477679860172513,0.9702425509371356,-0.4080981096946296,-1.43244469563043,0.5864407171914551,0.9972039090469852,-0.5787359118286177,-0.5738091541336192,1.0959875190286648,-1.0959875190286648,-0.5784279906300535,-0.5776581893550843,1.7343632929879855,-0.5767344287272242,0
0.6360287190855723,-0.278604121311063,-1.0417596792253108,0.3888755294363407,2.52705661927622,-1.5477679860172513,-1.0306701134001208,-0.5100519078749879,-0.721130416342303,-1.3966187960192715,0.9972039090469852,-0.5787359118286177,-0.5738091541336192,-0.9124191495230388,0.9124191495230392,-0.5784279906300535,-0.5776581893550843,1.7343632929879855,-0.5767344287272242,1
-1.1953505817601309,0.5795781950006521,-1.0417596792253108,-1.2258476714090278,0.8077365626180215,-1.5477679860172513,0.9702425509371356,1.2264690057970455,0.7014981422339509,1.3920586444333127,0.9972039090469852,-0.5787359118286177,-0.5738091541336192,1.0959875190286648,-1.0959875190286648,-0.5784279906300535,1.731127539482183,-0.5765804684883443,-0.5767344287272242,0
-0.4089956277246876,0.1028102414941437,-1.3875375865624426,-1.2258476714090278,0.8077365626180215,0.646091668153197,0.9702425509371356,0.0427303414354574,-0.721130416342303,1.7019116933724887,0.9972039090469852,-0.5787359118286177,-0.5738091541336192,-0.9124191495230388,0.9124191495230392,-0.5784279906300535,-0.5776581893550843,-0.5765804684883443,1.733900301750437,0
-1.350552217425021,-0.4693113027136664,-0.695981771888179,-1.2258476714090278,0.8077365626180215,0.646091668153197,0.9702425509371356,0.0802279826906466,1.412812421522078,1.153029149537377,0.9972039090469852,-0.5787359118286177,-0.5738091541336192,-0.9124191495230388,0.9124191495230392,1.7288236672481017,-0.5776581893550843,-0.5765804684883443,-0.5767344287272242,0
1.0188594203923014,0.2935174228967471,-1.0417596792253108,-0.3166805935435191,0.8077365626180215,-1.5477679860172513,0.9702425509371356,1.4859441974505798,-0.721130416342303,1.462882198476553,0.9972039090469852,-0.5787359118286177,-0.5738091541336192,-0.9124191495230388,0.9124191495230392,-0.5784279906300535,-0.5776581893550843,-0.5765804684883443,1.733900301750437,0
0.0773028306919679,-0.7553720748175714,0.6871298574603482,0.7611125044318104,-0.9115834940401768,0.646091668153197,-1.0306701134001208,0.0358823790431805,-0.009816137054176,-1.684339484319935,0.9972039090469852,-0.5787359118286177,-0.5738091541336192,1.0959875190286648,-1.0959875190286648,1.7288236672481017,-0.5776581893550843,-0.5765804684883443,-0.5767344287272242,0
-1.3919393202689916,0.6749317857019538,-1.3875375865624426,0.4561608582593427,-0.9115834940401768,0.646091668153197,-1.0306701134001208,0.2729900990093884,1.412812421522078,0.258881779741469,0.9972039090469852,-0.5787359118286177,-0.5738091541336192,1.0959875190286648,-1.0959875190286648,1.7288236672481017,-0.5776581893550843,-0.5765804684883443,-0.5767344287272242,1
0.553254513397631,-1.422847209726683,1.7244635794717436,0.7312190615883941,-0.9115834940401768,0.646091668153197,0.9702425509371356,0.4793126797967047,-0.009816137054176,-1.3302217141037338,-1.002803930999114,-0.5787359118286177,1.7427397119690018,-0.9124191495230388,0.9124191495230392,-0.5784279906300535,-0.5776581893550843,1.7343632929879855,-0.5767344287272242,0
-0.0054713749959734,1.533114102013669,-1.0417596792253108,1.0322350909171096,2.52705661927622,0.646091668153197,0.9702425509371356,1.3866721309685963,1.412812421522078,-0.3563978460091805,-1.002803930999114,1.7279038324066065,-0.5738091541336192,1.0959875190286648,-1.0959875190286648,-0.5784279906300535,-0.5776581893550843,1.7343632929879855,-0.5767344287272242,1
1.0085126446813086,-1.518200800427985,1.03290776479748,0.1460741264184513,-0.9115834940401768,-1.5477679860172513,-1.0306701134001208,0.5910081439870711,0.7014981422339509,1.1751615101758894,-1.002803930999114,-0.5787359118286177,1.7427397119690018,1.0959875190286648,-1.0959875190286648,1.7288236672481017,-0.5776581893550843,-0.5765804684883443,-0.5767344287272242,0
0.1807705878018947,-0.1832505306097613,0.3413519501232164,1.4645333357025436,-0.9115834940401768,0.646091668153197,-1.0306701134001208,0.2703650554535158,0.7014981422339509,-0.343118429626073,-1.002803930999114,1.7279038324066065,-0.5738091541336192,1.0959875190286648,-1.0959875190286648,-0.5784279906300535,-0.5776581893550843,-0.5765804684883443,1.733900301750437,0
-1.9817055357955744,0.8656389671045572,-0.3502038645510472,0.9216970829583758,-0.9115834940401768,0.646091668153197,0.9702425509371356,-1.4050865569728483,1.412812421522078,0.2411758912306589,-1.002803930999114,1.7279038324066065,-0.5738091541336192,-0.9124191495230388,0.9124191495230392,1.7288236672481017,-0.5776581893550843,-0.5765804684883443,-0.5767344287272242,1
1.2051013831901694,-0.7553720748175714,0.3413519501232164,-1.2258476714090278,0.8077365626180215,0.646091668153197,0.9702425509371356,1.6620017440719626,-1.43244469563043,-1.6046629860212898,-1.002803930999114,-0.5787359118286177,1.7427397119690018,-0.9124191495230388,0.9124191495230392,-0.5784279906300535,-0.5776581893550843,1.7343632929879855,-0.5767344287272242,0
0.3980528777327409,-0.7553720748175714,-0.695981771888179,1.0147362126856645,-0.9115834940401768,-1.5477679860172513,0.9702425509371356,0.3577496532307729,1.412812421522078,1.5823969459245208,-1.002803930999114,-0.5787359118286177,1.7427397119690018,1.0959875190286648,-1.0959875190286648,-0.5784279906300535,1.731127539482183,-0.5765804684883443,-0.5767344287272242,0
-0.429689179146673,-0.1832505306097613,-0.0044259572139154,0.8466624867460494,-0.9115834940401768,0.646091668153197,0.9702425509371356,-1.2745515015708808,-0.009816137054176,1.3964851165610153,-1.002803930999114,-0.5787359118286177,1.7427397119690018,-0.9124191495230388,0.9124191495230392,-0.5784279906300535,-0.5776581893550843,1.7343632929879855,-0.5767344287272242,0
0.9774723175483306,-0.278604121311063,1.03290776479748,1.0992248798533273,-0.9115834940401768,-1.5477679860172513,-1.0306701134001208,-1.6347709125113803,1.412812421522078,0.7059554646394229,-1.002803930999114,1.7279038324066065,-0.5738091541336192,-0.9124191495230388,0.9124191495230392,-0.5784279906300535,-0.5776581893550843,1.7343632929879855,-0.5767344287272242,0
-1.7747700215757207,1.1516997392084622,-1.3875375865624426,0.5005081889280126,2.52705661927622,0.646091668153197,-1.0306701134001208,-0.2427857483175515,-0.721130416342303,-0.6883832555868692,-1.002803930999114,1.7279038324066065,-0.5738091541336192,-0.9124191495230388,0.9124191495230392,1.7288236672481017,-0.5776581893550843,-0.5765804684883443,-0.5767344287272242,1
-0.6366246933665265,1.0563461485071606,-0.0044259572139154,1.096401063548959,0.8077365626180215,0.646091668153197,0.9702425509371356,-1.1328761828271687,-0.721130416342303,0.9936761529400864,-1.002803930999114,1.7279038324066065,-0.5738091541336192,1.0959875190286648,-1.0959875190286648,-0.5784279906300535,1.731127539482183,-0.5765804684883443,-0.5767344287272242,0
-0.6573182447885119,0.1028102414941437,-1.0417596792253108,-1.2258476714090278,4.246376675934418,-1.5477679860172513,0.9702425509371356,0.1058026816795431,-0.721130416342303,0.9715437923015738,0.9972039090469852,-0.5787359118286177,-0.5738091541336192,-0.9124191495230388,0.9124191495230392,-0.5784279906300535,-0.5776581893550843,1.7343632929879855,-0.5767344287272242,1
-1.4022860959799843,1.8191748741175744,-1.0417596792253108,0.8873716637108111,-0.9115834940401768,0.646091668153197,-1.0306701134001208,-0.3243667670886319,-1.43244469563043,1.427470421454933,0.9972039090469852,-0.5787359118286177,-0.5738091541336192,1.0959875190286648,-1.0959875190286648,-0.5784279906300535,-0.5776581893550843,-0.5765804684883443,1.733900301750437,1
-0.99876184325127,-0.7553720748175714,0.3413519501232164,0.9453591858895476,-0.9115834940401768,0.646091668153197,-1.0306701134001208,0.121454695160441,-0.009816137054176,-0.9938098323983428,-1.002803930999114,1.7279038324066065,-0.5738091541336192,1.0959875190286648,-1.0959875190286648,1.7288236672481017,-0.5776581893550843,-0.5765804684883443,-0.5767344287272242,0
0.5636012891086236,-0.6600184841162697,0.6871298574603482,-1.2258476714090278,0.8077365626180215,0.646091668153197,-1.0306701134001208,-1.6027210713066635,-0.009816137054176,-0.8034715309071345,0.9972039090469852,-0.5787359118286177,-0.5738091541336192,-0.9124191495230388,0.9124191495230392,1.7288236672481017,-0.5776581893550843,-0.5765804684883443,-0.5767344287272242,0
0.0979963821139533,-1.422847209726683,-0.0044259572139154,0.137887799771393,-0.9115834940401768,0.646091668153197,0.9702425509371356,-0.4947560211298097,-0.009816137054176,0.896293766130631,-1.002803930999114,1.7279038324066065,-0.5738091541336192,-0.9124191495230388,0.9124191495230392,-0.5784279906300535,-0.5776581893550843,1.7343632929879855,-0.5767344287272242,0
0.9774723175483306,0.8656389671045572,1.7244635794717436,0.3135328921923441,-0.9115834940401768,0.646091668153197,-1.0306701134001208,-0.4448035080748483,-1.43244469563043,0.4182347763387595,-1.002803930999114,1.7279038324066065,-0.5738091541336192,-0.9124191495230388,0.9124191495230392,-0.5784279906300535,-0.5776581893550843,1.7343632929879855,-0.5767344287272242,0
1.2568352617451328,-1.23214002832408,0.6871298574603482,1.2166918877715795,0.8077365626180215,0.646091668153197,-1.0306701134001208,-0.3595391511611813,-1.43244469563043,0.3916759435725444,-1.002803930999114,1.7279038324066065,-0.5738091541336192,-0.9124191495230388,0.9124191495230392,-0.5784279906300535,-0.5776581893550843,1.7343632929879855,-0.5767344287272242,0
0.0152221764260119,0.5795781950006521,1.378685672134612,0.5503965719317141,-0.9115834940401768,0.646091668153197,0.9702425509371356,0.9267172366756576,-0.009816137054176,-0.4272214000524208,-1.002803930999114,1.7279038324066065,-0.5738091541336192,1.0959875190286648,-1.0959875190286648,-0.5784279906300535,-0.5776581893550843,1.7343632929879855,-0.5767344287272242,1
0.3980528777327409,1.8191748741175744,-0.0044259572139154,-1.2258476714090278,0.8077365626180215,-1.5477679860172513,0.9702425509371356,-0.8736473933145114,-0.009816137054176,-0.5688685081389013,0.9972039090469852,-0.5787359118286177,-0.5738091541336192,1.0959875190286648,-1.0959875190286648,-0.5784279906300535,-0.5776581893550843,-0.5765804684883443,1.733900301750437,0
-1.009108618962263,-0.0878969399084596,-1.3875375865624426,1.6768240919160589,0.8077365626180215,0.646091668153197,-1.0306701134001208,1.468576759043961,0.7014981422339509,-1.356780546869949,-1.002803930999114,-0.5787359118286177,1.7427397119690018,-0.9124191495230388,0.9124191495230392,-0.5784279906300535,-0.5776581893550843,1.7343632929879855,-0.5767344287272242,0
-0.3779553005917097,-0.3739577120123647,-1.0417596792253108,0.8141433226633765,-0.9115834940401768,0.646091668153197,0.9702425509371356,-1.196152669940266,-1.43244469563043,0.2721611961245765,-1.002803930999114,-0.5787359118286177,1.7427397119690018,-0.9124191495230388,0.9124191495230392,-0.5784279906300535,-0.5776581893550843,-0.5765804684883443,1.733900301750437,0
0.4187464291547262,-0.9460792562201747,1.378685672134612,-1.2258476714090278,0.8077365626180215,-1.5477679860172513,-1.0306701134001208,1.7310000818876283,0.7014981422339509,0.5377495237867274,0.9972039090469852,-0.5787359118286177,-0.5738091541336192,1.0959875190286648,-1.0959875190286648,-0.5784279906300535,1.731127539482183,-0.5765804684883443,-0.5767344287272242,0
1.4223836731210155,0.2935174228967471,0.3413519501232164,0.9963188208472984,0.8077365626180215,0.646091668153197,-1.0306701134001208,-0.6145997971898521,0.7014981422339509,-1.038074553675368,-1.002803930999114,1.7279038324066065,-0.5738091541336192,1.0959875190286648,-1.0959875190286648,-0.5784279906300535,1.731127539482183,-0.5765804684883443,-0.5767344287272242,0
1.9086821315376712,-1.3274936190253817,0.6871298574603482,-1.2258476714090278,0.8077365626180215,0.646091668153197,0.9702425509371356,-0.2893632302135354,-0.009816137054176,-1.1664422453787409,0.9972039090469852,-0.5787359118286177,-0.5738091541336192,-0.9124191495230388,0.9124191495230392,-0.5784279906300535,-0.5776581893550843,-0.5765804684883443,1.733900301750437,0
-2.9749960040508707,-1.0414328469214764,0.3413519501232164,1.1156877657701445,2.52705661927622,0.646091668153197,-1.0306701134001208,0.0091274885721888,-0.721130416342303,-1.2505452158050885,-1.002803930999114,-0.5787359118286177,1.7427397119690018,1.0959875190286648,-1.0959875190286648,-0.5784279906300535,-0.5776581893550843,-0.5765804684883443,1.733900301750437,1
-0.0675520292619294,-0.6600184841162697,1.03290776479748,1.0424510906261195,-0.9115834940401768,0.646091668153197,0.9702425509371356,1.1650126253942903,-1.43244469563043,1.1353232610265669,-1.002803930999114,1.7279038324066065,-0.5738091541336192,1.0959875190286648,-1.0959875190286648,-0.5784279906300535,1.731127539482183,-0.5765804684883443,-0.5767344287272242,1
1.2878755888781108,0.1028102414941437,1.378685672134612,0.7969760453135781,-0.9115834940401768,0.646091668153197,-1.0306701134001208,-0.5198210485062088,-0.009816137054176,-1.5249864877226444,0.9972039090469852,-0.5787359118286177,-0.5738091541336192,-0.9124191495230388,0.9124191495230392,1.7288236672481017,-0.5776581893550843,-0.5765804684883443,-0.5767344287272242,0
-0.84356020758638,-0.8507256655188732,-0.695981771888179,1.0103864553498023,-0.9115834940401768,0.646091668153197,0.9702425509371356,-1.1626263286803744,0.7014981422339509,0.4359406648495695,-1.002803930999114,-0.5787359118286177,1.7427397119690018,1.0959875190286648,-1.0959875190286648,-0.5784279906300535,-0.5776581893550843,-0.5765804684883443,1.733900301750437,0
-1.1332699274941749,0.007456650792842,0.6871298574603482,-1.2258476714090278,0.8077365626180215,0.646091668153197,-1.0306701134001208,-1.395766748121461,1.412812421522078,0.7723525465549607,0.9972039090469852,-0.5787359118286177,-0.5738091541336192,-0.9124191495230388,0.9124191495230392,-0.5784279906300535,-0.5776581893550843,1.7343632929879855,-0.5767344287272242,0
0.8222706818834405,-1.23214002832408,0.3413519501232164,-1.2258476714090278,0.8077365626180215,0.646091668153197,0.9702425509371356,1.4905583688042547,0.7014981422339509,-1.246118743677386,-1.002803930999114,-0.5787359118286177,1.7427397119690018,-0.9124191495230388,0.9124191495230392,-0.5784279906300535,1.731127539482183,-0.5765804684883443,-0.5767344287272242,0
-1.764423245864728,0.7702853764032556,1.03290776479748,-0.0172701599771713,-0.9115834940401768,0.646091668153197,-1.0306701134001208,-1.2903047190362458,0.7014981422339509,-0.2236036821781051,-1.002803930999114,-0.5787359118286177,1.7427397119690018,-0.9124191495230388,0.9124191495230392,-0.5784279906300535,-0.5776581893550843,-0.5765804684883443,1.733900301750437,1
-1.443673198823955,-1.1367864376227783,1.03290776479748,-1.2258476714090278,0.8077365626180215,0.646091668153197,0.9702425509371356,-0.8868543393974812,-0.721130416342303,1.144176205281972,0.9972039090469852,-0.5787359118286177,-0.5738091541336192,-0.9124191495230388,0.9124191495230392,-0.5784279906300535,-0.5776581893550843,-0.5765804684883443,1.733900301750437,0
0.6877625976405357,-0.4693113027136664,-1.3875375865624426,-1.2258476714090278,0.8077365626180215,0.646091668153197,-1.0306701134001208,0.3342774583246831,0.7014981422339509,-0.3254125411152629,-1.002803930999114,-0.5787359118286177,1.7427397119690018,1.0959875190286648,-1.0959875190286648,1.7288236672481017,-0.5776581893550843,-0.5765804684883443,-0.5767344287272242,0
0.2842383449118215,0.8656389671045572,-1.0417596792253108,0.394491428369598,0.8077365626180215,-1.5477679860172513,0.9702425509371356,1.6238857499494788,-1.43244469563043,0.8033378514488783,-1.002803930999114,1.7279038324066065,-0.5738091541336192,-0.9124191495230388,0.9124191495230392,-0.5784279906300535,-0.5776581893550843,1.7343632929879855,-0.5767344287272242,0
-0.9884150675402774,0.1981638321954454,1.7244635794717436,0.5895461509364434,0.8077365626180215,0.646091668153197,0.9702425509371356,1.4832278616406778,-1.43244469563043,-0.9229862783551024,-1.002803930999114,1.7279038324066065,-0.5738091541336192,-0.9124191495230388,0.9124191495230392,-0.5784279906300535,-0.5776581893550843,-0.5765804684883443,1.733900301750437,0
-1.3298586660030356,-0.8507256655188732,-0.695981771888179,-1.2258476714090278,0.8077365626180215,0.646091668153197,-1.0306701134001208,0.7894712442074613,0.7014981422339509,0.2101905863367413,-1.002803930999114,-0.5787359118286177,1.7427397119690018,-0.9124191495230388,0.9124191495230392,-0.5784279906300535,-0.5776581893550843,-0.5765804684883443,1.733900301750437,0
-0.5331569362565998,-1.0414328469214764,0.6871298574603482,0.6926969438942726,-0.9115834940401768,-1.5477679860172513,-1.0306701134001208,-1.19809902079618,-1.43244469563043,-1.4984276549564297,0.9972039090469852,-0.5787359118286177,-0.5738091541336192,-0.9124191495230388,0.9124191495230392,-0.5784279906300535,-0.5776581893550843,1.7343632929879855,-0.5767344287272242,0
0.6360287190855723,0.3888710135980487,-1.3875375865624426,1.0459908378818248,0.8077365626180215,-1.5477679860172513,0.9702425509371356,-0.1597176222008289,0.7014981422339509,1.5514116410306034,-1.002803930999114,1.7279038324066065,-0.5738091541336192,-0.9124191495230388,0.9124191495230392,-0.5784279906300535,-0.5776581893550843,1.7343632929879855,-0.5767344287272242,0
0.1911173635128873,0.6749317857019538,-0.695981771888179,-1.2258476714090278,0.8077365626180215,-1.5477679860172513,0.9702425509371356,-1.5928757668520803,-0.721130416342303,0.258881779741469,0.9972039090469852,-0.5787359118286177,-0.5738091541336192,-0.9124191495230388,0.9124191495230392,-0.5784279906300535,-0.5776581893550843,-0.5765804684883443,1.733900301750437,0
0.1186899335359386,-0.278604121311063,-0.3502038645510472,1.4492242413502394,0.8077365626180215,0.646091668153197,-1.0306701134001208,0.6743607541563514,1.412812421522078,1.608955778690736,0.9972039090469852,-0.5787359118286177,-0.5738091541336192,1.0959875190286648,-1.0959875190286648,-0.5784279906300535,1.731127539482183,-0.5765804684883443,-0.5767344287272242,1
-1.764423245864728,0.007456650792842,-0.0044259572139154,0.7234798912776311,-0.9115834940401768,0.646091668153197,0.9702425509371356,-0.3069525522699482,-1.43244469563043,-0.6396920621821415,-1.002803930999114,-0.5787359118286177,1.7427397119690018,-0.9124191495230388,0.9124191495230392,-0.5784279906300535,-0.5776581893550843,-0.5765804684883443,1.733900301750437,0
-0.4503827305686584,-1.3274936190253817,-0.3502038645510472,0.7161072609457597,-0.9115834940401768,-1.5477679860172513,0.9702425509371356,0.264278035734828,-1.43244469563043,-0.2457360428166177,-1.002803930999114,-0.5787359118286177,1.7427397119690018,1.0959875190286648,-1.0959875190286648,1.7288236672481017,-0.5776581893550843,-0.5765804684883443,-0.5767344287272242,0
2.032843440069583,-0.1832505306097613,1.378685672134612,0.5806025433972721,-0.9115834940401768,0.646091668153197,-1.0306701134001208,0.2783460851358077,-1.43244469563043,-1.1133245798463105,-1.002803930999114,-0.5787359118286177,1.7427397119690018,1.0959875190286648,-1.0959875190286648,-0.5784279906300535,1.731127539482183,-0.5765804684883443,-0.5767344287272242,0
-0.2434472163488049,-1.3274936190253817,-0.3502038645510472,-1.2258476714090278,-0.9115834940401768,0.646091668153197,0.9702425509371356,1.6384558198026182,1.412812421522078,1.7063381655001912,-1.002803930999114,-0.5787359118286177,1.7427397119690018,1.0959875190286648,-1.0959875190286648,-0.5784279906300535,-0.5776581893550843,-0.5765804684883443,1.733900301750437,0
0.522214186264653,-0.5646648934149681,0.6871298574603482,0.7594314209868637,-0.9115834940401768,0.646091668153197,-1.0306701134001208,-0.0399169708626899,-1.43244469563043,1.4850145591150656,-1.002803930999114,-0.5787359118286177,1.7427397119690018,1.0959875190286648,-1.0959875190286648,-0.5784279906300535,1.731127539482183,-0.5765804684883443,-0.5767344287272242,0
-1.1436167032051676,0.1028102414941437,1.03290776479748,-1.2258476714090278,0.8077365626180215,0.646091668153197,-1.0306701134001208,-1.678564415384476,1.412812421522078,-0.4670596492017434,-1.002803930999114,-0.5787359118286177,1.7427397119690018,1.0959875190286648,-1.0959875190286648,-0.5784279906300535,1.731127539482183,-0.5765804684883443,-0.5767344287272242,0
1.2361417103231471,2.772710781130591,-1.0417596792253108,1.7160121359819749,-0.9115834940401768,-1.5477679860172513,-1.0306701134001208,1.0340724062744382,1.412812421522078,-0.2014713215395925,0.9972039090469852,-0.5787359118286177,-0.5738091541336192,1.0959875190286648,-1.0959875190286648,-0.5784279906300535,-0.5776581893550843,1.7343632929879855,-0.5767344287272242,1
1.1740610560571914,0.007456650792842,-0.0044259572139154,0.0730280135983886,-0.9115834940401768,-1.5477679860172513,0.9702425509371356,0.1689329272961849,0.7014981422339509,-1.6887659564476376,0.9972039090469852,-0.5787359118286177,-0.5738091541336192,1.0959875190286648,-1.0959875190286648,1.7288236672481017,-0.5776581893550843,-0.5765804684883443,-0.5767344287272242,0
0.1600770363799093,-0.278604121311063,0.3413519501232164,-1.2258476714090278,0.8077365626180215,0.646091668153197,-1.0306701134001208,1.332043193937212,-0.009816137054176,1.6974852212447862,-1.002803930999114,-0.5787359118286177,1.7427397119690018,1.0959875190286648,-1.0959875190286648,-0.5784279906300535,1.731127539482183,-0.5765804684883443,-0.5767344287272242,0
-0.0675520292619294,0.9609925578058588,1.7244635794717436,-1.2258476714090278,0.8077365626180215,0.646091668153197,0.9702425509371356,0.7824946032095045,0.7014981422339509,-0.4227949279247183,-1.002803930999114,-0.5787359118286177,1.7427397119690018,-0.9124191495230388,0.9124191495230392,-0.5784279906300535,-0.5776581893550843,-0.5765804684883443,1.733900301750437,0
-1.7126893673097645,-0.9460792562201747,0.6871298574603482,1.693070131050436,-0.9115834940401768,0.646091668153197,-1.0306701134001208,0.2910617919470937,0.7014981422339509,-0.1040889347301372,0.9972039090469852,-0.5787359118286177,-0.5738091541336192,-0.9124191495230388,0.9124191495230392,-0.5784279906300535,1.731127539482183,-0.5765804684883443,-0.5767344287272242,1
0.9878190932593232,-1.422847209726683,1.7244635794717436,-0.123473956895606,-0.9115834940401768,-1.5477679860172513,0.9702425509371356,-0.9058426065656452,-1.43244469563043,-1.436457045168594,-1.002803930999114,-0.5787359118286177,1.7427397119690018,-0.9124191495230388,0.9124191495230392,-0.5784279906300535,-0.5776581893550843,-0.5765804684883443,1.733900301750437,0
-0.5435037119675924,0.3888710135980487,-0.0044259572139154,-1.2258476714090278,2.52705661927622,0.646091668153197,0.9702425509371356,0.010998197274764,-1.43244469563043,1.1131909003880542,0.9972039090469852,-0.5787359118286177,-0.5738091541336192,1.0959875190286648,-1.0959875190286648,-0.5784279906300535,-0.5776581893550843,-0.5765804684883443,1.733900301750437,1
0.8533110090164185,-1.613554391129287,-0.0044259572139154,-1.2258476714090278,0.8077365626180215,0.646091668153197,0.9702425509371356,0.2975597137539195,-0.009816137054176,-1.4497364615517017,0.9972039090469852,-0.5787359118286177,-0.5738091541336192,-0.9124191495230388,0.9124191495230392,1.7288236672481017,-0.5776581893550843,-0.5765804684883443,-0.5767344287272242,0
-1.4850603016679258,0.1981638321954454,-0.695981771888179,-0.2831280014836302,0.8077365626180215,0.646091668153197,0.9702425509371356,0.6685349172291923,-0.009816137054176,1.2769703691130474,0.9972039090469852,-0.5787359118286177,-0.5738091541336192,-0.9124191495230388,0.9124191495230392,-0.5784279906300535,-0.5776581893550843,1.7343632929879855,-0.5767344287272242,0
-0.9470279646963068,-0.4693113027136664,-1.7333154938995745,-1.2258476714090278,-0.9115834940401768,0.646091668153197,-1.0306701134001208,1.44152555999989,-0.009816137054176,-0.5954273409051164,-1.002803930999114,-0.5787359118286177,1.7427397119690018,-0.9124191495230388,0.9124191495230392,-0.5784279906300535,1.731127539482183,-0.5765804684883443,-0.5767344287272242,0
0.8429642333054258,-0.278604121311063,0.6871298574603482,0.7967063090720065,-0.9115834940401768,0.646091668153197,0.9702425509371356,0.5752670988222436,-1.43244469563043,-0.2545889870720227,0.9972039090469852,-0.5787359118286177,-0.5738091541336192,-0.9124191495230388,0.9124191495230392,1.7288236672481017,-0.5776581893550843,-0.5765804684883443,-0.5767344287272242,0
0.108343157824946,0.1981638321954454,-0.0044259572139154,-0.7757591755536595,-0.9115834940401768,0.646091668153197,-1.0306701134001208,-0.5304335556746571,-1.43244469563043,-0.0067065479206819,-1.002803930999114,-0.5787359118286177,1.7427397119690018,1.0959875190286648,-1.0959875190286648,-0.5784279906300535,-0.5776581893550843,1.7343632929879855,-0.5767344287272242,1
-1.671302264465794,0.7702853764032556,1.03290776479748,0.439278863446679,0.8077365626180215,0.646091668153197,0.9702425509371356,0.1310299484331039,0.7014981422339509,1.5337057525197932,0.9972039090469852,-0.5787359118286177,-0.5738091541336192,1.0959875190286648,-1.0959875190286648,1.7288236672481017,-0.5776581893550843,-0.5765804684883443,-0.5767344287272242,0
-0.4503827305686584,-1.422847209726683,-1.0417596792253108,0.5288569390226063,0.8077365626180215,-1.5477679860172513,0.9702425509371356,0.4776850693248603,-0.009816137054176,-1.5338394319780495,-1.002803930999114,1.7279038324066065,-0.5738091541336192,1.0959875190286648,-1.0959875190286648,-0.5784279906300535,1.731127539482183,-0.5765804684883443,-0.5767344287272242,0
-0.2434472163488049,1.533114102013669,0.3413519501232164,-1.2258476714090278,-0.9115834940401768,-1.5477679860172513,-1.0306701134001208,-0.1416560148835686,-0.009816137054176,-0.9318392226105074,-1.002803930999114,-0.5787359118286177,1.7427397119690018,1.0959875190286648,-1.0959875190286648,-0.5784279906300535,-0.5776581893550843,-0.5765804684883443,1.733900301750437,1
-0.1710197863718562,-0.1832505306097613,0.6871298574603482,-0.399129330299581,0.8077365626180215,0.646091668153197,0.9702425509371356,1.4645475536761072,1.412812421522078,1.3079556740069649,0.9972039090469852,-0.5787359118286177,-0.5738091541336192,1.0959875190286648,-1.0959875190286648,-0.5784279906300535,1.731127539482183,-0.5765804684883443,-0.5767344287272242,0
-0.3158746463257536,-0.6600184841162697,0.3413519501232164,-1.2258476714090278,0.8077365626180215,0.646091668153197,-1.0306701134001208,-0.7642665790163163,-1.43244469563043,0.9361320152799536,0.9972039090469852,-0.5787359118286177,-0.5738091541336192,-0.9124191495230388,0.9124191495230392,-0.5784279906300535,1.731127539482183,-0.5765804684883443,-0.5767344287272242,0
0.3359722234667848,3.2494787346370995,1.378685672134612,0.7732177797294396,-0.9115834940401768,0.646091668153197,0.9702425509371356,-0.8362499127037435,-0.721130416342303,-1.2372657994219811,-1.002803930999114,1.7279038324066065,-0.5738091541336192,-0.9124191495230388,0.9124191495230392,-0.5784279906300535,-0.5776581893550843,1.7343632929879855,-0.5767344287272242,0
0.3980528777327409,-0.9460792562201747,-1.3875375865624426,0.0171634422549809,0.8077365626180215,0.646091668153197,0.9702425509371356,0.3983475794328119,-0.721130416342303,0.3828229993171393,0.9972039090469852,-0.5787359118286177,-0.5738091541336192,1.0959875190286648,-1.0959875190286648,-0.5784279906300535,-0.5776581893550843,-0.5765804684883443,1.733900301750437,0
0.8946981118603892,-0.8507256655188732,1.03290776479748,1.568576998893169,-0.9115834940401768,-1.5477679860172513,-1.0306701134001208,-1.1852645471096517,1.412812421522078,-0.9008539177165898,0.9972039090469852,-0.5787359118286177,-0.5738091541336192,-0.9124191495230388,0.9124191495230392,-0.5784279906300535,-0.5776581893550843,1.7343632929879855,-0.5767344287272242,0
-1.5471409559338818,0.1028102414941437,-1.0417596792253108,-1.2258476714090278,0.8077365626180215,-1.5477679860172513,-1.0306701134001208,0.7278458427172452,1.412812421522078,1.1751615101758894,0.9972039090469852,-0.5787359118286177,-0.5738091541336192,1.0959875190286648,-1.0959875190286648,-0.5784279906300535,1.731127539482183,-0.5765804684883443,-0.5767344287272242,0
-1.6299151616218233,0.6749317857019538,-0.3502038645510472,-1.2258476714090278,0.8077365626180215,0.646091668153197,-1.0306701134001208,-1.7072969569127634,-1.43244469563043,-0.480339065584851,0.9972039090469852,-0.5787359118286177,-0.5738091541336192,1.0959875190286648,-1.0959875190286648,-0.5784279906300535,-0.5776581893550843,-0.5765804684883443,1.733900301750437,0
1.4844643273869715,-0.1832505306097613,1.378685672134612,-1.2258476714090278,0.8077365626180215,0.646091668153197,-1.0306701134001208,-0.5578633132654383,-0.009816137054176,-0.1306477674963523,-1.002803930999114,-0.5787359118286177,1.7427397119690018,1.0959875190286648,-1.0959875190286648,1.7288236672481017,-0.5776581893550843,-0.5765804684883443,-0.5767344287272242,0
1.2671820374561256,0.3888710135980487,1.03290776479748,0.0858896081616014,0.8077365626180215,0.646091668153197,0.9702425509371356,-1.1160570196147517,1.412812421522078,-1.0557804421861778,-1.002803930999114,1.7279038324066065,-0.5738091541336192,-0.9124191495230388,0.9124191495230392,-0.5784279906300535,-0.5776581893550843,1.7343632929879855,-0.5767344287272242,0
-1.3712457688470063,0.5795781950006521,1.378685672134612,0.4654234052641869,0.8077365626180215,0.646091668153197,0.9702425509371356,-0.4637985569533117,-0.009816137054176,0.0154258127178306,0.9972039090469852,-0.5787359118286177,-0.5738091541336192,1.0959875190286648,-1.0959875190286648,1.7288236672481017,-0.5776581893550843,-0.5765804684883443,-0.5767344287272242,0
0.1290367092469313,-0.4693113027136664,0.6871298574603482,-1.2258476714090278,0.8077365626180215,0.646091668153197,0.9702425509371356,1.3969801567336042,-0.009816137054176,1.3522203952839902,0.9972039090469852,-0.5787359118286177,-0.5738091541336192,-0.9124191495230388,0.9124191495230392,-0.5784279906300535,-0.5776581893550843,-0.5765804684883443,1.733900301750437,0
-0.8746005347193581,2.4866500090266856,-0.3502038645510472,0.699014669923099,-0.9115834940401768,0.646091668153197,-1.0306701134001208,0.1299466136852842,-0.721130416342303,1.042367346344814,-1.002803930999114,1.7279038324066065,-0.5738091541336192,-0.9124191495230388,0.9124191495230392,-0.5784279906300535,-0.5776581893550843,1.7343632929879855,-0.5767344287272242,1
-0.6159311419445411,0.5795781950006521,-0.0044259572139154,-1.2258476714090278,0.8077365626180215,0.646091668153197,0.9702425509371356,0.9633963776647168,-0.721130416342303,-1.6445012351706123,0.9972039090469852,-0.5787359118286177,-0.5738091541336192,-0.9124191495230388,0.9124191495230392,-0.5784279906300535,1.731127539482183,-0.5765804684883443,-0.5767344287272242,0
0.3773593263107555,0.1981638321954454,1.7244635794717436,0.926884897814843,0.8077365626180215,0.646091668153197,0.9702425509371356,1.7036748321914603,0.7014981422339509,-0.9052803898442924,-1.002803930999114,1.7279038324066065,-0.5738091541336192,-0.9124191495230388,0.9124191495230392,1.7288236672481017,-0.5776581893550843,-0.5765804684883443,-0.5767344287272242,0
-0.460729506279651,0.7702853764032556,-1.7333154938995745,0.9720811844381212,0.8077365626180215,-1.5477679860172513,0.9702425509371356,-0.805215415253845,0.7014981422339509,0.7015289925117204,-1.002803930999114,1.7279038324066065,-0.5738091541336192,1.0959875190286648,-1.0959875190286648,-0.5784279906300535,-0.5776581893550843,-0.5765804684883443,1.733900301750437,0
0.5429077376866382,-0.7553720748175714,0.3413519501232164,-1.2258476714090278,0.8077365626180215,0.646091668153197,0.9702425509371356,-0.5638044392676864,-0.009816137054176,1.6310881393292485,-1.002803930999114,-0.5787359118286177,1.7427397119690018,-0.9124191495230388,0.9124191495230392,-0.5784279906300535,-0.5776581893550843,1.7343632929879855,-0.5767344287272242,0
0.3359722234667848,0.7702853764032556,-1.3875375865624426,-1.2258476714090278,0.8077365626180215,0.646091668153197,-1.0306701134001208,0.850303185592653,1.412812421522078,0.6129995499576701,0.9972039090469852,-0.5787359118286177,-0.5738091541336192,-0.9124191495230388,0.9124191495230392,-0.5784279906300535,-0.5776581893550843,1.7343632929879855,-0.5767344287272242,0
-1.15396347891616,-1.422847209726683,-0.695981771888179,-1.2258476714090278,0.8077365626180215,0.646091668153197,0.9702425509371356,1.7053537402155698,0.7014981422339509,-0.6972361998422743,0.9972039090469852,-0.5787359118286177,-0.5738091541336192,1.0959875190286648,-1.0959875190286648,-0.5784279906300535,-0.5776581893550843,1.7343632929879855,-0.5767344287272242,0
0.1600770363799093,1.0563461485071606,0.6871298574603482,0.5221053591578119,-0.9115834940401768,0.646091668153197,0.9702425509371356,0.696357492347313,1.412812421522078,-0.2855742919659403,-1.002803930999114,1.7279038324066065,-0.5738091541336192,1.0959875190286648,-1.0959875190286648,-0.5784279906300535,1.731127539482183,-0.5765804684883443,-0.5767344287272242,1
0.7912303547504624,-0.8507256655188732,1.03290776479748,0.6818154986267333,0.8077365626180215,0.646091668153197,0.9702425509371356,0.6575355047936657,1.412812421522078,-0.4050890394139082,-1.002803930999114,1.7279038324066065,-0.5738091541336192,1.0959875190286648,-1.0959875190286648,-0.5784279906300535,1.731127539482183,-0.5765804684883443,-0.5767344287272242,0
-0.8642537590083653,0.1981638321954454,-1.7333154938995745,0.9278574227785136,-0.9115834940401768,0.646091668153197,0.9702425509371356,0.0983643627112073,1.412812421522078,0.0773964225056658,-1.002803930999114,1.7279038324066065,-0.5738091541336192,-0.9124191495230388,0.9124191495230392,1.7288236672481017,-0.5776581893550843,-0.5765804684883443,-0.5767344287272242,0
-0.6676650204995045,-0.4693113027136664,1.378685672134612,-0.0348762595666746,-0.9115834940401768,0.646091668153197,-1.0306701134001208,-1.4790268488066578,1.412812421522078,-1.5869570975104796,-1.002803930999114,1.7279038324066065,-0.5738091541336192,-0.9124191495230388,0.9124191495230392,-0.5784279906300535,1.731127539482183,-0.5765804684883443,-0.5767344287272242,0
-0.6780117962104972,0.4842246042993504,-0.3502038645510472,-1.2258476714090278,0.8077365626180215,-1.5477679860172513,0.9702425509371356,0.0284870109067405,0.7014981422339509,0.6882495761286129,-1.002803930999114,-0.5787359118286177,1.7427397119690018,1.0959875190286648,-1.0959875190286648,1.7288236672481017,-0.5776581893550843,-0.5765804684883443,-0.5767344287272242,0
1.3189159160110888,0.4842246042993504,1.03290776479748,0.7593283666771008,-0.9115834940401768,0.646091668153197,-1.0306701134001208,0.7721533644530301,-1.43244469563043,0.989249680812384,0.9972039090469852,-0.5787359118286177,-0.5738091541336192,-0.9124191495230388,0.9124191495230392,1.7288236672481017,-0.5776581893550843,-0.5765804684883443,-0.5767344287272242,0
1.3189159160110888,0.2935174228967471,0.3413519501232164,-1.2258476714090278,0.8077365626180215,0.646091668153197,0.9702425509371356,0.1061981075569978,1.412812421522078,-0.4759125934571485,0.9972039090469852,-0.5787359118286177,-0.5738091541336192,-0.9124191495230388,0.9124191495230392,-0.5784279906300535,-0.5776581893550843,1.7343632929879855,-0.5767344287272242,0
-2.46800399421223,-0.9460792562201747,-0.0044259572139154,-1.2258476714090278,0.8077365626180215,-1.5477679860172513,-1.0306701134001208,-1.522923642344313,-1.43244469563043,-1.2372657994219811,0.9972039090469852,-0.5787359118286177,-0.5738091541336192,-0.9124191495230388,0.9124191495230392,-0.5784279906300535,-0.5776581893550843,-0.5765804684883443,1.733900301750437,0
1.1947546074791768,-1.23214002832408,-0.695981771888179,0.445119462445702,-0.9115834940401768,0.646091668153197,0.9702425509371356,-1.7330227663183304,1.412812421522078,-0.9495451111213176,0.9972039090469852,-0.5787359118286177,-0.5738091541336192,1.0959875190286648,-1.0959875190286648,-0.5784279906300535,-0.5776581893550843,-0.5765804684883443,1.733900301750437,0
-1.6919958158877793,-0.5646648934149681,1.03290776479748,1.1097782502031617,-0.9115834940401768,0.646091668153197,-1.0306701134001208,-1.02115846071582,-0.721130416342303,0.3031465010184941,-1.002803930999114,-0.5787359118286177,1.7427397119690018,-0.9124191495230388,0.9124191495230392,1.7288236672481017,-0.5776581893550843,-0.5765804684883443,-0.5767344287272242,0
2.063883767202561,-0.3739577120123647,1.378685672134612,-1.2258476714090278,0.8077365626180215,-1.5477679860172513,-1.0306701134001208,-1.3000149109548649,-1.43244469563043,1.7328969982664064,0.9972039090469852,-0.5787359118286177,-0.5738091541336192,1.0959875190286648,-1.0959875190286648,-0.5784279906300535,-0.5776581893550843,-0.5765804684883443,1.733900301750437,0
0.1497302606689167,1.247053329909764,-0.695981771888179,-1.2258476714090278,-0.9115834940401768,0.646091668153197,-1.0306701134001208,0.2790372979163186,-1.43244469563043,-1.3257952419760313,0.9972039090469852,-0.5787359118286177,-0.5738091541336192,-0.9124191495230388,0.9124191495230392,-0.5784279906300535,1.731127539482183,-0.5765804684883443,-0.5767344287272242,1
-1.3298586660030356,-1.3274936190253817,-0.0044259572139154,0.2815006316758593,0.8077365626180215,0.646091668153197,-1.0306701134001208,0.0552754621492135,-0.009816137054176,1.3566468674116927,-1.002803930999114,1.7279038324066065,-0.5738091541336192,1.0959875190286648,-1.0959875190286648,-0.5784279906300535,-0.5776581893550843,-0.5765804684883443,1.733900301750437,0
0.3049318963338068,-0.8507256655188732,-0.695981771888179,-1.2258476714090278,-0.9115834940401768,0.646091668153197,-1.0306701134001208,1.0440589094152537,0.7014981422339509,1.3699262837948,-1.002803930999114,-0.5787359118286177,1.7427397119690018,1.0959875190286648,-1.0959875190286648,-0.5784279906300535,1.731127539482183,-0.5765804684883443,-0.5767344287272242,0
-0.3262214220367463,0.1981638321954454,1.03290776479748,1.0502543693721935,0.8077365626180215,0.646091668153197,-1.0306701134001208,0.2475049533744448,1.412812421522078,-1.702045372830745,-1.002803930999114,1.7279038324066065,-0.5738091541336192,1.0959875190286648,-1.0959875190286648,1.7288236672481017,-0.5776581893550843,-0.5765804684883443,-0.5767344287272242,0
0.7808835790394698,-0.4693113027136664,-1.7333154938995745,1.75094337994323,-0.9115834940401768,0.646091668153197,0.9702425509371356,0.0338490831834286,-1.43244469563043,0.3739700550617343,0.9972039090469852,-0.5787359118286177,-0.5738091541336192,1.0959875190286648,-1.0959875190286648,-0.5784279906300535,-0.5776581893550843,-0.5765804684883443,1.733900301750437,0
-1.122923151783182,0.007456650792842,-0.695981771888179,0.9393629636638068,-0.9115834940401768,0.646091668153197,0.9702425509371356,-1.490877452829757,-0.721130416342303,-1.2328393272942786,0.9972039090469852,-0.5787359118286177,-0.5738091541336192,-0.9124191495230388,0.9124191495230392,-0.5784279906300535,-0.5776581893550843,1.7343632929879855,-0.5767344287272242,1
-0.2331004406378122,1.1516997392084622,1.7244635794717436,0.6217652875418603,0.8077365626180215,-1.5477679860172513,-1.0306701134001208,-1.5208703491336784,-0.721130416342303,-0.1483536560071623,-1.002803930999114,1.7279038324066065,-0.5738091541336192,1.0959875190286648,-1.0959875190286648,-0.5784279906300535,-0.5776581893550843,-0.5765804684883443,1.733900301750437,1
0.6256819433745797,-0.9460792562201747,-0.695981771888179,0.8605849156425736,0.8077365626180215,0.646091668153197,-1.0306701134001208,-1.1873001035395032,1.412812421522078,0.4979112746374047,0.9972039090469852,-0.5787359118286177,-0.5738091541336192,1.0959875190286648,-1.0959875190286648,-0.5784279906300535,-0.5776581893550843,-0.5765804684883443,1.733900301750437,0
0.0773028306919679,-0.9460792562201747,1.03290776479748,-1.2258476714090278,0.8077365626180215,-1.5477679860172513,0.9702425509371356,0.5281187360310603,1.412812421522078,0.3872494714448419,0.9972039090469852,-0.5787359118286177,-0.5738091541336192,1.0959875190286648,-1.0959875190286648,1.7288236672481017,-0.5776581893550843,-0.5765804684883443,-0.5767344287272242,0
-0.3572617491697243,1.914528464818876,-0.0044259572139154,1.2401009226543604,-0.9115834940401768,0.646091668153197,0.9702425509371356,-1.432692986811428,0.7014981422339509,0.3297053337847092,0.9972039090469852,-0.5787359118286177,-0.5738091541336192,-0.9124191495230388,0.9124191495230392,-0.5784279906300535,-0.5776581893550843,-0.5765804684883443,1.733900301750437,0
-0.6469714690775192,0.6749317857019538,1.03290776479748,-1.2258476714090278,-0.9115834940401768,0.646091668153197,-1.0306701134001208,-0.6635473998904556,1.412812421522078,1.5204263361366857,-1.002803930999114,-0.5787359118286177,1.7427397119690018,-0.9124191495230388,0.9124191495230392,-0.5784279906300535,1.731127539482183,-0.5765804684883443,-0.5767344287272242,0
1.6396659630518615,-0.0878969399084596,-0.695981771888179,-1.2258476714090278,0.8077365626180215,0.646091668153197,0.9702425509371356,-0.3482830770743253,-0.009816137054176,-0.3254125411152629,0.9972039090469852,-0.5787359118286177,-0.5738091541336192,-0.9124191495230388,0.9124191495230392,1.7288236672481017,-0.5776581893550843,-0.5765804684883443,-0.5767344287272242,0
-0.2951810949037682,-0.8507256655188732,-0.3502038645510472,0.5031414429084182,-0.9115834940401768,-1.5477679860172513,0.9702425509371356,1.6833314401934798,1.412812421522078,0.0729699503779633,0.9972039090469852,-0.5787359118286177,-0.5738091541336192,1.0959875190286648,-1.0959875190286648,-0.5784279906300535,1.731127539482183,-0.5765804684883443,-0.5767344287272242,0
0.2945851206228141,0.2935174228967471,-1.0417596792253108,-1.2258476714090278,-0.9115834940401768,0.646091668153197,0.9702425509371356,1.185999932090694,-0.721130416342303,-0.4670596492017434,-1.002803930999114,-0.5787359118286177,1.7427397119690018,-0.9124191495230388,0.9124191495230392,-0.5784279906300535,1.731127539482183,-0.5765804684883443,-0.5767344287272242,0
0.7601900276174844,-0.5646648934149681,-0.0044259572139154,0.433997129732481,0.8077365626180215,0.646091668153197,-1.0306701134001208,0.3650904199048027,-1.43244469563043,-1.126603996229418,-1.002803930999114,1.7279038324066065,-0.5738091541336192,-0.9124191495230388,0.9124191495230392,-0.5784279906300535,1.731127539482183,-0.5765804684883443,-0.5767344287272242,0
-0.3883020763027023,-0.9460792562201747,-1.7333154938995745,-1.2258476714090278,0.8077365626180215,-1.5477679860172513,0.9702425509371356,0.5878713421386094,1.412812421522078,-1.3966187960192715,-1.002803930999114,-0.5787359118286177,1.7427397119690018,-0.9124191495230388,0.9124191495230392,-0.5784279906300535,-0.5776581893550843,-0.5765804684883443,1.733900301750437,0
-0.2641407677707902,-0.278604121311063,1.03290776479748,0.8567852086816813,0.8077365626180215,-1.5477679860172513,-1.0306701134001208,1.7184603517641104,-1.43244469563043,1.7019116933724887,0.9972039090469852,-0.5787359118286177,-0.5738091541336192,1.0959875190286648,-1.0959875190286648,1.7288236672481017,-0.5776581893550843,-0.5765804684883443,-0.5767344287272242,0
0.9464319904153524,-0.6600184841162697,0.3413519501232164,1.346265453156167,-0.9115834940401768,0.646091668153197,-1.0306701134001208,-1.2357877671698048,1.412812421522078,-1.3789129075084614,0.9972039090469852,-0.5787359118286177,-0.5738091541336192,-0.9124191495230388,0.9124191495230392,-0.5784279906300535,1.731127539482183,-0.5765804684883443,-0.5767344287272242,0
-1.6919958158877793,-0.1832505306097613,-1.0417596792253108,-1.2258476714090278,0.8077365626180215,0.646091668153197,0.9702425509371356,0.4631096088814827,1.412812421522078,0.2721611961245765,0.9972039090469852,-0.5787359118286177,-0.5738091541336192,-0.9124191495230388,0.9124191495230392,-0.5784279906300535,-0.5776581893550843,-0.5765804684883443,1.733900301750437,0
-0.0572052535509367,0.9609925578058588,-0.0044259572139154,0.53925869292293,2.52705661927622,-1.5477679860172513,0.9702425509371356,1.523270730938216,-0.009816137054176,-0.9583980553767226,-1.002803930999114,-0.5787359118286177,1.7427397119690018,1.0959875190286648,-1.0959875190286648,-0.5784279906300535,1.731127539482183,-0.5765804684883443,-0.5767344287272242,1
0.2325044663568581,-0.0878969399084596,-1.0417596792253108,1.4997532278937875,0.8077365626180215,-1.5477679860172513,-1.0306701134001208,0.6053302466892654,1.412812421522078,1.5381322246474958,0.9972039090469852,-0.5787359118286177,-0.5738091541336192,1.0959875190286648,-1.0959875190286648,-0.5784279906300535,-0.5776581893550843,1.7343632929879855,-0.5767344287272242,1
-0.99876184325127,-0.3739577120123647,0.3413519501232164,0.6606581122631684,0.8077365626180215,-1.5477679860172513,-1.0306701134001208,-0.083694823635095,-0.721130416342303,0.1614993929320136,0.9972039090469852,-0.5787359118286177,-0.5738091541336192,1.0959875190286648,-1.0959875190286648,1.7288236672481017,-0.5776581893550843,-0.5765804684883443,-0.5767344287272242,1
1.0498997475252794,-0.0878969399084596,1.7244635794717436,0.4032839002725233,0.8077365626180215,0.646091668153197,-1.0306701134001208,1.2504639140662086,-1.43244469563043,-1.3744864353807589,-1.002803930999114,1.7279038324066065,-0.5738091541336192,1.0959875190286648,-1.0959875190286648,-0.5784279906300535,-0.5776581893550843,1.7343632929879855,-0.5767344287272242,0
0.3049318963338068,-0.3739577120123647,1.378685672134612,-1.2258476714090278,0.8077365626180215,-1.5477679860172513,-1.0306701134001208,0.7596179815797037,1.412812421522078,-0.0731036298362196,-1.002803930999114,-0.5787359118286177,1.7427397119690018,-0.9124191495230388,0.9124191495230392,-0.5784279906300535,-0.5776581893550843,1.7343632929879855,-0.5767344287272242,0
1.1326739532132206,0.1981638321954454,0.3413519501232164,-1.2258476714090278,0.8077365626180215,-1.5477679860172513,-1.0306701134001208,0.0243618182546496,0.7014981422339509,1.179587982303592,-1.002803930999114,-0.5787359118286177,1.7427397119690018,1.0959875190286648,-1.0959875190286648,-0.5784279906300535,-0.5776581893550843,-0.5765804684883443,1.733900301750437,0
-1.764423245864728,-1.3274936190253817,-0.695981771888179,1.5681638200275887,0.8077365626180215,-1.5477679860172513,-1.0306701134001208,1.418192824879956,-1.43244469563043,-0.8034715309071345,-1.002803930999114,1.7279038324066065,-0.5738091541336192,1.0959875190286648,-1.0959875190286648,1.7288236672481017,-0.5776581893550843,-0.5765804684883443,-0.5767344287272242,0
1.277528813167118,3.5355395067410043,-0.3502038645510472,0.5773766069324147,-0.9115834940401768,0.646091668153197,0.9702425509371356,0.748473718767783,-0.009816137054176,1.3610733395393952,0.9972039090469852,-0.5787359118286177,-0.5738091541336192,-0.9124191495230388,0.9124191495230392,1.7288236672481017,-0.5776581893550843,-0.5765804684883443,-0.5767344287272242,0
1.3913433459880375,-0.278604121311063,-1.0417596792253108,0.373767575299825,-0.9115834940401768,-1.5477679860172513,0.9702425509371356,-1.0974845234549402,1.412812421522078,0.7944849071934733,-1.002803930999114,1.7279038324066065,-0.5738091541336192,1.0959875190286648,-1.0959875190286648,-0.5784279906300535,-0.5776581893550843,1.7343632929879855,-0.5767344287272242,0
-0.1710197863718562,-1.1367864376227783,-0.695981771888179,0.4894940391993791,-0.9115834940401768,0.646091668153197,-1.0306701134001208,1.2752300245194133,-1.43244469563043,0.0154258127178306,-1.002803930999114,1.7279038324066065,-0.5738091541336192,-0.9124191495230388,0.9124191495230392,-0.5784279906300535,-0.5776581893550843,1.7343632929879855,-0.5767344287272242,0
0.7498432519064918,0.7702853764032556,1.7244635794717436,0.2238043220645237,0.8077365626180215,-1.5477679860172513,-1.0306701134001208,0.0571936428238842,1.412812421522078,-1.6046629860212898,-1.002803930999114,1.7279038324066065,-0.5738091541336192,1.0959875190286648,-1.0959875190286648,-0.5784279906300535,1.731127539482183,-0.5765804684883443,-0.5767344287272242,1
1.1016336260802426,-0.7553720748175714,1.03290776479748,1.1635682725799004,0.8077365626180215,0.646091668153197,0.9702425509371356,1.6865091061937456,-0.721130416342303,-1.0203686651645578,-1.002803930999114,1.7279038324066065,-0.5738091541336192,-0.9124191495230388,0.9124191495230392,-0.5784279906300535,-0.5776581893550843,-0.5765804684883443,1.733900301750437,0
0.8533110090164185,0.5795781950006521,-1.0417596792253108,0.6002708510796471,0.8077365626180215,0.646091668153197,-1.0306701134001208,-1.68449910745644,-1.43244469563043,1.7196175818832988,-1.002803930999114,1.7279038324066065,-0.5738091541336192,-0.9124191495230388,0.9124191495230392,-0.5784279906300535,-0.5776581893550843,1.7343632929879855,-0.5767344287272242,0
-0.6987053476324826,-1.23214002832408,1.7244635794717436,-0.0585042247560431,0.8077365626180215,0.646091668153197,-1.0306701134001208,-0.0573504874722257,-0.009816137054176,-0.5378832032449837,-1.002803930999114,1.7279038324066065,-0.5738091541336192,1.0959875190286648,-1.0959875190286648,1.7288236672481017,-0.5776581893550843,-0.5765804684883443,-0.5767344287272242,0
0.6670690462185503,-0.1832505306097613,1.378685672134612,1.4226724506974169,-0.9115834940401768,0.646091668153197,-1.0306701134001208,-0.2574257219537769,-0.721130416342303,0.0242787569732356,0.9972039090469852,-0.5787359118286177,-0.5738091541336192,-0.9124191495230388,0.9124191495230392,-0.5784279906300535,-0.5776581893550843,1.7343632929879855,-0.5767344287272242,0
1.0498997475252794,1.3424069206110656,1.03290776479748,0.604979936195428,-0.9115834940401768,0.646091668153197,0.9702425509371356,-0.8434221799603356,0.7014981422339509,-1.1487363568679307,0.9972039090469852,-0.5787359118286177,-0.5738091541336192,1.0959875190286648,-1.0959875190286648,-0.5784279906300535,-0.5776581893550843,1.7343632929879855,-0.5767344287272242,0
0.170423812090902,0.2935174228967471,0.6871298574603482,-1.2258476714090278,-0.9115834940401768,-1.5477679860172513,0.9702425509371356,0.1436105427084258,-0.009816137054176,1.5956763623076284,0.9972039090469852,-0.5787359118286177,-0.5738091541336192,-0.9124191495230388,0.9124191495230392,1.7288236672481017,-0.5776581893550843,-0.5765804684883443,-0.5767344287272242,1
-0.0882455806839148,2.200589236922781,0.6871298574603482,-1.2258476714090278,0.8077365626180215,0.646091668153197,0.9702425509371356,-0.6776404894525409,-0.009816137054176,0.5421759959144299,0.9972039090469852,-0.5787359118286177,-0.5738091541336192,-0.9124191495230388,0.9124191495230392,-0.5784279906300535,-0.5776581893550843,-0.5765804684883443,1.733900301750437,0
0.2945851206228141,0.5795781950006521,-0.695981771888179,1.126262612445808,-0.9115834940401768,0.646091668153197,-1.0306701134001208,-0.8976784707052708,0.7014981422339509,1.179587982303592,0.9972039090469852,-0.5787359118286177,-0.5738091541336192,-0.9124191495230388,0.9124191495230392,-0.5784279906300535,-0.5776581893550843,1.7343632929879855,-0.5767344287272242,0
2.001803112936605,0.1981638321954454,1.7244635794717436,-0.0026644954313186,-0.9115834940401768,0.646091668153197,0.9702425509371356,0.7144260552648799,-0.009816137054176,-1.5515453204888596,0.9972039090469852,-0.5787359118286177,-0.5738091541336192,1.0959875190286648,-1.0959875190286648,-0.5784279906300535,-0.5776581893550843,1.7343632929879855,-0.5767344287272242,1
-0.336568197747739,-0.0878969399084596,-0.0044259572139154,0.801164730205721,-0.9115834940401768,0.646091668153197,-1.0306701134001208,-0.1411595589116544,-1.43244469563043,0.3961024157002469,-1.002803930999114,-0.5787359118286177,1.7427397119690018,-0.9124191495230388,0.9124191495230392,-0.5784279906300535,-0.5776581893550843,-0.5765804684883443,1.733900301750437,0
-0.5538504876785851,-0.5646648934149681,1.378685672134612,-1.2258476714090278,0.8077365626180215,0.646091668153197,-1.0306701134001208,-0.8818904752383705,-0.721130416342303,-1.3700599632530566,0.9972039090469852,-0.5787359118286177,-0.5738091541336192,-0.9124191495230388,0.9124191495230392,-0.5784279906300535,-0.5776581893550843,1.7343632929879855,-0.5767344287272242,0
-1.6402619373328158,0.5795781950006521,1.378685672134612,1.5034894675037218,0.8077365626180215,-1.5477679860172513,-1.0306701134001208,1.124226202423931,-1.43244469563043,-0.0553977413254095,-1.002803930999114,1.7279038324066065,-0.5738091541336192,-0.9124191495230388,0.9124191495230392,-0.5784279906300535,1.731127539482183,-0.5765804684883443,-0.5767344287272242,0
-0.6262779176555339,-1.518200800427985,0.6871298574603482,-1.2258476714090278,0.8077365626180215,0.646091668153197,-1.0306701134001208,1.6815104640330998,-1.43244469563043,-0.6087067572882239,-1.002803930999114,-0.5787359118286177,1.7427397119690018,1.0959875190286648,-1.0959875190286648,-0.5784279906300535,-0.5776581893550843,-0.5765804684883443,1.733900301750437,0
-1.0711892732282189,0.2935174228967471,-1.3875375865624426,1.0612752504865344,-0.9115834940401768,0.646091668153197,-1.0306701134001208,-0.2414071483366985,1.412812421522078,0.551028940169835,-1.002803930999114,1.7279038324066065,-0.5738091541336192,1.0959875190286648,-1.0959875190286648,-0.5784279906300535,-0.5776581893550843,1.7343632929879855,-0.5767344287272242,1
-1.795463572997706,1.7238212834162725,1.378685672134612,0.6016216158116531,0.8077365626180215,0.646091668153197,0.9702425509371356,-0.5029432843612051,-0.009816137054176,-0.3696772623922881,0.9972039090469852,-0.5787359118286177,-0.5738091541336192,1.0959875190286648,-1.0959875190286648,-0.5784279906300535,1.731127539482183,-0.5765804684883443,-0.5767344287272242,1
1.0188594203923014,2.009882055520177,0.3413519501232164,-1.2258476714090278,-0.9115834940401768,0.646091668153197,-1.0306701134001208,-1.4278379777971222,1.412812421522078,0.4934848025097023,0.9972039090469852,-0.5787359118286177,-0.5738091541336192,1.0959875190286648,-1.0959875190286648,-0.5784279906300535,-0.5776581893550843,-0.5765804684883443,1.733900301750437,1
-0.84356020758638,-0.8507256655188732,0.3413519501232164,0.4831147690726541,-0.9115834940401768,-1.5477679860172513,0.9702425509371356,-0.9733555759357456,0.7014981422339509,0.1659258650597161,-1.002803930999114,1.7279038324066065,-0.5738091541336192,-0.9124191495230388,0.9124191495230392,-0.5784279906300535,1.731127539482183,-0.5765804684883443,-0.5767344287272242,0
0.8222706818834405,-0.3739577120123647,-1.7333154938995745,1.265895752957246,-0.9115834940401768,0.646091668153197,0.9702425509371356,-0.8063620459644587,0.7014981422339509,-0.4714861213294459,0.9972039090469852,-0.5787359118286177,-0.5738091541336192,1.0959875190286648,-1.0959875190286648,-0.5784279906300535,1.731127539482183,-0.5765804684883443,-0.5767344287272242,0
-0.0675520292619294,-0.1832505306097613,1.03290776479748,-1.2258476714090278,0.8077365626180215,0.646091668153197,-1.0306701134001208,-1.3758413877019326,-0.009816137054176,1.3433674510285851,0.9972039090469852,-0.5787359118286177,-0.5738091541336192,1.0959875190286648,-1.0959875190286648,-0.5784279906300535,1.731127539482183,-0.5765804684883443,-0.5767344287272242,0
-1.1022296003611969,-1.518200800427985,-1.3875375865624426,0.3203067497384092,-0.9115834940401768,0.646091668153197,-1.0306701134001208,-1.1222734134991503,0.7014981422339509,-0.5290302589895787,0.9972039090469852,-0.5787359118286177,-0.5738091541336192,-0.9124191495230388,0.9124191495230392,1.7288236672481017,-0.5776581893550843,-0.5765804684883443,-0.5767344287272242,0
-0.1399794592388781,-0.5646648934149681,-1.0417596792253108,1.1098122276738769,-0.9115834940401768,-1.5477679860172513,0.9702425509371356,0.1587474939865881,0.7014981422339509,0.5067642188928098,0.9972039090469852,-0.5787359118286177,-0.5738091541336192,-0.9124191495230388,0.9124191495230392,-0.5784279906300535,-0.5776581893550843,-0.5765804684883443,1.733900301750437,0
1.153367504635206,1.3424069206110656,-1.3875375865624426,0.417257455646208,-0.9115834940401768,0.646091668153197,0.9702425509371356,1.2190586831199457,-0.721130416342303,1.1928673986866996,0.9972039090469852,-0.5787359118286177,-0.5738091541336192,-0.9124191495230388,0.9124191495230392,-0.5784279906300535,-0.5776581893550843,-0.5765804684883443,1.733900301750437,0
0.20146413922388,0.007456650792842,1.03290776479748,0.4077716510153925,-0.9115834940401768,-1.5477679860172513,-1.0306701134001208,-0.1892740545854839,1.412812421522078,-1.401045268146974,0.9972039090469852,-0.5787359118286177,-0.5738091541336192,1.0959875190286648,-1.0959875190286648,1.7288236672481017,-0.5776581893550843,-0.5765804684883443,-0.5767344287272242,0
-1.6506087130438083,2.9634179625331942,0.3413519501232164,1.1581193761206288,0.8077365626180215,0.646091668153197,0.9702425509371356,-1.430626304070202,-0.721130416342303,0.6041466057022651,-1.002803930999114,1.7279038324066065,-0.5738091541336192,-0.9124191495230388,0.9124191495230392,-0.5784279906300535,-0.5776581893550843,1.7343632929879855,-0.5767344287272242,0
1.4534240002539935,0.2935174228967471,1.7244635794717436,0.5957520077456518,0.8077365626180215,-1.5477679860172513,0.9702425509371356,0.6930636678219195,-1.43244469563043,0.121661143782691,-1.002803930999114,1.7279038324066065,-0.5738091541336192,1.0959875190286648,-1.0959875190286648,-0.5784279906300535,-0.5776581893550843,-0.5765804684883443,1.733900301750437,1
0.0669560549809753,3.440185916039703,0.6871298574603482,0.7979586673558099,-0.9115834940401768,-1.5477679860172513,0.9702425509371356,-0.1463569573510736,-1.43244469563043,-0.2324566264335101,-1.002803930999114,-0.5787359118286177,1.7427397119690018,-0.9124191495230388,0.9124191495230392,-0.5784279906300535,1.731127539482183,-0.5765804684883443,-0.5767344287272242,0
-0.9470279646963068,0.1028102414941437,-0.0044259572139154,1.0039950046203685,-0.9115834940401768,-1.5477679860172513,0.9702425509371356,-1.1729698280069485,0.7014981422339509,-0.0244124364314919,-1.002803930999114,-0.5787359118286177,1.7427397119690018,1.0959875190286648,-1.0959875190286648,1.7288236672481017,-0.5776581893550843,-0.5765804684883443,-0.5767344287272242,0
-1.505753853089911,-0.1832505306097613,0.3413519501232164,1.3363084515258146,0.8077365626180215,-1.5477679860172513,0.9702425509371356,0.4385093894956005,-1.43244469563043,-0.8211774194179446,-1.002803930999114,1.7279038324066065,-0.5738091541336192,1.0959875190286648,-1.0959875190286648,-0.5784279906300535,1.731127539482183,-0.5765804684883443,-0.5767344287272242,0
1.4637707759649865,1.914528464818876,1.378685672134612,0.4026631703476231,-0.9115834940401768,-1.5477679860172513,-1.0306701134001208,1.0674925007396396,1.412812421522078,0.7634996022995557,-1.002803930999114,1.7279038324066065,-0.5738091541336192,1.0959875190286648,-1.0959875190286648,1.7288236672481017,-0.5776581893550843,-0.5765804684883443,-0.5767344287272242,1
2.063883767202561,-0.6600184841162697,1.378685672134612,-1.2258476714090278,0.8077365626180215,0.646091668153197,0.9702425509371356,-1.4113838097108162,0.7014981422339509,0.7015289925117204,-1.002803930999114,-0.5787359118286177,1.7427397119690018,1.0959875190286648,-1.0959875190286648,1.7288236672481017,-0.5776581893550843,-0.5765804684883443,-0.5767344287272242,0
1.1119804017912354,-0.3739577120123647,-0.0044259572139154,-1.2258476714090278,0.8077365626180215,0.646091668153197,-1.0306701134001208,-0.0883472507904583,1.412812421522078,1.3920586444333127,-1.002803930999114,-0.5787359118286177,1.7427397119690018,-0.9124191495230388,0.9124191495230392,-0.5784279906300535,-0.5776581893550843,-0.5765804684883443,1.733900301750437,0
0.967125541837338,0.7702853764032556,1.378685672134612,-1.2258476714090278,0.8077365626180215,0.646091668153197,-1.0306701134001208,0.2273251918736868,-0.721130416342303,0.6041466057022651,0.9972039090469852,-0.5787359118286177,-0.5738091541336192,-0.9124191495230388,0.9124191495230392,-0.5784279906300535,-0.5776581893550843,1.7343632929879855,-0.5767344287272242,0
0.2325044663568581,0.1028102414941437,-1.3875375865624426,0.7235170741701117,-0.9115834940401768,0.646091668153197,0.9702425509371356,-1.6838054602158217,-0.009816137054176,-1.2992364092098163,-1.002803930999114,-0.5787359118286177,1.7427397119690018,-0.9124191495230388,0.9124191495230392,1.7288236672481017,-0.5776581893550843,-0.5765804684883443,-0.5767344287272242,0
-0.3262214220367463,1.7238212834162725,-0.695981771888179,0.9850341335216524,-0.9115834940401768,0.646091668153197,0.9702425509371356,-0.4803233243827338,1.412812421522078,-1.0602069143138804,-1.002803930999114,1.7279038324066065,-0.5738091541336192,-0.9124191495230388,0.9124191495230392,-0.5784279906300535,-0.5776581893550843,1.7343632929879855,-0.5767344287272242,1
0.2428512420678507,0.4842246042993504,-0.695981771888179,0.1989977232919596,-0.9115834940401768,0.646091668153197,-1.0306701134001208,-0.4583552780430389,-0.009816137054176,0.5421759959144299,-1.002803930999114,1.7279038324066065,-0.5738091541336192,-0.9124191495230388,0.9124191495230392,-0.5784279906300535,-0.5776581893550843,-0.5765804684883443,1.733900301750437,0
0.2738915692008288,-0.278604121311063,1.7244635794717436,-0.1230729586327348,-0.9115834940401768,0.646091668153197,-1.0306701134001208,-1.1653238843694476,-0.009816137054176,0.732514297405638,-1.002803930999114,1.7279038324066065,-0.5738091541336192,1.0959875190286648,-1.0959875190286648,-0.5784279906300535,1.731127539482183,-0.5765804684883443,-0.5767344287272242,0
0.0462625035589899,-1.1367864376227783,1.7244635794717436,-1.2258476714090278,0.8077365626180215,0.646091668153197,-1.0306701134001208,-0.842832692834315,0.7014981422339509,1.4097645329441229,0.9972039090469852,-0.5787359118286177,-0.5738091541336192,-0.9124191495230388,0.9124191495230392,-0.5784279906300535,-0.5776581893550843,-0.5765804684883443,1.733900301750437,0
0.0669560549809753,-1.613554391129287,0.3413519501232164,-1.2258476714090278,2.52705661927622,-1.5477679860172513,0.9702425509371356,1.1880483563811142,1.412812421522078,1.626661667201546,-1.002803930999114,-0.5787359118286177,1.7427397119690018,1.0959875190286648,-1.0959875190286648,1.7288236672481017,-0.5776581893550843,-0.5765804684883443,-0.5767344287272242,1
-2.4576572185012373,0.007456650792842,-1.3875375865624426,0.8732190855315201,0.8077365626180215,0.646091668153197,0.9702425509371356,1.022500200153628,-1.43244469563043,0.9759702644292764,-1.002803930999114,1.7279038324066065,-0.5738091541336192,-0.9124191495230388,0.9124191495230392,-0.5784279906300535,-0.5776581893550843,1.7343632929879855,-0.5767344287272242,0
0.1497302606689167,0.4842246042993504,0.6871298574603482,-1.2258476714090278,0.8077365626180215,0.646091668153197,0.9702425509371356,-0.5832559494162985,-0.009816137054176,-0.1173683511132447,0.9972039090469852,-0.5787359118286177,-0.5738091541336192,1.0959875190286648,-1.0959875190286648,-0.5784279906300535,1.731127539482183,-0.5765804684883443,-0.5767344287272242,0
-1.0815360489392114,1.247053329909764,-1.3875375865624426,0.474226134516762,-0.9115834940401768,0.646091668153197,0.9702425509371356,-1.3309852429919309,-0.009816137054176,-0.1217948232409472,-1.002803930999114,1.7279038324066065,-0.5738091541336192,1.0959875190286648,-1.0959875190286648,-0.5784279906300535,-0.5776581893550843,1.7343632929879855,-0.5767344287272242,1
0.6877625976405357,0.1028102414941437,-1.7333154938995745,0.3486721680261839,-0.9115834940401768,0.646091668153197,-1.0306701134001208,0.1877473044566732,-0.009816137054176,0.9317055431522512,0.9972039090469852,-0.5787359118286177,-0.5738091541336192,-0.9124191495230388,0.9124191495230392,-0.5784279906300535,1.731127539482183,-0.5765804684883443,-0.5767344287272242,0
-0.8021731047424093,0.1981638321954454,-0.0044259572139154,-1.2258476714090278,0.8077365626180215,-1.5477679860172513,0.9702425509371356,-1.488688873193151,-0.009816137054176,-0.4360743443078258,-1.002803930999114,-0.5787359118286177,1.7427397119690018,-0.9124191495230388,0.9124191495230392,-0.5784279906300535,1.731127539482183,-0.5765804684883443,-0.5767344287272242,0
-0.3158746463257536,-0.278604121311063,0.6871298574603482,1.4877457179600078,-0.9115834940401768,0.646091668153197,-1.0306701134001208,-0.9507636122485102,-0.009816137054176,-0.1217948232409472,-1.002803930999114,-0.5787359118286177,1.7427397119690018,-0.9124191495230388,0.9124191495230392,1.7288236672481017,-0.5776581893550843,-0.5765804684883443,-0.5767344287272242,0
0.0255689521370046,-1.1367864376227783,0.3413519501232164,0.5011002303281109,0.8077365626180215,0.646091668153197,0.9702425509371356,-1.1598606081082925,-0.009816137054176,-0.1926183772841875,-1.002803930999114,-0.5787359118286177,1.7427397119690018,1.0959875190286648,-1.0959875190286648,-0.5784279906300535,1.731127539482183,-0.5765804684883443,-0.5767344287272242,0
0.20146413922388,1.4377605113123673,-1.0417596792253108,0.304855334659714,-0.9115834940401768,0.646091668153197,0.9702425509371356,-0.6412529620063535,-0.721130416342303,0.1393670322935011,0.9972039090469852,-0.5787359118286177,-0.5738091541336192,1.0959875190286648,-1.0959875190286648,-0.5784279906300535,-0.5776581893550843,-0.5765804684883443,1.733900301750437,0
-2.281762031414362,2.009882055520177,0.6871298574603482,-0.0408510054665861,-0.9115834940401768,0.646091668153197,-1.0306701134001208,1.075464140361517,0.7014981422339509,-0.1262212953686498,0.9972039090469852,-0.5787359118286177,-0.5738091541336192,1.0959875190286648,-1.0959875190286648,-0.5784279906300535,-0.5776581893550843,1.7343632929879855,-0.5767344287272242,1
-0.4503827305686584,-0.278604121311063,1.7244635794717436,0.4842919602160552,0.8077365626180215,-1.5477679860172513,-1.0306701134001208,1.7080076495127163,-1.43244469563043,-0.3873831509030981,-1.002803930999114,1.7279038324066065,-0.5738091541336192,-0.9124191495230388,0.9124191495230392,-0.5784279906300535,-0.5776581893550843,-0.5765804684883443,1.733900301750437,0
0.9878190932593232,-0.1832505306097613,-1.0417596792253108,-1.2258476714090278,0.8077365626180215,0.646091668153197,-1.0306701134001208,0.749532187244505,0.7014981422339509,-0.8477362521841597,0.9972039090469852,-0.5787359118286177,-0.5738091541336192,-0.9124191495230388,0.9124191495230392,1.7288236672481017,-0.5776581893550843,-0.5765804684883443,-0.5767344287272242,0
-0.905640861852336,-1.422847209726683,0.6871298574603482,-1.2258476714090278,0.8077365626180215,-1.5477679860172513,-1.0306701134001208,-1.4566884167506138,1.412812421522078,0.7192348810225305,-1.002803930999114,-0.5787359118286177,1.7427397119690018,-0.9124191495230388,0.9124191495230392,-0.5784279906300535,-0.5776581893550843,-0.5765804684883443,1.733900301750437,0
0.3773593263107555,-0.3739577120123647,-1.3875375865624426,0.5491890895526282,0.8077365626180215,0.646091668153197,0.9702425509371356,-0.907167126754111,1.412812421522078,-0.343118429626073,0.9972039090469852,-0.5787359118286177,-0.5738091541336192,1.0959875190286648,-1.0959875190286648,-0.5784279906300535,1.731127539482183,-0.5765804684883443,-0.5767344287272242,0
-0.5641972633895778,-0.5646648934149681,-1.0417596792253108,1.0091594198979472,-0.9115834940401768,-1.5477679860172513,-1.0306701134001208,-0.6424908849709968,0.7014981422339509,0.1482199765489061,0.9972039090469852,-0.5787359118286177,-0.5738091541336192,-0.9124191495230388,0.9124191495230392,-0.5784279906300535,-0.5776581893550843,1.7343632929879855,-0.5767344287272242,0
-2.271415255703369,2.2959428276240823,0.3413519501232164,1.354242626033023,-0.9115834940401768,0.646091668153197,0.9702425509371356,1.1810249389710925,-0.721130416342303,1.4009115886887178,0.9972039090469852,-0.5787359118286177,-0.5738091541336192,-0.9124191495230388,0.9124191495230392,1.7288236672481017,-0.5776581893550843,-0.5765804684883443,-0.5767344287272242,0
-0.99876184325127,-0.3739577120123647,1.7244635794717436,-0.0239973786365477,0.8077365626180215,-1.5477679860172513,0.9702425509371356,1.5661384434104462,-1.43244469563043,-1.1797216617618482,0.9972039090469852,-0.5787359118286177,-0.5738091541336192,1.0959875190286648,-1.0959875190286648,-0.5784279906300535,-0.5776581893550843,1.7343632929879855,-0.5767344287272242,0
-0.7193988990544679,-1.23214002832408,-0.695981771888179,0.4585926514817831,-0.9115834940401768,0.646091668153197,0.9702425509371356,1.4681491635150865,1.412812421522078,1.197293870814402,-1.002803930999114,1.7279038324066065,-0.5738091541336192,1.0959875190286648,-1.0959875190286648,1.7288236672481017,-0.5776581893550843,-0.5765804684883443,-0.5767344287272242,1
-0.460729506279651,-1.1367864376227783,0.3413519501232164,1.5357887396532772,-0.9115834940401768,-1.5477679860172513,0.9702425509371356,0.197516097307879,0.7014981422339509,-1.65778065155372,-1.002803930999114,1.7279038324066065,-0.5738091541336192,1.0959875190286648,-1.0959875190286648,1.7288236672481017,-0.5776581893550843,-0.5765804684883443,-0.5767344287272242,0
-0.2641407677707902,1.533114102013669,1.03290776479748,0.677735477532443,4.246376675934418,-1.5477679860172513,-1.0306701134001208,0.6218894443402074,-1.43244469563043,-0.3298390132429655,-1.002803930999114,1.7279038324066065,-0.5738091541336192,1.0959875190286648,-1.0959875190286648,-0.5784279906300535,-0.5776581893550843,1.7343632929879855,-0.5767344287272242,1
0.8326174575944332,-0.7553720748175714,-1.3875375865624426,0.897940740627297,-0.9115834940401768,0.646091668153197,0.9702425509371356,1.4846139388918609,-0.009816137054176,1.5646910574137107,0.9972039090469852,-0.5787359118286177,-0.5738091541336192,-0.9124191495230388,0.9124191495230392,-0.5784279906300535,-0.5776581893550843,-0.5765804684883443,1.733900301750437,0
1.2361417103231471,0.6749317857019538,1.378685672134612,1.8301697061983764,-0.9115834940401768,0.646091668153197,0.9702425509371356,-1.4844099617742748,1.412812421522078,-1.1841481338895508,-1.002803930999114,-0.5787359118286177,1.7427397119690018,-0.9124191495230388,0.9124191495230392,-0.5784279906300535,-0.5776581893550843,1.7343632929879855,-0.5767344287272242,0
0.4911738591316749,1.1516997392084622,0.3413519501232164,1.0858690092538656,4.246376675934418,0.646091668153197,-1.0306701134001208,0.992101096791776,0.7014981422339509,1.3654998116670978,0.9972039090469852,-0.5787359118286177,-0.5738091541336192,1.0959875190286648,-1.0959875190286648,-0.5784279906300535,1.731127539482183,-0.5765804684883443,-0.5767344287272242,1
1.0188594203923014,0.6749317857019538,1.378685672134612,-0.1587177294790033,-0.9115834940401768,0.646091668153197,-1.0306701134001208,-0.3710311939884534,-1.43244469563043,1.600102834435331,-1.002803930999114,-0.5787359118286177,1.7427397119690018,1.0959875190286648,-1.0959875190286648,-0.5784279906300535,-0.5776581893550843,1.7343632929879855,-0.5767344287272242,1
-0.7607860018984386,-0.7553720748175714,0.3413519501232164,-1.2258476714090278,-0.9115834940401768,0.646091668153197,0.9702425509371356,1.6746478948801782,0.7014981422339509,-0.6573979506929516,-1.002803930999114,-0.5787359118286177,1.7427397119690018,-0.9124191495230388,0.9124191495230392,-0.5784279906300535,1.731127539482183,-0.5765804684883443,-0.5767344287272242,0
0.7601900276174844,-0.4693113027136664,-1.0417596792253108,1.250112095912551,0.8077365626180215,-1.5477679860172513,-1.0306701134001208,-0.3743782288561953,-1.43244469563043,-0.3918096230308007,0.9972039090469852,-0.5787359118286177,-0.5738091541336192,-0.9124191495230388,0.9124191495230392,1.7288236672481017,-0.5776581893550843,-0.5765804684883443,-0.5767344287272242,0
-0.1710197863718562,-0.278604121311063,-1.0417596792253108,0.152422624496227,-0.9115834940401768,0.646091668153197,-1.0306701134001208,-1.464198378402112,0.7014981422339509,-0.2413095706889152,-1.002803930999114,-0.5787359118286177,1.7427397119690018,-0.9124191495230388,0.9124191495230392,-0.5784279906300535,-0.5776581893550843,-0.5765804684883443,1.733900301750437,0
1.660359514473847,0.1028102414941437,-1.3875375865624426,0.4011425182620424,-0.9115834940401768,0.646091668153197,0.9702425509371356,0.376902420346198,-0.009816137054176,0.6307054384684803,0.9972039090469852,-0.5787359118286177,-0.5738091541336192,-0.9124191495230388,0.9124191495230392,-0.5784279906300535,-0.5776581893550843,-0.5765804684883443,1.733900301750437,0
-0.4503827305686584,-1.23214002832408,-1.3875375865624426,-1.2258476714090278,-0.9115834940401768,0.646091668153197,-1.0306701134001208,-1.2219605554294557,-0.721130416342303,-0.2811478198382378,0.9972039090469852,-0.5787359118286177,-0.5738091541336192,-0.9124191495230388,0.9124191495230392,-0.5784279906300535,1.731127539482183,-0.5765804684883443,-0.5767344287272242,0
2.063883767202561,-0.7553720748175714,-1.3875375865624426,0.5182607762922017,-0.9115834940401768,0.646091668153197,0.9702425509371356,0.55789253092531,-0.721130416342303,0.6218524942130752,-1.002803930999114,1.7279038324066065,-0.5738091541336192,1.0959875190286648,-1.0959875190286648,1.7288236672481017,-0.5776581893550843,-0.5765804684883443,-0.5767344287272242,0
-0.2020601135048342,-0.0878969399084596,0.6871298574603482,-1.2258476714090278,0.8077365626180215,0.646091668153197,-1.0306701134001208,1.4174750069282709,-0.009816137054176,-1.401045268146974,-1.002803930999114,-0.5787359118286177,1.7427397119690018,-0.9124191495230388,0.9124191495230392,1.7288236672481017,-0.5776581893550843,-0.5765804684883443,-0.5767344287272242,0
0.0566092792699826,0.007456650792842,1.7244635794717436,-1.2258476714090278,0.8077365626180215,0.646091668153197,0.9702425509371356,-0.0207902872484162,-1.43244469563043,-1.538265904105752,0.9972039090469852,-0.5787359118286177,-0.5738091541336192,-0.9124191495230388,0.9124191495230392,-0.5784279906300535,-0.5776581893550843,-0.5765804684883443,1.733900301750437,0
0.0669560549809753,0.1028102414941437,1.7244635794717436,-1.2258476714090278,0.8077365626180215,0.646091668153197,0.9702425509371356,-0.8190139351429276,-0.009816137054176,0.5200436352759173,-1.002803930999114,-0.5787359118286177,1.7427397119690018,-0.9124191495230388,0.9124191495230392,-0.5784279906300535,1.731127539482183,-0.5765804684883443,-0.5767344287272242,0
0.0979963821139533,-0.9460792562201747,0.3413519501232164,1.6673706620450754,-0.9115834940401768,0.646091668153197,0.9702425509371356,0.4131685725670277,-0.721130416342303,1.6886322769893811,-1.002803930999114,1.7279038324066065,-0.5738091541336192,1.0959875190286648,-1.0959875190286648,-0.5784279906300535,-0.5776581893550843,-0.5765804684883443,1.733900301750437,0
-0.1917133377938415,-0.1832505306097613,-1.3875375865624426,0.9892122405219684,-0.9115834940401768,0.646091668153197,-1.0306701134001208,-0.6835986566755412,-0.009816137054176,-1.347927602614544,-1.002803930999114,-0.5787359118286177,1.7427397119690018,-0.9124191495230388,0.9124191495230392,1.7288236672481017,-0.5776581893550843,-0.5765804684883443,-0.5767344287272242,1
0.6567222705075577,0.9609925578058588,-0.0044259572139154,1.0261356541105182,-0.9115834940401768,0.646091668153197,-1.0306701134001208,0.7272897424726981,-1.43244469563043,-0.6706773670760591,-1.002803930999114,1.7279038324066065,-0.5738091541336192,1.0959875190286648,-1.0959875190286648,1.7288236672481017,-0.5776581893550843,-0.5765804684883443,-0.5767344287272242,0
0.7601900276174844,-0.8507256655188732,1.7244635794717436,-1.2258476714090278,0.8077365626180215,0.646091668153197,0.9702425509371356,-0.7968455675143903,-1.43244469563043,-1.2903834649544113,0.9972039090469852,-0.5787359118286177,-0.5738091541336192,-0.9124191495230388,0.9124191495230392,1.7288236672481017,-0.5776581893550843,-0.5765804684883443,-0.5767344287272242,0
-0.1503262349498708,-1.80426157253189,1.7244635794717436,0.7657908174986421,-0.9115834940401768,-1.5477679860172513,-1.0306701134001208,0.0082870781650921,1.412812421522078,-0.0022800757929793,0.9972039090469852,-0.5787359118286177,-0.5738091541336192,1.0959875190286648,-1.0959875190286648,1.7288236672481017,-0.5776581893550843,-0.5765804684883443,-0.5767344287272242,0
-0.336568197747739,0.1028102414941437,1.03290776479748,-1.2258476714090278,0.8077365626180215,0.646091668153197,-1.0306701134001208,-0.3457952327345088,-0.009816137054176,1.2858233133684525,-1.002803930999114,-0.5787359118286177,1.7427397119690018,1.0959875190286648,-1.0959875190286648,1.7288236672481017,-0.5776581893550843,-0.5765804684883443,-0.5767344287272242,0
-0.6780117962104972,1.0563461485071606,-1.0417596792253108,0.7910944169159561,-0.9115834940401768,0.646091668153197,-1.0306701134001208,-1.576329089281691,-1.43244469563043,0.7103819367671255,-1.002803930999114,1.7279038324066065,-0.5738091541336192,-0.9124191495230388,0.9124191495230392,-0.5784279906300535,-0.5776581893550843,1.7343632929879855,-0.5767344287272242,1
-0.1813665620828488,-0.6600184841162697,-0.0044259572139154,1.3920222077751525,0.8077365626180215,0.646091668153197,0.9702425509371356,-0.4464632881981129,-0.721130416342303,-0.351971373881478,-1.002803930999114,-0.5787359118286177,1.7427397119690018,-0.9124191495230388,0.9124191495230392,-0.5784279906300535,-0.5776581893550843,1.7343632929879855,-0.5767344287272242,0
1.5775853087859055,1.0563461485071606,1.03290776479748,0.3475820040837178,-0.9115834940401768,-1.5477679860172513,-1.0306701134001208,-1.349960120629504,1.412812421522078,0.1570729208043111,-1.002803930999114,1.7279038324066065,-0.5738091541336192,1.0959875190286648,-1.0959875190286648,-0.5784279906300535,-0.5776581893550843,1.7343632929879855,-0.5767344287272242,1
0.7084561490625211,2.868064371831893,-0.695981771888179,-1.2258476714090278,0.8077365626180215,0.646091668153197,0.9702425509371356,-0.726341690012268,0.7014981422339509,-0.5201773147341736,0.9972039090469852,-0.5787359118286177,-0.5738091541336192,-0.9124191495230388,0.9124191495230392,-0.5784279906300535,-0.5776581893550843,-0.5765804684883443,1.733900301750437,0
0.2221576906458654,0.3888710135980487,-0.0044259572139154,-1.2258476714090278,0.8077365626180215,0.646091668153197,0.9702425509371356,-0.6186091790968308,1.412812421522078,0.7856319629380683,-1.002803930999114,-0.5787359118286177,1.7427397119690018,-0.9124191495230388,0.9124191495230392,-0.5784279906300535,1.731127539482183,-0.5765804684883443,-0.5767344287272242,0
0.3359722234667848,0.2935174228967471,-0.3502038645510472,1.1507151723843665,-0.9115834940401768,0.646091668153197,0.9702425509371356,-0.9633090807422816,0.7014981422339509,-1.4984276549564297,0.9972039090469852,-0.5787359118286177,-0.5738091541336192,1.0959875190286648,-1.0959875190286648,-0.5784279906300535,-0.5776581893550843,-0.5765804684883443,1.733900301750437,1
1.9397224586706487,0.1981638321954454,-0.0044259572139154,-1.2258476714090278,0.8077365626180215,0.646091668153197,-1.0306701134001208,-0.3265085703131735,-1.43244469563043,1.153029149537377,-1.002803930999114,-0.5787359118286177,1.7427397119690018,1.0959875190286648,-1.0959875190286648,-0.5784279906300535,-0.5776581893550843,-0.5765804684883443,1.733900301750437,0
0.1290367092469313,-0.1832505306097613,0.6871298574603482,-1.2258476714090278,-0.9115834940401768,0.646091668153197,0.9702425509371356,1.4801585291151935,1.412812421522078,1.2327056478360223,0.9972039090469852,-0.5787359118286177,-0.5738091541336192,1.0959875190286648,-1.0959875190286648,-0.5784279906300535,-0.5776581893550843,1.7343632929879855,-0.5767344287272242,0
0.7601900276174844,-0.278604121311063,0.3413519501232164,0.2905589933142376,0.8077365626180215,0.646091668153197,0.9702425509371356,-1.5556726952698938,-0.009816137054176,0.0021463963347231,-1.002803930999114,1.7279038324066065,-0.5738091541336192,-0.9124191495230388,0.9124191495230392,-0.5784279906300535,1.731127539482183,-0.5765804684883443,-0.5767344287272242,0
-0.99876184325127,-0.8507256655188732,0.3413519501232164,0.943743973861883,-0.9115834940401768,0.646091668153197,0.9702425509371356,1.3841437702569914,0.7014981422339509,0.2544553076137664,-1.002803930999114,-0.5787359118286177,1.7427397119690018,-0.9124191495230388,0.9124191495230392,-0.5784279906300535,-0.5776581893550843,1.7343632929879855,-0.5767344287272242,1
0.9878190932593232,1.8191748741175744,-0.695981771888179,-1.2258476714090278,2.52705661927622,0.646091668153197,0.9702425509371356,-0.3433506870066037,-0.009816137054176,-0.5246037868618761,0.9972039090469852,-0.5787359118286177,-0.5738091541336192,-0.9124191495230388,0.9124191495230392,-0.5784279906300535,-0.5776581893550843,-0.5765804684883443,1.733900301750437,1
-1.1436167032051676,-0.1832505306097613,-1.7333154938995745,0.7106389716848063,-0.9115834940401768,0.646091668153197,-1.0306701134001208,-1.2490927872171036,-0.721130416342303,-0.2944272362213453,-1.002803930999114,-0.5787359118286177,1.7427397119690018,-0.9124191495230388,0.9124191495230392,-0.5784279906300535,1.731127539482183,-0.5765804684883443,-0.5767344287272242,0
0.3773593263107555,-0.3739577120123647,1.378685672134612,-1.2258476714090278,0.8077365626180215,-1.5477679860172513,0.9702425509371356,-0.4687452060016623,1.412812421522078,1.29910272975156,0.9972039090469852,-0.5787359118286177,-0.5738091541336192,-0.9124191495230388,0.9124191495230392,-0.5784279906300535,-0.5776581893550843,1.7343632929879855,-0.5767344287272242,0
0.4601335319986969,0.2935174228967471,-1.7333154938995745,-1.2258476714090278,0.8077365626180215,-1.5477679860172513,0.9702425509371356,0.7065916148590591,-1.43244469563043,1.188440926558997,0.9972039090469852,-0.5787359118286177,-0.5738091541336192,1.0959875190286648,-1.0959875190286648,-0.5784279906300535,-0.5776581893550843,1.7343632929879855,-0.5767344287272242,0
-0.1399794592388781,-0.0878969399084596,-0.695981771888179,0.4464138117546342,-0.9115834940401768,-1.5477679860172513,-1.0306701134001208,0.3441738864415228,1.412812421522078,-1.0867657470800955,0.9972039090469852,-0.5787359118286177,-0.5738091541336192,1.0959875190286648,-1.0959875190286648,-0.5784279906300535,-0.5776581893550843,1.7343632929879855,-0.5767344287272242,0
0.2945851206228141,-0.6600184841162697,-1.7333154938995745,0.1899077882491905,-0.9115834940401768,-1.5477679860172513,-1.0306701134001208,1.0345511254655697,1.412812421522078,0.1526464486766086,-1.002803930999114,1.7279038324066065,-0.5738091541336192,1.0959875190286648,-1.0959875190286648,1.7288236672481017,-0.5776581893550843,-0.5765804684883443,-0.5767344287272242,0
1.0705932989472646,0.007456650792842,0.3413519501232164,1.5017256841772233,0.8077365626180215,0.646091668153197,-1.0306701134001208,-0.1825319912078815,-0.721130416342303,-1.0026627766537477,-1.002803930999114,-0.5787359118286177,1.7427397119690018,-0.9124191495230388,0.9124191495230392,1.7288236672481017,-0.5776581893550843,-0.5765804684883443,-0.5767344287272242,0
0.7291497004845064,0.3888710135980487,-0.695981771888179,0.1973329874980169,-0.9115834940401768,-1.5477679860172513,-1.0306701134001208,-0.947345978037652,-0.721130416342303,-0.0642506855808146,-1.002803930999114,-0.5787359118286177,1.7427397119690018,-0.9124191495230388,0.9124191495230392,-0.5784279906300535,1.731127539482183,-0.5765804684883443,-0.5767344287272242,0
-1.8678910029746547,-0.8507256655188732,-0.3502038645510472,0.7837115292344348,-0.9115834940401768,0.646091668153197,-1.0306701134001208,-0.5529060569266194,-1.43244469563043,-0.3121331247321554,-1.002803930999114,-0.5787359118286177,1.7427397119690018,-0.9124191495230388,0.9124191495230392,-0.5784279906300535,1.731127539482183,-0.5765804684883443,-0.5767344287272242,0
0.8843513361493965,-0.6600184841162697,0.6871298574603482,-1.2258476714090278,-0.9115834940401768,-1.5477679860172513,0.9702425509371356,-0.3653015182355389,-0.721130416342303,1.4097645329441229,-1.002803930999114,-0.5787359118286177,1.7427397119690018,-0.9124191495230388,0.9124191495230392,1.7288236672481017,-0.5776581893550843,-0.5765804684883443,-0.5767344287272242,0
-0.0054713749959734,-1.0414328469214764,-0.0044259572139154,0.7300109381249552,2.52705661927622,-1.5477679860172513,0.9702425509371356,0.8098612387274989,0.7014981422339509,-1.6223688745321,-1.002803930999114,1.7279038324066065,-0.5738091541336192,1.0959875190286648,-1.0959875190286648,1.7288236672481017,-0.5776581893550843,-0.5765804684883443,-0.5767344287272242,1
-1.0815360489392114,-0.9460792562201747,-0.0044259572139154,-1.2258476714090278,-0.9115834940401768,0.646091668153197,0.9702425509371356,-0.0915755187829579,0.7014981422339509,1.6797793327339765,0.9972039090469852,-0.5787359118286177,-0.5738091541336192,-0.9124191495230388,0.9124191495230392,-0.5784279906300535,1.731127539482183,-0.5765804684883443,-0.5767344287272242,0
0.0462625035589899,1.6284676927149706,-0.0044259572139154,-1.2258476714090278,0.8077365626180215,0.646091668153197,0.9702425509371356,-1.013909855745858,-0.721130416342303,1.6487940278400586,-1.002803930999114,-0.5787359118286177,1.7427397119690018,1.0959875190286648,-1.0959875190286648,-0.5784279906300535,-0.5776581893550843,1.7343632929879855,-0.5767344287272242,0
-0.3055278706147609,0.2935174228967471,1.03290776479748,-0.1250468573559655,-0.9115834940401768,0.646091668153197,0.9702425509371356,-0.4509407820057545,0.7014981422339509,0.1570729208043111,-1.002803930999114,-0.5787359118286177,1.7427397119690018,-0.9124191495230388,0.9124191495230392,-0.5784279906300535,-0.5776581893550843,-0.5765804684883443,1.733900301750437,0
0.9153916632823744,0.5795781950006521,0.6871298574603482,0.4201944233389004,-0.9115834940401768,-1.5477679860172513,0.9702425509371356,0.8296761789921533,-0.009816137054176,0.9759702644292764,-1.002803930999114,1.7279038324066065,-0.5738091541336192,-0.9124191495230388,0.9124191495230392,-0.5784279906300535,-0.5776581893550843,-0.5765804684883443,1.733900301750437,1
1.0809400746582574,0.3888710135980487,0.3413519501232164,1.4194025999543716,2.52705661927622,0.646091668153197,-1.0306701134001208,-1.4460837346325108,-0.721130416342303,-0.763633281757812,-1.002803930999114,1.7279038324066065,-0.5738091541336192,-0.9124191495230388,0.9124191495230392,-0.5784279906300535,-0.5776581893550843,-0.5765804684883443,1.733900301750437,1
1.184407831768184,-0.6600184841162697,1.378685672134612,1.6285090901859811,-0.9115834940401768,-1.5477679860172513,-1.0306701134001208,-0.9188814010111926,-0.009816137054176,0.2190435305921463,-1.002803930999114,-0.5787359118286177,1.7427397119690018,1.0959875190286648,-1.0959875190286648,-0.5784279906300535,1.731127539482183,-0.5765804684883443,-0.5767344287272242,0
0.0462625035589899,0.7702853764032556,1.7244635794717436,-1.2258476714090278,0.8077365626180215,0.646091668153197,-1.0306701134001208,1.1770332938448964,-0.721130416342303,1.693058749117084,0.9972039090469852,-0.5787359118286177,-0.5738091541336192,1.0959875190286648,-1.0959875190286648,-0.5784279906300535,-0.5776581893550843,-0.5765804684883443,1.733900301750437,0
1.029206196103294,-1.613554391129287,-0.0044259572139154,-1.2258476714090278,0.8077365626180215,-1.5477679860172513,0.9702425509371356,0.0875607504243232,1.412812421522078,1.5204263361366857,0.9972039090469852,-0.5787359118286177,-0.5738091541336192,-0.9124191495230388,0.9124191495230392,-0.5784279906300535,1.731127539482183,-0.5765804684883443,-0.5767344287272242,0
0.5118674105536603,0.6749317857019538,-0.0044259572139154,0.3107170894423897,-0.9115834940401768,0.646091668153197,-1.0306701134001208,-0.0315998117955612,1.412812421522078,-0.4316478721801233,0.9972039090469852,-0.5787359118286177,-0.5738091541336192,-0.9124191495230388,0.9124191495230392,1.7288236672481017,-0.5776581893550843,-0.5765804684883443,-0.5767344287272242,1
-1.2056973574711236,1.247053329909764,-1.3875375865624426,-1.2258476714090278,2.52705661927622,0.646091668153197,0.9702425509371356,0.0686025662274873,1.412812421522078,-1.4541629336794042,0.9972039090469852,-0.5787359118286177,-0.5738091541336192,-0.9124191495230388,0.9124191495230392,-0.5784279906300535,-0.5776581893550843,-0.5765804684883443,1.733900301750437,1
0.0255689521370046,-0.6600184841162697,-0.3502038645510472,0.1167905150659324,-0.9115834940401768,-1.5477679860172513,0.9702425509371356,-1.324513056906241,-0.721130416342303,-0.1749124887733774,0.9972039090469852,-0.5787359118286177,-0.5738091541336192,1.0959875190286648,-1.0959875190286648,-0.5784279906300535,-0.5776581893550843,-0.5765804684883443,1.733900301750437,0
0.5636012891086236,-0.5646648934149681,0.6871298574603482,-0.1292105399583367,-0.9115834940401768,0.646091668153197,0.9702425509371356,-0.6124004363727698,-1.43244469563043,0.2367494191029564,-1.002803930999114,-0.5787359118286177,1.7427397119690018,-0.9124191495230388,0.9124191495230392,1.7288236672481017,-0.5776581893550843,-0.5765804684883443,-0.5767344287272242,0
-0.5848908148115631,-1.7089079818305883,-1.0417596792253108,0.1700625412853569,0.8077365626180215,0.646091668153197,-1.0306701134001208,1.1841191377676736,-1.43244469563043,1.4009115886887178,-1.002803930999114,1.7279038324066065,-0.5738091541336192,1.0959875190286648,-1.0959875190286648,-0.5784279906300535,-0.5776581893550843,-0.5765804684883443,1.733900301750437,0
2.063883767202561,-0.5646648934149681,-1.7333154938995745,0.7740417333942763,-0.9115834940401768,-1.5477679860172513,0.9702425509371356,-1.1544508899695012,-0.009816137054176,-1.1044716355909057,0.9972039090469852,-0.5787359118286177,-0.5738091541336192,-0.9124191495230388,0.9124191495230392,1.7288236672481017,-0.5776581893550843,-0.5765804684883443,-0.5767344287272242,0
-0.7090521233434752,0.1028102414941437,1.378685672134612,-1.2258476714090278,2.52705661927622,0.646091668153197,0.9702425509371356,-0.6805322802801879,-0.721130416342303,0.1703523371874186,0.9972039090469852,-0.5787359118286177,-0.5738091541336192,1.0959875190286648,-1.0959875190286648,-0.5784279906300535,-0.5776581893550843,-0.5765804684883443,1.733900301750437,0
1.060246523236272,5.061196957961832,-0.695981771888179,0.7216593719858825,-0.9115834940401768,-1.5477679860172513,0.9702425509371356,1.660193114102127,-0.009816137054176,-1.3257952419760313,0.9972039090469852,-0.5787359118286177,-0.5738091541336192,-0.9124191495230388,0.9124191495230392,-0.5784279906300535,-0.5776581893550843,1.7343632929879855,-0.5767344287272242,0
1.4120368974100228,1.1516997392084622,-1.7333154938995745,-0.294078363319129,-0.9115834940401768,-1.5477679860172513,0.9702425509371356,0.7381295238811785,1.412812421522078,-0.6662508949483567,0.9972039090469852,-0.5787359118286177,-0.5738091541336192,-0.9124191495230388,0.9124191495230392,1.7288236672481017,-0.5776581893550843,-0.5765804684883443,-0.5767344287272242,0
1.308569140300096,-0.8507256655188732,-0.3502038645510472,0.983510276014306,-0.9115834940401768,0.646091668153197,-1.0306701134001208,-1.6533811428028575,1.412812421522078,-1.1398834126125257,0.9972039090469852,-0.5787359118286177,-0.5738091541336192,1.0959875190286648,-1.0959875190286648,1.7288236672481017,-0.5776581893550843,-0.5765804684883443,-0.5767344287272242,1
0.8222706818834405,-0.1832505306097613,-0.0044259572139154,0.7623637408179958,-0.9115834940401768,0.646091668153197,-1.0306701134001208,0.3217213825404434,0.7014981422339509,-0.059824213453112,-1.002803930999114,1.7279038324066065,-0.5738091541336192,1.0959875190286648,-1.0959875190286648,1.7288236672481017,-0.5776581893550843,-0.5765804684883443,-0.5767344287272242,0
-0.0882455806839148,1.6284676927149706,0.3413519501232164,0.4288689357208532,0.8077365626180215,0.646091668153197,-1.0306701134001208,0.7470224327637217,0.7014981422339509,1.3787792280502051,-1.002803930999114,1.7279038324066065,-0.5738091541336192,1.0959875190286648,-1.0959875190286648,-0.5784279906300535,-0.5776581893550843,1.7343632929879855,-0.5767344287272242,1
-0.429689179146673,-0.3739577120123647,-1.0417596792253108,1.1445686158778208,-0.9115834940401768,0.646091668153197,-1.0306701134001208,0.6939958921530692,-0.721130416342303,-1.073486330696988,0.9972039090469852,-0.5787359118286177,-0.5738091541336192,1.0959875190286648,-1.0959875190286648,-0.5784279906300535,-0.5776581893550843,1.7343632929879855,-0.5767344287272242,0
-1.091882824650204,-1.23214002832408,0.6871298574603482,-1.2258476714090278,0.8077365626180215,-1.5477679860172513,0.9702425509371356,0.9826174835531588,-0.721130416342303,0.7723525465549607,0.9972039090469852,-0.5787359118286177,-0.5738091541336192,-0.9124191495230388,0.9124191495230392,-0.5784279906300535,1.731127539482183,-0.5765804684883443,-0.5767344287272242,0
1.598278860207891,1.6284676927149706,0.3413519501232164,1.207104150728619,-0.9115834940401768,0.646091668153197,-1.0306701134001208,-0.9268189581915656,-0.721130416342303,0.3341318059124117,-1.002803930999114,1.7279038324066065,-0.5738091541336192,-0.9124191495230388,0.9124191495230392,-0.5784279906300535,-0.5776581893550843,-0.5765804684883443,1.733900301750437,1
-0.4917698334126291,-1.422847209726683,-1.3875375865624426,1.421015407915712,0.8077365626180215,0.646091668153197,-1.0306701134001208,-1.3603756104192557,-1.43244469563043,1.1751615101758894,-1.002803930999114,-0.5787359118286177,1.7427397119690018,-0.9124191495230388,0.9124191495230392,-0.5784279906300535,-0.5776581893550843,1.7343632929879855,-0.5767344287272242,0
0.2842383449118215,2.105235646221479,1.03290776479748,-1.2258476714090278,0.8077365626180215,0.646091668153197,0.9702425509371356,1.0407070056272971,-1.43244469563043,0.0464111176117482,-1.002803930999114,-0.5787359118286177,1.7427397119690018,1.0959875190286648,-1.0959875190286648,-0.5784279906300535,-0.5776581893550843,-0.5765804684883443,1.733900301750437,0
-1.15396347891616,-1.0414328469214764,-0.0044259572139154,-1.2258476714090278,0.8077365626180215,0.646091668153197,-1.0306701134001208,-0.8991476673801229,-1.43244469563043,0.989249680812384,-1.002803930999114,-0.5787359118286177,1.7427397119690018,-0.9124191495230388,0.9124191495230392,1.7288236672481017,-0.5776581893550843,-0.5765804684883443,-0.5767344287272242,0
1.3292626917220816,0.1028102414941437,-1.0417596792253108,-0.0162780819407312,-0.9115834940401768,0.646091668153197,0.9702425509371356,-0.820695277627144,-1.43244469563043,1.3920586444333127,-1.002803930999114,1.7279038324066065,-0.5738091541336192,1.0959875190286648,-1.0959875190286648,-0.5784279906300535,-0.5776581893550843,1.7343632929879855,-0.5767344287272242,0
-0.5124633848346144,0.1981638321954454,-1.3875375865624426,-1.2258476714090278,0.8077365626180215,-1.5477679860172513,0.9702425509371356,1.0523270315002184,0.7014981422339509,1.1043379561326494,0.9972039090469852,-0.5787359118286177,-0.5738091541336192,1.0959875190286648,-1.0959875190286648,-0.5784279906300535,-0.5776581893550843,-0.5765804684883443,1.733900301750437,0
-2.1369071714604644,0.5795781950006521,-0.3502038645510472,-1.2258476714090278,0.8077365626180215,0.646091668153197,-1.0306701134001208,1.070523577463435,-0.009816137054176,-0.5511626196280912,0.9972039090469852,-0.5787359118286177,-0.5738091541336192,1.0959875190286648,-1.0959875190286648,1.7288236672481017,-0.5776581893550843,-0.5765804684883443,-0.5767344287272242,1
-0.3469149734587316,3.344832325338401,1.7244635794717436,-1.2258476714090278,0.8077365626180215,0.646091668153197,0.9702425509371356,-0.8023330144866125,-0.009816137054176,1.5514116410306034,0.9972039090469852,-0.5787359118286177,-0.5738091541336192,-0.9124191495230388,0.9124191495230392,-0.5784279906300535,-0.5776581893550843,-0.5765804684883443,1.733900301750437,0
1.3809965702770448,0.8656389671045572,0.6871298574603482,-1.2258476714090278,0.8077365626180215,0.646091668153197,0.9702425509371356,1.4349356503790036,-1.43244469563043,-1.117751051974013,-1.002803930999114,-0.5787359118286177,1.7427397119690018,-0.9124191495230388,0.9124191495230392,1.7288236672481017,-0.5776581893550843,-0.5765804684883443,-0.5767344287272242,0
0.2738915692008288,0.9609925578058588,-0.695981771888179,-1.2258476714090278,0.8077365626180215,0.646091668153197,0.9702425509371356,1.5253887112317055,-0.009816137054176,0.1614993929320136,0.9972039090469852,-0.5787359118286177,-0.5738091541336192,1.0959875190286648,-1.0959875190286648,-0.5784279906300535,1.731127539482183,-0.5765804684883443,-0.5767344287272242,0
0.4187464291547262,-1.1367864376227783,-0.695981771888179,1.3442383444316282,0.8077365626180215,0.646091668153197,-1.0306701134001208,0.7351631342402386,-0.009816137054176,-0.351971373881478,-1.002803930999114,1.7279038324066065,-0.5738091541336192,-0.9124191495230388,0.9124191495230392,-0.5784279906300535,1.731127539482183,-0.5765804684883443,-0.5767344287272242,0
-1.8058103487086987,0.1028102414941437,-0.3502038645510472,-1.2258476714090278,0.8077365626180215,-1.5477679860172513,-1.0306701134001208,1.4338413605607006,-1.43244469563043,-0.5246037868618761,0.9972039090469852,-0.5787359118286177,-0.5738091541336192,1.0959875190286648,-1.0959875190286648,-0.5784279906300535,1.731127539482183,-0.5765804684883443,-0.5767344287272242,0
1.0705932989472646,-0.6600184841162697,0.6871298574603482,-1.2258476714090278,0.8077365626180215,0.646091668153197,-1.0306701134001208,-0.1837928676535379,-1.43244469563043,0.8564555169813085,-1.002803930999114,-0.5787359118286177,1.7427397119690018,1.0959875190286648,-1.0959875190286648,-0.5784279906300535,-0.5776581893550843,-0.5765804684883443,1.733900301750437,0
-0.2951810949037682,1.247053329909764,1.378685672134612,0.568771331660598,-0.9115834940401768,0.646091668153197,0.9702425509371356,1.089699993619904,-0.721130416342303,1.3787792280502051,-1.002803930999114,1.7279038324066065,-0.5738091541336192,1.0959875190286648,-1.0959875190286648,-0.5784279906300535,1.731127539482183,-0.5765804684883443,-0.5767344287272242,1
1.1637142803461988,2.677357190429289,-1.3875375865624426,1.169191063169954,0.8077365626180215,-1.5477679860172513,0.9702425509371356,0.1076813893224716,-0.009816137054176,-1.1797216617618482,0.9972039090469852,-0.5787359118286177,-0.5738091541336192,-0.9124191495230388,0.9124191495230392,-0.5784279906300535,1.731127539482183,-0.5765804684883443,-0.5767344287272242,0
-1.2470844603150943,0.1981638321954454,-0.3502038645510472,-1.2258476714090278,0.8077365626180215,-1.5477679860172513,0.9702425509371356,0.8262639353715328,-0.721130416342303,1.5425586967751983,-1.002803930999114,-0.5787359118286177,1.7427397119690018,1.0959875190286648,-1.0959875190286648,1.7288236672481017,-0.5776581893550843,-0.5765804684883443,-0.5767344287272242,0
0.6256819433745797,-0.9460792562201747,1.378685672134612,-1.2258476714090278,0.8077365626180215,-1.5477679860172513,0.9702425509371356,-1.68421931843409,0.7014981422339509,-0.4670596492017434,0.9972039090469852,-0.5787359118286177,-0.5738091541336192,1.0959875190286648,-1.0959875190286648,-0.5784279906300535,-0.5776581893550843,1.7343632929879855,-0.5767344287272242,0
2.063883767202561,0.7702853764032556,-0.3502038645510472,0.364353572116558,0.8077365626180215,0.646091668153197,0.9702425509371356,0.3834429452049044,-1.43244469563043,0.1039552552718809,-1.002803930999114,1.7279038324066065,-0.5738091541336192,1.0959875190286648,-1.0959875190286648,-0.5784279906300535,1.731127539482183,-0.5765804684883443,-0.5767344287272242,0
-0.2227536649268195,-0.1832505306097613,1.7244635794717436,0.369590910739303,2.52705661927622,-1.5477679860172513,0.9702425509371356,-1.3033628152726453,-1.43244469563043,1.2017203429421046,0.9972039090469852,-0.5787359118286177,-0.5738091541336192,1.0959875190286648,-1.0959875190286648,-0.5784279906300535,-0.5776581893550843,1.7343632929879855,-0.5767344287272242,1
-0.936681188985314,-0.0878969399084596,-0.0044259572139154,0.1158522881151537,-0.9115834940401768,0.646091668153197,0.9702425509371356,-1.1623550602684003,0.7014981422339509,-1.4054717402746766,0.9972039090469852,-0.5787359118286177,-0.5738091541336192,1.0959875190286648,-1.0959875190286648,-0.5784279906300535,-0.5776581893550843,-0.5765804684883443,1.733900301750437,0
-0.8642537590083653,0.3888710135980487,-1.0417596792253108,0.6275845704861422,0.8077365626180215,-1.5477679860172513,-1.0306701134001208,1.295760696055661,-0.721130416342303,0.6528377991069928,-1.002803930999114,-0.5787359118286177,1.7427397119690018,-0.9124191495230388,0.9124191495230392,1.7288236672481017,-0.5776581893550843,-0.5765804684883443,-0.5767344287272242,0
-0.3779553005917097,-0.0878969399084596,-1.0417596792253108,0.6372857794596033,-0.9115834940401768,0.646091668153197,-1.0306701134001208,0.0878262804660441,-0.009816137054176,0.6882495761286129,0.9972039090469852,-0.5787359118286177,-0.5738091541336192,-0.9124191495230388,0.9124191495230392,1.7288236672481017,-0.5776581893550843,-0.5765804684883443,-0.5767344287272242,0
-1.0194553946732554,-0.0878969399084596,1.378685672134612,0.9234679182127584,-0.9115834940401768,-1.5477679860172513,-1.0306701134001208,-0.7345138248129954,-0.721130416342303,0.6395583827238852,0.9972039090469852,-0.5787359118286177,-0.5738091541336192,1.0959875190286648,-1.0959875190286648,-0.5784279906300535,-0.5776581893550843,-0.5765804684883443,1.733900301750437,0
-0.8642537590083653,0.5795781950006521,-0.3502038645510472,-1.2258476714090278,0.8077365626180215,-1.5477679860172513,0.9702425509371356,0.3645247557098336,-0.009816137054176,-0.3608243181368831,0.9972039090469852,-0.5787359118286177,-0.5738091541336192,1.0959875190286648,-1.0959875190286648,-0.5784279906300535,1.731127539482183,-0.5765804684883443,-0.5767344287272242,0
-0.4089956277246876,-0.0878969399084596,-0.3502038645510472,-0.0876248404117832,0.8077365626180215,0.646091668153197,-1.0306701134001208,-1.6979654974308622,1.412812421522078,0.9626908480461688,0.9972039090469852,-0.5787359118286177,-0.5738091541336192,-0.9124191495230388,0.9124191495230392,-0.5784279906300535,1.731127539482183,-0.5765804684883443,-0.5767344287272242,0
0.4601335319986969,0.5795781950006521,-0.695981771888179,-1.2258476714090278,0.8077365626180215,0.646091668153197,0.9702425509371356,-1.2049991501907598,-1.43244469563043,-1.073486330696988,0.9972039090469852,-0.5787359118286177,-0.5738091541336192,-0.9124191495230388,0.9124191495230392,-0.5784279906300535,-0.5776581893550843,1.7343632929879855,-0.5767344287272242,0
1.3189159160110888,-0.3739577120123647,-1.3875375865624426,1.2096027769948716,2.52705661927622,0.646091668153197,0.9702425509371356,0.5416348585476776,0.7014981422339509,-0.8256038915456472,-1.002803930999114,1.7279038324066065,-0.5738091541336192,1.0959875190286648,-1.0959875190286648,-0.5784279906300535,1.731127539482183,-0.5765804684883443,-0.5767344287272242,1
0.1807705878018947,-0.6600184841162697,0.6871298574603482,-1.2258476714090278,0.8077365626180215,0.646091668153197,0.9702425509371356,-1.7269515705903409,-0.721130416342303,1.2238527035806173,0.9972039090469852,-0.5787359118286177,-0.5738091541336192,-0.9124191495230388,0.9124191495230392,-0.5784279906300535,1.731127539482183,-0.5765804684883443,-0.5767344287272242,0
0.0048754007150192,-1.0414328469214764,1.7244635794717436,0.0493168677142038,-0.9115834940401768,0.646091668153197,0.9702425509371356,-0.4417305238592033,-0.009816137054176,-1.573677681127372,0.9972039090469852,-0.5787359118286177,-0.5738091541336192,-0.9124191495230388,0.9124191495230392,-0.5784279906300535,-0.5776581893550843,-0.5765804684883443,1.733900301750437,0
0.8843513361493965,-1.23214002832408,-0.3502038645510472,0.952062203614594,-0.9115834940401768,0.646091668153197,0.9702425509371356,1.1407495787332915,0.7014981422339509,-1.5648247368719672,-1.002803930999114,-0.5787359118286177,1.7427397119690018,1.0959875190286648,-1.0959875190286648,-0.5784279906300535,-0.5776581893550843,1.7343632929879855,-0.5767344287272242,0
1.2257949346121548,3.2494787346370995,-1.3875375865624426,-1.2258476714090278,-0.9115834940401768,0.646091668153197,0.9702425509371356,-1.2224142344594815,-0.009816137054176,-0.8477362521841597,0.9972039090469852,-0.5787359118286177,-0.5738091541336192,1.0959875190286648,-1.0959875190286648,1.7288236672481017,-0.5776581893550843,-0.5765804684883443,-0.5767344287272242,0
-0.2124068892158268,1.0563461485071606,-0.695981771888179,0.8475939823111206,4.246376675934418,0.646091668153197,0.9702425509371356,-0.9097038341860842,-1.43244469563043,0.4669259697434871,-1.002803930999114,1.7279038324066065,-0.5738091541336192,-0.9124191495230388,0.9124191495230392,-0.5784279906300535,1.731127539482183,-0.5765804684883443,-0.5767344287272242,1
1.2257949346121548,-0.7553720748175714,-0.3502038645510472,-0.2434331802365793,0.8077365626180215,0.646091668153197,0.9702425509371356,-1.616694002873445,0.7014981422339509,-1.3080893534652211,0.9972039090469852,-0.5787359118286177,-0.5738091541336192,-0.9124191495230388,0.9124191495230392,1.7288236672481017,-0.5776581893550843,-0.5765804684883443,-0.5767344287272242,0
1.0705932989472646,-0.3739577120123647,-0.3502038645510472,-1.2258476714090278,0.8077365626180215,0.646091668153197,0.9702425509371356,-1.572519159213516,-1.43244469563043,-0.5865743966497113,-1.002803930999114,-0.5787359118286177,1.7427397119690018,-0.9124191495230388,0.9124191495230392,-0.5784279906300535,-0.5776581893550843,-0.5765804684883443,1.733900301750437,0
-1.5161006288009038,0.9609925578058588,0.6871298574603482,-1.2258476714090278,2.52705661927622,-1.5477679860172513,0.9702425509371356,-0.2133299982473409,1.412812421522078,-0.8787215570780773,0.9972039090469852,-0.5787359118286177,-0.5738091541336192,1.0959875190286648,-1.0959875190286648,-0.5784279906300535,-0.5776581893550843,-0.5765804684883443,1.733900301750437,1
0.0255689521370046,0.2935174228967471,-1.3875375865624426,-1.2258476714090278,0.8077365626180215,0.646091668153197,0.9702425509371356,-1.6401639372094348,-0.721130416342303,-0.927412750482805,0.9972039090469852,-0.5787359118286177,-0.5738091541336192,1.0959875190286648,-1.0959875190286648,-0.5784279906300535,-0.5776581893550843,-0.5765804684883443,1.733900301750437,0
-0.4503827305686584,-0.5646648934149681,-1.0417596792253108,0.5120017094816851,0.8077365626180215,-1.5477679860172513,0.9702425509371356,0.1599988064818226,1.412812421522078,0.1792052814428237,-1.002803930999114,-0.5787359118286177,1.7427397119690018,1.0959875190286648,-1.0959875190286648,-0.5784279906300535,-0.5776581893550843,1.7343632929879855,-0.5767344287272242,1
-0.750439226187446,-1.518200800427985,1.7244635794717436,0.2002496007624982,-0.9115834940401768,0.646091668153197,0.9702425509371356,0.4370224560399656,1.412812421522078,0.9139996546414412,0.9972039090469852,-0.5787359118286177,-0.5738091541336192,-0.9124191495230388,0.9124191495230392,-0.5784279906300535,-0.5776581893550843,1.7343632929879855,-0.5767344287272242,0
0.4394399805767116,2.772710781130591,-0.3502038645510472,0.3400968634478754,-0.9115834940401768,0.646091668153197,0.9702425509371356,-0.6698446526284236,-1.43244469563043,1.5159998640089831,0.9972039090469852,-0.5787359118286177,-0.5738091541336192,-0.9124191495230388,0.9124191495230392,-0.5784279906300535,1.731127539482183,-0.5765804684883443,-0.5767344287272242,0
-1.4229796474019698,4.679782595156625,1.7244635794717436,-1.2258476714090278,0.8077365626180215,0.646091668153197,0.9702425509371356,-0.8196827161124484,-1.43244469563043,0.0906758388887734,-1.002803930999114,-0.5787359118286177,1.7427397119690018,-0.9124191495230388,0.9124191495230392,-0.5784279906300535,-0.5776581893550843,1.7343632929879855,-0.5767344287272242,0
-0.1813665620828488,-0.3739577120123647,1.7244635794717436,-1.2258476714090278,0.8077365626180215,0.646091668153197,-1.0306701134001208,-0.598438459876472,-1.43244469563043,1.290249785496155,0.9972039090469852,-0.5787359118286177,-0.5738091541336192,-0.9124191495230388,0.9124191495230392,1.7288236672481017,-0.5776581893550843,-0.5765804684883443,-0.5767344287272242,0
0.4394399805767116,-0.8507256655188732,0.3413519501232164,0.8254980484546004,-0.9115834940401768,0.646091668153197,0.9702425509371356,-0.8630689685875675,-1.43244469563043,-0.5467361475003887,0.9972039090469852,-0.5787359118286177,-0.5738091541336192,1.0959875190286648,-1.0959875190286648,-0.5784279906300535,-0.5776581893550843,-0.5765804684883443,1.733900301750437,0
-0.2020601135048342,-0.5646648934149681,0.6871298574603482,-1.2258476714090278,-0.9115834940401768,0.646091668153197,0.9702425509371356,-0.7311591387849158,-0.721130416342303,0.4802053861265947,0.9972039090469852,-0.5787359118286177,-0.5738091541336192,-0.9124191495230388,0.9124191495230392,-0.5784279906300535,-0.5776581893550843,-0.5765804684883443,1.733900301750437,1
0.0152221764260119,-0.278604121311063,-1.3875375865624426,-1.2258476714090278,0.8077365626180215,0.646091668153197,0.9702425509371356,-1.4048132018807822,-0.009816137054176,-1.7153247892138526,-1.002803930999114,-0.5787359118286177,1.7427397119690018,1.0959875190286648,-1.0959875190286648,-0.5784279906300535,1.731127539482183,-0.5765804684883443,-0.5767344287272242,0
-0.5228101605456071,-0.6600184841162697,-1.3875375865624426,-1.2258476714090278,-0.9115834940401768,0.646091668153197,0.9702425509371356,0.0329681564045434,0.7014981422339509,-1.2505452158050885,0.9972039090469852,-0.5787359118286177,-0.5738091541336192,-0.9124191495230388,0.9124191495230392,-0.5784279906300535,-0.5776581893550843,-0.5765804684883443,1.733900301750437,0
2.063883767202561,1.4377605113123673,-0.3502038645510472,0.7126750555902888,-0.9115834940401768,0.646091668153197,-1.0306701134001208,-0.5760469913680869,1.412812421522078,-0.9318392226105074,-1.002803930999114,-0.5787359118286177,1.7427397119690018,1.0959875190286648,-1.0959875190286648,-0.5784279906300535,-0.5776581893550843,-0.5765804684883443,1.733900301750437,0
1.1637142803461988,-0.6600184841162697,1.03290776479748,-1.2258476714090278,0.8077365626180215,0.646091668153197,-1.0306701134001208,-1.4496290041090032,0.7014981422339509,-0.5157508426064711,-1.002803930999114,-0.5787359118286177,1.7427397119690018,1.0959875190286648,-1.0959875190286648,-0.5784279906300535,1.731127539482183,-0.5765804684883443,-0.5767344287272242,0
-0.4400359548576657,0.2935174228967471,-0.0044259572139154,-1.2258476714090278,0.8077365626180215,0.646091668153197,-1.0306701134001208,1.3635419777076048,0.7014981422339509,-0.9008539177165898,0.9972039090469852,-0.5787359118286177,-0.5738091541336192,-0.9124191495230388,0.9124191495230392,1.7288236672481017,-0.5776581893550843,-0.5765804684883443,-0.5767344287272242,0
0.3773593263107555,0.4842246042993504,1.378685672134612,-1.2258476714090278,0.8077365626180215,-1.5477679860172513,-1.0306701134001208,0.0513316367751285,0.7014981422339509,-1.3169422977206262,0.9972039090469852,-0.5787359118286177,-0.5738091541336192,1.0959875190286648,-1.0959875190286648,1.7288236672481017,-0.5776581893550843,-0.5765804684883443,-0.5767344287272242,1
1.4637707759649865,-0.8507256655188732,1.03290776479748,-1.2258476714090278,0.8077365626180215,0.646091668153197,-1.0306701134001208,1.7311438889239767,1.412812421522078,0.1039552552718809,0.9972039090469852,-0.5787359118286177,-0.5738091541336192,-0.9124191495230388,0.9124191495230392,-0.5784279906300535,-0.5776581893550843,-0.5765804684883443,1.733900301750437,0
0.0566092792699826,-1.9949687539344931,1.7244635794717436,1.20647027857448,-0.9115834940401768,-1.5477679860172513,0.9702425509371356,0.4681828498554214,-0.721130416342303,0.7590731301718532,0.9972039090469852,-0.5787359118286177,-0.5738091541336192,-0.9124191495230388,0.9124191495230392,-0.5784279906300535,1.731127539482183,-0.5765804684883443,-0.5767344287272242,0
1.536198205941935,-0.7553720748175714,1.378685672134612,1.2517337187837467,-0.9115834940401768,-1.5477679860172513,0.9702425509371356,-0.199718757896525,0.7014981422339509,0.258881779741469,-1.002803930999114,1.7279038324066065,-0.5738091541336192,-0.9124191495230388,0.9124191495230392,-0.5784279906300535,-0.5776581893550843,-0.5765804684883443,1.733900301750437,1
0.7601900276174844,0.5795781950006521,-0.0044259572139154,0.1186430885753365,-0.9115834940401768,-1.5477679860172513,0.9702425509371356,-1.1471250778361315,-0.009816137054176,-0.2103242657949975,-1.002803930999114,-0.5787359118286177,1.7427397119690018,-0.9124191495230388,0.9124191495230392,-0.5784279906300535,-0.5776581893550843,-0.5765804684883443,1.733900301750437,0
-1.2884715631590649,0.3888710135980487,-0.695981771888179,-1.2258476714090278,0.8077365626180215,0.646091668153197,-1.0306701134001208,-1.1891476848710576,1.412812421522078,1.693058749117084,-1.002803930999114,-0.5787359118286177,1.7427397119690018,1.0959875190286648,-1.0959875190286648,-0.5784279906300535,-0.5776581893550843,1.7343632929879855,-0.5767344287272242,0
0.7498432519064918,1.247053329909764,-0.0044259572139154,0.8848419448534328,-0.9115834940401768,-1.5477679860172513,0.9702425509371356,-0.1254918953300658,0.7014981422339509,1.5159998640089831,-1.002803930999114,1.7279038324066065,-0.5738091541336192,-0.9124191495230388,0.9124191495230392,-0.5784279906300535,-0.5776581893550843,-0.5765804684883443,1.733900301750437,1
0.7808835790394698,-0.4693113027136664,-0.695981771888179,-1.2258476714090278,0.8077365626180215,0.646091668153197,-1.0306701134001208,1.6727909234882092,-0.009816137054176,-0.2767213477105353,0.9972039090469852,-0.5787359118286177,-0.5738091541336192,-0.9124191495230388,0.9124191495230392,-0.5784279906300535,-0.5776581893550843,1.7343632929879855,-0.5767344287272242,0
-2.954302452628885,-0.8507256655188732,-1.7333154938995745,0.8217768743269644,-0.9115834940401768,0.646091668153197,-1.0306701134001208,-0.3226075218809766,0.7014981422339509,-1.1708687175064434,-1.002803930999114,1.7279038324066065,-0.5738091541336192,-0.9124191495230388,0.9124191495230392,1.7288236672481017,-0.5776581893550843,-0.5765804684883443,-0.5767344287272242,1
-0.84356020758638,0.2935174228967471,1.378685672134612,1.1157249486626248,-0.9115834940401768,0.646091668153197,-1.0306701134001208,-1.1740397732241772,-0.721130416342303,0.9095731825137386,-1.002803930999114,1.7279038324066065,-0.5738091541336192,1.0959875190286648,-1.0959875190286648,-0.5784279906300535,-0.5776581893550843,1.7343632929879855,-0.5767344287272242,1
-0.812519880453402,1.1516997392084622,1.03290776479748,0.3408033384050044,2.52705661927622,0.646091668153197,0.9702425509371356,1.61585585717503,-0.721130416342303,0.5908671893191576,-1.002803930999114,1.7279038324066065,-0.5738091541336192,-0.9124191495230388,0.9124191495230392,-0.5784279906300535,-0.5776581893550843,1.7343632929879855,-0.5767344287272242,1
0.7394964761954991,0.7702853764032556,-1.0417596792253108,0.1847206144770763,-0.9115834940401768,0.646091668153197,0.9702425509371356,-0.1640530478721995,-0.009816137054176,0.3739700550617343,0.9972039090469852,-0.5787359118286177,-0.5738091541336192,1.0959875190286648,-1.0959875190286648,-0.5784279906300535,-0.5776581893550843,-0.5765804684883443,1.733900301750437,1
-1.0711892732282189,-0.3739577120123647,-0.3502038645510472,-1.2258476714090278,-0.9115834940401768,0.646091668153197,0.9702425509371356,0.5772711811607061,-1.43244469563043,-1.3346481862314363,0.9972039090469852,-0.5787359118286177,-0.5738091541336192,1.0959875190286648,-1.0959875190286648,-0.5784279906300535,1.731127539482183,-0.5765804684883443,-0.5767344287272242,0
2.063883767202561,-0.1832505306097613,-1.0417596792253108,-1.2258476714090278,0.8077365626180215,0.646091668153197,-1.0306701134001208,0.3456889900784013,-0.721130416342303,-1.4807217664456194,-1.002803930999114,-0.5787359118286177,1.7427397119690018,-0.9124191495230388,0.9124191495230392,1.7288236672481017,-0.5776581893550843,-0.5765804684883443,-0.5767344287272242,0
0.3463189991777775,-0.5646648934149681,-0.3502038645510472,1.029176317197326,-0.9115834940401768,0.646091668153197,-1.0306701134001208,0.0602996661409875,1.412812421522078,1.6842058048616788,0.9972039090469852,-0.5787359118286177,-0.5738091541336192,-0.9124191495230388,0.9124191495230392,-0.5784279906300535,-0.5776581893550843,1.7343632929879855,-0.5767344287272242,0
-1.0194553946732554,0.9609925578058588,-0.3502038645510472,-1.2258476714090278,-0.9115834940401768,0.646091668153197,0.9702425509371356,1.5686012475891573,-1.43244469563043,0.6749701597455053,0.9972039090469852,-0.5787359118286177,-0.5738091541336192,-0.9124191495230388,0.9124191495230392,-0.5784279906300535,-0.5776581893550843,-0.5765804684883443,1.733900301750437,1
