0,1,2,3,4,5,6,7,8,9,10,11,12,13,14,15,16,17,18,Exited
1.660359514473847,1.247053329909764,1.7244635794717436,0.006883814923925127,-0.9115834940401767,-1.5477679860172513,-1.0306701134001208,0.8045815903144492,-0.721130416342303,-0.5246037868618761,-1.0028039309991141,1.7279038324066063,-0.5738091541336192,-0.9124191495230389,0.9124191495230393,-0.5784279906300535,1.731127539482183,-0.5765804684883443,-0.5767344287272242,1
0.025568952137004615,0.1981638321954454,-1.3875375865624426,0.4503332412184702,-0.9115834940401767,0.646091668153197,-1.0306701134001208,-1.4774376680265098,0.7014981422339509,-0.13507423962405485,-1.0028039309991141,1.7279038324066063,-0.5738091541336192,-0.9124191495230389,0.9124191495230393,-0.5784279906300535,-0.5776581893550843,1.7343632929879855,-0.5767344287272242,1
-2.1058668443274864,0.48422460429935044,-0.004425957213915414,0.20359141322418056,-0.9115834940401767,0.646091668153197,0.9702425509371355,-0.4291953148758846,-1.43244469563043,1.3389409789008826,0.9972039090469852,-0.5787359118286177,-0.5738091541336192,1.0959875190286648,-1.0959875190286648,-0.5784279906300535,-0.5776581893550843,1.7343632929879855,-0.5767344287272242,0
-0.2434472163488049,0.10281024149414371,1.7244635794717436,-1.2258476714090278,0.8077365626180215,0.646091668153197,0.9702425509371355,1.6467762827798933,1.4128124215220779,-0.2722948755828328,-1.0028039309991141,-0.5787359118286177,1.7427397119690018,-0.9124191495230389,0.9124191495230393,-0.5784279906300535,1.731127539482183,-0.5765804684883443,-0.5767344287272242,0
0.9464319904153525,-0.3739577120123647,-0.004425957213915414,0.9675743614357466,-0.9115834940401767,-1.5477679860172513,-1.0306701134001208,-0.27093228051997187,0.7014981422339509,0.9582643759184664,-1.0028039309991141,1.7279038324066063,-0.5738091541336192,-0.9124191495230389,0.9124191495230393,-0.5784279906300535,1.731127539482183,-0.5765804684883443,-0.5767344287272242,0
1.4327304488320083,0.10281024149414371,-0.35020386455104724,-1.2258476714090278,0.8077365626180215,0.646091668153197,-1.0306701134001208,0.6488189203789054,-0.721130416342303,0.7989113793211757,-1.0028039309991141,-0.5787359118286177,1.7427397119690018,1.0959875190286648,-1.0959875190286648,-0.5784279906300535,-0.5776581893550843,-0.5765804684883443,1.733900301750437,0
0.09799638211395333,-0.5646648934149681,-0.35020386455104724,-1.2258476714090278,-0.9115834940401767,0.646091668153197,-1.0306701134001208,-1.2246341142974697,0.7014981422339509,-0.9141333340996974,-1.0028039309991141,-0.5787359118286177,1.7427397119690018,-0.9124191495230389,0.9124191495230393,1.7288236672481017,-0.5776581893550843,-0.5765804684883443,-0.5767344287272242,0
-0.27448754348178295,0.5795781950006521,-0.004425957213915414,1.2079542285808451,-0.9115834940401767,0.646091668153197,-1.0306701134001208,-0.5442077309626653,1.4128124215220779,-1.2018540224003609,-1.0028039309991141,1.7279038324066063,-0.5738091541336192,1.0959875190286648,-1.0959875190286648,-0.5784279906300535,1.731127539482183,-0.5765804684883443,-0.5767344287272242,0
-1.2263909088931089,-0.08789693990845966,1.378685672134612,-1.2258476714090278,0.8077365626180215,-1.5477679860172513,-1.0306701134001208,-1.2086449280916884,-0.721130416342303,-0.9318392226105074,0.9972039090469852,-0.5787359118286177,-0.5738091541336192,-0.9124191495230389,0.9124191495230393,-0.5784279906300535,-0.5776581893550843,1.7343632929879855,-0.5767344287272242,0
0.3049318963338068,1.8191748741175742,1.03290776479748,-1.2258476714090278,0.8077365626180215,0.646091668153197,0.9702425509371355,-0.5978641011811192,1.4128124215220779,0.6041466057022651,-1.0028039309991141,-0.5787359118286177,1.7427397119690018,1.0959875190286648,-1.0959875190286648,-0.5784279906300535,1.731127539482183,-0.5765804684883443,-0.5767344287272242,0
0.3049318963338068,-0.18325053060976135,0.3413519501232164,0.7637667539247807,0.8077365626180215,0.646091668153197,-1.0306701134001208,-0.1263117867162567,-1.43244469563043,-0.6485450064375465,-1.0028039309991141,-0.5787359118286177,1.7427397119690018,1.0959875190286648,-1.0959875190286648,-0.5784279906300535,1.731127539482183,-0.5765804684883443,-0.5767344287272242,0
1.8466014772717152,-0.27860412131106305,-0.35020386455104724,0.08510155522053904,0.8077365626180215,0.646091668153197,-1.0306701134001208,-0.17359960929359572,-0.721130416342303,0.6174260220853727,-1.0028039309991141,1.7279038324066063,-0.5738091541336192,-0.9124191495230389,0.9124191495230393,1.7288236672481017,-0.5776581893550843,-0.5765804684883443,-0.5767344287272242,0
-0.7193988990544679,-0.3739577120123647,-0.35020386455104724,-1.2258476714090278,0.8077365626180215,-1.5477679860172513,0.9702425509371355,-0.23834094583135282,1.4128124215220779,-0.6795303113314641,0.9972039090469852,-0.5787359118286177,-0.5738091541336192,-0.9124191495230389,0.9124191495230393,-0.5784279906300535,-0.5776581893550843,1.7343632929879855,-0.5767344287272242,0
-1.5885280587778525,-0.18325053060976135,1.03290776479748,0.83604164226805,0.8077365626180215,0.646091668153197,0.9702425509371355,1.1050934326593882,-1.43244469563043,-0.3608243181368831,-1.0028039309991141,-0.5787359118286177,1.7427397119690018,-0.9124191495230389,0.9124191495230393,-0.5784279906300535,-0.5776581893550843,-0.5765804684883443,1.733900301750437,0
-0.6262779176555339,-0.27860412131106305,-1.3875375865624426,-1.2258476714090278,0.8077365626180215,0.646091668153197,-1.0306701134001208,-0.8905498498406054,-1.43244469563043,0.033131701228640724,0.9972039090469852,-0.5787359118286177,-0.5738091541336192,-0.9124191495230389,0.9124191495230393,-0.5784279906300535,-0.5776581893550843,-0.5765804684883443,1.733900301750437,0
-0.036511702128951426,-0.3739577120123647,-0.695981771888179,1.857895803115011,-0.9115834940401767,0.646091668153197,0.9702425509371355,-1.0423829533826934,-0.009816137054176019,1.5735440016691158,-1.0028039309991141,1.7279038324066063,-0.5738091541336192,-0.9124191495230389,0.9124191495230393,1.7288236672481017,-0.5776581893550843,-0.5765804684883443,-0.5767344287272242,0
-0.6262779176555339,-0.9460792562201749,1.7244635794717436,-1.2258476714090278,-0.9115834940401767,0.646091668153197,0.9702425509371355,-0.8378458751941912,-1.43244469563043,-0.3696772623922881,-1.0028039309991141,-0.5787359118286177,1.7427397119690018,-0.9124191495230389,0.9124191495230393,-0.5784279906300535,1.731127539482183,-0.5765804684883443,-0.5767344287272242,1
1.2361417103231473,-0.18325053060976135,-0.004425957213915414,1.0427456688863743,0.8077365626180215,-1.5477679860172513,0.9702425509371355,1.3952341271665325,-0.721130416342303,1.2548380084745347,-1.0028039309991141,1.7279038324066063,-0.5738091541336192,-0.9124191495230389,0.9124191495230393,1.7288236672481017,-0.5776581893550843,-0.5765804684883443,-0.5767344287272242,0
1.1119804017912354,2.105235646221479,-1.0417596792253108,-1.2258476714090278,0.8077365626180215,0.646091668153197,0.9702425509371355,-0.9756590968674255,1.4128124215220779,-1.3612070189976515,-1.0028039309991141,-0.5787359118286177,1.7427397119690018,-0.9124191495230389,0.9124191495230393,-0.5784279906300535,1.731127539482183,-0.5765804684883443,-0.5767344287272242,0
-1.3091651145810503,-0.7553720748175714,1.7244635794717436,-0.1482012214794728,0.8077365626180215,0.646091668153197,0.9702425509371355,1.073266344554504,1.4128124215220779,0.3474112222955193,-1.0028039309991141,1.7279038324066063,-0.5738091541336192,1.0959875190286648,-1.0959875190286648,-0.5784279906300535,1.731127539482183,-0.5765804684883443,-0.5767344287272242,0
0.04626250355898996,2.0098820555201775,-0.695981771888179,-1.2258476714090278,0.8077365626180215,0.646091668153197,0.9702425509371355,-0.2279487573026298,-1.43244469563043,1.507146919753578,0.9972039090469852,-0.5787359118286177,-0.5738091541336192,1.0959875190286648,-1.0959875190286648,-0.5784279906300535,-0.5776581893550843,1.7343632929879855,-0.5767344287272242,0
0.553254513397631,-1.4228472097266833,-1.0417596792253108,1.1493241796092024,0.8077365626180215,0.646091668153197,-1.0306701134001208,1.437806748295737,-1.43244469563043,1.1707350380481871,0.9972039090469852,-0.5787359118286177,-0.5738091541336192,-0.9124191495230389,0.9124191495230393,-0.5784279906300535,-0.5776581893550843,1.7343632929879855,-0.5767344287272242,0
-1.5574877316448745,-0.18325053060976135,1.378685672134612,0.7907185812139444,-0.9115834940401767,0.646091668153197,-1.0306701134001208,0.2018473496190655,1.4128124215220779,-1.5072805992118343,-1.0028039309991141,-0.5787359118286177,1.7427397119690018,-0.9124191495230389,0.9124191495230393,-0.5784279906300535,-0.5776581893550843,1.7343632929879855,-0.5767344287272242,0
-0.06755202926192945,-0.3739577120123647,-0.004425957213915414,1.3639906341642605,2.52705661927622,0.646091668153197,0.9702425509371355,-0.6311271729693895,0.7014981422339509,0.46692596974348716,-1.0028039309991141,1.7279038324066063,-0.5738091541336192,-0.9124191495230389,0.9124191495230393,-0.5784279906300535,-0.5776581893550843,1.7343632929879855,-0.5767344287272242,0
0.5739480648196164,-0.7553720748175714,-1.3875375865624426,0.6496458857875944,0.8077365626180215,0.646091668153197,-1.0306701134001208,-0.7938202291608484,0.7014981422339509,-0.9097068619719949,-1.0028039309991141,1.7279038324066063,-0.5738091541336192,-0.9124191495230389,0.9124191495230393,-0.5784279906300535,1.731127539482183,-0.5765804684883443,-0.5767344287272242,0
-0.2537939920597976,-0.3739577120123647,-0.35020386455104724,0.18629784225681917,-0.9115834940401767,0.646091668153197,0.9702425509371355,-1.1696666134211409,1.4128124215220779,-1.4497364615517017,-1.0028039309991141,1.7279038324066063,-0.5738091541336192,-0.9124191495230389,0.9124191495230393,-0.5784279906300535,-0.5776581893550843,-0.5765804684883443,1.733900301750437,0
0.48082708342068226,0.7702853764032556,0.3413519501232164,0.8296716678644451,-0.9115834940401767,0.646091668153197,0.9702425509371355,1.1818114434758094,-1.43244469563043,-1.4408835172962966,0.9972039090469852,-0.5787359118286177,-0.5738091541336192,1.0959875190286648,-1.0959875190286648,1.7288236672481017,-0.5776581893550843,-0.5765804684883443,-0.5767344287272242,0
1.2878755888781108,-0.8507256655188732,1.7244635794717436,1.8368004416626096,0.8077365626180215,0.646091668153197,0.9702425509371355,-0.06816244647947785,1.4128124215220779,-1.0867657470800955,0.9972039090469852,-0.5787359118286177,-0.5738091541336192,1.0959875190286648,-1.0959875190286648,-0.5784279906300535,-0.5776581893550843,-0.5765804684883443,1.733900301750437,0
0.6877625976405357,-0.27860412131106305,-1.0417596792253108,1.147156352869156,-0.9115834940401767,0.646091668153197,-1.0306701134001208,1.3743996697868757,1.4128124215220779,1.6045293065630335,0.9972039090469852,-0.5787359118286177,-0.5738091541336192,-0.9124191495230389,0.9124191495230393,-0.5784279906300535,-0.5776581893550843,1.7343632929879855,-0.5767344287272242,1
0.4394399805767116,-0.08789693990845966,0.6871298574603482,1.9529493801508642,0.8077365626180215,0.646091668153197,0.9702425509371355,-1.4921859751375168,1.4128124215220779,1.7019116933724887,0.9972039090469852,-0.5787359118286177,-0.5738091541336192,-0.9124191495230389,0.9124191495230393,1.7288236672481017,-0.5776581893550843,-0.5765804684883443,-0.5767344287272242,0
1.0705932989472646,-0.18325053060976135,0.3413519501232164,-1.2258476714090278,-0.9115834940401767,0.646091668153197,0.9702425509371355,0.279119200109934,1.4128124215220779,-0.49361848196795854,0.9972039090469852,-0.5787359118286177,-0.5738091541336192,-0.9124191495230389,0.9124191495230393,-0.5784279906300535,-0.5776581893550843,-0.5765804684883443,1.733900301750437,0
0.36701255059976284,0.38887101359804876,-0.004425957213915414,1.2558898686449687,0.8077365626180215,0.646091668153197,0.9702425509371355,0.9009825588796991,1.4128124215220779,-0.2678684034551303,-1.0028039309991141,1.7279038324066063,-0.5738091541336192,1.0959875190286648,-1.0959875190286648,1.7288236672481017,-0.5776581893550843,-0.5765804684883443,-0.5767344287272242,0
-0.6262779176555339,0.10281024149414371,-1.0417596792253108,0.6596043298577412,0.8077365626180215,-1.5477679860172513,-1.0306701134001208,-0.13723729589852132,1.4128124215220779,-0.14392718387945988,-1.0028039309991141,1.7279038324066063,-0.5738091541336192,1.0959875190286648,-1.0959875190286648,1.7288236672481017,-0.5776581893550843,-0.5765804684883443,-0.5767344287272242,0
-0.336568197747739,-0.3739577120123647,1.7244635794717436,-1.2258476714090278,0.8077365626180215,0.646091668153197,-1.0306701134001208,1.3971976931332066,-1.43244469563043,-1.175295189634146,0.9972039090469852,-0.5787359118286177,-0.5738091541336192,1.0959875190286648,-1.0959875190286648,1.7288236672481017,-0.5776581893550843,-0.5765804684883443,-0.5767344287272242,0
-0.07789880497292212,-0.4693113027136664,-0.695981771888179,0.10651938210255528,-0.9115834940401767,0.646091668153197,0.9702425509371355,-1.3690248994010452,-0.721130416342303,1.2681174248576423,-1.0028039309991141,-0.5787359118286177,1.7427397119690018,-0.9124191495230389,0.9124191495230393,1.7288236672481017,-0.5776581893550843,-0.5765804684883443,-0.5767344287272242,0
0.025568952137004615,-1.3274936190253817,-1.0417596792253108,1.3107054657155979,2.52705661927622,0.646091668153197,0.9702425509371355,1.7261539412637144,0.7014981422339509,0.10395525527188096,-1.0028039309991141,1.7279038324066063,-0.5738091541336192,1.0959875190286648,-1.0959875190286648,-0.5784279906300535,1.731127539482183,-0.5765804684883443,-0.5767344287272242,0
0.6567222705075577,-0.9460792562201749,-0.35020386455104724,-1.2258476714090278,0.8077365626180215,0.646091668153197,0.9702425509371355,-1.0865402341518466,0.7014981422339509,-1.117751051974013,-1.0028039309991141,-0.5787359118286177,1.7427397119690018,-0.9124191495230389,0.9124191495230393,1.7288236672481017,-0.5776581893550843,-0.5765804684883443,-0.5767344287272242,0
-0.2434472163488049,-0.9460792562201749,-0.004425957213915414,1.0106004172526533,0.8077365626180215,0.646091668153197,-1.0306701134001208,-0.33878833487521637,-1.43244469563043,0.24560236335836144,-1.0028039309991141,1.7279038324066063,-0.5738091541336192,-0.9124191495230389,0.9124191495230393,1.7288236672481017,-0.5776581893550843,-0.5765804684883443,-0.5767344287272242,0
-0.19171333779384153,-1.7089079818305883,-1.3875375865624426,-1.2258476714090278,0.8077365626180215,0.646091668153197,-1.0306701134001208,-0.2796426048944557,0.7014981422339509,1.5115733918812806,0.9972039090469852,-0.5787359118286177,-0.5738091541336192,1.0959875190286648,-1.0959875190286648,-0.5784279906300535,-0.5776581893550843,-0.5765804684883443,1.733900301750437,0
1.029206196103294,-0.08789693990845966,-0.004425957213915414,1.202778594327087,-0.9115834940401767,0.646091668153197,0.9702425509371355,-0.9309217190326661,-0.721130416342303,-1.0159421930368553,0.9972039090469852,-0.5787359118286177,-0.5738091541336192,-0.9124191495230389,0.9124191495230393,-0.5784279906300535,-0.5776581893550843,-0.5765804684883443,1.733900301750437,0
-0.3469149734587316,-0.27860412131106305,0.6871298574603482,0.6271624164396183,-0.9115834940401767,0.646091668153197,0.9702425509371355,-0.4968183566208437,0.7014981422339509,0.860881989109011,-1.0028039309991141,-0.5787359118286177,1.7427397119690018,1.0959875190286648,-1.0959875190286648,1.7288236672481017,-0.5776581893550843,-0.5765804684883443,-0.5767344287272242,0
-1.381592544557999,1.3424069206110656,-1.7333154938995745,0.5238779573941654,-0.9115834940401767,0.646091668153197,-1.0306701134001208,-0.7897065132492643,0.7014981422339509,-0.26344193132742777,-1.0028039309991141,1.7279038324066063,-0.5738091541336192,-0.9124191495230389,0.9124191495230393,-0.5784279906300535,1.731127539482183,-0.5765804684883443,-0.5767344287272242,1
1.2257949346121548,1.1516997392084622,1.378685672134612,1.286782761994886,0.8077365626180215,0.646091668153197,-1.0306701134001208,-1.040426516906334,0.7014981422339509,-0.9097068619719949,0.9972039090469852,-0.5787359118286177,-0.5738091541336192,-0.9124191495230389,0.9124191495230393,-0.5784279906300535,-0.5776581893550843,1.7343632929879855,-0.5767344287272242,0
-0.7918263290314166,1.4377605113123673,-1.3875375865624426,0.37324909832924597,-0.9115834940401767,-1.5477679860172513,-1.0306701134001208,-1.6553307975689173,1.4128124215220779,-1.702045372830745,-1.0028039309991141,1.7279038324066063,-0.5738091541336192,-0.9124191495230389,0.9124191495230393,-0.5784279906300535,-0.5776581893550843,-0.5765804684883443,1.733900301750437,1
1.1637142803461988,-0.08789693990845966,-1.7333154938995745,1.2196038531745006,0.8077365626180215,-1.5477679860172513,-1.0306701134001208,-1.1858849866570387,0.7014981422339509,0.07739642250566588,0.9972039090469852,-0.5787359118286177,-0.5738091541336192,1.0959875190286648,-1.0959875190286648,-0.5784279906300535,-0.5776581893550843,-0.5765804684883443,1.733900301750437,0
-0.18136656208284888,0.10281024149414371,-0.35020386455104724,1.187482321661845,-0.9115834940401767,-1.5477679860172513,0.9702425509371355,-1.137581820324881,-0.721130416342303,0.33855827804011424,0.9972039090469852,-0.5787359118286177,-0.5738091541336192,-0.9124191495230389,0.9124191495230393,-0.5784279906300535,-0.5776581893550843,1.7343632929879855,-0.5767344287272242,1
-1.1643102546271529,-0.5646648934149681,-0.004425957213915414,-1.2258476714090278,0.8077365626180215,0.646091668153197,-1.0306701134001208,0.46728018682557676,-0.009816137054176019,-1.401045268146974,0.9972039090469852,-0.5787359118286177,-0.5738091541336192,1.0959875190286648,-1.0959875190286648,1.7288236672481017,-0.5776581893550843,-0.5765804684883443,-0.5767344287272242,0
-1.0298021703842482,0.9609925578058589,-1.3875375865624426,1.1906832558369311,0.8077365626180215,0.646091668153197,0.9702425509371355,0.6202140141162519,1.4128124215220779,1.6797793327339763,-1.0028039309991141,-0.5787359118286177,1.7427397119690018,-0.9124191495230389,0.9124191495230393,-0.5784279906300535,-0.5776581893550843,1.7343632929879855,-0.5767344287272242,0
2.063883767202561,0.1981638321954454,-0.695981771888179,0.9605195486719303,-0.9115834940401767,-1.5477679860172513,0.9702425509371355,-0.734615376577478,-0.721130416342303,-1.5161335434672394,0.9972039090469852,-0.5787359118286177,-0.5738091541336192,-0.9124191495230389,0.9124191495230393,-0.5784279906300535,1.731127539482183,-0.5765804684883443,-0.5767344287272242,0
-1.0918828246502041,0.5795781950006521,0.3413519501232164,0.2774377595880147,0.8077365626180215,0.646091668153197,0.9702425509371355,1.082135256615988,-0.009816137054176019,-0.13064776749635232,-1.0028039309991141,1.7279038324066063,-0.5738091541336192,-0.9124191495230389,0.9124191495230393,-0.5784279906300535,1.731127539482183,-0.5765804684883443,-0.5767344287272242,0
0.7912303547504624,1.9145284648188758,-0.004425957213915414,1.219585582270437,-0.9115834940401767,0.646091668153197,-1.0306701134001208,-0.49141559408235935,0.7014981422339509,-0.033265380686896995,-1.0028039309991141,1.7279038324066063,-0.5738091541336192,-0.9124191495230389,0.9124191495230393,-0.5784279906300535,-0.5776581893550843,1.7343632929879855,-0.5767344287272242,1
0.6567222705075577,1.247053329909764,-0.35020386455104724,0.3889742564267199,-0.9115834940401767,0.646091668153197,0.9702425509371355,1.5073657074961497,-0.009816137054176019,-0.7857656423963245,0.9972039090469852,-0.5787359118286177,-0.5738091541336192,-0.9124191495230389,0.9124191495230393,1.7288236672481017,-0.5776581893550843,-0.5765804684883443,-0.5767344287272242,0
0.8843513361493965,-0.27860412131106305,1.03290776479748,0.43959603993038093,-0.9115834940401767,0.646091668153197,0.9702425509371355,0.17294474366327128,0.7014981422339509,0.2633082518691715,-1.0028039309991141,1.7279038324066063,-0.5738091541336192,1.0959875190286648,-1.0959875190286648,-0.5784279906300535,1.731127539482183,-0.5765804684883443,-0.5767344287272242,1
-0.38830207630270236,-0.3739577120123647,-0.35020386455104724,0.7544242316468854,0.8077365626180215,-1.5477679860172513,0.9702425509371355,1.2313700956633855,-0.009816137054176019,-0.7459273932470019,-1.0028039309991141,-0.5787359118286177,1.7427397119690018,-0.9124191495230389,0.9124191495230393,-0.5784279906300535,-0.5776581893550843,-0.5765804684883443,1.733900301750437,0
0.9671255418373379,0.2935174228967471,-1.3875375865624426,0.5759186208423507,-0.9115834940401767,0.646091668153197,0.9702425509371355,-0.29678363851108075,-0.009816137054176019,-1.0602069143138804,0.9972039090469852,-0.5787359118286177,-0.5738091541336192,-0.9124191495230389,0.9124191495230393,-0.5784279906300535,-0.5776581893550843,-0.5765804684883443,1.733900301750437,0
1.2051013831901694,-0.7553720748175714,0.3413519501232164,-1.2258476714090278,0.8077365626180215,0.646091668153197,0.9702425509371355,1.6620017440719626,-1.43244469563043,-1.6046629860212898,-1.0028039309991141,-0.5787359118286177,1.7427397119690018,-0.9124191495230389,0.9124191495230393,-0.5784279906300535,-0.5776581893550843,1.7343632929879855,-0.5767344287272242,0
0.8326174575944332,0.7702853764032556,-1.3875375865624426,0.6239081119921357,2.52705661927622,-1.5477679860172513,-1.0306701134001208,1.5936050656828546,-0.009816137054176019,0.01985228484553318,0.9972039090469852,-0.5787359118286177,-0.5738091541336192,1.0959875190286648,-1.0959875190286648,-0.5784279906300535,1.731127539482183,-0.5765804684883443,-0.5767344287272242,1
-0.4814230577016364,0.0074566507928420294,0.6871298574603482,0.3535295038986222,-0.9115834940401767,0.646091668153197,0.9702425509371355,-0.8305451032219267,-0.721130416342303,0.2721611961245765,-1.0028039309991141,-0.5787359118286177,1.7427397119690018,1.0959875190286648,-1.0959875190286648,-0.5784279906300535,-0.5776581893550843,1.7343632929879855,-0.5767344287272242,0
0.6049883919525944,-0.18325053060976135,1.378685672134612,-1.2258476714090278,0.8077365626180215,0.646091668153197,-1.0306701134001208,-1.4494888487628166,1.4128124215220779,0.7457937137887456,0.9972039090469852,-0.5787359118286177,-0.5738091541336192,1.0959875190286648,-1.0959875190286648,-0.5784279906300535,1.731127539482183,-0.5765804684883443,-0.5767344287272242,0
0.4601335319986969,1.247053329909764,1.03290776479748,0.425317328404615,-0.9115834940401767,0.646091668153197,0.9702425509371355,-1.3494664468977127,-0.721130416342303,-1.436457045168594,-1.0028039309991141,1.7279038324066063,-0.5738091541336192,-0.9124191495230389,0.9124191495230393,-0.5784279906300535,1.731127539482183,-0.5765804684883443,-0.5767344287272242,0
-0.9263344132743214,-1.7089079818305883,-0.35020386455104724,-1.2258476714090278,-0.9115834940401767,0.646091668153197,0.9702425509371355,-1.098078705611168,-0.009816137054176019,0.4093818320833545,0.9972039090469852,-0.5787359118286177,-0.5738091541336192,-0.9124191495230389,0.9124191495230393,1.7288236672481017,-0.5776581893550843,-0.5765804684883443,-0.5767344287272242,0
-0.10893913210590014,-0.27860412131106305,-0.35020386455104724,-1.2258476714090278,-0.9115834940401767,-1.5477679860172513,-1.0306701134001208,1.268114097625308,0.7014981422339509,-1.082339274952393,-1.0028039309991141,-0.5787359118286177,1.7427397119690018,-0.9124191495230389,0.9124191495230393,-0.5784279906300535,-0.5776581893550843,-0.5765804684883443,1.733900301750437,0
-1.3919393202689916,0.6749317857019538,0.3413519501232164,-0.22876452915303344,-0.9115834940401767,-1.5477679860172513,0.9702425509371355,1.2449067372009082,-0.721130416342303,1.462882198476553,0.9972039090469852,-0.5787359118286177,-0.5738091541336192,1.0959875190286648,-1.0959875190286648,-0.5784279906300535,1.731127539482183,-0.5765804684883443,-0.5767344287272242,1
0.6981093733515285,0.9609925578058589,1.7244635794717436,-1.2258476714090278,-0.9115834940401767,0.646091668153197,-1.0306701134001208,1.4673617895603308,-0.721130416342303,0.3783965271894369,0.9972039090469852,-0.5787359118286177,-0.5738091541336192,1.0959875190286648,-1.0959875190286648,-0.5784279906300535,-0.5776581893550843,1.7343632929879855,-0.5767344287272242,1
-0.7193988990544679,0.6749317857019538,-1.3875375865624426,-1.2258476714090278,0.8077365626180215,0.646091668153197,-1.0306701134001208,0.07271732547911738,1.4128124215220779,0.8121907957042833,-1.0028039309991141,-0.5787359118286177,1.7427397119690018,1.0959875190286648,-1.0959875190286648,-0.5784279906300535,-0.5776581893550843,1.7343632929879855,-0.5767344287272242,0
0.3773593263107555,0.48422460429935044,0.6871298574603482,-1.2258476714090278,2.52705661927622,0.646091668153197,-1.0306701134001208,0.9696677207915411,-0.721130416342303,-1.1974275502726583,-1.0028039309991141,-0.5787359118286177,1.7427397119690018,1.0959875190286648,-1.0959875190286648,-0.5784279906300535,-0.5776581893550843,-0.5765804684883443,1.733900301750437,1
-0.5228101605456071,-1.0414328469214764,-1.0417596792253108,0.6432868098179924,-0.9115834940401767,-1.5477679860172513,0.9702425509371355,-0.6987761243254921,-1.43244469563043,-0.07753010196392214,-1.0028039309991141,1.7279038324066063,-0.5738091541336192,-0.9124191495230389,0.9124191495230393,1.7288236672481017,-0.5776581893550843,-0.5765804684883443,-0.5767344287272242,0
-0.99876184325127,-0.3739577120123647,1.03290776479748,-1.2258476714090278,0.8077365626180215,0.646091668153197,0.9702425509371355,1.333548907513676,0.7014981422339509,-0.9229862783551025,0.9972039090469852,-0.5787359118286177,-0.5738091541336192,1.0959875190286648,-1.0959875190286648,-0.5784279906300535,-0.5776581893550843,-0.5765804684883443,1.733900301750437,0
-2.0334394143505374,-0.4693113027136664,-0.35020386455104724,-1.2258476714090278,0.8077365626180215,0.646091668153197,-1.0306701134001208,1.716772227569595,-0.721130416342303,0.551028940169835,0.9972039090469852,-0.5787359118286177,-0.5738091541336192,-0.9124191495230389,0.9124191495230393,-0.5784279906300535,-0.5776581893550843,1.7343632929879855,-0.5767344287272242,0
2.063883767202561,0.2935174228967471,1.378685672134612,0.5902018199585883,-0.9115834940401767,0.646091668153197,0.9702425509371355,1.7059220127606538,-1.43244469563043,1.6886322769893813,0.9972039090469852,-0.5787359118286177,-0.5738091541336192,1.0959875190286648,-1.0959875190286648,-0.5784279906300535,-0.5776581893550843,-0.5765804684883443,1.733900301750437,0
-0.6262779176555339,0.0074566507928420294,1.378685672134612,-1.2258476714090278,0.8077365626180215,0.646091668153197,0.9702425509371355,0.0806898345510333,1.4128124215220779,-0.5865743966497113,0.9972039090469852,-0.5787359118286177,-0.5738091541336192,-0.9124191495230389,0.9124191495230393,-0.5784279906300535,-0.5776581893550843,1.7343632929879855,-0.5767344287272242,0
-0.6469714690775192,-0.3739577120123647,-1.7333154938995745,-1.2258476714090278,0.8077365626180215,0.646091668153197,0.9702425509371355,0.9632636995888602,-0.009816137054176019,-0.489192009840256,0.9972039090469852,-0.5787359118286177,-0.5738091541336192,1.0959875190286648,-1.0959875190286648,-0.5784279906300535,-0.5776581893550843,1.7343632929879855,-0.5767344287272242,0
-0.5228101605456071,-0.27860412131106305,-0.35020386455104724,-1.2258476714090278,0.8077365626180215,0.646091668153197,-1.0306701134001208,0.7572061271732415,-1.43244469563043,0.7103819367671255,-1.0028039309991141,-0.5787359118286177,1.7427397119690018,-0.9124191495230389,0.9124191495230393,-0.5784279906300535,1.731127539482183,-0.5765804684883443,-0.5767344287272242,0
-0.07789880497292212,-0.7553720748175714,-0.695981771888179,1.4658969221216123,-0.9115834940401767,0.646091668153197,-1.0306701134001208,0.7489807820301655,-0.721130416342303,1.325661562517775,0.9972039090469852,-0.5787359118286177,-0.5738091541336192,1.0959875190286648,-1.0959875190286648,-0.5784279906300535,1.731127539482183,-0.5765804684883443,-0.5767344287272242,0
0.5739480648196164,-1.518200800427985,-1.0417596792253108,0.26951315562811423,0.8077365626180215,-1.5477679860172513,0.9702425509371355,0.47118627806799596,1.4128124215220779,1.5779704737968183,-1.0028039309991141,1.7279038324066063,-0.5738091541336192,-0.9124191495230389,0.9124191495230393,-0.5784279906300535,-0.5776581893550843,1.7343632929879855,-0.5767344287272242,0
0.2635447934898361,-0.4693113027136664,-1.3875375865624426,-0.21461707964856716,-0.9115834940401767,0.646091668153197,0.9702425509371355,-1.0336792368285013,-0.009816137054176019,1.6266616672015461,0.9972039090469852,-0.5787359118286177,-0.5738091541336192,1.0959875190286648,-1.0959875190286648,-0.5784279906300535,-0.5776581893550843,-0.5765804684883443,1.733900301750437,0
-0.12963268352788548,-0.6600184841162697,-1.7333154938995745,-1.2258476714090278,0.8077365626180215,0.646091668153197,-1.0306701134001208,1.0440312609040334,-0.721130416342303,-0.3386919574983705,0.9972039090469852,-0.5787359118286177,-0.5738091541336192,1.0959875190286648,-1.0959875190286648,-0.5784279906300535,-0.5776581893550843,-0.5765804684883443,1.733900301750437,0
-0.6676650204995045,1.6284676927149706,1.378685672134612,0.3893924036960369,0.8077365626180215,0.646091668153197,0.9702425509371355,-0.7936658148340323,-0.009816137054176019,1.197293870814402,-1.0028039309991141,1.7279038324066063,-0.5738091541336192,1.0959875190286648,-1.0959875190286648,-0.5784279906300535,-0.5776581893550843,1.7343632929879855,-0.5767344287272242,0
1.3292626917220816,-1.1367864376227783,-1.3875375865624426,-1.2258476714090278,0.8077365626180215,0.646091668153197,0.9702425509371355,1.5742745829795843,-1.43244469563043,0.05969053399485581,0.9972039090469852,-0.5787359118286177,-0.5738091541336192,-0.9124191495230389,0.9124191495230393,-0.5784279906300535,-0.5776581893550843,-0.5765804684883443,1.733900301750437,0
-0.026164926417958756,-0.7553720748175714,0.6871298574603482,0.7884635670018743,-0.9115834940401767,-1.5477679860172513,0.9702425509371355,0.5197692334225036,0.7014981422339509,0.6085730778299676,-1.0028039309991141,1.7279038324066063,-0.5738091541336192,-0.9124191495230389,0.9124191495230393,-0.5784279906300535,1.731127539482183,-0.5765804684883443,-0.5767344287272242,0
0.8636577847274112,1.1516997392084622,-1.3875375865624426,0.6739652604517937,-0.9115834940401767,0.646091668153197,0.9702425509371355,0.2925214246715236,-0.721130416342303,0.40052888782794943,0.9972039090469852,-0.5787359118286177,-0.5738091541336192,-0.9124191495230389,0.9124191495230393,1.7288236672481017,-0.5776581893550843,-0.5765804684883443,-0.5767344287272242,0
-1.88858455439664,1.6284676927149706,1.7244635794717436,-1.2258476714090278,2.52705661927622,-1.5477679860172513,0.9702425509371355,-0.6578844979004886,-0.009816137054176019,-0.26344193132742777,0.9972039090469852,-0.5787359118286177,-0.5738091541336192,1.0959875190286648,-1.0959875190286648,-0.5784279906300535,-0.5776581893550843,1.7343632929879855,-0.5767344287272242,1
0.3773593263107555,0.48422460429935044,1.378685672134612,-1.2258476714090278,0.8077365626180215,-1.5477679860172513,-1.0306701134001208,0.05133163677512851,0.7014981422339509,-1.3169422977206262,0.9972039090469852,-0.5787359118286177,-0.5738091541336192,1.0959875190286648,-1.0959875190286648,1.7288236672481017,-0.5776581893550843,-0.5765804684883443,-0.5767344287272242,1
2.063883767202561,-0.5646648934149681,-0.695981771888179,0.38449948764200115,0.8077365626180215,0.646091668153197,0.9702425509371355,0.6338097782563848,-1.43244469563043,-0.07310362983621962,-1.0028039309991141,-0.5787359118286177,1.7427397119690018,-0.9124191495230389,0.9124191495230393,-0.5784279906300535,1.731127539482183,-0.5765804684883443,-0.5767344287272242,0
0.05660927926998263,-0.08789693990845966,1.7244635794717436,-1.2258476714090278,-0.9115834940401767,0.646091668153197,0.9702425509371355,0.6335087746530982,-1.43244469563043,1.2725438969853449,0.9972039090469852,-0.5787359118286177,-0.5738091541336192,-0.9124191495230389,0.9124191495230393,-0.5784279906300535,-0.5776581893550843,-0.5765804684883443,1.733900301750437,0
-1.73338291873175,0.48422460429935044,-0.004425957213915414,0.9672456454336884,-0.9115834940401767,0.646091668153197,-1.0306701134001208,1.6044771906327624,-1.43244469563043,1.0910585397495418,0.9972039090469852,-0.5787359118286177,-0.5738091541336192,1.0959875190286648,-1.0959875190286648,-0.5784279906300535,-0.5776581893550843,-0.5765804684883443,1.733900301750437,1
0.6256819433745797,-0.3739577120123647,-1.0417596792253108,0.9154982780770519,-0.9115834940401767,0.646091668153197,0.9702425509371355,0.3564063529214781,-0.721130416342303,-1.126603996229418,-1.0028039309991141,1.7279038324066063,-0.5738091541336192,1.0959875190286648,-1.0959875190286648,1.7288236672481017,-0.5776581893550843,-0.5765804684883443,-0.5767344287272242,0
-1.8368506758416767,0.8656389671045572,1.03290776479748,-1.2258476714090278,0.8077365626180215,0.646091668153197,-1.0306701134001208,-0.5034192213122133,0.7014981422339509,-1.3390746583591389,-1.0028039309991141,-0.5787359118286177,1.7427397119690018,-0.9124191495230389,0.9124191495230393,-0.5784279906300535,-0.5776581893550843,-0.5765804684883443,1.733900301750437,0
0.8015771304614552,-0.9460792562201749,-1.3875375865624426,-1.2258476714090278,-0.9115834940401767,0.646091668153197,0.9702425509371355,-0.2962045847855206,-0.721130416342303,-1.356780546869949,-1.0028039309991141,-0.5787359118286177,1.7427397119690018,1.0959875190286648,-1.0959875190286648,-0.5784279906300535,-0.5776581893550843,1.7343632929879855,-0.5767344287272242,0
-0.18136656208284888,-0.3739577120123647,-0.695981771888179,-1.2258476714090278,0.8077365626180215,0.646091668153197,0.9702425509371355,-1.1101221536527797,-0.721130416342303,-1.0203686651645578,0.9972039090469852,-0.5787359118286177,-0.5738091541336192,-0.9124191495230389,0.9124191495230393,-0.5784279906300535,1.731127539482183,-0.5765804684883443,-0.5767344287272242,0
1.4016901216990303,-0.6600184841162697,-1.0417596792253108,0.4463636469040032,0.8077365626180215,-1.5477679860172513,-1.0306701134001208,-0.7047836763106724,-0.009816137054176019,-1.6223688745320999,-1.0028039309991141,1.7279038324066063,-0.5738091541336192,1.0959875190286648,-1.0959875190286648,-0.5784279906300535,1.731127539482183,-0.5765804684883443,-0.5767344287272242,0
0.7601900276174844,0.10281024149414371,1.7244635794717436,-1.2258476714090278,-0.9115834940401767,0.646091668153197,-1.0306701134001208,0.48266667026475385,1.4128124215220779,0.4093818320833545,0.9972039090469852,-0.5787359118286177,-0.5738091541336192,-0.9124191495230389,0.9124191495230393,-0.5784279906300535,1.731127539482183,-0.5765804684883443,-0.5767344287272242,1
0.18077058780189473,-0.18325053060976135,0.3413519501232164,1.4645333357025436,-0.9115834940401767,0.646091668153197,-1.0306701134001208,0.27036505545351586,0.7014981422339509,-0.34311842962607303,-1.0028039309991141,1.7279038324066063,-0.5738091541336192,1.0959875190286648,-1.0959875190286648,-0.5784279906300535,-0.5776581893550843,-0.5765804684883443,1.733900301750437,0
0.6774158219295431,-0.4693113027136664,1.378685672134612,-1.2258476714090278,-0.9115834940401767,0.646091668153197,0.9702425509371355,-0.5806975057333658,-0.009816137054176019,1.653220499967761,-1.0028039309991141,-0.5787359118286177,1.7427397119690018,-0.9124191495230389,0.9124191495230393,1.7288236672481017,-0.5776581893550843,-0.5765804684883443,-0.5767344287272242,0
1.7534804958727812,-0.7553720748175714,-1.0417596792253108,0.28426707093062403,-0.9115834940401767,0.646091668153197,-1.0306701134001208,0.06052346258086639,-1.43244469563043,1.507146919753578,-1.0028039309991141,-0.5787359118286177,1.7427397119690018,1.0959875190286648,-1.0959875190286648,-0.5784279906300535,-0.5776581893550843,1.7343632929879855,-0.5767344287272242,0
0.2635447934898361,-0.18325053060976135,-0.004425957213915414,0.21073725996613873,-0.9115834940401767,0.646091668153197,0.9702425509371355,1.2084127890700234,0.7014981422339509,1.6620734442231662,0.9972039090469852,-0.5787359118286177,-0.5738091541336192,1.0959875190286648,-1.0959875190286648,1.7288236672481017,-0.5776581893550843,-0.5765804684883443,-0.5767344287272242,1
1.184407831768184,-0.4693113027136664,1.378685672134612,0.24600443212842452,-0.9115834940401767,-1.5477679860172513,-1.0306701134001208,0.664084724152756,-1.43244469563043,1.0467938184725165,0.9972039090469852,-0.5787359118286177,-0.5738091541336192,-0.9124191495230389,0.9124191495230393,-0.5784279906300535,-0.5776581893550843,1.7343632929879855,-0.5767344287272242,0
0.17042381209090204,0.8656389671045572,-1.3875375865624426,0.3309282353007618,0.8077365626180215,-1.5477679860172513,-1.0306701134001208,0.22999614239158572,1.4128124215220779,0.5731613008083475,-1.0028039309991141,1.7279038324066063,-0.5738091541336192,1.0959875190286648,-1.0959875190286648,-0.5784279906300535,1.731127539482183,-0.5765804684883443,-0.5767344287272242,1
-0.40899562772468767,0.9609925578058589,-0.695981771888179,-1.2258476714090278,0.8077365626180215,0.646091668153197,0.9702425509371355,0.7447239546422644,0.7014981422339509,-0.7503538653747044,0.9972039090469852,-0.5787359118286177,-0.5738091541336192,-0.9124191495230389,0.9124191495230393,-0.5784279906300535,-0.5776581893550843,1.7343632929879855,-0.5767344287272242,0
-0.7090521233434752,0.10281024149414371,-0.695981771888179,0.5395452576287708,-0.9115834940401767,0.646091668153197,0.9702425509371355,1.594004664920493,-1.43244469563043,0.35183769442322177,-1.0028039309991141,1.7279038324066063,-0.5738091541336192,1.0959875190286648,-1.0959875190286648,-0.5784279906300535,1.731127539482183,-0.5765804684883443,-0.5767344287272242,1
-1.0194553946732554,-0.4693113027136664,-0.004425957213915414,-1.2258476714090278,0.8077365626180215,0.646091668153197,0.9702425509371355,-1.7169695885897245,-0.009816137054176019,0.46692596974348716,0.9972039090469852,-0.5787359118286177,-0.5738091541336192,1.0959875190286648,-1.0959875190286648,-0.5784279906300535,-0.5776581893550843,-0.5765804684883443,1.733900301750437,0
-1.702342591598772,0.0074566507928420294,1.03290776479748,0.3419138567756818,-0.9115834940401767,-1.5477679860172513,0.9702425509371355,0.35544978398925386,-0.009816137054176019,-0.8787215570780773,0.9972039090469852,-0.5787359118286177,-0.5738091541336192,1.0959875190286648,-1.0959875190286648,-0.5784279906300535,-0.5776581893550843,1.7343632929879855,-0.5767344287272242,0
-0.8021731047424093,-0.27860412131106305,-1.3875375865624426,-1.2258476714090278,-0.9115834940401767,0.646091668153197,0.9702425509371355,-0.7509415616181346,-1.43244469563043,-0.8388833079287547,0.9972039090469852,-0.5787359118286177,-0.5738091541336192,1.0959875190286648,-1.0959875190286648,-0.5784279906300535,-0.5776581893550843,-0.5765804684883443,1.733900301750437,0
0.01522217642601194,1.1516997392084622,0.6871298574603482,-1.2258476714090278,0.8077365626180215,-1.5477679860172513,0.9702425509371355,-0.9841110206905032,1.4128124215220779,0.6307054384684803,0.9972039090469852,-0.5787359118286177,-0.5738091541336192,-0.9124191495230389,0.9124191495230393,-0.5784279906300535,-0.5776581893550843,1.7343632929879855,-0.5767344287272242,0
0.4394399805767116,1.7238212834162723,1.378685672134612,-1.2258476714090278,0.8077365626180215,0.646091668153197,0.9702425509371355,0.6157885134209051,0.7014981422339509,-0.9097068619719949,-1.0028039309991141,-0.5787359118286177,1.7427397119690018,1.0959875190286648,-1.0959875190286648,-0.5784279906300535,-0.5776581893550843,-0.5765804684883443,1.733900301750437,0
1.3603030188550596,-0.5646648934149681,-1.0417596792253108,0.2886024038685411,-0.9115834940401767,-1.5477679860172513,0.9702425509371355,0.030885475782611447,-0.009816137054176019,-1.2505452158050885,0.9972039090469852,-0.5787359118286177,-0.5738091541336192,1.0959875190286648,-1.0959875190286648,-0.5784279906300535,-0.5776581893550843,1.7343632929879855,-0.5767344287272242,0
-1.5574877316448745,0.48422460429935044,1.378685672134612,1.3519225417591119,0.8077365626180215,0.646091668153197,-1.0306701134001208,1.6723245504876234,-0.721130416342303,1.644367555712356,-1.0028039309991141,1.7279038324066063,-0.5738091541336192,-0.9124191495230389,0.9124191495230393,-0.5784279906300535,-0.5776581893550843,-0.5765804684883443,1.733900301750437,0
1.3603030188550596,-0.5646648934149681,0.6871298574603482,1.8437137350554766,-0.9115834940401767,0.646091668153197,0.9702425509371355,1.1645154738623456,0.7014981422339509,0.6926760482563155,0.9972039090469852,-0.5787359118286177,-0.5738091541336192,-0.9124191495230389,0.9124191495230393,1.7288236672481017,-0.5776581893550843,-0.5765804684883443,-0.5767344287272242,0
0.2325044663568581,0.48422460429935044,1.03290776479748,0.9128893853020643,-0.9115834940401767,-1.5477679860172513,0.9702425509371355,-1.6412095378255886,0.7014981422339509,-1.4630158779348093,0.9972039090469852,-0.5787359118286177,-0.5738091541336192,1.0959875190286648,-1.0959875190286648,-0.5784279906300535,-0.5776581893550843,1.7343632929879855,-0.5767344287272242,0
1.5775853087859057,-0.27860412131106305,-1.3875375865624426,-1.2258476714090278,0.8077365626180215,0.646091668153197,0.9702425509371355,0.8569419583056961,-0.009816137054176019,1.6797793327339763,0.9972039090469852,-0.5787359118286177,-0.5738091541336192,-0.9124191495230389,0.9124191495230393,-0.5784279906300535,-0.5776581893550843,-0.5765804684883443,1.733900301750437,0
-0.5848908148115631,0.9609925578058589,-0.35020386455104724,-1.2258476714090278,0.8077365626180215,0.646091668153197,0.9702425509371355,-1.3295402170281458,-0.009816137054176019,0.860881989109011,0.9972039090469852,-0.5787359118286177,-0.5738091541336192,1.0959875190286648,-1.0959875190286648,-0.5784279906300535,-0.5776581893550843,1.7343632929879855,-0.5767344287272242,0
-0.3262214220367463,-0.3739577120123647,1.03290776479748,0.8944207067154495,-0.9115834940401767,0.646091668153197,-1.0306701134001208,-0.5983087379307461,-1.43244469563043,-0.4360743443078258,0.9972039090469852,-0.5787359118286177,-0.5738091541336192,1.0959875190286648,-1.0959875190286648,1.7288236672481017,-0.5776581893550843,-0.5765804684883443,-0.5767344287272242,0
-1.1125763760721894,-1.518200800427985,-0.004425957213915414,-1.2258476714090278,0.8077365626180215,0.646091668153197,-1.0306701134001208,0.3085182620376425,-0.721130416342303,0.45807302548808215,-1.0028039309991141,-0.5787359118286177,1.7427397119690018,-0.9124191495230389,0.9124191495230393,-0.5784279906300535,-0.5776581893550843,1.7343632929879855,-0.5767344287272242,0
0.09799638211395333,0.2935174228967471,-0.004425957213915414,-1.2258476714090278,0.8077365626180215,0.646091668153197,-1.0306701134001208,0.2681270910547296,1.4128124215220779,-0.5113243704787686,-1.0028039309991141,-0.5787359118286177,1.7427397119690018,-0.9124191495230389,0.9124191495230393,-0.5784279906300535,-0.5776581893550843,-0.5765804684883443,1.733900301750437,0
-0.18136656208284888,-0.27860412131106305,0.3413519501232164,0.779628943802732,-0.9115834940401767,-1.5477679860172513,-1.0306701134001208,0.44987501428729226,1.4128124215220779,-0.626412645799034,0.9972039090469852,-0.5787359118286177,-0.5738091541336192,1.0959875190286648,-1.0959875190286648,-0.5784279906300535,1.731127539482183,-0.5765804684883443,-0.5767344287272242,0
-0.1606730106608635,-0.7553720748175714,-1.3875375865624426,-1.2258476714090278,0.8077365626180215,0.646091668153197,-1.0306701134001208,0.6136924432683826,1.4128124215220779,-0.4272214000524208,-1.0028039309991141,-0.5787359118286177,1.7427397119690018,-0.9124191495230389,0.9124191495230393,-0.5784279906300535,-0.5776581893550843,1.7343632929879855,-0.5767344287272242,0
1.567238533074913,0.1981638321954454,0.3413519501232164,-1.2258476714090278,0.8077365626180215,0.646091668153197,-1.0306701134001208,-0.9175860943440163,-0.721130416342303,-1.1797216617618482,-1.0028039309991141,-0.5787359118286177,1.7427397119690018,-0.9124191495230389,0.9124191495230393,1.7288236672481017,-0.5776581893550843,-0.5765804684883443,-0.5767344287272242,0
1.3706497945660523,-0.08789693990845966,-1.3875375865624426,-1.2258476714090278,2.52705661927622,0.646091668153197,0.9702425509371355,-0.3462445645143431,-0.009816137054176019,-0.32098606898756044,-1.0028039309991141,-0.5787359118286177,1.7427397119690018,-0.9124191495230389,0.9124191495230393,-0.5784279906300535,-0.5776581893550843,-0.5765804684883443,1.733900301750437,1
-1.5574877316448745,0.10281024149414371,-1.3875375865624426,0.36090405748355303,-0.9115834940401767,0.646091668153197,0.9702425509371355,0.9173697793130496,1.4128124215220779,-0.5555890917557937,-1.0028039309991141,-0.5787359118286177,1.7427397119690018,-0.9124191495230389,0.9124191495230393,-0.5784279906300535,1.731127539482183,-0.5765804684883443,-0.5767344287272242,0
1.7948675987167517,-1.23214002832408,0.6871298574603482,1.118373428396417,-0.9115834940401767,0.646091668153197,-1.0306701134001208,-1.359587193124454,-0.721130416342303,1.153029149537377,0.9972039090469852,-0.5787359118286177,-0.5738091541336192,-0.9124191495230389,0.9124191495230393,-0.5784279906300535,1.731127539482183,-0.5765804684883443,-0.5767344287272242,1
-1.319511890292043,-0.6600184841162697,-0.35020386455104724,-1.2258476714090278,0.8077365626180215,0.646091668153197,-1.0306701134001208,1.1782400904981658,-0.009816137054176019,-0.5600155638834963,-1.0028039309991141,-0.5787359118286177,1.7427397119690018,-0.9124191495230389,0.9124191495230393,1.7288236672481017,-0.5776581893550843,-0.5765804684883443,-0.5767344287272242,0
1.3189159160110888,0.2935174228967471,0.3413519501232164,-1.2258476714090278,0.8077365626180215,0.646091668153197,0.9702425509371355,0.10619810755699782,1.4128124215220779,-0.4759125934571485,0.9972039090469852,-0.5787359118286177,-0.5738091541336192,-0.9124191495230389,0.9124191495230393,-0.5784279906300535,-0.5776581893550843,1.7343632929879855,-0.5767344287272242,0
0.7912303547504624,-1.7089079818305883,1.03290776479748,1.2318248441978665,-0.9115834940401767,0.646091668153197,0.9702425509371355,1.0990827506540697,1.4128124215220779,-1.4497364615517017,-1.0028039309991141,1.7279038324066063,-0.5738091541336192,-0.9124191495230389,0.9124191495230393,-0.5784279906300535,-0.5776581893550843,1.7343632929879855,-0.5767344287272242,0
0.9981658689703159,-1.1367864376227783,1.7244635794717436,-1.2258476714090278,0.8077365626180215,-1.5477679860172513,-1.0306701134001208,-1.514275048922554,-0.721130416342303,1.608955778690736,0.9972039090469852,-0.5787359118286177,-0.5738091541336192,-0.9124191495230389,0.9124191495230393,-0.5784279906300535,-0.5776581893550843,1.7343632929879855,-0.5767344287272242,0
-0.2434472163488049,-1.1367864376227783,-1.3875375865624426,-0.2306780056759832,-0.9115834940401767,0.646091668153197,0.9702425509371355,0.10080056171874378,0.7014981422339509,-0.6042802851605215,0.9972039090469852,-0.5787359118286177,-0.5738091541336192,-0.9124191495230389,0.9124191495230393,1.7288236672481017,-0.5776581893550843,-0.5765804684883443,-0.5767344287272242,0
-0.6469714690775192,-1.6135543911292867,1.378685672134612,-0.149175509425114,-0.9115834940401767,0.646091668153197,0.9702425509371355,1.103236635157427,-0.721130416342303,0.5377495237867274,-1.0028039309991141,-0.5787359118286177,1.7427397119690018,1.0959875190286648,-1.0959875190286648,-0.5784279906300535,-0.5776581893550843,-0.5765804684883443,1.733900301750437,1
0.49117385913167494,-0.18325053060976135,-0.004425957213915414,0.3512296137818344,0.8077365626180215,-1.5477679860172513,-1.0306701134001208,-1.3054437569945003,-1.43244469563043,-0.9008539177165898,0.9972039090469852,-0.5787359118286177,-0.5738091541336192,-0.9124191495230389,0.9124191495230393,-0.5784279906300535,-0.5776581893550843,1.7343632929879855,-0.5767344287272242,0
0.4601335319986969,0.2935174228967471,-0.004425957213915414,-1.2258476714090278,-0.9115834940401767,-1.5477679860172513,0.9702425509371355,-0.4854680341498272,1.4128124215220779,-0.10408893473013724,0.9972039090469852,-0.5787359118286177,-0.5738091541336192,1.0959875190286648,-1.0959875190286648,-0.5784279906300535,-0.5776581893550843,1.7343632929879855,-0.5767344287272242,1
0.21181091493487275,-0.08789693990845966,0.3413519501232164,0.8918097304163143,-0.9115834940401767,-1.5477679860172513,0.9702425509371355,-0.4177062281787432,-1.43244469563043,-0.059824213453112084,0.9972039090469852,-0.5787359118286177,-0.5738091541336192,1.0959875190286648,-1.0959875190286648,-0.5784279906300535,-0.5776581893550843,-0.5765804684883443,1.733900301750437,0
0.44978675628770426,-0.08789693990845966,0.6871298574603482,0.721885193949266,-0.9115834940401767,0.646091668153197,-1.0306701134001208,0.23285228576765918,0.7014981422339509,-0.10851540685783975,-1.0028039309991141,-0.5787359118286177,1.7427397119690018,-0.9124191495230389,0.9124191495230393,-0.5784279906300535,-0.5776581893550843,1.7343632929879855,-0.5767344287272242,0
0.7705368033284771,0.48422460429935044,1.7244635794717436,-1.2258476714090278,-0.9115834940401767,-1.5477679860172513,0.9702425509371355,-0.10977032584609765,1.4128124215220779,0.39610241570024696,0.9972039090469852,-0.5787359118286177,-0.5738091541336192,1.0959875190286648,-1.0959875190286648,-0.5784279906300535,-0.5776581893550843,-0.5765804684883443,1.733900301750437,0
-0.38830207630270236,-1.4228472097266833,0.6871298574603482,1.0252224294495107,-0.9115834940401767,0.646091668153197,-1.0306701134001208,0.5027344466005687,-0.721130416342303,-1.6002365138935872,0.9972039090469852,-0.5787359118286177,-0.5738091541336192,1.0959875190286648,-1.0959875190286648,1.7288236672481017,-0.5776581893550843,-0.5765804684883443,-0.5767344287272242,0
-1.1332699274941749,-0.18325053060976135,1.378685672134612,0.6755591564247174,-0.9115834940401767,0.646091668153197,0.9702425509371355,-0.46148321150110955,-0.721130416342303,0.7280878252779356,0.9972039090469852,-0.5787359118286177,-0.5738091541336192,-0.9124191495230389,0.9124191495230393,-0.5784279906300535,1.731127539482183,-0.5765804684883443,-0.5767344287272242,0
0.7084561490625211,0.0074566507928420294,-0.004425957213915414,-1.2258476714090278,0.8077365626180215,0.646091668153197,-1.0306701134001208,0.7941462770638227,-1.43244469563043,-1.1930010781449558,-1.0028039309991141,-0.5787359118286177,1.7427397119690018,-0.9124191495230389,0.9124191495230393,-0.5784279906300535,-0.5776581893550843,-0.5765804684883443,1.733900301750437,0
0.7808835790394698,-0.08789693990845966,-0.35020386455104724,-1.2258476714090278,0.8077365626180215,-1.5477679860172513,-1.0306701134001208,-1.6224417631871575,1.4128124215220779,-0.3696772623922881,0.9972039090469852,-0.5787359118286177,-0.5738091541336192,1.0959875190286648,-1.0959875190286648,1.7288236672481017,-0.5776581893550843,-0.5765804684883443,-0.5767344287272242,0
-0.7400924504764532,-0.3739577120123647,-1.3875375865624426,0.8495084204606,0.8077365626180215,-1.5477679860172513,0.9702425509371355,-1.5910833086529592,0.7014981422339509,-1.5913835696381822,-1.0028039309991141,-0.5787359118286177,1.7427397119690018,1.0959875190286648,-1.0959875190286648,-0.5784279906300535,1.731127539482183,-0.5765804684883443,-0.5767344287272242,1
1.2568352617451328,-0.3739577120123647,1.378685672134612,-1.2258476714090278,-0.9115834940401767,-1.5477679860172513,0.9702425509371355,-1.2979485759936544,-0.721130416342303,0.03755817335634324,0.9972039090469852,-0.5787359118286177,-0.5738091541336192,1.0959875190286648,-1.0959875190286648,-0.5784279906300535,-0.5776581893550843,-0.5765804684883443,1.733900301750437,0
0.1497302606689167,2.2959428276240823,0.6871298574603482,0.4484976564444235,-0.9115834940401767,0.646091668153197,0.9702425509371355,-1.3028687937608385,-0.721130416342303,1.480588086987363,-1.0028039309991141,1.7279038324066063,-0.5738091541336192,-0.9124191495230389,0.9124191495230393,-0.5784279906300535,-0.5776581893550843,1.7343632929879855,-0.5767344287272242,1
0.4290932048657189,0.48422460429935044,1.03290776479748,-1.2258476714090278,-0.9115834940401767,-1.5477679860172513,0.9702425509371355,1.0255881389099328,0.7014981422339509,0.4403671369772721,-1.0028039309991141,-0.5787359118286177,1.7427397119690018,1.0959875190286648,-1.0959875190286648,-0.5784279906300535,-0.5776581893550843,1.7343632929879855,-0.5767344287272242,0
1.6086256359188837,2.6773571904292894,-1.3875375865624426,-1.2258476714090278,0.8077365626180215,-1.5477679860172513,0.9702425509371355,0.06704051228853646,-0.009816137054176019,1.3787792280502051,0.9972039090469852,-0.5787359118286177,-0.5738091541336192,1.0959875190286648,-1.0959875190286648,-0.5784279906300535,-0.5776581893550843,1.7343632929879855,-0.5767344287272242,0
2.063883767202561,-0.7553720748175714,-1.3875375865624426,0.31915456088477945,0.8077365626180215,0.646091668153197,-1.0306701134001208,0.11205315800544635,1.4128124215220779,-1.2771040485713037,0.9972039090469852,-0.5787359118286177,-0.5738091541336192,-0.9124191495230389,0.9124191495230393,-0.5784279906300535,-0.5776581893550843,1.7343632929879855,-0.5767344287272242,0
-0.9573747404072994,0.1981638321954454,-1.0417596792253108,0.7651542207360023,-0.9115834940401767,0.646091668153197,0.9702425509371355,0.1929210538550485,-0.009816137054176019,-0.5777214523943063,-1.0028039309991141,1.7279038324066063,-0.5738091541336192,-0.9124191495230389,0.9124191495230393,-0.5784279906300535,-0.5776581893550843,-0.5765804684883443,1.733900301750437,0
1.7845208230057592,3.058771553234496,-0.004425957213915414,1.1638756725272172,-0.9115834940401767,-1.5477679860172513,0.9702425509371355,1.0884265970936948,1.4128124215220779,1.3654998116670978,0.9972039090469852,-0.5787359118286177,-0.5738091541336192,-0.9124191495230389,0.9124191495230393,-0.5784279906300535,-0.5776581893550843,1.7343632929879855,-0.5767344287272242,0
1.2051013831901694,0.8656389671045572,1.378685672134612,-1.2258476714090278,0.8077365626180215,-1.5477679860172513,0.9702425509371355,1.3105736902495233,1.4128124215220779,0.5952936614468601,0.9972039090469852,-0.5787359118286177,-0.5738091541336192,-0.9124191495230389,0.9124191495230393,1.7288236672481017,-0.5776581893550843,-0.5765804684883443,-0.5767344287272242,0
1.7017466173178177,-0.18325053060976135,-1.0417596792253108,0.5495915302552941,0.8077365626180215,0.646091668153197,-1.0306701134001208,-1.6990210097774536,-0.009816137054176019,0.07296995037796336,-1.0028039309991141,1.7279038324066063,-0.5738091541336192,-0.9124191495230389,0.9124191495230393,-0.5784279906300535,1.731127539482183,-0.5765804684883443,-0.5767344287272242,0
0.7912303547504624,-0.7553720748175714,-1.7333154938995745,-1.2258476714090278,-0.9115834940401767,0.646091668153197,-1.0306701134001208,0.3766596698954826,-0.721130416342303,-1.4718688221902143,-1.0028039309991141,-0.5787359118286177,1.7427397119690018,1.0959875190286648,-1.0959875190286648,-0.5784279906300535,-0.5776581893550843,-0.5765804684883443,1.733900301750437,1
0.5429077376866382,-0.27860412131106305,-1.0417596792253108,-1.2258476714090278,0.8077365626180215,0.646091668153197,-1.0306701134001208,0.15129665493769956,-0.721130416342303,-0.7680597538855144,0.9972039090469852,-0.5787359118286177,-0.5738091541336192,-0.9124191495230389,0.9124191495230393,-0.5784279906300535,-0.5776581893550843,-0.5765804684883443,1.733900301750437,0
0.6567222705075577,-1.4228472097266833,0.6871298574603482,-1.2258476714090278,0.8077365626180215,0.646091668153197,-1.0306701134001208,1.1519301845568164,1.4128124215220779,0.0862493667610709,0.9972039090469852,-0.5787359118286177,-0.5738091541336192,1.0959875190286648,-1.0959875190286648,-0.5784279906300535,1.731127539482183,-0.5765804684883443,-0.5767344287272242,0
0.2945851206228141,-1.0414328469214764,1.378685672134612,-1.2258476714090278,0.8077365626180215,-1.5477679860172513,0.9702425509371355,-0.6664937921805129,-0.009816137054176019,-1.3877658517638665,-1.0028039309991141,-0.5787359118286177,1.7427397119690018,1.0959875190286648,-1.0959875190286648,-0.5784279906300535,1.731127539482183,-0.5765804684883443,-0.5767344287272242,0
-1.443673198823955,0.10281024149414371,-1.3875375865624426,-1.2258476714090278,-0.9115834940401767,0.646091668153197,0.9702425509371355,1.4611714791770836,-0.009816137054176019,-0.32098606898756044,-1.0028039309991141,-0.5787359118286177,1.7427397119690018,1.0959875190286648,-1.0959875190286648,-0.5784279906300535,-0.5776581893550843,1.7343632929879855,-0.5767344287272242,0
0.522214186264653,-0.3739577120123647,-1.0417596792253108,-1.2258476714090278,0.8077365626180215,0.646091668153197,0.9702425509371355,-0.5968777970575826,1.4128124215220779,1.471735142731958,0.9972039090469852,-0.5787359118286177,-0.5738091541336192,1.0959875190286648,-1.0959875190286648,-0.5784279906300535,-0.5776581893550843,1.7343632929879855,-0.5767344287272242,0
-0.1710197863718562,-0.27860412131106305,-1.3875375865624426,-1.2258476714090278,-0.9115834940401767,0.646091668153197,0.9702425509371355,0.7628638124629785,-0.009816137054176019,1.617808722946141,-1.0028039309991141,-0.5787359118286177,1.7427397119690018,1.0959875190286648,-1.0959875190286648,-0.5784279906300535,1.731127539482183,-0.5765804684883443,-0.5767344287272242,0
0.6360287190855723,-0.08789693990845966,0.6871298574603482,0.9020340642219143,0.8077365626180215,0.646091668153197,0.9702425509371355,-0.7125050882115045,1.4128124215220779,-1.1000451634632031,-1.0028039309991141,1.7279038324066063,-0.5738091541336192,-0.9124191495230389,0.9124191495230393,1.7288236672481017,-0.5776581893550843,-0.5765804684883443,-0.5767344287272242,0
-1.4643667502459403,-0.08789693990845966,-1.0417596792253108,-1.2258476714090278,-0.9115834940401767,-1.5477679860172513,-1.0306701134001208,1.1888838978679956,-0.721130416342303,-0.6928097277145717,-1.0028039309991141,-0.5787359118286177,1.7427397119690018,-0.9124191495230389,0.9124191495230393,-0.5784279906300535,1.731127539482183,-0.5765804684883443,-0.5767344287272242,0
0.3877061020217482,0.6749317857019538,1.03290776479748,1.2692801975284103,-0.9115834940401767,0.646091668153197,-1.0306701134001208,-1.2833609432497393,-0.009816137054176019,1.6709263884785712,-1.0028039309991141,-0.5787359118286177,1.7427397119690018,1.0959875190286648,-1.0959875190286648,-0.5784279906300535,-0.5776581893550843,-0.5765804684883443,1.733900301750437,0
-0.336568197747739,0.48422460429935044,-0.004425957213915414,1.3057276059847742,0.8077365626180215,-1.5477679860172513,-1.0306701134001208,0.6817787279937892,1.4128124215220779,0.2721611961245765,-1.0028039309991141,1.7279038324066063,-0.5738091541336192,-0.9124191495230389,0.9124191495230393,-0.5784279906300535,1.731127539482183,-0.5765804684883443,-0.5767344287272242,0
0.7912303547504624,-0.6600184841162697,-1.3875375865624426,-0.2758917618478834,-0.9115834940401767,0.646091668153197,0.9702425509371355,-0.940237354523869,-0.721130416342303,1.6222351950738436,0.9972039090469852,-0.5787359118286177,-0.5738091541336192,-0.9124191495230389,0.9124191495230393,1.7288236672481017,-0.5776581893550843,-0.5765804684883443,-0.5767344287272242,0
0.5739480648196164,-1.9949687539344934,-1.0417596792253108,1.5971592639633838,0.8077365626180215,0.646091668153197,-1.0306701134001208,0.5140880729817308,-0.009816137054176019,-0.8920009734611849,0.9972039090469852,-0.5787359118286177,-0.5738091541336192,-0.9124191495230389,0.9124191495230393,-0.5784279906300535,-0.5776581893550843,1.7343632929879855,-0.5767344287272242,0
0.7912303547504624,-0.7553720748175714,-0.695981771888179,0.10006654754631078,0.8077365626180215,0.646091668153197,-1.0306701134001208,-0.693433875509679,0.7014981422339509,-1.3435011304868414,-1.0028039309991141,1.7279038324066063,-0.5738091541336192,1.0959875190286648,-1.0959875190286648,1.7288236672481017,-0.5776581893550843,-0.5765804684883443,-0.5767344287272242,0
-0.19171333779384153,2.4866500090266856,0.3413519501232164,0.849219451688435,-0.9115834940401767,0.646091668153197,0.9702425509371355,-0.2592832150157689,-1.43244469563043,-1.4054717402746766,-1.0028039309991141,1.7279038324066063,-0.5738091541336192,-0.9124191495230389,0.9124191495230393,-0.5784279906300535,-0.5776581893550843,-0.5765804684883443,1.733900301750437,0
-1.7126893673097645,-0.18325053060976135,-0.004425957213915414,-1.2258476714090278,0.8077365626180215,-1.5477679860172513,0.9702425509371355,1.219598959373794,0.7014981422339509,0.5687348286806451,0.9972039090469852,-0.5787359118286177,-0.5738091541336192,-0.9124191495230389,0.9124191495230393,-0.5784279906300535,-0.5776581893550843,-0.5765804684883443,1.733900301750437,0
0.9257384389933673,0.48422460429935044,1.378685672134612,-1.2258476714090278,-0.9115834940401767,-1.5477679860172513,0.9702425509371355,-0.06194379202497936,-0.721130416342303,0.42708772059416455,0.9972039090469852,-0.5787359118286177,-0.5738091541336192,-0.9124191495230389,0.9124191495230393,1.7288236672481017,-0.5776581893550843,-0.5765804684883443,-0.5767344287272242,1
-1.4022860959799843,0.5795781950006521,0.6871298574603482,0.71281545306362,2.52705661927622,0.646091668153197,0.9702425509371355,-1.0572882831706318,-0.721130416342303,0.3783965271894369,-1.0028039309991141,1.7279038324066063,-0.5738091541336192,-0.9124191495230389,0.9124191495230393,-0.5784279906300535,1.731127539482183,-0.5765804684883443,-0.5767344287272242,1
-2.1265603957494714,0.5795781950006521,1.7244635794717436,-1.2258476714090278,0.8077365626180215,-1.5477679860172513,0.9702425509371355,-0.158461788565395,-1.43244469563043,0.8431761005982009,-1.0028039309991141,-0.5787359118286177,1.7427397119690018,-0.9124191495230389,0.9124191495230393,-0.5784279906300535,-0.5776581893550843,-0.5765804684883443,1.733900301750437,0
-1.2470844603150943,1.533114102013669,-0.35020386455104724,0.7119104022281149,-0.9115834940401767,-1.5477679860172513,0.9702425509371355,0.40665291397941916,1.4128124215220779,0.6174260220853727,0.9972039090469852,-0.5787359118286177,-0.5738091541336192,1.0959875190286648,-1.0959875190286648,1.7288236672481017,-0.5776581893550843,-0.5765804684883443,-0.5767344287272242,1
-0.4503827305686584,-0.9460792562201749,0.6871298574603482,0.41867793830161504,-0.9115834940401767,0.646091668153197,-1.0306701134001208,1.0984144913545721,1.4128124215220779,0.8564555169813085,-1.0028039309991141,1.7279038324066063,-0.5738091541336192,-0.9124191495230389,0.9124191495230393,1.7288236672481017,-0.5776581893550843,-0.5765804684883443,-0.5767344287272242,0
-0.5228101605456071,-1.1367864376227783,0.3413519501232164,-1.2258476714090278,0.8077365626180215,0.646091668153197,0.9702425509371355,1.250981758509067,-0.721130416342303,-1.392192323891569,-1.0028039309991141,-0.5787359118286177,1.7427397119690018,1.0959875190286648,-1.0959875190286648,-0.5784279906300535,-0.5776581893550843,-0.5765804684883443,1.733900301750437,0
0.4601335319986969,1.6284676927149706,-1.3875375865624426,-1.2258476714090278,2.52705661927622,0.646091668153197,-1.0306701134001208,1.524045932592434,-0.721130416342303,-1.6622071236814224,-1.0028039309991141,-0.5787359118286177,1.7427397119690018,-0.9124191495230389,0.9124191495230393,1.7288236672481017,-0.5776581893550843,-0.5765804684883443,-0.5767344287272242,1
1.09128685036925,-1.4228472097266833,-1.3875375865624426,-1.2258476714090278,0.8077365626180215,0.646091668153197,-1.0306701134001208,1.4622760285058394,1.4128124215220779,1.28139684124075,0.9972039090469852,-0.5787359118286177,-0.5738091541336192,1.0959875190286648,-1.0959875190286648,1.7288236672481017,-0.5776581893550843,-0.5765804684883443,-0.5767344287272242,0
-0.6159311419445411,-1.1367864376227783,-0.004425957213915414,0.502077723695518,-0.9115834940401767,-1.5477679860172513,0.9702425509371355,1.0852751884845877,-0.721130416342303,0.8210437399596884,-1.0028039309991141,-0.5787359118286177,1.7427397119690018,1.0959875190286648,-1.0959875190286648,-0.5784279906300535,-0.5776581893550843,-0.5765804684883443,1.733900301750437,1
0.33597222346678485,-0.9460792562201749,-1.7333154938995745,0.917023097210928,-0.9115834940401767,0.646091668153197,-1.0306701134001208,-0.7739444273935077,-1.43244469563043,-0.9672509996321276,-1.0028039309991141,-0.5787359118286177,1.7427397119690018,-0.9124191495230389,0.9124191495230393,-0.5784279906300535,-0.5776581893550843,1.7343632929879855,-0.5767344287272242,1
0.44978675628770426,2.0098820555201775,1.378685672134612,-1.2258476714090278,-0.9115834940401767,0.646091668153197,0.9702425509371355,-0.7477491149672163,0.7014981422339509,0.17920528144282372,0.9972039090469852,-0.5787359118286177,-0.5738091541336192,-0.9124191495230389,0.9124191495230393,-0.5784279906300535,1.731127539482183,-0.5765804684883443,-0.5767344287272242,0
0.07730283069196799,-0.9460792562201749,1.03290776479748,-1.2258476714090278,0.8077365626180215,-1.5477679860172513,0.9702425509371355,0.5281187360310603,1.4128124215220779,0.3872494714448419,0.9972039090469852,-0.5787359118286177,-0.5738091541336192,1.0959875190286648,-1.0959875190286648,1.7288236672481017,-0.5776581893550843,-0.5765804684883443,-0.5767344287272242,0
0.17042381209090204,-0.7553720748175714,-0.004425957213915414,-1.2258476714090278,0.8077365626180215,0.646091668153197,0.9702425509371355,-1.3866606500895076,0.7014981422339509,0.9582643759184664,-1.0028039309991141,-0.5787359118286177,1.7427397119690018,-0.9124191495230389,0.9124191495230393,-0.5784279906300535,-0.5776581893550843,1.7343632929879855,-0.5767344287272242,0
1.1947546074791768,0.48422460429935044,-0.695981771888179,0.6464824550471653,-0.9115834940401767,-1.5477679860172513,-1.0306701134001208,1.6963491939480984,-1.43244469563043,-0.2767213477105353,-1.0028039309991141,1.7279038324066063,-0.5738091541336192,-0.9124191495230389,0.9124191495230393,-0.5784279906300535,-0.5776581893550843,1.7343632929879855,-0.5767344287272242,0
1.0085126446813086,1.8191748741175742,1.378685672134612,0.7347597704706293,0.8077365626180215,-1.5477679860172513,0.9702425509371355,0.42323002230115175,-1.43244469563043,0.15264644867660862,-1.0028039309991141,-0.5787359118286177,1.7427397119690018,-0.9124191495230389,0.9124191495230393,1.7288236672481017,-0.5776581893550843,-0.5765804684883443,-0.5767344287272242,0
0.01522217642601194,3.916953869546211,-0.35020386455104724,-1.2258476714090278,0.8077365626180215,0.646091668153197,0.9702425509371355,1.5391496708791306,-1.43244469563043,0.24560236335836144,0.9972039090469852,-0.5787359118286177,-0.5738091541336192,1.0959875190286648,-1.0959875190286648,-0.5784279906300535,1.731127539482183,-0.5765804684883443,-0.5767344287272242,0
1.1016336260802426,-0.7553720748175714,1.7244635794717436,-0.5921455648946199,0.8077365626180215,-1.5477679860172513,-1.0306701134001208,1.6072505623651825,1.4128124215220779,0.852029044853606,0.9972039090469852,-0.5787359118286177,-0.5738091541336192,-0.9124191495230389,0.9124191495230393,-0.5784279906300535,1.731127539482183,-0.5765804684883443,-0.5767344287272242,0
-0.1710197863718562,-0.3739577120123647,1.7244635794717436,-1.2258476714090278,-0.9115834940401767,0.646091668153197,-1.0306701134001208,-0.3035394391992895,-0.009816137054176019,-0.2191772100504026,-1.0028039309991141,-0.5787359118286177,1.7427397119690018,1.0959875190286648,-1.0959875190286648,-0.5784279906300535,1.731127539482183,-0.5765804684883443,-0.5767344287272242,0
2.063883767202561,0.38887101359804876,-0.004425957213915414,0.8465390780080755,0.8077365626180215,-1.5477679860172513,0.9702425509371355,-1.4058252417254546,0.7014981422339509,0.03755817335634324,-1.0028039309991141,1.7279038324066063,-0.5738091541336192,-0.9124191495230389,0.9124191495230393,-0.5784279906300535,-0.5776581893550843,1.7343632929879855,-0.5767344287272242,0
0.8222706818834405,-0.6600184841162697,1.378685672134612,0.8202001273604864,-0.9115834940401767,-1.5477679860172513,-1.0306701134001208,-0.6813832979777527,-0.009816137054176019,-0.28557429196594036,0.9972039090469852,-0.5787359118286177,-0.5738091541336192,1.0959875190286648,-1.0959875190286648,1.7288236672481017,-0.5776581893550843,-0.5765804684883443,-0.5767344287272242,0
0.16007703637990936,0.48422460429935044,-1.0417596792253108,0.7345001313076192,-0.9115834940401767,-1.5477679860172513,-1.0306701134001208,-0.5480206171609703,1.4128124215220779,1.0202349857063016,-1.0028039309991141,1.7279038324066063,-0.5738091541336192,1.0959875190286648,-1.0959875190286648,-0.5784279906300535,1.731127539482183,-0.5765804684883443,-0.5767344287272242,1
-1.0711892732282189,1.0563461485071606,-0.695981771888179,0.07699632574414937,2.52705661927622,-1.5477679860172513,0.9702425509371355,1.3503739829863541,0.7014981422339509,1.2946762576238575,-1.0028039309991141,1.7279038324066063,-0.5738091541336192,-0.9124191495230389,0.9124191495230393,1.7288236672481017,-0.5776581893550843,-0.5765804684883443,-0.5767344287272242,1
-0.2537939920597976,-0.9460792562201749,-0.35020386455104724,0.46929603557024574,0.8077365626180215,-1.5477679860172513,-1.0306701134001208,-1.0256975115861788,-1.43244469563043,1.024661457834004,0.9972039090469852,-0.5787359118286177,-0.5738091541336192,1.0959875190286648,-1.0959875190286648,-0.5784279906300535,-0.5776581893550843,1.7343632929879855,-0.5767344287272242,0
0.35666577488877016,0.48422460429935044,-1.0417596792253108,0.6919165839654475,-0.9115834940401767,0.646091668153197,-1.0306701134001208,0.7876662659277871,0.7014981422339509,0.1747788093151212,-1.0028039309991141,1.7279038324066063,-0.5738091541336192,1.0959875190286648,-1.0959875190286648,1.7288236672481017,-0.5776581893550843,-0.5765804684883443,-0.5767344287272242,1
1.5258514302309423,-1.0414328469214764,-0.695981771888179,-1.2258476714090278,0.8077365626180215,0.646091668153197,-1.0306701134001208,-1.7003829163175697,-0.721130416342303,0.11280819952728599,0.9972039090469852,-0.5787359118286177,-0.5738091541336192,-0.9124191495230389,0.9124191495230393,-0.5784279906300535,1.731127539482183,-0.5765804684883443,-0.5767344287272242,0
1.0188594203923014,0.6749317857019538,1.378685672134612,-0.15871772947900334,-0.9115834940401767,0.646091668153197,-1.0306701134001208,-0.3710311939884534,-1.43244469563043,1.600102834435331,-1.0028039309991141,-0.5787359118286177,1.7427397119690018,1.0959875190286648,-1.0959875190286648,-0.5784279906300535,-0.5776581893550843,1.7343632929879855,-0.5767344287272242,1
-1.1953505817601309,-0.08789693990845966,1.03290776479748,-1.2258476714090278,0.8077365626180215,0.646091668153197,-1.0306701134001208,0.6352271557089496,-1.43244469563043,-1.4807217664456194,0.9972039090469852,-0.5787359118286177,-0.5738091541336192,1.0959875190286648,-1.0959875190286648,1.7288236672481017,-0.5776581893550843,-0.5765804684883443,-0.5767344287272242,0
0.17042381209090204,-0.5646648934149681,-0.35020386455104724,-1.2258476714090278,0.8077365626180215,0.646091668153197,0.9702425509371355,0.5520053108254414,1.4128124215220779,1.0113820414508965,0.9972039090469852,-0.5787359118286177,-0.5738091541336192,-0.9124191495230389,0.9124191495230393,1.7288236672481017,-0.5776581893550843,-0.5765804684883443,-0.5767344287272242,0
0.9878190932593233,-0.3739577120123647,-1.0417596792253108,1.5352066350606524,-0.9115834940401767,0.646091668153197,-1.0306701134001208,-1.3513908876126597,-0.009816137054176019,1.5204263361366857,0.9972039090469852,-0.5787359118286177,-0.5738091541336192,-0.9124191495230389,0.9124191495230393,-0.5784279906300535,-0.5776581893550843,1.7343632929879855,-0.5767344287272242,0
-1.0918828246502041,-0.18325053060976135,-0.695981771888179,0.23556838021520932,-0.9115834940401767,0.646091668153197,-1.0306701134001208,0.09366428969374052,-1.43244469563043,-1.4630158779348093,0.9972039090469852,-0.5787359118286177,-0.5738091541336192,-0.9124191495230389,0.9124191495230393,-0.5784279906300535,1.731127539482183,-0.5765804684883443,-0.5767344287272242,0
0.553254513397631,0.0074566507928420294,1.7244635794717436,0.4178313864133311,0.8077365626180215,0.646091668153197,-1.0306701134001208,1.2499389401330356,-0.009816137054176019,1.325661562517775,-1.0028039309991141,1.7279038324066063,-0.5738091541336192,1.0959875190286648,-1.0959875190286648,-0.5784279906300535,-0.5776581893550843,-0.5765804684883443,1.733900301750437,1
-1.040148946095241,1.247053329909764,-0.004425957213915414,0.7136926167297649,-0.9115834940401767,0.646091668153197,0.9702425509371355,-1.014819822156025,-0.009816137054176019,-0.0642506855808146,-1.0028039309991141,1.7279038324066063,-0.5738091541336192,-0.9124191495230389,0.9124191495230393,1.7288236672481017,-0.5776581893550843,-0.5765804684883443,-0.5767344287272242,1
0.4601335319986969,0.38887101359804876,-1.3875375865624426,0.3836122268972947,-0.9115834940401767,0.646091668153197,0.9702425509371355,0.018276537436038374,-1.43244469563043,1.6487940278400586,0.9972039090469852,-0.5787359118286177,-0.5738091541336192,-0.9124191495230389,0.9124191495230393,-0.5784279906300535,1.731127539482183,-0.5765804684883443,-0.5767344287272242,0
-1.2160441331821163,0.9609925578058589,-1.3875375865624426,0.41351079841553584,2.52705661927622,0.646091668153197,-1.0306701134001208,-0.5335096699104406,-1.43244469563043,1.4318968935826355,-1.0028039309991141,1.7279038324066063,-0.5738091541336192,1.0959875190286648,-1.0959875190286648,-0.5784279906300535,-0.5776581893550843,-0.5765804684883443,1.733900301750437,1
0.5636012891086236,-0.18325053060976135,-0.695981771888179,0.5367211207822261,-0.9115834940401767,0.646091668153197,0.9702425509371355,-1.1088856218081977,-0.009816137054176019,0.13494056016579856,-1.0028039309991141,1.7279038324066063,-0.5738091541336192,1.0959875190286648,-1.0959875190286648,-0.5784279906300535,-0.5776581893550843,-0.5765804684883443,1.733900301750437,1
-0.026164926417958756,0.9609925578058589,1.7244635794717436,-1.2258476714090278,0.8077365626180215,0.646091668153197,0.9702425509371355,1.0389152429882067,-0.721130416342303,-1.2948099370821138,-1.0028039309991141,-0.5787359118286177,1.7427397119690018,1.0959875190286648,-1.0959875190286648,-0.5784279906300535,1.731127539482183,-0.5765804684883443,-0.5767344287272242,1
1.536198205941935,1.247053329909764,-0.35020386455104724,1.3578770935019004,-0.9115834940401767,0.646091668153197,0.9702425509371355,-0.1914325512507623,0.7014981422339509,-1.0336480815476654,0.9972039090469852,-0.5787359118286177,-0.5738091541336192,1.0959875190286648,-1.0959875190286648,-0.5784279906300535,-0.5776581893550843,-0.5765804684883443,1.733900301750437,0
0.5118674105536603,0.6749317857019538,-0.004425957213915414,-0.3190186281793171,0.8077365626180215,-1.5477679860172513,0.9702425509371355,-0.9505890266808038,-0.721130416342303,1.1574556216650795,-1.0028039309991141,-0.5787359118286177,1.7427397119690018,1.0959875190286648,-1.0959875190286648,-0.5784279906300535,-0.5776581893550843,-0.5765804684883443,1.733900301750437,0
-0.10893913210590014,-0.8507256655188732,-0.004425957213915414,-0.7098125911310427,-0.9115834940401767,-1.5477679860172513,0.9702425509371355,0.7191355183427613,0.7014981422339509,-0.6485450064375465,-1.0028039309991141,1.7279038324066063,-0.5738091541336192,1.0959875190286648,-1.0959875190286648,-0.5784279906300535,1.731127539482183,-0.5765804684883443,-0.5767344287272242,0
-0.18136656208284888,1.9145284648188758,-1.0417596792253108,0.4409193983062916,-0.9115834940401767,0.646091668153197,0.9702425509371355,0.05336458485486524,0.7014981422339509,0.3164259174016017,0.9972039090469852,-0.5787359118286177,-0.5738091541336192,-0.9124191495230389,0.9124191495230393,-0.5784279906300535,-0.5776581893550843,1.7343632929879855,-0.5767344287272242,0
0.08764960640296066,0.48422460429935044,1.378685672134612,-0.849157564225757,-0.9115834940401767,-1.5477679860172513,0.9702425509371355,1.2132613641540455,0.7014981422339509,-1.4674423500625118,0.9972039090469852,-0.5787359118286177,-0.5738091541336192,1.0959875190286648,-1.0959875190286648,-0.5784279906300535,1.731127539482183,-0.5765804684883443,-0.5767344287272242,1
-1.857544227263662,0.2935174228967471,-0.695981771888179,1.4178489320246057,-0.9115834940401767,0.646091668153197,-1.0306701134001208,1.5726878366595436,-0.009816137054176019,-1.0867657470800955,0.9972039090469852,-0.5787359118286177,-0.5738091541336192,-0.9124191495230389,0.9124191495230393,1.7288236672481017,-0.5776581893550843,-0.5765804684883443,-0.5767344287272242,0
0.3980528777327409,0.10281024149414371,-0.35020386455104724,0.026183499103260885,4.246376675934418,0.646091668153197,-1.0306701134001208,0.33333149668292716,-0.009816137054176019,0.006572868462425636,-1.0028039309991141,1.7279038324066063,-0.5738091541336192,1.0959875190286648,-1.0959875190286648,-0.5784279906300535,-0.5776581893550843,1.7343632929879855,-0.5767344287272242,1
-0.46072950627965104,-1.3274936190253817,-0.695981771888179,1.1363353298018972,2.52705661927622,0.646091668153197,-1.0306701134001208,-0.9495820296463537,1.4128124215220779,-0.8920009734611849,-1.0028039309991141,-0.5787359118286177,1.7427397119690018,1.0959875190286648,-1.0959875190286648,-0.5784279906300535,-0.5776581893550843,-0.5765804684883443,1.733900301750437,1
-0.8332134318753873,2.105235646221479,0.3413519501232164,1.0516902380520752,-0.9115834940401767,0.646091668153197,0.9702425509371355,-0.9542422818520626,-1.43244469563043,-1.3169422977206262,0.9972039090469852,-0.5787359118286177,-0.5738091541336192,1.0959875190286648,-1.0959875190286648,-0.5784279906300535,-0.5776581893550843,-0.5765804684883443,1.733900301750437,0
-0.5641972633895778,-0.5646648934149681,-1.3875375865624426,0.9885027204141622,-0.9115834940401767,0.646091668153197,-1.0306701134001208,-0.25523053449687894,-0.721130416342303,0.7502201859164481,0.9972039090469852,-0.5787359118286177,-0.5738091541336192,1.0959875190286648,-1.0959875190286648,1.7288236672481017,-0.5776581893550843,-0.5765804684883443,-0.5767344287272242,0
0.3773593263107555,-0.7553720748175714,-1.0417596792253108,-1.2258476714090278,0.8077365626180215,-1.5477679860172513,0.9702425509371355,0.7880895142064702,-0.009816137054176019,-1.1487363568679307,0.9972039090469852,-0.5787359118286177,-0.5738091541336192,1.0959875190286648,-1.0959875190286648,-0.5784279906300535,-0.5776581893550843,-0.5765804684883443,1.733900301750437,0
-0.4917698334126291,1.6284676927149706,-0.004425957213915414,0.22907339436274765,0.8077365626180215,0.646091668153197,-1.0306701134001208,1.0804382640310808,0.7014981422339509,1.6310881393292485,-1.0028039309991141,-0.5787359118286177,1.7427397119690018,1.0959875190286648,-1.0959875190286648,-0.5784279906300535,-0.5776581893550843,1.7343632929879855,-0.5767344287272242,1
-1.3712457688470063,-0.9460792562201749,1.378685672134612,0.7929548437086859,0.8077365626180215,0.646091668153197,-1.0306701134001208,1.0470411230468921,-0.009816137054176019,-0.09080951834702969,-1.0028039309991141,1.7279038324066063,-0.5738091541336192,-0.9124191495230389,0.9124191495230393,1.7288236672481017,-0.5776581893550843,-0.5765804684883443,-0.5767344287272242,1
-1.857544227263662,-1.0414328469214764,-0.004425957213915414,-1.2258476714090278,0.8077365626180215,0.646091668153197,0.9702425509371355,-1.351703889626476,-1.43244469563043,-0.10408893473013724,-1.0028039309991141,-0.5787359118286177,1.7427397119690018,1.0959875190286648,-1.0959875190286648,-0.5784279906300535,-0.5776581893550843,1.7343632929879855,-0.5767344287272242,0
1.308569140300096,-0.8507256655188732,-0.35020386455104724,-1.2258476714090278,0.8077365626180215,-1.5477679860172513,0.9702425509371355,0.26990737695331357,-1.43244469563043,-0.20147132153959255,0.9972039090469852,-0.5787359118286177,-0.5738091541336192,1.0959875190286648,-1.0959875190286648,1.7288236672481017,-0.5776581893550843,-0.5765804684883443,-0.5767344287272242,0
-0.3262214220367463,0.1981638321954454,-0.004425957213915414,0.25614029629329504,-0.9115834940401767,0.646091668153197,-1.0306701134001208,-1.0749840259117422,-0.009816137054176019,-0.16605954451797245,-1.0028039309991141,1.7279038324066063,-0.5738091541336192,1.0959875190286648,-1.0959875190286648,-0.5784279906300535,1.731127539482183,-0.5765804684883443,-0.5767344287272242,0
0.3463189991777775,-1.1367864376227783,1.378685672134612,0.738275316792005,0.8077365626180215,-1.5477679860172513,0.9702425509371355,0.6563579216616858,-0.721130416342303,0.8874408218752261,0.9972039090469852,-0.5787359118286177,-0.5738091541336192,1.0959875190286648,-1.0959875190286648,-0.5784279906300535,1.731127539482183,-0.5765804684883443,-0.5767344287272242,0
-0.7297456747654606,-0.08789693990845966,1.378685672134612,0.6243568710393138,0.8077365626180215,0.646091668153197,-1.0306701134001208,0.49369564400158544,-0.009816137054176019,0.32970533378470923,-1.0028039309991141,1.7279038324066063,-0.5738091541336192,-0.9124191495230389,0.9124191495230393,-0.5784279906300535,1.731127539482183,-0.5765804684883443,-0.5767344287272242,1
0.19111736351288738,-1.3274936190253817,-1.3875375865624426,1.3040078972075526,-0.9115834940401767,-1.5477679860172513,-1.0306701134001208,-1.087617830529413,-0.009816137054176019,-1.117751051974013,0.9972039090469852,-0.5787359118286177,-0.5738091541336192,-0.9124191495230389,0.9124191495230393,-0.5784279906300535,1.731127539482183,-0.5765804684883443,-0.5767344287272242,1
-0.30552787061476094,0.0074566507928420294,0.3413519501232164,-1.2258476714090278,0.8077365626180215,0.646091668153197,0.9702425509371355,-0.7165369019294733,-1.43244469563043,-0.46263317707404095,0.9972039090469852,-0.5787359118286177,-0.5738091541336192,-0.9124191495230389,0.9124191495230393,-0.5784279906300535,-0.5776581893550843,-0.5765804684883443,1.733900301750437,0
0.7808835790394698,-0.7553720748175714,1.378685672134612,-1.2258476714090278,0.8077365626180215,0.646091668153197,0.9702425509371355,0.10480455303548473,-0.009816137054176019,0.07739642250566588,0.9972039090469852,-0.5787359118286177,-0.5738091541336192,-0.9124191495230389,0.9124191495230393,-0.5784279906300535,1.731127539482183,-0.5765804684883443,-0.5767344287272242,0
0.3049318963338068,-0.27860412131106305,0.6871298574603482,-1.2258476714090278,0.8077365626180215,0.646091668153197,-1.0306701134001208,-1.39079018999179,1.4128124215220779,-0.3652507902645856,-1.0028039309991141,-0.5787359118286177,1.7427397119690018,-0.9124191495230389,0.9124191495230393,1.7288236672481017,-0.5776581893550843,-0.5765804684883443,-0.5767344287272242,0
-0.7193988990544679,0.6749317857019538,-1.0417596792253108,0.04646772857788787,0.8077365626180215,-1.5477679860172513,-1.0306701134001208,1.537232533544506,-1.43244469563043,0.1437935044212036,-1.0028039309991141,-0.5787359118286177,1.7427397119690018,-0.9124191495230389,0.9124191495230393,-0.5784279906300535,1.731127539482183,-0.5765804684883443,-0.5767344287272242,0
-1.8678910029746547,-0.8507256655188732,-0.35020386455104724,0.7837115292344348,-0.9115834940401767,0.646091668153197,-1.0306701134001208,-0.5529060569266194,-1.43244469563043,-0.31213312473215543,-1.0028039309991141,-0.5787359118286177,1.7427397119690018,-0.9124191495230389,0.9124191495230393,-0.5784279906300535,1.731127539482183,-0.5765804684883443,-0.5767344287272242,0
1.5465449816529278,0.10281024149414371,-0.004425957213915414,0.34103316714559484,-0.9115834940401767,0.646091668153197,-1.0306701134001208,-0.025215614053755376,-0.009816137054176019,1.2504115363468322,0.9972039090469852,-0.5787359118286177,-0.5738091541336192,1.0959875190286648,-1.0959875190286648,-0.5784279906300535,-0.5776581893550843,1.7343632929879855,-0.5767344287272242,1
0.12903670924693136,-0.5646648934149681,1.03290776479748,0.32508026383167793,-0.9115834940401767,0.646091668153197,0.9702425509371355,-1.0994402643712688,0.7014981422339509,1.0866320676218393,-1.0028039309991141,-0.5787359118286177,1.7427397119690018,1.0959875190286648,-1.0959875190286648,-0.5784279906300535,1.731127539482183,-0.5765804684883443,-0.5767344287272242,0
-0.2537939920597976,0.9609925578058589,1.378685672134612,1.5274147355618457,0.8077365626180215,0.646091668153197,-1.0306701134001208,1.5146165730362116,1.4128124215220779,-0.9229862783551025,-1.0028039309991141,1.7279038324066063,-0.5738091541336192,-0.9124191495230389,0.9124191495230393,-0.5784279906300535,-0.5776581893550843,-0.5765804684883443,1.733900301750437,0
0.5015206348426676,-0.9460792562201749,-0.695981771888179,0.7885882579085545,-0.9115834940401767,0.646091668153197,0.9702425509371355,0.8961155514548635,-1.43244469563043,-0.4582067049463384,0.9972039090469852,-0.5787359118286177,-0.5738091541336192,-0.9124191495230389,0.9124191495230393,1.7288236672481017,-0.5776581893550843,-0.5765804684883443,-0.5767344287272242,0
0.08764960640296066,-0.08789693990845966,-0.695981771888179,-1.2258476714090278,0.8077365626180215,0.646091668153197,-1.0306701134001208,1.0166107194836593,1.4128124215220779,0.8741614054921185,0.9972039090469852,-0.5787359118286177,-0.5738091541336192,1.0959875190286648,-1.0959875190286648,-0.5784279906300535,-0.5776581893550843,-0.5765804684883443,1.733900301750437,0
2.063883767202561,0.0074566507928420294,-0.35020386455104724,0.8219576601145419,0.8077365626180215,-1.5477679860172513,0.9702425509371355,0.898112330413004,0.7014981422339509,-0.8964274455888874,0.9972039090469852,-0.5787359118286177,-0.5738091541336192,-0.9124191495230389,0.9124191495230393,-0.5784279906300535,-0.5776581893550843,1.7343632929879855,-0.5767344287272242,0
-0.8952940861413433,-0.18325053060976135,1.378685672134612,0.38090492767410433,-0.9115834940401767,0.646091668153197,0.9702425509371355,0.7989077332539984,-0.009816137054176019,-0.47148612132944595,-1.0028039309991141,-0.5787359118286177,1.7427397119690018,-0.9124191495230389,0.9124191495230393,-0.5784279906300535,-0.5776581893550843,1.7343632929879855,-0.5767344287272242,0
0.07730283069196799,-1.3274936190253817,-0.695981771888179,-1.2258476714090278,0.8077365626180215,-1.5477679860172513,0.9702425509371355,1.2843196030006376,0.7014981422339509,-0.9185598062274,0.9972039090469852,-0.5787359118286177,-0.5738091541336192,-0.9124191495230389,0.9124191495230393,-0.5784279906300535,1.731127539482183,-0.5765804684883443,-0.5767344287272242,0
1.9397224586706492,2.6773571904292894,-0.35020386455104724,0.42923659759736277,-0.9115834940401767,0.646091668153197,0.9702425509371355,-0.3787359124485486,1.4128124215220779,-1.6179424024043974,-1.0028039309991141,-0.5787359118286177,1.7427397119690018,1.0959875190286648,-1.0959875190286648,-0.5784279906300535,1.731127539482183,-0.5765804684883443,-0.5767344287272242,0
0.09799638211395333,-0.08789693990845966,-0.004425957213915414,0.5462822528245321,0.8077365626180215,0.646091668153197,-1.0306701134001208,1.6661505857650971,-1.43244469563043,-0.5954273409051164,0.9972039090469852,-0.5787359118286177,-0.5738091541336192,1.0959875190286648,-1.0959875190286648,-0.5784279906300535,-0.5776581893550843,-0.5765804684883443,1.733900301750437,0
-1.3919393202689916,1.3424069206110656,-1.3875375865624426,1.285186782497815,-0.9115834940401767,0.646091668153197,-1.0306701134001208,0.3201680231018763,0.7014981422339509,0.9759702644292764,-1.0028039309991141,1.7279038324066063,-0.5738091541336192,1.0959875190286648,-1.0959875190286648,-0.5784279906300535,1.731127539482183,-0.5765804684883443,-0.5767344287272242,1
-0.15032623494987085,-0.18325053060976135,-1.3875375865624426,0.6194697247444558,-0.9115834940401767,0.646091668153197,-1.0306701134001208,-0.8278247679418479,0.7014981422339509,-0.188191905156485,-1.0028039309991141,-0.5787359118286177,1.7427397119690018,-0.9124191495230389,0.9124191495230393,-0.5784279906300535,-0.5776581893550843,-0.5765804684883443,1.733900301750437,0
-0.5641972633895778,-0.9460792562201749,0.3413519501232164,-1.2258476714090278,0.8077365626180215,0.646091668153197,-1.0306701134001208,0.2887709649859741,-0.721130416342303,-0.7060891440976792,-1.0028039309991141,-0.5787359118286177,1.7427397119690018,1.0959875190286648,-1.0959875190286648,-0.5784279906300535,-0.5776581893550843,-0.5765804684883443,1.733900301750437,0
1.215448158901162,1.4377605113123673,1.03290776479748,-0.10855400074564032,-0.9115834940401767,0.646091668153197,0.9702425509371355,-0.534002126412178,-0.009816137054176019,-0.16605954451797245,0.9972039090469852,-0.5787359118286177,-0.5738091541336192,-0.9124191495230389,0.9124191495230393,-0.5784279906300535,-0.5776581893550843,-0.5765804684883443,1.733900301750437,0
0.3773593263107555,-1.23214002832408,0.3413519501232164,-1.2258476714090278,0.8077365626180215,0.646091668153197,0.9702425509371355,-1.168212371286949,-0.721130416342303,-1.547118848361157,0.9972039090469852,-0.5787359118286177,-0.5738091541336192,1.0959875190286648,-1.0959875190286648,-0.5784279906300535,-0.5776581893550843,-0.5765804684883443,1.733900301750437,0
0.48082708342068226,-0.5646648934149681,-1.3875375865624426,0.1740834223480726,-0.9115834940401767,0.646091668153197,-1.0306701134001208,1.2595595786977019,1.4128124215220779,1.4850145591150656,0.9972039090469852,-0.5787359118286177,-0.5738091541336192,1.0959875190286648,-1.0959875190286648,-0.5784279906300535,-0.5776581893550843,1.7343632929879855,-0.5767344287272242,0
-0.6780117962104972,0.48422460429935044,0.6871298574603482,1.40048035418793,-0.9115834940401767,0.646091668153197,0.9702425509371355,0.2128931906866417,-1.43244469563043,-0.5910008687774139,-1.0028039309991141,1.7279038324066063,-0.5738091541336192,-0.9124191495230389,0.9124191495230393,-0.5784279906300535,-0.5776581893550843,1.7343632929879855,-0.5767344287272242,0
0.9878190932593233,-1.3274936190253817,1.378685672134612,-1.2258476714090278,0.8077365626180215,-1.5477679860172513,0.9702425509371355,-0.19756982518166868,-0.009816137054176019,0.6174260220853727,0.9972039090469852,-0.5787359118286177,-0.5738091541336192,-0.9124191495230389,0.9124191495230393,-0.5784279906300535,-0.5776581893550843,-0.5765804684883443,1.733900301750437,0
-1.1022296003611969,-1.518200800427985,-1.3875375865624426,0.3203067497384092,-0.9115834940401767,0.646091668153197,-1.0306701134001208,-1.1222734134991503,0.7014981422339509,-0.5290302589895787,0.9972039090469852,-0.5787359118286177,-0.5738091541336192,-0.9124191495230389,0.9124191495230393,1.7288236672481017,-0.5776581893550843,-0.5765804684883443,-0.5767344287272242,0
1.0188594203923014,0.48422460429935044,-1.7333154938995745,-0.07994481013259504,0.8077365626180215,-1.5477679860172513,-1.0306701134001208,0.8867270560504446,-1.43244469563043,-1.0115157209091528,-1.0028039309991141,1.7279038324066063,-0.5738091541336192,1.0959875190286648,-1.0959875190286648,-0.5784279906300535,-0.5776581893550843,-0.5765804684883443,1.733900301750437,0
0.47048030770968957,-0.6600184841162697,1.03290776479748,0.39547052444788783,-0.9115834940401767,0.646091668153197,0.9702425509371355,0.2752037188071002,0.7014981422339509,0.3872494714448419,-1.0028039309991141,1.7279038324066063,-0.5738091541336192,-0.9124191495230389,0.9124191495230393,1.7288236672481017,-0.5776581893550843,-0.5765804684883443,-0.5767344287272242,0
0.8740045604384039,1.533114102013669,0.3413519501232164,0.9240396051846456,-0.9115834940401767,0.646091668153197,-1.0306701134001208,-1.7010330910562692,0.7014981422339509,-0.8034715309071345,0.9972039090469852,-0.5787359118286177,-0.5738091541336192,-0.9124191495230389,0.9124191495230393,1.7288236672481017,-0.5776581893550843,-0.5765804684883443,-0.5767344287272242,0
-0.8642537590083653,0.5795781950006521,-0.35020386455104724,-1.2258476714090278,0.8077365626180215,-1.5477679860172513,0.9702425509371355,0.36452475570983367,-0.009816137054176019,-0.3608243181368831,0.9972039090469852,-0.5787359118286177,-0.5738091541336192,1.0959875190286648,-1.0959875190286648,-0.5784279906300535,1.731127539482183,-0.5765804684883443,-0.5767344287272242,0
-0.9470279646963067,-1.3274936190253817,-0.004425957213915414,-1.2258476714090278,0.8077365626180215,0.646091668153197,0.9702425509371355,1.0977846617467706,-0.009816137054176019,1.2858233133684525,-1.0028039309991141,-0.5787359118286177,1.7427397119690018,-0.9124191495230389,0.9124191495230393,-0.5784279906300535,-0.5776581893550843,-0.5765804684883443,1.733900301750437,0
-1.2470844603150943,0.0074566507928420294,-1.0417596792253108,-1.2258476714090278,0.8077365626180215,0.646091668153197,-1.0306701134001208,1.7012148102528724,0.7014981422339509,-1.3744864353807589,0.9972039090469852,-0.5787359118286177,-0.5738091541336192,-0.9124191495230389,0.9124191495230393,-0.5784279906300535,-0.5776581893550843,-0.5765804684883443,1.733900301750437,0
2.063883767202561,-0.08789693990845966,-0.004425957213915414,1.1262376101560367,-0.9115834940401767,0.646091668153197,-1.0306701134001208,-0.37945633875034895,-0.721130416342303,-1.073486330696988,-1.0028039309991141,1.7279038324066063,-0.5738091541336192,-0.9124191495230389,0.9124191495230393,-0.5784279906300535,1.731127539482183,-0.5765804684883443,-0.5767344287272242,0
-1.6506087130438085,2.772710781130591,-1.3875375865624426,0.29735464772830855,-0.9115834940401767,-1.5477679860172513,0.9702425509371355,0.2848474847427871,1.4128124215220779,1.2858233133684525,-1.0028039309991141,1.7279038324066063,-0.5738091541336192,1.0959875190286648,-1.0959875190286648,-0.5784279906300535,-0.5776581893550843,-0.5765804684883443,1.733900301750437,1
1.8983353558266787,2.772710781130591,1.378685672134612,0.8603893849148746,0.8077365626180215,-1.5477679860172513,0.9702425509371355,-0.12134114084684682,1.4128124215220779,1.2194262314529147,-1.0028039309991141,1.7279038324066063,-0.5738091541336192,1.0959875190286648,-1.0959875190286648,-0.5784279906300535,1.731127539482183,-0.5765804684883443,-0.5767344287272242,0
1.536198205941935,-0.7553720748175714,1.378685672134612,1.2517337187837467,-0.9115834940401767,-1.5477679860172513,0.9702425509371355,-0.19971875789652507,0.7014981422339509,0.258881779741469,-1.0028039309991141,1.7279038324066063,-0.5738091541336192,-0.9124191495230389,0.9124191495230393,-0.5784279906300535,-0.5776581893550843,-0.5765804684883443,1.733900301750437,1
0.6981093733515285,0.0074566507928420294,0.3413519501232164,-1.2258476714090278,0.8077365626180215,-1.5477679860172513,0.9702425509371355,-0.6295016491776371,-1.43244469563043,-0.10408893473013724,-1.0028039309991141,-0.5787359118286177,1.7427397119690018,-0.9124191495230389,0.9124191495230393,-0.5784279906300535,-0.5776581893550843,-0.5765804684883443,1.733900301750437,0
0.32562544775579216,2.391296418325384,1.378685672134612,-1.2258476714090278,0.8077365626180215,0.646091668153197,0.9702425509371355,0.05613517434716228,-0.721130416342303,0.033131701228640724,-1.0028039309991141,-0.5787359118286177,1.7427397119690018,1.0959875190286648,-1.0959875190286648,-0.5784279906300535,-0.5776581893550843,-0.5765804684883443,1.733900301750437,0
-1.7747700215757207,-0.5646648934149681,-1.0417596792253108,2.110443932095432,-0.9115834940401767,-1.5477679860172513,-1.0306701134001208,-0.8575460480537795,1.4128124215220779,0.7015289925117204,0.9972039090469852,-0.5787359118286177,-0.5738091541336192,1.0959875190286648,-1.0959875190286648,-0.5784279906300535,-0.5776581893550843,1.7343632929879855,-0.5767344287272242,1
-0.5745440391005705,-0.6600184841162697,-1.7333154938995745,0.25611833915420107,-0.9115834940401767,0.646091668153197,-1.0306701134001208,-1.6583705687930963,-0.721130416342303,-1.631221818787505,-1.0028039309991141,1.7279038324066063,-0.5738091541336192,1.0959875190286648,-1.0959875190286648,-0.5784279906300535,-0.5776581893550843,1.7343632929879855,-0.5767344287272242,0
-0.5952375905225558,0.38887101359804876,1.7244635794717436,-1.2258476714090278,0.8077365626180215,-1.5477679860172513,-1.0306701134001208,-0.8105399272888753,-0.721130416342303,-0.019985964303789454,-1.0028039309991141,-0.5787359118286177,1.7427397119690018,-0.9124191495230389,0.9124191495230393,-0.5784279906300535,-0.5776581893550843,-0.5765804684883443,1.733900301750437,0
0.4394399805767116,0.1981638321954454,-0.35020386455104724,-1.2258476714090278,0.8077365626180215,-1.5477679860172513,-1.0306701134001208,0.9788482437467801,0.7014981422339509,-0.7016626719699768,0.9972039090469852,-0.5787359118286177,-0.5738091541336192,-0.9124191495230389,0.9124191495230393,-0.5784279906300535,-0.5776581893550843,1.7343632929879855,-0.5767344287272242,0
-0.7193988990544679,-1.3274936190253817,-0.004425957213915414,0.022448221119856327,0.8077365626180215,0.646091668153197,-1.0306701134001208,0.8734364688737828,0.7014981422339509,-1.6090894581489923,0.9972039090469852,-0.5787359118286177,-0.5738091541336192,-0.9124191495230389,0.9124191495230393,-0.5784279906300535,-0.5776581893550843,1.7343632929879855,-0.5767344287272242,0
-0.8642537590083653,0.10281024149414371,0.6871298574603482,0.7337106359267623,-0.9115834940401767,0.646091668153197,-1.0306701134001208,0.6688244440919723,-1.43244469563043,-0.7680597538855144,-1.0028039309991141,1.7279038324066063,-0.5738091541336192,-0.9124191495230389,0.9124191495230393,-0.5784279906300535,-0.5776581893550843,-0.5765804684883443,1.733900301750437,0
-0.5021166091236218,0.2935174228967471,-1.3875375865624426,1.0005127946853547,-0.9115834940401767,0.646091668153197,0.9702425509371355,0.6852050567050315,-1.43244469563043,0.6749701597455053,-1.0028039309991141,-0.5787359118286177,1.7427397119690018,1.0959875190286648,-1.0959875190286648,-0.5784279906300535,1.731127539482183,-0.5765804684883443,-0.5767344287272242,0
1.3292626917220816,-0.08789693990845966,0.6871298574603482,-1.2258476714090278,0.8077365626180215,0.646091668153197,0.9702425509371355,0.6686528146543964,0.7014981422339509,-0.7680597538855144,-1.0028039309991141,-0.5787359118286177,1.7427397119690018,1.0959875190286648,-1.0959875190286648,-0.5784279906300535,1.731127539482183,-0.5765804684883443,-0.5767344287272242,0
1.029206196103294,-1.6135543911292867,-0.695981771888179,0.7243601000944535,-0.9115834940401767,0.646091668153197,-1.0306701134001208,0.4965100537758168,-0.721130416342303,1.0866320676218393,-1.0028039309991141,-0.5787359118286177,1.7427397119690018,-0.9124191495230389,0.9124191495230393,-0.5784279906300535,-0.5776581893550843,-0.5765804684883443,1.733900301750437,1
0.2325044663568581,0.7702853764032556,-1.3875375865624426,1.7164015947264903,0.8077365626180215,-1.5477679860172513,0.9702425509371355,-1.148416558923139,1.4128124215220779,0.732514297405638,-1.0028039309991141,1.7279038324066063,-0.5738091541336192,-0.9124191495230389,0.9124191495230393,-0.5784279906300535,-0.5776581893550843,1.7343632929879855,-0.5767344287272242,0
-0.11928590781689281,-0.4693113027136664,-0.004425957213915414,1.0082221545736978,0.8077365626180215,-1.5477679860172513,-1.0306701134001208,-1.1501112909379463,-0.721130416342303,1.2238527035806173,-1.0028039309991141,-0.5787359118286177,1.7427397119690018,-0.9124191495230389,0.9124191495230393,1.7288236672481017,-0.5776581893550843,-0.5765804684883443,-0.5767344287272242,0
1.215448158901162,-1.0414328469214764,-0.695981771888179,0.5229991910171378,0.8077365626180215,-1.5477679860172513,0.9702425509371355,-0.8551707105489292,-0.009816137054176019,0.869734933364416,0.9972039090469852,-0.5787359118286177,-0.5738091541336192,1.0959875190286648,-1.0959875190286648,-0.5784279906300535,-0.5776581893550843,-0.5765804684883443,1.733900301750437,0
0.16007703637990936,0.6749317857019538,-0.004425957213915414,0.7594814255664063,-0.9115834940401767,0.646091668153197,0.9702425509371355,1.3520612377308316,-0.721130416342303,0.5997201335745627,0.9972039090469852,-0.5787359118286177,-0.5738091541336192,-0.9124191495230389,0.9124191495230393,-0.5784279906300535,-0.5776581893550843,1.7343632929879855,-0.5767344287272242,0
0.8015771304614552,0.2935174228967471,1.03290776479748,-1.2258476714090278,0.8077365626180215,-1.5477679860172513,0.9702425509371355,-1.0132052534347562,1.4128124215220779,0.7900584350657708,-1.0028039309991141,-0.5787359118286177,1.7427397119690018,-0.9124191495230389,0.9124191495230393,1.7288236672481017,-0.5776581893550843,-0.5765804684883443,-0.5767344287272242,0
-0.5331569362565998,0.6749317857019538,1.378685672134612,0.7526142902469634,-0.9115834940401767,0.646091668153197,0.9702425509371355,-1.1950096909198133,-0.009816137054176019,0.5288965795313224,-1.0028039309991141,1.7279038324066063,-0.5738091541336192,-0.9124191495230389,0.9124191495230393,1.7288236672481017,-0.5776581893550843,-0.5765804684883443,-0.5767344287272242,1
0.36701255059976284,0.1981638321954454,0.6871298574603482,0.4209332730558616,-0.9115834940401767,-1.5477679860172513,0.9702425509371355,1.6488880030331068,-0.721130416342303,-0.20147132153959255,-1.0028039309991141,-0.5787359118286177,1.7427397119690018,-0.9124191495230389,0.9124191495230393,1.7288236672481017,-0.5776581893550843,-0.5765804684883443,-0.5767344287272242,0
1.0602465232362719,-0.8507256655188732,-1.3875375865624426,0.5503489714184955,-0.9115834940401767,0.646091668153197,0.9702425509371355,-0.7337109746475567,-0.009816137054176019,1.6930587491170839,-1.0028039309991141,1.7279038324066063,-0.5738091541336192,-0.9124191495230389,0.9124191495230393,1.7288236672481017,-0.5776581893550843,-0.5765804684883443,-0.5767344287272242,0
-0.036511702128951426,-0.9460792562201749,-1.7333154938995745,0.3490314958061032,0.8077365626180215,0.646091668153197,-1.0306701134001208,1.1238113008656165,-0.721130416342303,0.06411700612255833,0.9972039090469852,-0.5787359118286177,-0.5738091541336192,1.0959875190286648,-1.0959875190286648,-0.5784279906300535,1.731127539482183,-0.5765804684883443,-0.5767344287272242,0
0.3773593263107555,-1.23214002832408,-1.0417596792253108,1.0615656616984939,-0.9115834940401767,0.646091668153197,0.9702425509371355,0.9305812465362192,1.4128124215220779,-1.2062804945280634,-1.0028039309991141,1.7279038324066063,-0.5738091541336192,-0.9124191495230389,0.9124191495230393,-0.5784279906300535,1.731127539482183,-0.5765804684883443,-0.5767344287272242,0
-0.6055843662335485,-0.27860412131106305,1.7244635794717436,0.7484919575853675,-0.9115834940401767,-1.5477679860172513,0.9702425509371355,0.8002611191837388,-0.009816137054176019,-0.8433097800564572,-1.0028039309991141,1.7279038324066063,-0.5738091541336192,-0.9124191495230389,0.9124191495230393,-0.5784279906300535,-0.5776581893550843,1.7343632929879855,-0.5767344287272242,0
-0.367608524880717,2.105235646221479,-1.3875375865624426,0.4452621037142693,-0.9115834940401767,0.646091668153197,-1.0306701134001208,-0.6476463759185661,-0.009816137054176019,0.028705229100938208,0.9972039090469852,-0.5787359118286177,-0.5738091541336192,1.0959875190286648,-1.0959875190286648,-0.5784279906300535,1.731127539482183,-0.5765804684883443,-0.5767344287272242,1
0.8636577847274112,-0.18325053060976135,-1.7333154938995745,1.2224573196302,-0.9115834940401767,0.646091668153197,0.9702425509371355,-0.8885734160133633,0.7014981422339509,0.6926760482563155,-1.0028039309991141,-0.5787359118286177,1.7427397119690018,1.0959875190286648,-1.0959875190286648,1.7288236672481017,-0.5776581893550843,-0.5765804684883443,-0.5767344287272242,0
0.08764960640296066,-0.9460792562201749,0.3413519501232164,0.7485658425570636,-0.9115834940401767,0.646091668153197,0.9702425509371355,-0.7497933658974519,-1.43244469563043,0.7812054908103657,0.9972039090469852,-0.5787359118286177,-0.5738091541336192,-0.9124191495230389,0.9124191495230393,1.7288236672481017,-0.5776581893550843,-0.5765804684883443,-0.5767344287272242,1
-0.905640861852336,0.2935174228967471,0.3413519501232164,0.36173714660042144,0.8077365626180215,0.646091668153197,-1.0306701134001208,0.9434873629059103,0.7014981422339509,0.28101414037998157,-1.0028039309991141,-0.5787359118286177,1.7427397119690018,1.0959875190286648,-1.0959875190286648,-0.5784279906300535,-0.5776581893550843,-0.5765804684883443,1.733900301750437,1
0.01522217642601194,-0.27860412131106305,-1.3875375865624426,-1.2258476714090278,0.8077365626180215,0.646091668153197,0.9702425509371355,0.8907470452478918,-1.43244469563043,1.5027204476258755,0.9972039090469852,-0.5787359118286177,-0.5738091541336192,-0.9124191495230389,0.9124191495230393,-0.5784279906300535,-0.5776581893550843,1.7343632929879855,-0.5767344287272242,0
-1.1125763760721894,0.2935174228967471,-0.004425957213915414,-1.2258476714090278,0.8077365626180215,-1.5477679860172513,-1.0306701134001208,0.03156277736250827,-0.721130416342303,-1.5072805992118343,0.9972039090469852,-0.5787359118286177,-0.5738091541336192,1.0959875190286648,-1.0959875190286648,-0.5784279906300535,-0.5776581893550843,-0.5765804684883443,1.733900301750437,0
-0.4400359548576657,0.5795781950006521,-0.35020386455104724,-1.2258476714090278,0.8077365626180215,-1.5477679860172513,-1.0306701134001208,-1.102336750229123,-1.43244469563043,0.8387496284704984,-1.0028039309991141,-0.5787359118286177,1.7427397119690018,-0.9124191495230389,0.9124191495230393,1.7288236672481017,-0.5776581893550843,-0.5765804684883443,-0.5767344287272242,1
0.3773593263107555,-1.4228472097266833,-0.695981771888179,0.5450720458369459,-0.9115834940401767,0.646091668153197,-1.0306701134001208,1.0176942281214867,-0.009816137054176019,-1.529412959850347,0.9972039090469852,-0.5787359118286177,-0.5738091541336192,1.0959875190286648,-1.0959875190286648,-0.5784279906300535,-0.5776581893550843,1.7343632929879855,-0.5767344287272242,0
0.05660927926998263,0.0074566507928420294,1.7244635794717436,-1.2258476714090278,0.8077365626180215,0.646091668153197,0.9702425509371355,-0.020790287248416264,-1.43244469563043,-1.538265904105752,0.9972039090469852,-0.5787359118286177,-0.5738091541336192,-0.9124191495230389,0.9124191495230393,-0.5784279906300535,-0.5776581893550843,-0.5765804684883443,1.733900301750437,0
-0.6883585719214899,-0.5646648934149681,-0.695981771888179,0.18953002929411944,0.8077365626180215,0.646091668153197,0.9702425509371355,1.3487107250629362,-1.43244469563043,1.2194262314529147,-1.0028039309991141,1.7279038324066063,-0.5738091541336192,-0.9124191495230389,0.9124191495230393,-0.5784279906300535,-0.5776581893550843,-0.5765804684883443,1.733900301750437,0
0.09799638211395333,-0.18325053060976135,-1.0417596792253108,0.3339892528157814,-0.9115834940401767,0.646091668153197,-1.0306701134001208,-1.3354476083689049,-0.721130416342303,1.4850145591150656,0.9972039090469852,-0.5787359118286177,-0.5738091541336192,-0.9124191495230389,0.9124191495230393,1.7288236672481017,-0.5776581893550843,-0.5765804684883443,-0.5767344287272242,0
-1.4333264231129623,-0.7553720748175714,0.6871298574603482,-1.2258476714090278,0.8077365626180215,-1.5477679860172513,-1.0306701134001208,-0.8827381890257896,-0.721130416342303,-0.30328018047675037,0.9972039090469852,-0.5787359118286177,-0.5738091541336192,1.0959875190286648,-1.0959875190286648,-0.5784279906300535,-0.5776581893550843,-0.5765804684883443,1.733900301750437,0
-0.6573182447885119,0.48422460429935044,-0.004425957213915414,0.7869034882285774,0.8077365626180215,0.646091668153197,0.9702425509371355,-1.0127006246324812,1.4128124215220779,-1.67548654006453,-1.0028039309991141,1.7279038324066063,-0.5738091541336192,1.0959875190286648,-1.0959875190286648,-0.5784279906300535,-0.5776581893550843,-0.5765804684883443,1.733900301750437,1
-0.1710197863718562,-0.9460792562201749,1.03290776479748,0.858256817814249,0.8077365626180215,-1.5477679860172513,0.9702425509371355,-0.5258553795525712,-0.009816137054176019,0.4713524418711897,-1.0028039309991141,1.7279038324066063,-0.5738091541336192,1.0959875190286648,-1.0959875190286648,-0.5784279906300535,1.731127539482183,-0.5765804684883443,-0.5767344287272242,0
0.8946981118603892,0.48422460429935044,0.6871298574603482,-1.2258476714090278,0.8077365626180215,-1.5477679860172513,-1.0306701134001208,-0.7336708060557836,-0.721130416342303,-1.2903834649544113,0.9972039090469852,-0.5787359118286177,-0.5738091541336192,-0.9124191495230389,0.9124191495230393,-0.5784279906300535,-0.5776581893550843,1.7343632929879855,-0.5767344287272242,0
0.9050448875713819,-0.08789693990845966,-0.004425957213915414,1.6269307405086206,-0.9115834940401767,-1.5477679860172513,0.9702425509371355,-1.4060194768640284,1.4128124215220779,0.852029044853606,-1.0028039309991141,-0.5787359118286177,1.7427397119690018,-0.9124191495230389,0.9124191495230393,-0.5784279906300535,-0.5776581893550843,1.7343632929879855,-0.5767344287272242,0
0.32562544775579216,-0.8507256655188732,1.378685672134612,-1.2258476714090278,0.8077365626180215,0.646091668153197,0.9702425509371355,-1.7047623361608824,1.4128124215220779,-0.6662508949483567,0.9972039090469852,-0.5787359118286177,-0.5738091541336192,-0.9124191495230389,0.9124191495230393,-0.5784279906300535,-0.5776581893550843,-0.5765804684883443,1.733900301750437,0
-0.4814230577016364,0.2935174228967471,1.7244635794717436,1.4351564465766473,-0.9115834940401767,0.646091668153197,-1.0306701134001208,-0.031249771210109935,-1.43244469563043,0.9449849595353588,-1.0028039309991141,1.7279038324066063,-0.5738091541336192,1.0959875190286648,-1.0959875190286648,1.7288236672481017,-0.5776581893550843,-0.5765804684883443,-0.5767344287272242,0
0.33597222346678485,-0.5646648934149681,1.03290776479748,-1.2258476714090278,-0.9115834940401767,-1.5477679860172513,-1.0306701134001208,-0.46125715449113114,0.7014981422339509,-0.13507423962405485,0.9972039090469852,-0.5787359118286177,-0.5738091541336192,-0.9124191495230389,0.9124191495230393,-0.5784279906300535,-0.5776581893550843,1.7343632929879855,-0.5767344287272242,0
-1.0298021703842482,-0.18325053060976135,-0.695981771888179,-1.2258476714090278,0.8077365626180215,0.646091668153197,0.9702425509371355,-0.8609614216945379,-1.43244469563043,1.4584557263488505,0.9972039090469852,-0.5787359118286177,-0.5738091541336192,-0.9124191495230389,0.9124191495230393,-0.5784279906300535,-0.5776581893550843,1.7343632929879855,-0.5767344287272242,0
-1.4229796474019698,0.8656389671045572,-1.0417596792253108,-1.2258476714090278,-0.9115834940401767,0.646091668153197,0.9702425509371355,0.25420789150032025,-0.009816137054176019,-0.4847655377125535,-1.0028039309991141,-0.5787359118286177,1.7427397119690018,-0.9124191495230389,0.9124191495230393,-0.5784279906300535,-0.5776581893550843,-0.5765804684883443,1.733900301750437,1
-0.8642537590083653,-0.9460792562201749,1.03290776479748,-1.2258476714090278,0.8077365626180215,0.646091668153197,-1.0306701134001208,0.9744010068004739,-0.009816137054176019,1.3610733395393952,-1.0028039309991141,-0.5787359118286177,1.7427397119690018,-0.9124191495230389,0.9124191495230393,-0.5784279906300535,1.731127539482183,-0.5765804684883443,-0.5767344287272242,0
0.33597222346678485,0.9609925578058589,0.6871298574603482,0.5178637848065375,0.8077365626180215,-1.5477679860172513,-1.0306701134001208,0.707261786948641,-0.009816137054176019,0.9449849595353588,-1.0028039309991141,1.7279038324066063,-0.5738091541336192,1.0959875190286648,-1.0959875190286648,-0.5784279906300535,-0.5776581893550843,-0.5765804684883443,1.733900301750437,0
1.98110956151462,-0.9460792562201749,1.03290776479748,-1.2258476714090278,0.8077365626180215,0.646091668153197,0.9702425509371355,0.40597769907961434,-0.721130416342303,-0.6219861736713315,0.9972039090469852,-0.5787359118286177,-0.5738091541336192,-0.9124191495230389,0.9124191495230393,1.7288236672481017,-0.5776581893550843,-0.5765804684883443,-0.5767344287272242,0
-1.7851167972867132,0.38887101359804876,-1.3875375865624426,-1.2258476714090278,0.8077365626180215,0.646091668153197,0.9702425509371355,1.701099695067791,1.4128124215220779,-1.3435011304868414,-1.0028039309991141,-0.5787359118286177,1.7427397119690018,-0.9124191495230389,0.9124191495230393,1.7288236672481017,-0.5776581893550843,-0.5765804684883443,-0.5767344287272242,0
-0.20206011350483422,-0.18325053060976135,1.378685672134612,0.8820295077963322,0.8077365626180215,0.646091668153197,0.9702425509371355,-0.8405505603735791,-1.43244469563043,-0.8964274455888874,-1.0028039309991141,1.7279038324066063,-0.5738091541336192,-0.9124191495230389,0.9124191495230393,-0.5784279906300535,-0.5776581893550843,-0.5765804684883443,1.733900301750437,0
-0.812519880453402,-0.3739577120123647,-1.3875375865624426,1.0176121170937231,-0.9115834940401767,0.646091668153197,-1.0306701134001208,1.4880220091522967,0.7014981422339509,-0.03769185281459951,-1.0028039309991141,1.7279038324066063,-0.5738091541336192,1.0959875190286648,-1.0959875190286648,-0.5784279906300535,-0.5776581893550843,-0.5765804684883443,1.733900301750437,0
0.25319801777884343,1.0563461485071606,-1.3875375865624426,0.9090419175568653,-0.9115834940401767,-1.5477679860172513,0.9702425509371355,-1.5966611784291729,-1.43244469563043,-0.6175597015436289,-1.0028039309991141,-0.5787359118286177,1.7427397119690018,1.0959875190286648,-1.0959875190286648,-0.5784279906300535,-0.5776581893550843,1.7343632929879855,-0.5767344287272242,0
1.1637142803461988,-0.18325053060976135,1.03290776479748,-1.2258476714090278,0.8077365626180215,0.646091668153197,0.9702425509371355,-1.724238712580592,-1.43244469563043,-0.20589779366729508,-1.0028039309991141,-0.5787359118286177,1.7427397119690018,-0.9124191495230389,0.9124191495230393,1.7288236672481017,-0.5776581893550843,-0.5765804684883443,-0.5767344287272242,0
-0.8332134318753873,-0.18325053060976135,0.3413519501232164,-1.2258476714090278,-0.9115834940401767,0.646091668153197,0.9702425509371355,1.5244634425008634,-0.721130416342303,-0.6087067572882239,0.9972039090469852,-0.5787359118286177,-0.5738091541336192,-0.9124191495230389,0.9124191495230393,-0.5784279906300535,-0.5776581893550843,-0.5765804684883443,1.733900301750437,0
0.3773593263107555,-1.1367864376227783,1.378685672134612,1.215543865966245,0.8077365626180215,-1.5477679860172513,-1.0306701134001208,0.45914926395666855,1.4128124215220779,0.7192348810225305,-1.0028039309991141,1.7279038324066063,-0.5738091541336192,1.0959875190286648,-1.0959875190286648,1.7288236672481017,-0.5776581893550843,-0.5765804684883443,-0.5767344287272242,0
-1.1643102546271529,-0.6600184841162697,-1.0417596792253108,-1.2258476714090278,-0.9115834940401767,0.646091668153197,0.9702425509371355,-0.34707923655118644,-0.009816137054176019,-0.21032426579499758,0.9972039090469852,-0.5787359118286177,-0.5738091541336192,1.0959875190286648,-1.0959875190286648,-0.5784279906300535,-0.5776581893550843,1.7343632929879855,-0.5767344287272242,0
-2.1265603957494714,2.200589236922781,-1.3875375865624426,-0.1981993901786446,-0.9115834940401767,0.646091668153197,0.9702425509371355,-0.40899972938442825,1.4128124215220779,-0.20147132153959255,-1.0028039309991141,-0.5787359118286177,1.7427397119690018,-0.9124191495230389,0.9124191495230393,-0.5784279906300535,-0.5776581893550843,1.7343632929879855,-0.5767344287272242,1
1.7224401687398032,-0.18325053060976135,0.3413519501232164,0.07347549047686047,0.8077365626180215,0.646091668153197,-1.0306701134001208,-0.3322057286346525,1.4128124215220779,-0.3918096230308007,0.9972039090469852,-0.5787359118286177,-0.5738091541336192,1.0959875190286648,-1.0959875190286648,-0.5784279906300535,-0.5776581893550843,1.7343632929879855,-0.5767344287272242,0
0.8533110090164185,0.2935174228967471,1.378685672134612,0.6989268413667226,-0.9115834940401767,0.646091668153197,-1.0306701134001208,1.4600884922092792,1.4128124215220779,0.2721611961245765,0.9972039090469852,-0.5787359118286177,-0.5738091541336192,-0.9124191495230389,0.9124191495230393,-0.5784279906300535,-0.5776581893550843,1.7343632929879855,-0.5767344287272242,0
-1.9092781058186254,-1.23214002832408,-0.695981771888179,1.287454778668035,-0.9115834940401767,0.646091668153197,0.9702425509371355,0.6501025764155676,-0.721130416342303,-1.1398834126125257,0.9972039090469852,-0.5787359118286177,-0.5738091541336192,-0.9124191495230389,0.9124191495230393,-0.5784279906300535,1.731127539482183,-0.5765804684883443,-0.5767344287272242,0
-0.6987053476324826,-0.3739577120123647,1.03290776479748,1.1781500567335998,0.8077365626180215,0.646091668153197,-1.0306701134001208,-1.0076350348188803,-1.43244469563043,-0.29442723622134537,-1.0028039309991141,1.7279038324066063,-0.5738091541336192,-0.9124191495230389,0.9124191495230393,-0.5784279906300535,-0.5776581893550843,1.7343632929879855,-0.5767344287272242,0
-0.05720525355093678,0.5795781950006521,1.03290776479748,0.1416802945333127,-0.9115834940401767,-1.5477679860172513,-1.0306701134001208,-1.3481953109416032,-0.009816137054176019,0.2057641142090388,0.9972039090469852,-0.5787359118286177,-0.5738091541336192,1.0959875190286648,-1.0959875190286648,1.7288236672481017,-0.5776581893550843,-0.5765804684883443,-0.5767344287272242,0
-0.367608524880717,1.9145284648188758,-0.35020386455104724,1.2706317636158577,-0.9115834940401767,0.646091668153197,0.9702425509371355,0.1771057576569431,-1.43244469563043,-1.3302217141037338,-1.0028039309991141,-0.5787359118286177,1.7427397119690018,-0.9124191495230389,0.9124191495230393,1.7288236672481017,-0.5776581893550843,-0.5765804684883443,-0.5767344287272242,0
0.9050448875713819,2.6773571904292894,-1.3875375865624426,0.8681344852559039,-0.9115834940401767,-1.5477679860172513,0.9702425509371355,-1.3446568231754104,0.7014981422339509,0.4447936091049746,0.9972039090469852,-0.5787359118286177,-0.5738091541336192,1.0959875190286648,-1.0959875190286648,1.7288236672481017,-0.5776581893550843,-0.5765804684883443,-0.5767344287272242,0
0.17042381209090204,-1.1367864376227783,-1.0417596792253108,0.9864086183747232,-0.9115834940401767,0.646091668153197,-1.0306701134001208,1.151629528733545,-0.721130416342303,1.31680861826237,-1.0028039309991141,1.7279038324066063,-0.5738091541336192,-0.9124191495230389,0.9124191495230393,-0.5784279906300535,1.731127539482183,-0.5765804684883443,-0.5767344287272242,0
0.8843513361493965,0.6749317857019538,-0.004425957213915414,0.8707050732407929,-0.9115834940401767,0.646091668153197,0.9702425509371355,-0.3844481992006955,-0.009816137054176019,0.015425812717830665,-1.0028039309991141,1.7279038324066063,-0.5738091541336192,-0.9124191495230389,0.9124191495230393,-0.5784279906300535,-0.5776581893550843,-0.5765804684883443,1.733900301750437,1
-1.350552217425021,-0.4693113027136664,1.03290776479748,0.6977076591981927,0.8077365626180215,0.646091668153197,0.9702425509371355,-1.7344982230334587,1.4128124215220779,-1.5825306253827771,-1.0028039309991141,1.7279038324066063,-0.5738091541336192,-0.9124191495230389,0.9124191495230393,-0.5784279906300535,-0.5776581893550843,-0.5765804684883443,1.733900301750437,0
-0.0882455806839148,0.10281024149414371,0.3413519501232164,0.8497028292906812,0.8077365626180215,-1.5477679860172513,0.9702425509371355,-0.2432896815597959,0.7014981422339509,-1.494001182828727,-1.0028039309991141,1.7279038324066063,-0.5738091541336192,1.0959875190286648,-1.0959875190286648,-0.5784279906300535,1.731127539482183,-0.5765804684883443,-0.5767344287272242,1
0.3980528777327409,-1.23214002832408,-0.35020386455104724,0.7090726423390664,-0.9115834940401767,-1.5477679860172513,0.9702425509371355,0.8517765556276895,1.4128124215220779,1.3654998116670978,-1.0028039309991141,1.7279038324066063,-0.5738091541336192,-0.9124191495230389,0.9124191495230393,-0.5784279906300535,-0.5776581893550843,1.7343632929879855,-0.5767344287272242,0
-1.0091086189622627,-0.7553720748175714,0.3413519501232164,-1.2258476714090278,0.8077365626180215,-1.5477679860172513,-1.0306701134001208,0.4261416365896738,-0.721130416342303,0.5952936614468601,0.9972039090469852,-0.5787359118286177,-0.5738091541336192,-0.9124191495230389,0.9124191495230393,-0.5784279906300535,-0.5776581893550843,-0.5765804684883443,1.733900301750437,0
0.33597222346678485,-0.27860412131106305,0.6871298574603482,-1.2258476714090278,0.8077365626180215,0.646091668153197,-1.0306701134001208,0.08166483582407084,-0.721130416342303,-0.9982363045260452,-1.0028039309991141,-0.5787359118286177,1.7427397119690018,1.0959875190286648,-1.0959875190286648,-0.5784279906300535,1.731127539482183,-0.5765804684883443,-0.5767344287272242,0
-0.26414076777079026,0.9609925578058589,0.3413519501232164,1.5538123454277446,-0.9115834940401767,0.646091668153197,-1.0306701134001208,1.1388176607480143,-0.009816137054176019,1.0113820414508965,0.9972039090469852,-0.5787359118286177,-0.5738091541336192,-0.9124191495230389,0.9124191495230393,-0.5784279906300535,-0.5776581893550843,-0.5765804684883443,1.733900301750437,1
1.6707062901848397,0.9609925578058589,1.03290776479748,-0.16678513497855943,0.8077365626180215,-1.5477679860172513,-1.0306701134001208,-0.14839199211090237,1.4128124215220779,0.11280819952728599,-1.0028039309991141,-0.5787359118286177,1.7427397119690018,1.0959875190286648,-1.0959875190286648,-0.5784279906300535,1.731127539482183,-0.5765804684883443,-0.5767344287272242,1
-0.6469714690775192,2.391296418325384,-0.695981771888179,-1.2258476714090278,-0.9115834940401767,0.646091668153197,0.9702425509371355,1.5582876573439033,0.7014981422339509,-1.4187511566577842,0.9972039090469852,-0.5787359118286177,-0.5738091541336192,1.0959875190286648,-1.0959875190286648,-0.5784279906300535,-0.5776581893550843,-0.5765804684883443,1.733900301750437,0
-0.2434472163488049,1.7238212834162723,1.378685672134612,-1.2258476714090278,0.8077365626180215,0.646091668153197,0.9702425509371355,0.13254209593985175,-0.721130416342303,-1.210706966655766,0.9972039090469852,-0.5787359118286177,-0.5738091541336192,1.0959875190286648,-1.0959875190286648,-0.5784279906300535,-0.5776581893550843,1.7343632929879855,-0.5767344287272242,0
0.6256819433745797,0.38887101359804876,-1.0417596792253108,-0.6000966135840862,0.8077365626180215,0.646091668153197,0.9702425509371355,1.309973421943027,-0.721130416342303,-1.5426923762334546,-1.0028039309991141,1.7279038324066063,-0.5738091541336192,-0.9124191495230389,0.9124191495230393,1.7288236672481017,-0.5776581893550843,-0.5765804684883443,-0.5767344287272242,0
-0.6469714690775192,-0.7553720748175714,-0.35020386455104724,0.3705704876308575,0.8077365626180215,-1.5477679860172513,0.9702425509371355,-1.1166035559088763,-0.721130416342303,1.042367346344814,0.9972039090469852,-0.5787359118286177,-0.5738091541336192,-0.9124191495230389,0.9124191495230393,1.7288236672481017,-0.5776581893550843,-0.5765804684883443,-0.5767344287272242,0
-1.1436167032051676,0.1981638321954454,-0.695981771888179,-1.2258476714090278,0.8077365626180215,0.646091668153197,-1.0306701134001208,0.3653152596847273,-0.721130416342303,0.7723525465549607,0.9972039090469852,-0.5787359118286177,-0.5738091541336192,-0.9124191495230389,0.9124191495230393,-0.5784279906300535,1.731127539482183,-0.5765804684883443,-0.5767344287272242,0
-0.20206011350483422,0.8656389671045572,-1.3875375865624426,0.4793802924446908,-0.9115834940401767,0.646091668153197,0.9702425509371355,0.8793822899062386,-1.43244469563043,-1.1974275502726583,-1.0028039309991141,1.7279038324066063,-0.5738091541336192,-0.9124191495230389,0.9124191495230393,-0.5784279906300535,-0.5776581893550843,-0.5765804684883443,1.733900301750437,1
0.7394964761954991,-1.80426157253189,0.3413519501232164,-1.2258476714090278,0.8077365626180215,0.646091668153197,-1.0306701134001208,1.6588418148524797,1.4128124215220779,-0.28114781983823783,0.9972039090469852,-0.5787359118286177,-0.5738091541336192,-0.9124191495230389,0.9124191495230393,1.7288236672481017,-0.5776581893550843,-0.5765804684883443,-0.5767344287272242,0
0.3049318963338068,-0.7553720748175714,1.7244635794717436,0.58989826651739,-0.9115834940401767,0.646091668153197,0.9702425509371355,0.39211310098761487,-0.009816137054176019,0.4757789139988922,0.9972039090469852,-0.5787359118286177,-0.5738091541336192,-0.9124191495230389,0.9124191495230393,-0.5784279906300535,1.731127539482183,-0.5765804684883443,-0.5767344287272242,0
1.7845208230057592,-0.18325053060976135,-0.004425957213915414,1.4163523206022666,-0.9115834940401767,0.646091668153197,0.9702425509371355,1.2768129452592851,1.4128124215220779,1.608955778690736,0.9972039090469852,-0.5787359118286177,-0.5738091541336192,-0.9124191495230389,0.9124191495230393,1.7288236672481017,-0.5776581893550843,-0.5765804684883443,-0.5767344287272242,0
-0.07789880497292212,-0.3739577120123647,0.3413519501232164,-1.2258476714090278,0.8077365626180215,0.646091668153197,0.9702425509371355,-1.017962536264748,-1.43244469563043,0.43151419272186703,-1.0028039309991141,-0.5787359118286177,1.7427397119690018,1.0959875190286648,-1.0959875190286648,-0.5784279906300535,-0.5776581893550843,1.7343632929879855,-0.5767344287272242,0
1.6810530658958325,-0.9460792562201749,0.3413519501232164,-1.2258476714090278,-0.9115834940401767,0.646091668153197,-1.0306701134001208,-1.150045386625037,-0.009816137054176019,-1.538265904105752,0.9972039090469852,-0.5787359118286177,-0.5738091541336192,-0.9124191495230389,0.9124191495230393,-0.5784279906300535,-0.5776581893550843,1.7343632929879855,-0.5767344287272242,0
1.1637142803461988,-0.7553720748175714,-0.35020386455104724,-1.2258476714090278,0.8077365626180215,-1.5477679860172513,-1.0306701134001208,-0.8639815433478496,-0.009816137054176019,0.2721611961245765,0.9972039090469852,-0.5787359118286177,-0.5738091541336192,1.0959875190286648,-1.0959875190286648,-0.5784279906300535,-0.5776581893550843,1.7343632929879855,-0.5767344287272242,0
1.4016901216990303,0.0074566507928420294,0.6871298574603482,-1.2258476714090278,0.8077365626180215,-1.5477679860172513,-1.0306701134001208,0.014595459863551328,-0.009816137054176019,1.555838113158306,-1.0028039309991141,-0.5787359118286177,1.7427397119690018,1.0959875190286648,-1.0959875190286648,-0.5784279906300535,-0.5776581893550843,-0.5765804684883443,1.733900301750437,0
-1.536794180222889,0.5795781950006521,-1.7333154938995745,-1.2258476714090278,-0.9115834940401767,-1.5477679860172513,-1.0306701134001208,-0.26826063444204234,1.4128124215220779,-0.23688309856121267,0.9972039090469852,-0.5787359118286177,-0.5738091541336192,-0.9124191495230389,0.9124191495230393,-0.5784279906300535,-0.5776581893550843,-0.5765804684883443,1.733900301750437,0
-0.38830207630270236,0.48422460429935044,-0.695981771888179,-1.2258476714090278,0.8077365626180215,-1.5477679860172513,0.9702425509371355,0.6329853657299942,1.4128124215220779,-0.6396920621821415,0.9972039090469852,-0.5787359118286177,-0.5738091541336192,-0.9124191495230389,0.9124191495230393,-0.5784279906300535,1.731127539482183,-0.5765804684883443,-0.5767344287272242,0
0.615335167663587,-0.7553720748175714,-0.004425957213915414,-1.2258476714090278,0.8077365626180215,0.646091668153197,-1.0306701134001208,-1.574200327807725,-0.009816137054176019,1.197293870814402,-1.0028039309991141,-0.5787359118286177,1.7427397119690018,1.0959875190286648,-1.0959875190286648,-0.5784279906300535,-0.5776581893550843,1.7343632929879855,-0.5767344287272242,0
-0.6987053476324826,0.10281024149414371,-0.35020386455104724,-0.3319133988578033,0.8077365626180215,0.646091668153197,-1.0306701134001208,-1.2723498801836983,-0.009816137054176019,-0.14392718387945988,0.9972039090469852,-0.5787359118286177,-0.5738091541336192,1.0959875190286648,-1.0959875190286648,-0.5784279906300535,1.731127539482183,-0.5765804684883443,-0.5767344287272242,0
-1.2781247874480723,-0.6600184841162697,0.6871298574603482,-1.2258476714090278,0.8077365626180215,0.646091668153197,0.9702425509371355,-0.9736186715173588,-0.009816137054176019,0.4934848025097023,0.9972039090469852,-0.5787359118286177,-0.5738091541336192,1.0959875190286648,-1.0959875190286648,-0.5784279906300535,1.731127539482183,-0.5765804684883443,-0.5767344287272242,0
1.474117551675979,2.2959428276240823,-1.7333154938995745,-1.2258476714090278,0.8077365626180215,-1.5477679860172513,0.9702425509371355,-1.2680666215146306,-1.43244469563043,-0.34311842962607303,-1.0028039309991141,-0.5787359118286177,1.7427397119690018,-0.9124191495230389,0.9124191495230393,-0.5784279906300535,1.731127539482183,-0.5765804684883443,-0.5767344287272242,0
0.3049318963338068,-0.8507256655188732,-0.35020386455104724,0.5098925419599482,0.8077365626180215,-1.5477679860172513,0.9702425509371355,-0.9686659363187393,-0.009816137054176019,1.1220438446434593,-1.0028039309991141,1.7279038324066063,-0.5738091541336192,-0.9124191495230389,0.9124191495230393,1.7288236672481017,-0.5776581893550843,-0.5765804684883443,-0.5767344287272242,1
-0.8228666561643946,-0.08789693990845966,-1.3875375865624426,0.7199241169130977,-0.9115834940401767,0.646091668153197,0.9702425509371355,0.9521170023168323,0.7014981422339509,-0.0952359904747322,0.9972039090469852,-0.5787359118286177,-0.5738091541336192,-0.9124191495230389,0.9124191495230393,-0.5784279906300535,1.731127539482183,-0.5765804684883443,-0.5767344287272242,0
0.5739480648196164,-0.6600184841162697,0.3413519501232164,0.28849726603463083,-0.9115834940401767,0.646091668153197,0.9702425509371355,0.814839883537262,1.4128124215220779,1.31680861826237,0.9972039090469852,-0.5787359118286177,-0.5738091541336192,-0.9124191495230389,0.9124191495230393,1.7288236672481017,-0.5776581893550843,-0.5765804684883443,-0.5767344287272242,0
-0.05720525355093678,-0.18325053060976135,-1.0417596792253108,0.9686656472758307,0.8077365626180215,-1.5477679860172513,0.9702425509371355,0.9270076329884757,-0.009816137054176019,0.5864407171914551,-1.0028039309991141,1.7279038324066063,-0.5738091541336192,1.0959875190286648,-1.0959875190286648,-0.5784279906300535,-0.5776581893550843,1.7343632929879855,-0.5767344287272242,0
1.3809965702770448,-1.518200800427985,-1.0417596792253108,-1.2258476714090278,-0.9115834940401767,0.646091668153197,0.9702425509371355,-1.6213940758909113,1.4128124215220779,-1.547118848361157,-1.0028039309991141,-0.5787359118286177,1.7427397119690018,-0.9124191495230389,0.9124191495230393,-0.5784279906300535,1.731127539482183,-0.5765804684883443,-0.5767344287272242,0
0.6256819433745797,-1.7089079818305883,-1.7333154938995745,0.10190742126627068,0.8077365626180215,-1.5477679860172513,0.9702425509371355,-1.715973720515766,-1.43244469563043,-1.3125158255929237,0.9972039090469852,-0.5787359118286177,-0.5738091541336192,1.0959875190286648,-1.0959875190286648,-0.5784279906300535,-0.5776581893550843,-0.5765804684883443,1.733900301750437,0
0.49117385913167494,-0.08789693990845966,-1.3875375865624426,1.5283850167302802,-0.9115834940401767,-1.5477679860172513,-1.0306701134001208,-1.4455961470509884,1.4128124215220779,0.8830143497475236,-1.0028039309991141,-0.5787359118286177,1.7427397119690018,1.0959875190286648,-1.0959875190286648,-0.5784279906300535,-0.5776581893550843,1.7343632929879855,-0.5767344287272242,0
-0.20206011350483422,-0.6600184841162697,-1.0417596792253108,1.127108042436474,0.8077365626180215,0.646091668153197,0.9702425509371355,1.406771033615785,-1.43244469563043,-1.0115157209091528,-1.0028039309991141,1.7279038324066063,-0.5738091541336192,1.0959875190286648,-1.0959875190286648,-0.5784279906300535,1.731127539482183,-0.5765804684883443,-0.5767344287272242,0
0.2842383449118215,0.10281024149414371,-0.695981771888179,0.8320071381628307,-0.9115834940401767,0.646091668153197,-1.0306701134001208,1.1923300500401128,-0.009816137054176019,1.2681174248576423,-1.0028039309991141,-0.5787359118286177,1.7427397119690018,1.0959875190286648,-1.0959875190286648,1.7288236672481017,-0.5776581893550843,-0.5765804684883443,-0.5767344287272242,0
-0.4814230577016364,-1.518200800427985,1.378685672134612,0.7707667539764059,-0.9115834940401767,0.646091668153197,0.9702425509371355,-1.6140990422889,0.7014981422339509,-0.6042802851605215,-1.0028039309991141,-0.5787359118286177,1.7427397119690018,-0.9124191495230389,0.9124191495230393,1.7288236672481017,-0.5776581893550843,-0.5765804684883443,-0.5767344287272242,0
-0.9159876375633287,-0.3739577120123647,-0.695981771888179,1.0547478898742408,-0.9115834940401767,-1.5477679860172513,0.9702425509371355,1.3393436181294613,-0.009816137054176019,1.015808513578599,-1.0028039309991141,1.7279038324066063,-0.5738091541336192,-0.9124191495230389,0.9124191495230393,1.7288236672481017,-0.5776581893550843,-0.5765804684883443,-0.5767344287272242,0
0.17042381209090204,-0.7553720748175714,-1.3875375865624426,0.6856525487511944,-0.9115834940401767,0.646091668153197,0.9702425509371355,-1.2490973083573031,-0.721130416342303,0.5466024680421324,0.9972039090469852,-0.5787359118286177,-0.5738091541336192,-0.9124191495230389,0.9124191495230393,-0.5784279906300535,-0.5776581893550843,-0.5765804684883443,1.733900301750437,0
-0.5641972633895778,-0.18325053060976135,-1.0417596792253108,-1.2258476714090278,-0.9115834940401767,-1.5477679860172513,0.9702425509371355,0.3666578644339915,-0.009816137054176019,1.1308967888988644,0.9972039090469852,-0.5787359118286177,-0.5738091541336192,-0.9124191495230389,0.9124191495230393,1.7288236672481017,-0.5776581893550843,-0.5765804684883443,-0.5767344287272242,0
1.9086821315376712,1.6284676927149706,-1.0417596792253108,-1.2258476714090278,0.8077365626180215,0.646091668153197,0.9702425509371355,-1.048036986982269,1.4128124215220779,0.08182289463336839,0.9972039090469852,-0.5787359118286177,-0.5738091541336192,1.0959875190286648,-1.0959875190286648,-0.5784279906300535,-0.5776581893550843,1.7343632929879855,-0.5767344287272242,0
0.16007703637990936,-0.27860412131106305,-0.695981771888179,-1.2258476714090278,0.8077365626180215,0.646091668153197,-1.0306701134001208,-1.129132157071903,-0.721130416342303,1.7196175818832988,0.9972039090469852,-0.5787359118286177,-0.5738091541336192,-0.9124191495230389,0.9124191495230393,1.7288236672481017,-0.5776581893550843,-0.5765804684883443,-0.5767344287272242,0
-0.905640861852336,-1.23214002832408,0.6871298574603482,-1.2258476714090278,0.8077365626180215,-1.5477679860172513,-1.0306701134001208,-1.6337053145443434,0.7014981422339509,0.6041466057022651,-1.0028039309991141,-0.5787359118286177,1.7427397119690018,-0.9124191495230389,0.9124191495230393,1.7288236672481017,-0.5776581893550843,-0.5765804684883443,-0.5767344287272242,0
0.8843513361493965,-0.6600184841162697,0.6871298574603482,-1.2258476714090278,-0.9115834940401767,-1.5477679860172513,0.9702425509371355,-0.36530151823553897,-0.721130416342303,1.4097645329441229,-1.0028039309991141,-0.5787359118286177,1.7427397119690018,-0.9124191495230389,0.9124191495230393,1.7288236672481017,-0.5776581893550843,-0.5765804684883443,-0.5767344287272242,0
1.4637707759649863,0.2935174228967471,-1.0417596792253108,-1.2258476714090278,0.8077365626180215,0.646091668153197,-1.0306701134001208,-0.12913332598080285,-0.009816137054176019,-0.3741037345199906,0.9972039090469852,-0.5787359118286177,-0.5738091541336192,1.0959875190286648,-1.0959875190286648,-0.5784279906300535,-0.5776581893550843,1.7343632929879855,-0.5767344287272242,0
0.44978675628770426,-0.27860412131106305,-0.695981771888179,0.3372802593424796,-0.9115834940401767,0.646091668153197,0.9702425509371355,0.2964854212864991,1.4128124215220779,-0.3741037345199906,0.9972039090469852,-0.5787359118286177,-0.5738091541336192,-0.9124191495230389,0.9124191495230393,-0.5784279906300535,-0.5776581893550843,-0.5765804684883443,1.733900301750437,0
0.5015206348426676,-0.4693113027136664,-1.0417596792253108,0.6568354865366524,-0.9115834940401767,0.646091668153197,-1.0306701134001208,1.4804504904380813,1.4128124215220779,0.9671173201738713,0.9972039090469852,-0.5787359118286177,-0.5738091541336192,-0.9124191495230389,0.9124191495230393,-0.5784279906300535,1.731127539482183,-0.5765804684883443,-0.5767344287272242,0
-1.4850603016679258,-0.7553720748175714,-1.0417596792253108,0.9255844582045564,-0.9115834940401767,0.646091668153197,0.9702425509371355,1.153471893364869,-0.009816137054176019,-0.5555890917557937,-1.0028039309991141,1.7279038324066063,-0.5738091541336192,-0.9124191495230389,0.9124191495230393,-0.5784279906300535,-0.5776581893550843,1.7343632929879855,-0.5767344287272242,1
1.1947546074791768,-1.23214002832408,-0.695981771888179,0.44511946244570205,-0.9115834940401767,0.646091668153197,0.9702425509371355,-1.7330227663183304,1.4128124215220779,-0.9495451111213176,0.9972039090469852,-0.5787359118286177,-0.5738091541336192,1.0959875190286648,-1.0959875190286648,-0.5784279906300535,-0.5776581893550843,-0.5765804684883443,1.733900301750437,0
2.063883767202561,-0.6600184841162697,1.378685672134612,-1.2258476714090278,0.8077365626180215,0.646091668153197,0.9702425509371355,-1.4113838097108162,0.7014981422339509,0.7015289925117204,-1.0028039309991141,-0.5787359118286177,1.7427397119690018,1.0959875190286648,-1.0959875190286648,1.7288236672481017,-0.5776581893550843,-0.5765804684883443,-0.5767344287272242,0
-0.27448754348178295,-1.1367864376227783,0.6871298574603482,0.45457353340103834,-0.9115834940401767,0.646091668153197,0.9702425509371355,1.1702296734045765,1.4128124215220779,0.5643083565529425,-1.0028039309991141,1.7279038324066063,-0.5738091541336192,1.0959875190286648,-1.0959875190286648,-0.5784279906300535,-0.5776581893550843,-0.5765804684883443,1.733900301750437,0
0.004875400715019266,0.0074566507928420294,0.3413519501232164,-1.2258476714090278,-0.9115834940401767,0.646091668153197,-1.0306701134001208,-1.3200651243999042,-1.43244469563043,-1.4320305730408918,0.9972039090469852,-0.5787359118286177,-0.5738091541336192,1.0959875190286648,-1.0959875190286648,-0.5784279906300535,-0.5776581893550843,-0.5765804684883443,1.733900301750437,0
0.615335167663587,-0.6600184841162697,-0.695981771888179,-1.2258476714090278,-0.9115834940401767,0.646091668153197,-1.0306701134001208,-0.09215996309875603,-1.43244469563043,-1.0336480815476654,0.9972039090469852,-0.5787359118286177,-0.5738091541336192,1.0959875190286648,-1.0959875190286648,-0.5784279906300535,-0.5776581893550843,-0.5765804684883443,1.733900301750437,0
0.522214186264653,-0.9460792562201749,-1.0417596792253108,-1.2258476714090278,0.8077365626180215,0.646091668153197,-1.0306701134001208,1.3364029642096573,-0.009816137054176019,-1.6887659564476376,0.9972039090469852,-0.5787359118286177,-0.5738091541336192,-0.9124191495230389,0.9124191495230393,-0.5784279906300535,-0.5776581893550843,1.7343632929879855,-0.5767344287272242,0
0.07730283069196799,-1.7089079818305883,0.6871298574603482,-1.2258476714090278,0.8077365626180215,-1.5477679860172513,0.9702425509371355,0.9423035197336538,0.7014981422339509,0.2057641142090388,-1.0028039309991141,-0.5787359118286177,1.7427397119690018,-0.9124191495230389,0.9124191495230393,-0.5784279906300535,-0.5776581893550843,-0.5765804684883443,1.733900301750437,0
0.9050448875713819,-0.7553720748175714,1.378685672134612,0.04061126274112529,-0.9115834940401767,0.646091668153197,0.9702425509371355,-1.4169255103654335,0.7014981422339509,-0.6175597015436289,-1.0028039309991141,-0.5787359118286177,1.7427397119690018,-0.9124191495230389,0.9124191495230393,-0.5784279906300535,-0.5776581893550843,1.7343632929879855,-0.5767344287272242,0
-0.7193988990544679,-0.7553720748175714,-0.695981771888179,-1.2258476714090278,0.8077365626180215,-1.5477679860172513,-1.0306701134001208,-0.19214202248207923,-0.009816137054176019,-0.2191772100504026,0.9972039090469852,-0.5787359118286177,-0.5738091541336192,-0.9124191495230389,0.9124191495230393,-0.5784279906300535,-0.5776581893550843,1.7343632929879855,-0.5767344287272242,0
0.2738915692008288,-1.3274936190253817,-0.695981771888179,-1.2258476714090278,0.8077365626180215,0.646091668153197,-1.0306701134001208,1.3827510851855167,-1.43244469563043,1.454029254221148,0.9972039090469852,-0.5787359118286177,-0.5738091541336192,1.0959875190286648,-1.0959875190286648,-0.5784279906300535,-0.5776581893550843,-0.5765804684883443,1.733900301750437,0
-0.06755202926192945,1.1516997392084622,-0.35020386455104724,0.3057034892588806,-0.9115834940401767,-1.5477679860172513,-1.0306701134001208,-0.47752630360927023,-1.43244469563043,0.2898670846353866,-1.0028039309991141,1.7279038324066063,-0.5738091541336192,1.0959875190286648,-1.0959875190286648,-0.5784279906300535,-0.5776581893550843,1.7343632929879855,-0.5767344287272242,1
1.153367504635206,-0.9460792562201749,0.3413519501232164,1.0402101802698178,-0.9115834940401767,0.646091668153197,-1.0306701134001208,-0.7993262823638919,-0.721130416342303,0.12608761591039352,0.9972039090469852,-0.5787359118286177,-0.5738091541336192,-0.9124191495230389,0.9124191495230393,1.7288236672481017,-0.5776581893550843,-0.5765804684883443,-0.5767344287272242,0
-0.05720525355093678,0.38887101359804876,1.378685672134612,1.0198895692581522,-0.9115834940401767,0.646091668153197,-1.0306701134001208,-1.5439265991414077,-1.43244469563043,0.6439848548515877,-1.0028039309991141,1.7279038324066063,-0.5738091541336192,-0.9124191495230389,0.9124191495230393,1.7288236672481017,-0.5776581893550843,-0.5765804684883443,-0.5767344287272242,1
0.47048030770968957,-1.0414328469214764,1.03290776479748,-1.2258476714090278,-0.9115834940401767,-1.5477679860172513,-1.0306701134001208,1.332401407353024,-0.009816137054176019,0.28544061250768404,-1.0028039309991141,-0.5787359118286177,1.7427397119690018,-0.9124191495230389,0.9124191495230393,-0.5784279906300535,-0.5776581893550843,-0.5765804684883443,1.733900301750437,0
0.4394399805767116,0.38887101359804876,0.3413519501232164,0.8378079899319608,-0.9115834940401767,0.646091668153197,-1.0306701134001208,-1.1085044549113727,-0.721130416342303,-0.5246037868618761,0.9972039090469852,-0.5787359118286177,-0.5738091541336192,-0.9124191495230389,0.9124191495230393,-0.5784279906300535,-0.5776581893550843,1.7343632929879855,-0.5767344287272242,0
-0.5228101605456071,0.1981638321954454,-1.3875375865624426,-1.2258476714090278,0.8077365626180215,0.646091668153197,0.9702425509371355,-0.1547028082694693,0.7014981422339509,-0.6175597015436289,0.9972039090469852,-0.5787359118286177,-0.5738091541336192,1.0959875190286648,-1.0959875190286648,-0.5784279906300535,-0.5776581893550843,1.7343632929879855,-0.5767344287272242,0
0.7188029247735137,0.48422460429935044,-0.35020386455104724,-1.2258476714090278,0.8077365626180215,0.646091668153197,-1.0306701134001208,1.1021282602485023,-1.43244469563043,-1.3080893534652211,0.9972039090469852,-0.5787359118286177,-0.5738091541336192,-0.9124191495230389,0.9124191495230393,-0.5784279906300535,-0.5776581893550843,1.7343632929879855,-0.5767344287272242,0
-0.8849473104303507,-0.4693113027136664,0.3413519501232164,-1.2258476714090278,-0.9115834940401767,0.646091668153197,0.9702425509371355,-0.641942783666803,1.4128124215220779,-1.6046629860212898,0.9972039090469852,-0.5787359118286177,-0.5738091541336192,-0.9124191495230389,0.9124191495230393,-0.5784279906300535,1.731127539482183,-0.5765804684883443,-0.5767344287272242,0
0.8326174575944332,-1.3274936190253817,1.03290776479748,0.32798389513800874,-0.9115834940401767,0.646091668153197,-1.0306701134001208,-0.038470032108820586,1.4128124215220779,-0.7016626719699768,-1.0028039309991141,-0.5787359118286177,1.7427397119690018,-0.9124191495230389,0.9124191495230393,-0.5784279906300535,-0.5776581893550843,1.7343632929879855,-0.5767344287272242,0
1.2051013831901694,0.38887101359804876,-1.3875375865624426,-0.0012347170527914095,0.8077365626180215,0.646091668153197,-1.0306701134001208,-0.3869506503011564,-0.721130416342303,-1.3257952419760313,0.9972039090469852,-0.5787359118286177,-0.5738091541336192,-0.9124191495230389,0.9124191495230393,-0.5784279906300535,-0.5776581893550843,1.7343632929879855,-0.5767344287272242,0
0.35666577488877016,-1.518200800427985,-0.004425957213915414,1.4170615201678962,-0.9115834940401767,-1.5477679860172513,-1.0306701134001208,0.7140278471473027,-0.009816137054176019,-0.506897898351066,-1.0028039309991141,-0.5787359118286177,1.7427397119690018,-0.9124191495230389,0.9124191495230393,-0.5784279906300535,1.731127539482183,-0.5765804684883443,-0.5767344287272242,0
1.4223836731210155,0.2935174228967471,0.3413519501232164,0.9963188208472984,0.8077365626180215,0.646091668153197,-1.0306701134001208,-0.6145997971898521,0.7014981422339509,-1.038074553675368,-1.0028039309991141,1.7279038324066063,-0.5738091541336192,1.0959875190286648,-1.0959875190286648,-0.5784279906300535,1.731127539482183,-0.5765804684883443,-0.5767344287272242,0
-1.9299716572406107,-0.08789693990845966,-0.695981771888179,0.6403432710106804,-0.9115834940401767,0.646091668153197,-1.0306701134001208,-0.4263045673882838,1.4128124215220779,-0.763633281757812,0.9972039090469852,-0.5787359118286177,-0.5738091541336192,-0.9124191495230389,0.9124191495230393,1.7288236672481017,-0.5776581893550843,-0.5765804684883443,-0.5767344287272242,0
0.553254513397631,0.2935174228967471,1.03290776479748,0.8534341004968788,0.8077365626180215,0.646091668153197,0.9702425509371355,1.381996576442212,-1.43244469563043,-1.0867657470800955,0.9972039090469852,-0.5787359118286177,-0.5738091541336192,-0.9124191495230389,0.9124191495230393,-0.5784279906300535,-0.5776581893550843,1.7343632929879855,-0.5767344287272242,0
0.5015206348426676,-0.27860412131106305,-1.0417596792253108,0.7551279819955138,0.8077365626180215,0.646091668153197,-1.0306701134001208,0.0602982750209264,-0.009816137054176019,-0.47148612132944595,-1.0028039309991141,1.7279038324066063,-0.5738091541336192,-0.9124191495230389,0.9124191495230393,-0.5784279906300535,1.731127539482183,-0.5765804684883443,-0.5767344287272242,0
-0.5952375905225558,0.0074566507928420294,-1.7333154938995745,0.6606188458465403,-0.9115834940401767,0.646091668153197,-1.0306701134001208,1.7013965253108936,0.7014981422339509,0.3872494714448419,0.9972039090469852,-0.5787359118286177,-0.5738091541336192,1.0959875190286648,-1.0959875190286648,1.7288236672481017,-0.5776581893550843,-0.5765804684883443,-0.5767344287272242,0
-0.6159311419445411,0.6749317857019538,-0.35020386455104724,0.8459649869698641,-0.9115834940401767,0.646091668153197,-1.0306701134001208,1.1027076617540772,-1.43244469563043,-1.401045268146974,-1.0028039309991141,1.7279038324066063,-0.5738091541336192,-0.9124191495230389,0.9124191495230393,-0.5784279906300535,1.731127539482183,-0.5765804684883443,-0.5767344287272242,0
-0.5331569362565998,-0.27860412131106305,-0.695981771888179,0.8410116487155476,0.8077365626180215,0.646091668153197,0.9702425509371355,-1.0393737867998654,0.7014981422339509,0.24560236335836144,-1.0028039309991141,1.7279038324066063,-0.5738091541336192,-0.9124191495230389,0.9124191495230393,1.7288236672481017,-0.5776581893550843,-0.5765804684883443,-0.5767344287272242,0
-0.13997945923887817,0.48422460429935044,-1.7333154938995745,1.3003865719679135,-0.9115834940401767,0.646091668153197,0.9702425509371355,0.3541089181400665,-1.43244469563043,1.2061468150698071,-1.0028039309991141,-0.5787359118286177,1.7427397119690018,1.0959875190286648,-1.0959875190286648,-0.5784279906300535,-0.5776581893550843,1.7343632929879855,-0.5767344287272242,0
0.5325609619756456,-0.08789693990845966,1.378685672134612,-1.2258476714090278,0.8077365626180215,0.646091668153197,0.9702425509371355,1.0161646916139713,-0.721130416342303,0.09952878314417844,-1.0028039309991141,-0.5787359118286177,1.7427397119690018,1.0959875190286648,-1.0959875190286648,-0.5784279906300535,-0.5776581893550843,-0.5765804684883443,1.733900301750437,0
-0.5641972633895778,0.8656389671045572,-1.0417596792253108,0.8789359552503925,-0.9115834940401767,-1.5477679860172513,-1.0306701134001208,-1.7206454494619812,-0.721130416342303,1.3522203952839902,-1.0028039309991141,1.7279038324066063,-0.5738091541336192,-0.9124191495230389,0.9124191495230393,1.7288236672481017,-0.5776581893550843,-0.5765804684883443,-0.5767344287272242,1
0.2945851206228141,0.38887101359804876,-0.35020386455104724,-1.2258476714090278,2.52705661927622,0.646091668153197,-1.0306701134001208,0.26163960264836433,-0.721130416342303,1.5691175295414133,0.9972039090469852,-0.5787359118286177,-0.5738091541336192,1.0959875190286648,-1.0959875190286648,1.7288236672481017,-0.5776581893550843,-0.5765804684883443,-0.5767344287272242,1
-1.764423245864728,-1.3274936190253817,-0.695981771888179,1.5681638200275887,0.8077365626180215,-1.5477679860172513,-1.0306701134001208,1.418192824879956,-1.43244469563043,-0.8034715309071345,-1.0028039309991141,1.7279038324066063,-0.5738091541336192,1.0959875190286648,-1.0959875190286648,1.7288236672481017,-0.5776581893550843,-0.5765804684883443,-0.5767344287272242,0
-1.0194553946732554,-0.08789693990845966,1.7244635794717436,0.8940759636045637,0.8077365626180215,0.646091668153197,0.9702425509371355,-0.9308022565973929,-1.43244469563043,1.4097645329441229,-1.0028039309991141,1.7279038324066063,-0.5738091541336192,-0.9124191495230389,0.9124191495230393,-0.5784279906300535,-0.5776581893550843,1.7343632929879855,-0.5767344287272242,0
0.21181091493487275,0.8656389671045572,1.378685672134612,0.6446931886176308,0.8077365626180215,-1.5477679860172513,-1.0306701134001208,-0.4124124946750716,-1.43244469563043,-0.5201773147341736,-1.0028039309991141,1.7279038324066063,-0.5738091541336192,1.0959875190286648,-1.0959875190286648,-0.5784279906300535,-0.5776581893550843,-0.5765804684883443,1.733900301750437,0
0.24285124206785078,0.0074566507928420294,0.3413519501232164,-1.2258476714090278,0.8077365626180215,0.646091668153197,0.9702425509371355,-1.5739725318976698,-0.009816137054176019,0.09952878314417844,-1.0028039309991141,-0.5787359118286177,1.7427397119690018,1.0959875190286648,-1.0959875190286648,-0.5784279906300535,-0.5776581893550843,-0.5765804684883443,1.733900301750437,0
-0.12963268352788548,-1.23214002832408,-1.3875375865624426,0.4610016862096881,0.8077365626180215,0.646091668153197,0.9702425509371355,-1.3319826760759588,0.7014981422339509,0.4624994976157847,-1.0028039309991141,1.7279038324066063,-0.5738091541336192,1.0959875190286648,-1.0959875190286648,-0.5784279906300535,-0.5776581893550843,-0.5765804684883443,1.733900301750437,0
1.3913433459880375,1.4377605113123673,-1.3875375865624426,-1.2258476714090278,0.8077365626180215,0.646091668153197,-1.0306701134001208,-0.9559832686089118,1.4128124215220779,-1.4143246845300816,-1.0028039309991141,-0.5787359118286177,1.7427397119690018,1.0959875190286648,-1.0959875190286648,-0.5784279906300535,-0.5776581893550843,1.7343632929879855,-0.5767344287272242,1
-0.41934240343568036,0.10281024149414371,-1.7333154938995745,-1.2258476714090278,0.8077365626180215,0.646091668153197,-1.0306701134001208,-0.6583065289491176,1.4128124215220779,0.36954358293403183,0.9972039090469852,-0.5787359118286177,-0.5738091541336192,-0.9124191495230389,0.9124191495230393,-0.5784279906300535,1.731127539482183,-0.5765804684883443,-0.5767344287272242,0
-1.443673198823955,-0.7553720748175714,-0.004425957213915414,0.9764580275879021,-0.9115834940401767,-1.5477679860172513,0.9702425509371355,1.0740271133380852,-0.009816137054176019,0.16592586505971615,0.9972039090469852,-0.5787359118286177,-0.5738091541336192,1.0959875190286648,-1.0959875190286648,-0.5784279906300535,-0.5776581893550843,1.7343632929879855,-0.5767344287272242,0
-0.8228666561643946,-0.5646648934149681,1.378685672134612,0.4091938966527707,0.8077365626180215,-1.5477679860172513,-1.0306701134001208,0.49576476120291874,0.7014981422339509,0.8476025727259034,0.9972039090469852,-0.5787359118286177,-0.5738091541336192,1.0959875190286648,-1.0959875190286648,-0.5784279906300535,1.731127539482183,-0.5765804684883443,-0.5767344287272242,0
0.8946981118603892,0.5795781950006521,1.7244635794717436,-1.2258476714090278,0.8077365626180215,0.646091668153197,-1.0306701134001208,-1.7167412710096466,1.4128124215220779,-0.334265485370668,0.9972039090469852,-0.5787359118286177,-0.5738091541336192,-0.9124191495230389,0.9124191495230393,-0.5784279906300535,1.731127539482183,-0.5765804684883443,-0.5767344287272242,0
0.035915727847997285,-0.27860412131106305,-1.0417596792253108,-1.2258476714090278,0.8077365626180215,0.646091668153197,0.9702425509371355,0.8096643952388098,-1.43244469563043,-0.13507423962405485,-1.0028039309991141,-0.5787359118286177,1.7427397119690018,1.0959875190286648,-1.0959875190286648,-0.5784279906300535,-0.5776581893550843,1.7343632929879855,-0.5767344287272242,0
2.063883767202561,0.6749317857019538,1.378685672134612,0.6595876616645604,-0.9115834940401767,0.646091668153197,-1.0306701134001208,-0.1942274853441341,-0.721130416342303,1.454029254221148,0.9972039090469852,-0.5787359118286177,-0.5738091541336192,-0.9124191495230389,0.9124191495230393,-0.5784279906300535,-0.5776581893550843,1.7343632929879855,-0.5767344287272242,0
0.035915727847997285,-0.18325053060976135,-1.0417596792253108,1.1078607669030054,0.8077365626180215,-1.5477679860172513,-1.0306701134001208,1.4991118443918148,1.4128124215220779,-0.6573979506929516,-1.0028039309991141,1.7279038324066063,-0.5738091541336192,-0.9124191495230389,0.9124191495230393,-0.5784279906300535,-0.5776581893550843,-0.5765804684883443,1.733900301750437,0
-0.7193988990544679,-0.4693113027136664,-1.3875375865624426,-1.2258476714090278,0.8077365626180215,-1.5477679860172513,0.9702425509371355,-0.32891277355929777,-0.009816137054176019,-0.019985964303789454,-1.0028039309991141,-0.5787359118286177,1.7427397119690018,-0.9124191495230389,0.9124191495230393,-0.5784279906300535,-0.5776581893550843,-0.5765804684883443,1.733900301750437,0
0.01522217642601194,-0.27860412131106305,-1.3875375865624426,-1.2258476714090278,0.8077365626180215,0.646091668153197,0.9702425509371355,-1.4048132018807822,-0.009816137054176019,-1.7153247892138526,-1.0028039309991141,-0.5787359118286177,1.7427397119690018,1.0959875190286648,-1.0959875190286648,-0.5784279906300535,1.731127539482183,-0.5765804684883443,-0.5767344287272242,0
1.24648848603414,0.5795781950006521,-1.7333154938995745,1.015151795617569,-0.9115834940401767,-1.5477679860172513,-1.0306701134001208,1.2327885164559962,1.4128124215220779,0.5333230516590249,-1.0028039309991141,-0.5787359118286177,1.7427397119690018,-0.9124191495230389,0.9124191495230393,-0.5784279906300535,1.731127539482183,-0.5765804684883443,-0.5767344287272242,1
0.48082708342068226,-1.1367864376227783,1.03290776479748,1.037559617011878,0.8077365626180215,0.646091668153197,-1.0306701134001208,-0.16517968123193055,-1.43244469563043,1.29910272975156,0.9972039090469852,-0.5787359118286177,-0.5738091541336192,-0.9124191495230389,0.9124191495230393,-0.5784279906300535,-0.5776581893550843,1.7343632929879855,-0.5767344287272242,0
-0.7193988990544679,-1.4228472097266833,-0.695981771888179,0.304872643937248,-0.9115834940401767,0.646091668153197,0.9702425509371355,-0.9448355279968377,1.4128124215220779,-0.635265590054439,0.9972039090469852,-0.5787359118286177,-0.5738091541336192,1.0959875190286648,-1.0959875190286648,-0.5784279906300535,-0.5776581893550843,1.7343632929879855,-0.5767344287272242,0
1.184407831768184,1.0563461485071606,1.378685672134612,0.8023476911083001,-0.9115834940401767,0.646091668153197,0.9702425509371355,-0.35665362037381065,-1.43244469563043,-1.1044716355909057,0.9972039090469852,-0.5787359118286177,-0.5738091541336192,1.0959875190286648,-1.0959875190286648,-0.5784279906300535,-0.5776581893550843,1.7343632929879855,-0.5767344287272242,1
-0.84356020758638,-0.3739577120123647,-0.35020386455104724,0.2796528662991036,-0.9115834940401767,0.646091668153197,-1.0306701134001208,1.4721178551602692,1.4128124215220779,0.7944849071934733,0.9972039090469852,-0.5787359118286177,-0.5738091541336192,1.0959875190286648,-1.0959875190286648,-0.5784279906300535,1.731127539482183,-0.5765804684883443,-0.5767344287272242,0
-1.6609554887548013,0.10281024149414371,-1.3875375865624426,-1.2258476714090278,-0.9115834940401767,0.646091668153197,0.9702425509371355,-0.8780758501399886,-0.721130416342303,-1.6710600679368275,0.9972039090469852,-0.5787359118286177,-0.5738091541336192,1.0959875190286648,-1.0959875190286648,1.7288236672481017,-0.5776581893550843,-0.5765804684883443,-0.5767344287272242,1
1.7534804958727812,0.0074566507928420294,-1.3875375865624426,0.45081693936289274,-0.9115834940401767,0.646091668153197,-1.0306701134001208,-0.670377451611942,0.7014981422339509,1.4894410312427682,0.9972039090469852,-0.5787359118286177,-0.5738091541336192,1.0959875190286648,-1.0959875190286648,-0.5784279906300535,1.731127539482183,-0.5765804684883443,-0.5767344287272242,1
0.3049318963338068,-1.1367864376227783,-0.695981771888179,-1.2258476714090278,-0.9115834940401767,0.646091668153197,-1.0306701134001208,-1.1761221060660938,-0.009816137054176019,1.188440926558997,0.9972039090469852,-0.5787359118286177,-0.5738091541336192,-0.9124191495230389,0.9124191495230393,1.7288236672481017,-0.5776581893550843,-0.5765804684883443,-0.5767344287272242,0
0.615335167663587,-0.9460792562201749,-0.695981771888179,0.692119326892119,-0.9115834940401767,0.646091668153197,-1.0306701134001208,1.529053095363456,0.7014981422339509,1.3566468674116927,-1.0028039309991141,-0.5787359118286177,1.7427397119690018,1.0959875190286648,-1.0959875190286648,1.7288236672481017,-0.5776581893550843,-0.5765804684883443,-0.5767344287272242,0
-0.5538504876785851,0.0074566507928420294,1.03290776479748,1.3790726243844755,2.52705661927622,0.646091668153197,-1.0306701134001208,-1.113570392504989,-0.721130416342303,0.4093818320833545,-1.0028039309991141,1.7279038324066063,-0.5738091541336192,1.0959875190286648,-1.0959875190286648,-0.5784279906300535,-0.5776581893550843,-0.5765804684883443,1.733900301750437,1
1.7845208230057592,0.6749317857019538,-0.695981771888179,0.08159177865834136,-0.9115834940401767,0.646091668153197,0.9702425509371355,-1.2471267867903222,-1.43244469563043,0.06411700612255833,-1.0028039309991141,-0.5787359118286177,1.7427397119690018,1.0959875190286648,-1.0959875190286648,-0.5784279906300535,-0.5776581893550843,-0.5765804684883443,1.733900301750437,1
-0.10893913210590014,-0.4693113027136664,-0.695981771888179,0.021490921909572528,-0.9115834940401767,0.646091668153197,0.9702425509371355,1.190357267903032,0.7014981422339509,-1.228412855166576,-1.0028039309991141,-0.5787359118286177,1.7427397119690018,1.0959875190286648,-1.0959875190286648,1.7288236672481017,-0.5776581893550843,-0.5765804684883443,-0.5767344287272242,0
0.6670690462185503,-0.08789693990845966,-0.004425957213915414,0.674813735593137,-0.9115834940401767,0.646091668153197,0.9702425509371355,-1.6416272216240257,0.7014981422339509,0.8033378514488783,0.9972039090469852,-0.5787359118286177,-0.5738091541336192,1.0959875190286648,-1.0959875190286648,-0.5784279906300535,1.731127539482183,-0.5765804684883443,-0.5767344287272242,1
0.8429642333054258,2.105235646221479,1.378685672134612,0.29459894663645836,0.8077365626180215,0.646091668153197,0.9702425509371355,0.9987782991965158,-0.009816137054176019,-0.44050081643552835,-1.0028039309991141,1.7279038324066063,-0.5738091541336192,1.0959875190286648,-1.0959875190286648,-0.5784279906300535,1.731127539482183,-0.5765804684883443,-0.5767344287272242,1
-1.9506652086625962,0.0074566507928420294,-0.35020386455104724,1.0200804521242908,0.8077365626180215,-1.5477679860172513,-1.0306701134001208,0.5427839237183989,-1.43244469563043,0.09067583888877341,0.9972039090469852,-0.5787359118286177,-0.5738091541336192,-0.9124191495230389,0.9124191495230393,-0.5784279906300535,-0.5776581893550843,-0.5765804684883443,1.733900301750437,0
1.7638272715837737,-1.0414328469214764,1.03290776479748,-1.2258476714090278,-0.9115834940401767,0.646091668153197,0.9702425509371355,-1.1013516633356402,1.4128124215220779,1.0556467627279216,0.9972039090469852,-0.5787359118286177,-0.5738091541336192,1.0959875190286648,-1.0959875190286648,-0.5784279906300535,1.731127539482183,-0.5765804684883443,-0.5767344287272242,0
2.063883767202561,-0.18325053060976135,0.6871298574603482,1.2286679845720567,-0.9115834940401767,0.646091668153197,0.9702425509371355,0.906750490434302,1.4128124215220779,1.153029149537377,0.9972039090469852,-0.5787359118286177,-0.5738091541336192,1.0959875190286648,-1.0959875190286648,-0.5784279906300535,1.731127539482183,-0.5765804684883443,-0.5767344287272242,0
-0.7607860018984386,0.38887101359804876,0.3413519501232164,-1.2258476714090278,0.8077365626180215,0.646091668153197,0.9702425509371355,0.8584527146923827,-0.009816137054176019,-0.7105156162253817,-1.0028039309991141,-0.5787359118286177,1.7427397119690018,-0.9124191495230389,0.9124191495230393,1.7288236672481017,-0.5776581893550843,-0.5765804684883443,-0.5767344287272242,0
0.9153916632823745,-0.4693113027136664,1.378685672134612,-1.2258476714090278,-0.9115834940401767,0.646091668153197,-1.0306701134001208,-0.686968297244281,-0.009816137054176019,0.8033378514488783,0.9972039090469852,-0.5787359118286177,-0.5738091541336192,-0.9124191495230389,0.9124191495230393,-0.5784279906300535,-0.5776581893550843,1.7343632929879855,-0.5767344287272242,0
-0.30552787061476094,-1.1367864376227783,-0.35020386455104724,0.9699252177586066,-0.9115834940401767,0.646091668153197,-1.0306701134001208,-1.3708823924630371,0.7014981422339509,0.010999340590128151,0.9972039090469852,-0.5787359118286177,-0.5738091541336192,-0.9124191495230389,0.9124191495230393,-0.5784279906300535,-0.5776581893550843,-0.5765804684883443,1.733900301750437,0
2.063883767202561,-0.9460792562201749,-1.3875375865624426,1.252591008834945,-0.9115834940401767,0.646091668153197,0.9702425509371355,1.112013907184866,0.7014981422339509,1.024661457834004,-1.0028039309991141,1.7279038324066063,-0.5738091541336192,-0.9124191495230389,0.9124191495230393,1.7288236672481017,-0.5776581893550843,-0.5765804684883443,-0.5767344287272242,0
0.5325609619756456,-1.23214002832408,-0.004425957213915414,-0.3164940379967636,0.8077365626180215,0.646091668153197,0.9702425509371355,0.006120582559460562,-0.009816137054176019,-1.0292216094199629,0.9972039090469852,-0.5787359118286177,-0.5738091541336192,-0.9124191495230389,0.9124191495230393,-0.5784279906300535,-0.5776581893550843,-0.5765804684883443,1.733900301750437,1
0.20146413922388007,-0.9460792562201749,1.378685672134612,-1.2258476714090278,0.8077365626180215,0.646091668153197,-1.0306701134001208,-1.2647202822069192,0.7014981422339509,-0.7370744489915968,-1.0028039309991141,-0.5787359118286177,1.7427397119690018,1.0959875190286648,-1.0959875190286648,1.7288236672481017,-0.5776581893550843,-0.5765804684883443,-0.5767344287272242,0
-1.6402619373328158,0.5795781950006521,1.378685672134612,1.5034894675037218,0.8077365626180215,-1.5477679860172513,-1.0306701134001208,1.1242262024239307,-1.43244469563043,-0.055397741325409575,-1.0028039309991141,1.7279038324066063,-0.5738091541336192,-0.9124191495230389,0.9124191495230393,-0.5784279906300535,1.731127539482183,-0.5765804684883443,-0.5767344287272242,0
-1.2884715631590649,1.247053329909764,1.03290776479748,0.2741369765249315,-0.9115834940401767,-1.5477679860172513,0.9702425509371355,-1.371323203632495,-1.43244469563043,-0.07753010196392214,0.9972039090469852,-0.5787359118286177,-0.5738091541336192,-0.9124191495230389,0.9124191495230393,-0.5784279906300535,-0.5776581893550843,-0.5765804684883443,1.733900301750437,1
-0.4917698334126291,-0.3739577120123647,-1.3875375865624426,0.46254461597653945,0.8077365626180215,0.646091668153197,0.9702425509371355,0.5266999674584343,1.4128124215220779,0.4182347763387595,-1.0028039309991141,1.7279038324066063,-0.5738091541336192,-0.9124191495230389,0.9124191495230393,-0.5784279906300535,-0.5776581893550843,-0.5765804684883443,1.733900301750437,0
0.5118674105536603,1.4377605113123673,-1.3875375865624426,0.046955914312782204,-0.9115834940401767,-1.5477679860172513,0.9702425509371355,0.689392154199855,1.4128124215220779,-0.2678684034551303,-1.0028039309991141,-0.5787359118286177,1.7427397119690018,-0.9124191495230389,0.9124191495230393,-0.5784279906300535,-0.5776581893550843,1.7343632929879855,-0.5767344287272242,0
-1.857544227263662,1.8191748741175742,-0.35020386455104724,0.61267919900521,-0.9115834940401767,0.646091668153197,0.9702425509371355,-1.1089871735726804,-1.43244469563043,1.31680861826237,0.9972039090469852,-0.5787359118286177,-0.5738091541336192,1.0959875190286648,-1.0959875190286648,-0.5784279906300535,-0.5776581893550843,1.7343632929879855,-0.5767344287272242,0
1.122327177502228,-1.6135543911292867,-0.004425957213915414,-1.2258476714090278,-0.9115834940401767,0.646091668153197,-1.0306701134001208,-1.3526394178677712,-1.43244469563043,0.6705436876178028,0.9972039090469852,-0.5787359118286177,-0.5738091541336192,1.0959875190286648,-1.0959875190286648,1.7288236672481017,-0.5776581893550843,-0.5765804684883443,-0.5767344287272242,0
0.8740045604384039,-0.27860412131106305,-0.004425957213915414,-1.2258476714090278,0.8077365626180215,0.646091668153197,-1.0306701134001208,0.08802190672467931,-0.009816137054176019,-1.538265904105752,-1.0028039309991141,-0.5787359118286177,1.7427397119690018,-0.9124191495230389,0.9124191495230393,-0.5784279906300535,-0.5776581893550843,1.7343632929879855,-0.5767344287272242,0
-0.06755202926192945,-0.5646648934149681,0.6871298574603482,1.572026513526174,-0.9115834940401767,-1.5477679860172513,0.9702425509371355,-0.9763428323776064,-1.43244469563043,1.2149997593252122,0.9972039090469852,-0.5787359118286177,-0.5738091541336192,-0.9124191495230389,0.9124191495230393,1.7288236672481017,-0.5776581893550843,-0.5765804684883443,-0.5767344287272242,0
0.1497302606689167,0.10281024149414371,0.3413519501232164,-1.2258476714090278,-0.9115834940401767,0.646091668153197,0.9702425509371355,1.0739062597827504,-0.721130416342303,0.19691116995363378,0.9972039090469852,-0.5787359118286177,-0.5738091541336192,1.0959875190286648,-1.0959875190286648,-0.5784279906300535,-0.5776581893550843,-0.5765804684883443,1.733900301750437,0
-1.1332699274941749,0.0074566507928420294,0.3413519501232164,0.5346470526288218,-0.9115834940401767,0.646091668153197,-1.0306701134001208,-1.3007148182357595,0.7014981422339509,1.2282791757083198,0.9972039090469852,-0.5787359118286177,-0.5738091541336192,1.0959875190286648,-1.0959875190286648,1.7288236672481017,-0.5776581893550843,-0.5765804684883443,-0.5767344287272242,0
0.19111736351288738,-0.9460792562201749,0.6871298574603482,1.1142929264888617,-0.9115834940401767,-1.5477679860172513,-1.0306701134001208,-0.8666865763072529,-1.43244469563043,-0.9982363045260452,0.9972039090469852,-0.5787359118286177,-0.5738091541336192,1.0959875190286648,-1.0959875190286648,1.7288236672481017,-0.5776581893550843,-0.5765804684883443,-0.5767344287272242,0
0.13938348495792402,1.533114102013669,1.03290776479748,-1.2258476714090278,0.8077365626180215,0.646091668153197,0.9702425509371355,0.6794126066593463,1.4128124215220779,-1.71089831708615,0.9972039090469852,-0.5787359118286177,-0.5738091541336192,-0.9124191495230389,0.9124191495230393,-0.5784279906300535,-0.5776581893550843,-0.5765804684883443,1.733900301750437,0
1.0188594203923014,1.4377605113123673,-0.695981771888179,1.0943798848546866,-0.9115834940401767,0.646091668153197,-1.0306701134001208,-0.11744426577483416,-1.43244469563043,-1.0115157209091528,-1.0028039309991141,1.7279038324066063,-0.5738091541336192,-0.9124191495230389,0.9124191495230393,-0.5784279906300535,-0.5776581893550843,-0.5765804684883443,1.733900301750437,1
0.5118674105536603,-1.0414328469214764,-0.695981771888179,0.3721462729708058,0.8077365626180215,-1.5477679860172513,-1.0306701134001208,0.8109096215837759,1.4128124215220779,-0.7592068096301094,-1.0028039309991141,1.7279038324066063,-0.5738091541336192,1.0959875190286648,-1.0959875190286648,-0.5784279906300535,-0.5776581893550843,-0.5765804684883443,1.733900301750437,0
-1.3402054417140283,0.0074566507928420294,0.6871298574603482,-1.2258476714090278,0.8077365626180215,-1.5477679860172513,0.9702425509371355,-1.7291041549953583,0.7014981422339509,1.3522203952839902,0.9972039090469852,-0.5787359118286177,-0.5738091541336192,-0.9124191495230389,0.9124191495230393,-0.5784279906300535,-0.5776581893550843,1.7343632929879855,-0.5767344287272242,0
0.47048030770968957,-0.8507256655188732,1.03290776479748,-1.2258476714090278,0.8077365626180215,0.646091668153197,0.9702425509371355,1.6701126695899882,-0.009816137054176019,1.2548380084745347,0.9972039090469852,-0.5787359118286177,-0.5738091541336192,1.0959875190286648,-1.0959875190286648,-0.5784279906300535,-0.5776581893550843,-0.5765804684883443,1.733900301750437,0
1.8362547015607225,-0.4693113027136664,1.03290776479748,0.8485945547152395,0.8077365626180215,-1.5477679860172513,-1.0306701134001208,-1.0773958803182044,0.7014981422339509,-1.0469274979307728,0.9972039090469852,-0.5787359118286177,-0.5738091541336192,-0.9124191495230389,0.9124191495230393,-0.5784279906300535,-0.5776581893550843,-0.5765804684883443,1.733900301750437,0
0.5325609619756456,-0.4693113027136664,-0.35020386455104724,0.3777410161204106,-0.9115834940401767,0.646091668153197,-1.0306701134001208,0.16356459497922057,-0.009816137054176019,1.3300880346454775,0.9972039090469852,-0.5787359118286177,-0.5738091541336192,-0.9124191495230389,0.9124191495230393,-0.5784279906300535,-0.5776581893550843,1.7343632929879855,-0.5767344287272242,0
-1.0711892732282189,1.1516997392084622,-1.3875375865624426,-1.2258476714090278,0.8077365626180215,0.646091668153197,0.9702425509371355,-0.7508888729458089,-0.721130416342303,1.1574556216650795,0.9972039090469852,-0.5787359118286177,-0.5738091541336192,1.0959875190286648,-1.0959875190286648,-0.5784279906300535,-0.5776581893550843,-0.5765804684883443,1.733900301750437,0
0.4290932048657189,1.4377605113123673,-0.004425957213915414,-1.2258476714090278,0.8077365626180215,0.646091668153197,0.9702425509371355,-0.19768511425675775,-0.009816137054176019,-0.2413095706889152,0.9972039090469852,-0.5787359118286177,-0.5738091541336192,-0.9124191495230389,0.9124191495230393,-0.5784279906300535,-0.5776581893550843,1.7343632929879855,-0.5767344287272242,0
-2.1886410500154274,-0.27860412131106305,-1.0417596792253108,1.4272203030983908,0.8077365626180215,0.646091668153197,0.9702425509371355,0.41501615389858215,-0.009816137054176019,1.197293870814402,0.9972039090469852,-0.5787359118286177,-0.5738091541336192,-0.9124191495230389,0.9124191495230393,1.7288236672481017,-0.5776581893550843,-0.5765804684883443,-0.5767344287272242,0
-1.2884715631590649,0.2935174228967471,-1.3875375865624426,-1.2258476714090278,-0.9115834940401767,-1.5477679860172513,0.9702425509371355,1.1893342729878758,-1.43244469563043,-0.059824213453112084,0.9972039090469852,-0.5787359118286177,-0.5738091541336192,-0.9124191495230389,0.9124191495230393,-0.5784279906300535,1.731127539482183,-0.5765804684883443,-0.5767344287272242,0
0.6567222705075577,-1.0414328469214764,0.3413519501232164,0.7410691624028651,-0.9115834940401767,0.646091668153197,0.9702425509371355,-0.574410338615843,-1.43244469563043,1.2636909527299398,0.9972039090469852,-0.5787359118286177,-0.5738091541336192,-0.9124191495230389,0.9124191495230393,1.7288236672481017,-0.5776581893550843,-0.5765804684883443,-0.5767344287272242,0
0.13938348495792402,-0.27860412131106305,0.3413519501232164,-0.08563475430863667,0.8077365626180215,0.646091668153197,-1.0306701134001208,0.3885198378690041,-0.009816137054176019,1.1043379561326494,-1.0028039309991141,1.7279038324066063,-0.5738091541336192,-0.9124191495230389,0.9124191495230393,1.7288236672481017,-0.5776581893550843,-0.5765804684883443,-0.5767344287272242,0
-0.5952375905225558,-0.08789693990845966,-0.004425957213915414,0.14649916534456436,-0.9115834940401767,0.646091668153197,0.9702425509371355,0.43454087174042555,-0.721130416342303,1.2592644806022373,-1.0028039309991141,1.7279038324066063,-0.5738091541336192,1.0959875190286648,-1.0959875190286648,-0.5784279906300535,1.731127539482183,-0.5765804684883443,-0.5767344287272242,0
-2.085173292905501,-0.18325053060976135,0.3413519501232164,-1.2258476714090278,0.8077365626180215,0.646091668153197,-1.0306701134001208,-0.3115023843207832,1.4128124215220779,-0.033265380686896995,0.9972039090469852,-0.5787359118286177,-0.5738091541336192,1.0959875190286648,-1.0959875190286648,1.7288236672481017,-0.5776581893550843,-0.5765804684883443,-0.5767344287272242,0
0.7601900276174844,-0.27860412131106305,-1.3875375865624426,-1.2258476714090278,0.8077365626180215,0.646091668153197,-1.0306701134001208,-0.8282031525985503,-0.009816137054176019,0.2367494191029564,-1.0028039309991141,-0.5787359118286177,1.7427397119690018,-0.9124191495230389,0.9124191495230393,-0.5784279906300535,1.731127539482183,-0.5765804684883443,-0.5767344287272242,0
-0.026164926417958756,-0.3739577120123647,0.6871298574603482,-1.2258476714090278,0.8077365626180215,-1.5477679860172513,-1.0306701134001208,0.3966217211066306,-0.721130416342303,1.2017203429421046,-1.0028039309991141,-0.5787359118286177,1.7427397119690018,-0.9124191495230389,0.9124191495230393,1.7288236672481017,-0.5776581893550843,-0.5765804684883443,-0.5767344287272242,0
-1.7540764701537352,0.0074566507928420294,0.3413519501232164,-1.2258476714090278,-0.9115834940401767,0.646091668153197,0.9702425509371355,-1.3113514961152748,-0.009816137054176019,1.5337057525197932,0.9972039090469852,-0.5787359118286177,-0.5738091541336192,1.0959875190286648,-1.0959875190286648,-0.5784279906300535,1.731127539482183,-0.5765804684883443,-0.5767344287272242,0
1.308569140300096,0.48422460429935044,-0.695981771888179,0.7720210355132686,0.8077365626180215,-1.5477679860172513,0.9702425509371355,-0.35296089217080934,0.7014981422339509,-1.038074553675368,-1.0028039309991141,1.7279038324066063,-0.5738091541336192,-0.9124191495230389,0.9124191495230393,-0.5784279906300535,1.731127539482183,-0.5765804684883443,-0.5767344287272242,0
0.6049883919525944,0.0074566507928420294,1.378685672134612,0.7731161678594715,-0.9115834940401767,0.646091668153197,-1.0306701134001208,-0.4599108980517059,-0.721130416342303,-0.35639784600918056,-1.0028039309991141,1.7279038324066063,-0.5738091541336192,1.0959875190286648,-1.0959875190286648,-0.5784279906300535,-0.5776581893550843,-0.5765804684883443,1.733900301750437,0
-0.5538504876785851,-1.8996151632331917,-1.0417596792253108,-1.2258476714090278,0.8077365626180215,0.646091668153197,0.9702425509371355,-0.1574313163799086,-0.009816137054176019,-1.4895747107010244,0.9972039090469852,-0.5787359118286177,-0.5738091541336192,-0.9124191495230389,0.9124191495230393,-0.5784279906300535,1.731127539482183,-0.5765804684883443,-0.5767344287272242,0
0.18077058780189473,-1.3274936190253817,1.03290776479748,-1.2258476714090278,0.8077365626180215,0.646091668153197,0.9702425509371355,0.6089949786010308,-0.721130416342303,0.7015289925117204,-1.0028039309991141,-0.5787359118286177,1.7427397119690018,-0.9124191495230389,0.9124191495230393,-0.5784279906300535,-0.5776581893550843,-0.5765804684883443,1.733900301750437,0
-0.5228101605456071,1.0563461485071606,0.3413519501232164,0.2916674281607676,-0.9115834940401767,0.646091668153197,0.9702425509371355,-0.8625175633732278,-0.009816137054176019,1.6576469720954636,-1.0028039309991141,-0.5787359118286177,1.7427397119690018,1.0959875190286648,-1.0959875190286648,1.7288236672481017,-0.5776581893550843,-0.5765804684883443,-0.5767344287272242,0
-2.2921088071253544,0.0074566507928420294,0.3413519501232164,-0.4561645216717703,-0.9115834940401767,0.646091668153197,-1.0306701134001208,-0.43853755553826185,-0.009816137054176019,0.23232294697525388,0.9972039090469852,-0.5787359118286177,-0.5738091541336192,1.0959875190286648,-1.0959875190286648,-0.5784279906300535,1.731127539482183,-0.5765804684883443,-0.5767344287272242,0
-0.41934240343568036,-0.3739577120123647,0.6871298574603482,0.08686790288444958,-0.9115834940401767,0.646091668153197,0.9702425509371355,-0.6689035599068827,-0.009816137054176019,-0.9052803898442924,0.9972039090469852,-0.5787359118286177,-0.5738091541336192,1.0959875190286648,-1.0959875190286648,-0.5784279906300535,1.731127539482183,-0.5765804684883443,-0.5767344287272242,0
-0.46072950627965104,-0.4693113027136664,-0.004425957213915414,-1.2258476714090278,-0.9115834940401767,0.646091668153197,-1.0306701134001208,1.0760518885874613,-1.43244469563043,1.2592644806022373,0.9972039090469852,-0.5787359118286177,-0.5738091541336192,-0.9124191495230389,0.9124191495230393,-0.5784279906300535,-0.5776581893550843,-0.5765804684883443,1.733900301750437,0
-0.336568197747739,-0.5646648934149681,-0.35020386455104724,-1.2258476714090278,0.8077365626180215,0.646091668153197,0.9702425509371355,-0.39194911857179476,-1.43244469563043,-1.4762952943179168,-1.0028039309991141,-0.5787359118286177,1.7427397119690018,-0.9124191495230389,0.9124191495230393,-0.5784279906300535,-0.5776581893550843,-0.5765804684883443,1.733900301750437,0
0.2325044663568581,-0.6600184841162697,-1.7333154938995745,-1.2258476714090278,-0.9115834940401767,0.646091668153197,0.9702425509371355,-0.4732748668116068,0.7014981422339509,0.5288965795313224,-1.0028039309991141,-0.5787359118286177,1.7427397119690018,1.0959875190286648,-1.0959875190286648,-0.5784279906300535,1.731127539482183,-0.5765804684883443,-0.5767344287272242,0
0.08764960640296066,-0.6600184841162697,-0.695981771888179,1.1930235342679647,0.8077365626180215,-1.5477679860172513,0.9702425509371355,1.296563372331092,-0.721130416342303,1.0733526512387317,-1.0028039309991141,1.7279038324066063,-0.5738091541336192,1.0959875190286648,-1.0959875190286648,-0.5784279906300535,-0.5776581893550843,1.7343632929879855,-0.5767344287272242,0
-0.3262214220367463,0.38887101359804876,-1.3875375865624426,0.7809373969674327,-0.9115834940401767,0.646091668153197,0.9702425509371355,0.23162583954352245,1.4128124215220779,0.22347000271984885,0.9972039090469852,-0.5787359118286177,-0.5738091541336192,-0.9124191495230389,0.9124191495230393,-0.5784279906300535,-0.5776581893550843,-0.5765804684883443,1.733900301750437,0
0.4394399805767116,0.10281024149414371,-0.35020386455104724,0.8682857811632382,-0.9115834940401767,0.646091668153197,0.9702425509371355,0.03179961555296275,-0.009816137054176019,1.3433674510285851,0.9972039090469852,-0.5787359118286177,-0.5738091541336192,-0.9124191495230389,0.9124191495230393,-0.5784279906300535,-0.5776581893550843,-0.5765804684883443,1.733900301750437,0
-0.4917698334126291,-0.7553720748175714,-1.3875375865624426,0.8535695295664736,-0.9115834940401767,0.646091668153197,-1.0306701134001208,0.15745670845961143,-1.43244469563043,0.25445530761376645,0.9972039090469852,-0.5787359118286177,-0.5738091541336192,-0.9124191495230389,0.9124191495230393,-0.5784279906300535,-0.5776581893550843,1.7343632929879855,-0.5767344287272242,0
0.6670690462185503,0.1981638321954454,-0.35020386455104724,0.28499422085814075,-0.9115834940401767,-1.5477679860172513,0.9702425509371355,0.9169373148639602,1.4128124215220779,0.9936761529400864,0.9972039090469852,-0.5787359118286177,-0.5738091541336192,-0.9124191495230389,0.9124191495230393,-0.5784279906300535,1.731127539482183,-0.5765804684883443,-0.5767344287272242,1
-0.30552787061476094,-1.1367864376227783,-1.3875375865624426,-0.03505864806513493,-0.9115834940401767,0.646091668153197,0.9702425509371355,-0.8261215153166644,1.4128124215220779,-1.4408835172962966,-1.0028039309991141,1.7279038324066063,-0.5738091541336192,-0.9124191495230389,0.9124191495230393,-0.5784279906300535,-0.5776581893550843,1.7343632929879855,-0.5767344287272242,0
-0.7400924504764532,0.0074566507928420294,-0.695981771888179,1.4426847001352365,0.8077365626180215,0.646091668153197,-1.0306701134001208,-0.10876124213155555,-0.721130416342303,-1.1797216617618482,0.9972039090469852,-0.5787359118286177,-0.5738091541336192,1.0959875190286648,-1.0959875190286648,-0.5784279906300535,-0.5776581893550843,1.7343632929879855,-0.5767344287272242,0
0.36701255059976284,-1.1367864376227783,-1.3875375865624426,0.6188065229811621,0.8077365626180215,-1.5477679860172513,-1.0306701134001208,-0.373303240828744,-0.721130416342303,1.179587982303592,-1.0028039309991141,1.7279038324066063,-0.5738091541336192,1.0959875190286648,-1.0959875190286648,1.7288236672481017,-0.5776581893550843,-0.5765804684883443,-0.5767344287272242,0
-0.30552787061476094,-0.4693113027136664,1.03290776479748,-1.2258476714090278,-0.9115834940401767,-1.5477679860172513,-1.0306701134001208,-0.9062728104446349,-0.009816137054176019,-1.3169422977206262,-1.0028039309991141,-0.5787359118286177,1.7427397119690018,-0.9124191495230389,0.9124191495230393,1.7288236672481017,-0.5776581893550843,-0.5765804684883443,-0.5767344287272242,0
0.6049883919525944,-1.6135543911292867,-1.7333154938995745,0.5844096228282253,-0.9115834940401767,-1.5477679860172513,-1.0306701134001208,0.9588522839841351,-1.43244469563043,1.4097645329441229,-1.0028039309991141,1.7279038324066063,-0.5738091541336192,-0.9124191495230389,0.9124191495230393,-0.5784279906300535,-0.5776581893550843,-0.5765804684883443,1.733900301750437,0
-0.38830207630270236,-0.5646648934149681,-0.695981771888179,1.2701568803812906,0.8077365626180215,0.646091668153197,0.9702425509371355,-0.7362334230989005,0.7014981422339509,0.1172346716549885,-1.0028039309991141,1.7279038324066063,-0.5738091541336192,-0.9124191495230389,0.9124191495230393,-0.5784279906300535,-0.5776581893550843,1.7343632929879855,-0.5767344287272242,0
-1.2884715631590649,-1.0414328469214764,-1.3875375865624426,0.5703174668492149,-0.9115834940401767,-1.5477679860172513,0.9702425509371355,0.4554455806831836,0.7014981422339509,-0.5334567311172812,0.9972039090469852,-0.5787359118286177,-0.5738091541336192,-0.9124191495230389,0.9124191495230393,1.7288236672481017,-0.5776581893550843,-0.5765804684883443,-0.5767344287272242,0
1.4844643273869715,0.6749317857019538,0.3413519501232164,-1.2258476714090278,0.8077365626180215,0.646091668153197,-1.0306701134001208,1.6560501846692537,0.7014981422339509,1.024661457834004,0.9972039090469852,-0.5787359118286177,-0.5738091541336192,-0.9124191495230389,0.9124191495230393,-0.5784279906300535,-0.5776581893550843,1.7343632929879855,-0.5767344287272242,0
-1.567834507355867,0.0074566507928420294,0.3413519501232164,-1.2258476714090278,0.8077365626180215,0.646091668153197,0.9702425509371355,-0.3248480946298781,-0.009816137054176019,-1.1310304683571206,-1.0028039309991141,-0.5787359118286177,1.7427397119690018,-0.9124191495230389,0.9124191495230393,-0.5784279906300535,1.731127539482183,-0.5765804684883443,-0.5767344287272242,0
0.522214186264653,2.2959428276240823,-0.695981771888179,0.7120945537085462,2.52705661927622,-1.5477679860172513,-1.0306701134001208,0.7761964810214981,-1.43244469563043,-0.17933896090107998,-1.0028039309991141,1.7279038324066063,-0.5738091541336192,-0.9124191495230389,0.9124191495230393,1.7288236672481017,-0.5776581893550843,-0.5765804684883443,-0.5767344287272242,1
-2.1886410500154274,2.5820035997279875,1.378685672134612,-1.2258476714090278,-0.9115834940401767,0.646091668153197,-1.0306701134001208,-0.6008713549738629,-1.43244469563043,0.697102520384018,0.9972039090469852,-0.5787359118286177,-0.5738091541336192,1.0959875190286648,-1.0959875190286648,-0.5784279906300535,-0.5776581893550843,-0.5765804684883443,1.733900301750437,0
0.3152786720447995,-0.4693113027136664,0.6871298574603482,-1.2258476714090278,0.8077365626180215,-1.5477679860172513,-1.0306701134001208,0.5320399557041474,0.7014981422339509,0.5997201335745627,0.9972039090469852,-0.5787359118286177,-0.5738091541336192,-0.9124191495230389,0.9124191495230393,1.7288236672481017,-0.5776581893550843,-0.5765804684883443,-0.5767344287272242,0
-0.398648852013695,-0.5646648934149681,-0.004425957213915414,-0.11230706881984374,-0.9115834940401767,0.646091668153197,-1.0306701134001208,-1.5844261035991025,-1.43244469563043,1.015808513578599,-1.0028039309991141,-0.5787359118286177,1.7427397119690018,-0.9124191495230389,0.9124191495230393,-0.5784279906300535,-0.5776581893550843,1.7343632929879855,-0.5767344287272242,1
0.025568952137004615,-0.5646648934149681,-1.3875375865624426,-1.2258476714090278,0.8077365626180215,-1.5477679860172513,-1.0306701134001208,-0.8122527438644809,0.7014981422339509,-0.15278012813486488,0.9972039090469852,-0.5787359118286177,-0.5738091541336192,-0.9124191495230389,0.9124191495230393,-0.5784279906300535,-0.5776581893550843,1.7343632929879855,-0.5767344287272242,0
-0.4400359548576657,0.1981638321954454,-0.004425957213915414,-1.2258476714090278,0.8077365626180215,0.646091668153197,0.9702425509371355,-0.48042313724713975,1.4128124215220779,-0.7149420883530843,0.9972039090469852,-0.5787359118286177,-0.5738091541336192,1.0959875190286648,-1.0959875190286648,-0.5784279906300535,1.731127539482183,-0.5765804684883443,-0.5767344287272242,0
0.004875400715019266,0.10281024149414371,-0.35020386455104724,-1.2258476714090278,0.8077365626180215,0.646091668153197,0.9702425509371355,0.82816142313529,1.4128124215220779,0.7280878252779356,0.9972039090469852,-0.5787359118286177,-0.5738091541336192,-0.9124191495230389,0.9124191495230393,-0.5784279906300535,-0.5776581893550843,-0.5765804684883443,1.733900301750437,0
0.9360852147043599,0.0074566507928420294,-0.004425957213915414,-1.2258476714090278,-0.9115834940401767,-1.5477679860172513,0.9702425509371355,-1.0413086609152729,-1.43244469563043,1.4451763099657429,0.9972039090469852,-0.5787359118286177,-0.5738091541336192,-0.9124191495230389,0.9124191495230393,-0.5784279906300535,-0.5776581893550843,-0.5765804684883443,1.733900301750437,0
-0.9470279646963067,-0.08789693990845966,-0.695981771888179,1.1120964112240135,-0.9115834940401767,0.646091668153197,-1.0306701134001208,-0.7612704541840638,-0.721130416342303,0.4447936091049746,-1.0028039309991141,-0.5787359118286177,1.7427397119690018,-0.9124191495230389,0.9124191495230393,-0.5784279906300535,-0.5776581893550843,-0.5765804684883443,1.733900301750437,1
0.10834315782494601,-0.3739577120123647,1.03290776479748,0.7630931345407485,-0.9115834940401767,0.646091668153197,-1.0306701134001208,-0.2332171028651807,-0.721130416342303,-0.945118638993615,-1.0028039309991141,1.7279038324066063,-0.5738091541336192,-0.9124191495230389,0.9124191495230393,-0.5784279906300535,-0.5776581893550843,-0.5765804684883443,1.733900301750437,0
1.0809400746582574,-0.8507256655188732,-0.35020386455104724,0.7489751749165255,0.8077365626180215,-1.5477679860172513,0.9702425509371355,0.7667307784536709,-0.009816137054176019,0.7944849071934733,0.9972039090469852,-0.5787359118286177,-0.5738091541336192,-0.9124191495230389,0.9124191495230393,-0.5784279906300535,1.731127539482183,-0.5765804684883443,-0.5767344287272242,0
0.7084561490625211,2.105235646221479,-0.004425957213915414,-1.2258476714090278,0.8077365626180215,-1.5477679860172513,0.9702425509371355,-1.2338854104858323,0.7014981422339509,-1.3877658517638665,0.9972039090469852,-0.5787359118286177,-0.5738091541336192,-0.9124191495230389,0.9124191495230393,1.7288236672481017,-0.5776581893550843,-0.5765804684883443,-0.5767344287272242,0
0.7084561490625211,1.4377605113123673,0.6871298574603482,-1.2258476714090278,0.8077365626180215,0.646091668153197,0.9702425509371355,0.43387782914115824,0.7014981422339509,0.0552640618671533,0.9972039090469852,-0.5787359118286177,-0.5738091541336192,1.0959875190286648,-1.0959875190286648,1.7288236672481017,-0.5776581893550843,-0.5765804684883443,-0.5767344287272242,0
1.598278860207891,-1.23214002832408,1.03290776479748,-0.5412838555718067,0.8077365626180215,0.646091668153197,0.9702425509371355,-1.2385933085536445,0.7014981422339509,0.8387496284704984,-1.0028039309991141,1.7279038324066063,-0.5738091541336192,1.0959875190286648,-1.0959875190286648,-0.5784279906300535,1.731127539482183,-0.5765804684883443,-0.5767344287272242,0
-0.5435037119675924,-1.0414328469214764,1.03290776479748,0.8575444128268536,0.8077365626180215,-1.5477679860172513,0.9702425509371355,-0.9398608826572511,-0.009816137054176019,-0.14835365600716238,0.9972039090469852,-0.5787359118286177,-0.5738091541336192,-0.9124191495230389,0.9124191495230393,-0.5784279906300535,-0.5776581893550843,-0.5765804684883443,1.733900301750437,0
0.10834315782494601,-0.3739577120123647,-0.004425957213915414,0.8322807209105209,-0.9115834940401767,0.646091668153197,-1.0306701134001208,0.7396628859688626,1.4128124215220779,1.6045293065630335,-1.0028039309991141,-0.5787359118286177,1.7427397119690018,1.0959875190286648,-1.0959875190286648,-0.5784279906300535,-0.5776581893550843,-0.5765804684883443,1.733900301750437,0
-0.2434472163488049,-0.5646648934149681,-0.004425957213915414,-1.2258476714090278,0.8077365626180215,0.646091668153197,0.9702425509371355,0.06342777348906609,0.7014981422339509,-0.4759125934571485,0.9972039090469852,-0.5787359118286177,-0.5738091541336192,-0.9124191495230389,0.9124191495230393,-0.5784279906300535,-0.5776581893550843,1.7343632929879855,-0.5767344287272242,0
-0.6366246933665265,-0.7553720748175714,1.7244635794717436,0.5473166424282778,-0.9115834940401767,0.646091668153197,-1.0306701134001208,0.836908612191401,1.4128124215220779,0.5377495237867274,0.9972039090469852,-0.5787359118286177,-0.5738091541336192,1.0959875190286648,-1.0959875190286648,-0.5784279906300535,-0.5776581893550843,-0.5765804684883443,1.733900301750437,0
-0.06755202926192945,-0.8507256655188732,-0.004425957213915414,-0.5057676221383371,-0.9115834940401767,0.646091668153197,0.9702425509371355,-1.5531643319091717,0.7014981422339509,-0.34754490175377556,0.9972039090469852,-0.5787359118286177,-0.5738091541336192,-0.9124191495230389,0.9124191495230393,-0.5784279906300535,-0.5776581893550843,1.7343632929879855,-0.5767344287272242,0
-1.4643667502459403,1.533114102013669,1.03290776479748,0.8959477696445612,0.8077365626180215,0.646091668153197,0.9702425509371355,1.2219228254363719,-1.43244469563043,1.3566468674116927,0.9972039090469852,-0.5787359118286177,-0.5738091541336192,-0.9124191495230389,0.9124191495230393,-0.5784279906300535,-0.5776581893550843,1.7343632929879855,-0.5767344287272242,0
0.8946981118603892,0.10281024149414371,-1.0417596792253108,1.3783299281613954,0.8077365626180215,0.646091668153197,-1.0306701134001208,0.8571226300236714,-0.721130416342303,-0.6972361998422743,-1.0028039309991141,1.7279038324066063,-0.5738091541336192,1.0959875190286648,-1.0959875190286648,-0.5784279906300535,-0.5776581893550843,-0.5765804684883443,1.733900301750437,0
2.063883767202561,-0.08789693990845966,-1.7333154938995745,0.4863554504776331,-0.9115834940401767,-1.5477679860172513,0.9702425509371355,0.8501044293138799,-1.43244469563043,0.22789647484755138,0.9972039090469852,-0.5787359118286177,-0.5738091541336192,1.0959875190286648,-1.0959875190286648,-0.5784279906300535,-0.5776581893550843,-0.5765804684883443,1.733900301750437,0
0.615335167663587,-1.1367864376227783,-1.0417596792253108,0.9422669155123139,-0.9115834940401767,0.646091668153197,-1.0306701134001208,0.7322492593816168,0.7014981422339509,-1.2948099370821138,-1.0028039309991141,-0.5787359118286177,1.7427397119690018,1.0959875190286648,-1.0959875190286648,-0.5784279906300535,-0.5776581893550843,-0.5765804684883443,1.733900301750437,0
0.04626250355898996,0.6749317857019538,0.6871298574603482,0.9721920920312092,-0.9115834940401767,0.646091668153197,-1.0306701134001208,0.2618115798659556,0.7014981422339509,-0.06867715770851711,-1.0028039309991141,1.7279038324066063,-0.5738091541336192,1.0959875190286648,-1.0959875190286648,-0.5784279906300535,1.731127539482183,-0.5765804684883443,-0.5767344287272242,1
0.10834315782494601,0.0074566507928420294,-0.004425957213915414,-1.2258476714090278,0.8077365626180215,-1.5477679860172513,-1.0306701134001208,1.414964209107441,1.4128124215220779,-0.40951551154161075,0.9972039090469852,-0.5787359118286177,-0.5738091541336192,-0.9124191495230389,0.9124191495230393,-0.5784279906300535,1.731127539482183,-0.5765804684883443,-0.5767344287272242,0
-2.31280235854734,-0.9460792562201749,-1.3875375865624426,1.0391924588592532,-0.9115834940401767,0.646091668153197,0.9702425509371355,-0.10869759838874618,1.4128124215220779,-0.07753010196392214,0.9972039090469852,-0.5787359118286177,-0.5738091541336192,-0.9124191495230389,0.9124191495230393,-0.5784279906300535,1.731127539482183,-0.5765804684883443,-0.5767344287272242,0
1.6500127387628545,-0.5646648934149681,0.3413519501232164,-1.2258476714090278,0.8077365626180215,0.646091668153197,0.9702425509371355,-0.3847241626428768,0.7014981422339509,-0.3829566787753957,0.9972039090469852,-0.5787359118286177,-0.5738091541336192,-0.9124191495230389,0.9124191495230393,1.7288236672481017,-0.5776581893550843,-0.5765804684883443,-0.5767344287272242,0
1.6189724116298765,-0.7553720748175714,-1.3875375865624426,0.27205345237731887,0.8077365626180215,-1.5477679860172513,-1.0306701134001208,1.2640490709158732,1.4128124215220779,-0.04211832494230203,-1.0028039309991141,1.7279038324066063,-0.5738091541336192,1.0959875190286648,-1.0959875190286648,-0.5784279906300535,-0.5776581893550843,1.7343632929879855,-0.5767344287272242,0
1.122327177502228,-0.5646648934149681,1.378685672134612,1.3471661766722887,0.8077365626180215,-1.5477679860172513,-1.0306701134001208,-0.11388230285760507,0.7014981422339509,-0.4847655377125535,0.9972039090469852,-0.5787359118286177,-0.5738091541336192,1.0959875190286648,-1.0959875190286648,-0.5784279906300535,-0.5776581893550843,-0.5765804684883443,1.733900301750437,0
-1.2884715631590649,-0.27860412131106305,-1.7333154938995745,-1.2258476714090278,0.8077365626180215,0.646091668153197,-1.0306701134001208,-0.04038786500347583,-0.721130416342303,-0.002280075792979394,0.9972039090469852,-0.5787359118286177,-0.5738091541336192,1.0959875190286648,-1.0959875190286648,-0.5784279906300535,-0.5776581893550843,1.7343632929879855,-0.5767344287272242,0
-0.9470279646963067,-0.6600184841162697,1.378685672134612,1.1029476566918461,-0.9115834940401767,0.646091668153197,-1.0306701134001208,0.06035270259332873,-0.721130416342303,-0.6928097277145717,0.9972039090469852,-0.5787359118286177,-0.5738091541336192,-0.9124191495230389,0.9124191495230393,-0.5784279906300535,-0.5776581893550843,1.7343632929879855,-0.5767344287272242,0
-0.026164926417958756,0.6749317857019538,1.378685672134612,0.8129448154652344,0.8077365626180215,0.646091668153197,-1.0306701134001208,-0.3944571341525014,0.7014981422339509,1.4407498378380403,-1.0028039309991141,-0.5787359118286177,1.7427397119690018,-0.9124191495230389,0.9124191495230393,-0.5784279906300535,1.731127539482183,-0.5765804684883443,-0.5767344287272242,1
-0.6055843662335485,-1.1367864376227783,-0.695981771888179,-1.2258476714090278,0.8077365626180215,0.646091668153197,0.9702425509371355,-1.3988510351876051,1.4128124215220779,-0.763633281757812,0.9972039090469852,-0.5787359118286177,-0.5738091541336192,-0.9124191495230389,0.9124191495230393,-0.5784279906300535,-0.5776581893550843,1.7343632929879855,-0.5767344287272242,0
0.20146413922388007,-0.27860412131106305,0.6871298574603482,-1.2258476714090278,0.8077365626180215,-1.5477679860172513,-1.0306701134001208,-0.7045803988916995,-0.721130416342303,1.1707350380481871,0.9972039090469852,-0.5787359118286177,-0.5738091541336192,-0.9124191495230389,0.9124191495230393,1.7288236672481017,-0.5776581893550843,-0.5765804684883443,-0.5767344287272242,0
0.49117385913167494,-0.18325053060976135,1.03290776479748,-1.2258476714090278,0.8077365626180215,-1.5477679860172513,-1.0306701134001208,0.781012190894069,0.7014981422339509,-0.8167509472902421,0.9972039090469852,-0.5787359118286177,-0.5738091541336192,-0.9124191495230389,0.9124191495230393,1.7288236672481017,-0.5776581893550843,-0.5765804684883443,-0.5767344287272242,0
0.8946981118603892,0.5795781950006521,-1.0417596792253108,0.3635554220969341,0.8077365626180215,0.646091668153197,0.9702425509371355,-0.3728078281968761,1.4128124215220779,1.188440926558997,-1.0028039309991141,1.7279038324066063,-0.5738091541336192,1.0959875190286648,-1.0959875190286648,-0.5784279906300535,1.731127539482183,-0.5765804684883443,-0.5767344287272242,0
1.6086256359188837,-0.4693113027136664,0.3413519501232164,-1.2258476714090278,0.8077365626180215,-1.5477679860172513,-1.0306701134001208,0.012515735371750046,-0.009816137054176019,0.7679260744272581,0.9972039090469852,-0.5787359118286177,-0.5738091541336192,-0.9124191495230389,0.9124191495230393,-0.5784279906300535,-0.5776581893550843,-0.5765804684883443,1.733900301750437,0
0.553254513397631,-0.27860412131106305,0.6871298574603482,0.6978377993218743,0.8077365626180215,-1.5477679860172513,0.9702425509371355,0.008894302071895645,-1.43244469563043,-1.1443098847402282,0.9972039090469852,-0.5787359118286177,-0.5738091541336192,-0.9124191495230389,0.9124191495230393,-0.5784279906300535,1.731127539482183,-0.5765804684883443,-0.5767344287272242,0
-0.07789880497292212,0.1981638321954454,-1.0417596792253108,0.8230822823409878,-0.9115834940401767,0.646091668153197,-1.0306701134001208,1.2567582106740462,1.4128124215220779,-0.5865743966497113,-1.0028039309991141,1.7279038324066063,-0.5738091541336192,-0.9124191495230389,0.9124191495230393,-0.5784279906300535,1.731127539482183,-0.5765804684883443,-0.5767344287272242,0
-1.4643667502459403,-0.9460792562201749,-1.3875375865624426,-1.2258476714090278,0.8077365626180215,0.646091668153197,-1.0306701134001208,-0.5386608136078179,-0.721130416342303,-1.263824632188196,-1.0028039309991141,-0.5787359118286177,1.7427397119690018,-0.9124191495230389,0.9124191495230393,1.7288236672481017,-0.5776581893550843,-0.5765804684883443,-0.5767344287272242,0
0.9050448875713819,-0.3739577120123647,-0.695981771888179,-1.2258476714090278,-0.9115834940401767,0.646091668153197,0.9702425509371355,-1.468318702133988,-0.721130416342303,0.7059554646394229,-1.0028039309991141,-0.5787359118286177,1.7427397119690018,-0.9124191495230389,0.9124191495230393,1.7288236672481017,-0.5776581893550843,-0.5765804684883443,-0.5767344287272242,0
0.21181091493487275,-1.1367864376227783,-0.004425957213915414,-1.2258476714090278,0.8077365626180215,-1.5477679860172513,-1.0306701134001208,0.36174042890693037,0.7014981422339509,1.5735440016691158,0.9972039090469852,-0.5787359118286177,-0.5738091541336192,-0.9124191495230389,0.9124191495230393,-0.5784279906300535,1.731127539482183,-0.5765804684883443,-0.5767344287272242,0
0.17042381209090204,-0.27860412131106305,1.378685672134612,-1.2258476714090278,0.8077365626180215,0.646091668153197,0.9702425509371355,-1.043826066556394,0.7014981422339509,-0.5954273409051164,0.9972039090469852,-0.5787359118286177,-0.5738091541336192,-0.9124191495230389,0.9124191495230393,-0.5784279906300535,-0.5776581893550843,-0.5765804684883443,1.733900301750437,0
0.3463189991777775,-0.6600184841162697,-0.695981771888179,0.4190165911111463,0.8077365626180215,0.646091668153197,0.9702425509371355,0.47547144952714854,-0.721130416342303,0.34298475016781677,-1.0028039309991141,1.7279038324066063,-0.5738091541336192,-0.9124191495230389,0.9124191495230393,1.7288236672481017,-0.5776581893550843,-0.5765804684883443,-0.5767344287272242,0
0.44978675628770426,0.0074566507928420294,-0.695981771888179,-1.2258476714090278,-0.9115834940401767,0.646091668153197,0.9702425509371355,-0.07764553804807255,-0.009816137054176019,-0.25016251494432024,-1.0028039309991141,-0.5787359118286177,1.7427397119690018,-0.9124191495230389,0.9124191495230393,-0.5784279906300535,-0.5776581893550843,-0.5765804684883443,1.733900301750437,0
0.004875400715019266,-0.4693113027136664,-0.35020386455104724,0.2416423339187651,-0.9115834940401767,0.646091668153197,0.9702425509371355,0.4149695513765249,1.4128124215220779,0.010999340590128151,0.9972039090469852,-0.5787359118286177,-0.5738091541336192,-0.9124191495230389,0.9124191495230393,1.7288236672481017,-0.5776581893550843,-0.5765804684883443,-0.5767344287272242,0
-0.3469149734587316,-0.18325053060976135,1.378685672134612,0.4042343078260113,-0.9115834940401767,0.646091668153197,-1.0306701134001208,0.4134415798790786,1.4128124215220779,-0.8034715309071345,-1.0028039309991141,-0.5787359118286177,1.7427397119690018,1.0959875190286648,-1.0959875190286648,-0.5784279906300535,1.731127539482183,-0.5765804684883443,-0.5767344287272242,0
-1.7851167972867132,-0.08789693990845966,-0.35020386455104724,1.529434632087412,-0.9115834940401767,0.646091668153197,-1.0306701134001208,-0.8393561099108546,1.4128124215220779,-0.2457360428166177,0.9972039090469852,-0.5787359118286177,-0.5738091541336192,1.0959875190286648,-1.0959875190286648,1.7288236672481017,-0.5776581893550843,-0.5765804684883443,-0.5767344287272242,1
-0.13997945923887817,-1.0414328469214764,-0.695981771888179,0.7563160715729178,-0.9115834940401767,0.646091668153197,0.9702425509371355,1.1540761611415422,0.7014981422339509,0.4624994976157847,-1.0028039309991141,1.7279038324066063,-0.5738091541336192,-0.9124191495230389,0.9124191495230393,1.7288236672481017,-0.5776581893550843,-0.5765804684883443,-0.5767344287272242,0
1.1430207289242134,-0.27860412131106305,1.03290776479748,0.5089123239840405,0.8077365626180215,-1.5477679860172513,-1.0306701134001208,-0.011237118006728285,0.7014981422339509,1.5381322246474958,-1.0028039309991141,1.7279038324066063,-0.5738091541336192,-0.9124191495230389,0.9124191495230393,1.7288236672481017,-0.5776581893550843,-0.5765804684883443,-0.5767344287272242,0
1.2257949346121548,-0.4693113027136664,0.6871298574603482,0.6188965953327742,-0.9115834940401767,-1.5477679860172513,-1.0306701134001208,-0.7346565885092972,-0.721130416342303,0.8741614054921185,-1.0028039309991141,1.7279038324066063,-0.5738091541336192,-0.9124191495230389,0.9124191495230393,-0.5784279906300535,-0.5776581893550843,-0.5765804684883443,1.733900301750437,1
1.5568917573639203,0.6749317857019538,0.3413519501232164,-1.2258476714090278,0.8077365626180215,0.646091668153197,0.9702425509371355,1.2158128522366707,-0.009816137054176019,-0.2191772100504026,-1.0028039309991141,-0.5787359118286177,1.7427397119690018,1.0959875190286648,-1.0959875190286648,-0.5784279906300535,-0.5776581893550843,-0.5765804684883443,1.733900301750437,0
-0.26414076777079026,0.1981638321954454,0.3413519501232164,0.33941042237678115,0.8077365626180215,0.646091668153197,-1.0306701134001208,-0.7470568588466594,0.7014981422339509,0.36069063867862683,0.9972039090469852,-0.5787359118286177,-0.5738091541336192,-0.9124191495230389,0.9124191495230393,1.7288236672481017,-0.5776581893550843,-0.5765804684883443,-0.5767344287272242,0
-0.6780117962104972,1.6284676927149706,-1.3875375865624426,0.8331998756017946,-0.9115834940401767,0.646091668153197,-1.0306701134001208,1.5021778730071529,-0.721130416342303,0.9228525988968462,-1.0028039309991141,-0.5787359118286177,1.7427397119690018,1.0959875190286648,-1.0959875190286648,-0.5784279906300535,1.731127539482183,-0.5765804684883443,-0.5767344287272242,1
-0.3779553005917097,-0.8507256655188732,-0.695981771888179,0.8792252445647338,0.8077365626180215,0.646091668153197,-1.0306701134001208,-0.7879582231120927,-0.721130416342303,0.13051408803809605,-1.0028039309991141,1.7279038324066063,-0.5738091541336192,1.0959875190286648,-1.0959875190286648,-0.5784279906300535,-0.5776581893550843,1.7343632929879855,-0.5767344287272242,0
-0.29518109490376826,-0.6600184841162697,-0.004425957213915414,1.6478945193975456,-0.9115834940401767,0.646091668153197,0.9702425509371355,0.8512531467045855,0.7014981422339509,-0.9893833602706402,0.9972039090469852,-0.5787359118286177,-0.5738091541336192,-0.9124191495230389,0.9124191495230393,-0.5784279906300535,1.731127539482183,-0.5765804684883443,-0.5767344287272242,0
0.5429077376866382,1.6284676927149706,1.378685672134612,-1.2258476714090278,-0.9115834940401767,-1.5477679860172513,-1.0306701134001208,-0.252886671083418,-0.009816137054176019,0.07296995037796336,0.9972039090469852,-0.5787359118286177,-0.5738091541336192,-0.9124191495230389,0.9124191495230393,-0.5784279906300535,-0.5776581893550843,-0.5765804684883443,1.733900301750437,1
0.553254513397631,-0.3739577120123647,-0.695981771888179,1.245629794386683,0.8077365626180215,0.646091668153197,0.9702425509371355,-1.0403621776034941,0.7014981422339509,0.12166114378269102,-1.0028039309991141,1.7279038324066063,-0.5738091541336192,1.0959875190286648,-1.0959875190286648,-0.5784279906300535,-0.5776581893550843,1.7343632929879855,-0.5767344287272242,0
0.9981658689703159,0.5795781950006521,-1.3875375865624426,0.6166146555778734,-0.9115834940401767,0.646091668153197,-1.0306701134001208,1.5523534869419624,-1.43244469563043,0.5333230516590249,0.9972039090469852,-0.5787359118286177,-0.5738091541336192,1.0959875190286648,-1.0959875190286648,1.7288236672481017,-0.5776581893550843,-0.5765804684883443,-0.5767344287272242,1
-0.6055843662335485,-0.08789693990845966,1.03290776479748,0.6858339756231249,0.8077365626180215,-1.5477679860172513,0.9702425509371355,-1.4036316192786258,-0.009816137054176019,0.0552640618671533,0.9972039090469852,-0.5787359118286177,-0.5738091541336192,1.0959875190286648,-1.0959875190286648,-0.5784279906300535,1.731127539482183,-0.5765804684883443,-0.5767344287272242,0
1.3499562431440668,-0.5646648934149681,-0.695981771888179,-1.2258476714090278,0.8077365626180215,0.646091668153197,0.9702425509371355,-1.0004572030820424,-0.721130416342303,1.6930587491170839,-1.0028039309991141,-0.5787359118286177,1.7427397119690018,-0.9124191495230389,0.9124191495230393,-0.5784279906300535,1.731127539482183,-0.5765804684883443,-0.5767344287272242,0
0.6360287190855723,-0.8507256655188732,0.3413519501232164,-1.2258476714090278,0.8077365626180215,0.646091668153197,-1.0306701134001208,0.9099269392045143,0.7014981422339509,-0.5954273409051164,-1.0028039309991141,-0.5787359118286177,1.7427397119690018,1.0959875190286648,-1.0959875190286648,-0.5784279906300535,-0.5776581893550843,1.7343632929879855,-0.5767344287272242,0
1.6189724116298765,0.38887101359804876,-1.7333154938995745,-1.2258476714090278,0.8077365626180215,-1.5477679860172513,0.9702425509371355,-0.2533055721119087,1.4128124215220779,0.2367494191029564,-1.0028039309991141,-0.5787359118286177,1.7427397119690018,1.0959875190286648,-1.0959875190286648,-0.5784279906300535,-0.5776581893550843,1.7343632929879855,-0.5767344287272242,0
-0.1606730106608635,-0.18325053060976135,-0.695981771888179,-1.2258476714090278,0.8077365626180215,0.646091668153197,-1.0306701134001208,-0.1565620402315379,-0.721130416342303,-0.8565891964395648,-1.0028039309991141,-0.5787359118286177,1.7427397119690018,1.0959875190286648,-1.0959875190286648,-0.5784279906300535,-0.5776581893550843,1.7343632929879855,-0.5767344287272242,0
1.7948675987167517,0.9609925578058589,1.03290776479748,0.9094677578384197,-0.9115834940401767,0.646091668153197,0.9702425509371355,-0.560010507080218,-1.43244469563043,1.418617477199528,-1.0028039309991141,1.7279038324066063,-0.5738091541336192,-0.9124191495230389,0.9124191495230393,-0.5784279906300535,-0.5776581893550843,1.7343632929879855,-0.5767344287272242,0
0.553254513397631,-0.27860412131106305,-1.0417596792253108,1.5870669935345247,0.8077365626180215,0.646091668153197,-1.0306701134001208,0.9033486802141426,-0.009816137054176019,-0.927412750482805,-1.0028039309991141,-0.5787359118286177,1.7427397119690018,1.0959875190286648,-1.0959875190286648,-0.5784279906300535,-0.5776581893550843,1.7343632929879855,-0.5767344287272242,0
-0.21240688921582687,1.1516997392084622,-1.7333154938995745,0.5122799400909355,2.52705661927622,-1.5477679860172513,-1.0306701134001208,-0.2037564838747549,-0.721130416342303,-1.3789129075084614,-1.0028039309991141,1.7279038324066063,-0.5738091541336192,1.0959875190286648,-1.0959875190286648,-0.5784279906300535,1.731127539482183,-0.5765804684883443,-0.5767344287272242,1
1.24648848603414,1.0563461485071606,-0.695981771888179,0.4606805029487793,-0.9115834940401767,0.646091668153197,0.9702425509371355,-1.4573471120996893,-0.009816137054176019,0.6041466057022651,0.9972039090469852,-0.5787359118286177,-0.5738091541336192,-0.9124191495230389,0.9124191495230393,1.7288236672481017,-0.5776581893550843,-0.5765804684883443,-0.5767344287272242,1
-0.10893913210590014,-0.08789693990845966,1.378685672134612,-1.2258476714090278,0.8077365626180215,0.646091668153197,-1.0306701134001208,-0.19584483630552574,-0.721130416342303,0.9095731825137386,0.9972039090469852,-0.5787359118286177,-0.5738091541336192,-0.9124191495230389,0.9124191495230393,-0.5784279906300535,1.731127539482183,-0.5765804684883443,-0.5767344287272242,0
1.0705932989472646,1.533114102013669,-0.695981771888179,1.3642743139905127,-0.9115834940401767,0.646091668153197,-1.0306701134001208,-1.5999513512644048,0.7014981422339509,0.9007202382583336,-1.0028039309991141,1.7279038324066063,-0.5738091541336192,1.0959875190286648,-1.0959875190286648,-0.5784279906300535,1.731127539482183,-0.5765804684883443,-0.5767344287272242,1
0.3463189991777775,-0.18325053060976135,-1.3875375865624426,0.8066642723288886,0.8077365626180215,0.646091668153197,0.9702425509371355,-1.218871747223112,-1.43244469563043,-0.4227949279247183,-1.0028039309991141,1.7279038324066063,-0.5738091541336192,-0.9124191495230389,0.9124191495230393,-0.5784279906300535,1.731127539482183,-0.5765804684883443,-0.5767344287272242,1
-0.015818150706966082,1.0563461485071606,-0.004425957213915414,1.264657979342476,-0.9115834940401767,0.646091668153197,0.9702425509371355,-0.22151534868865172,1.4128124215220779,-1.3036628813375188,-1.0028039309991141,1.7279038324066063,-0.5738091541336192,1.0959875190286648,-1.0959875190286648,1.7288236672481017,-0.5776581893550843,-0.5765804684883443,-0.5767344287272242,1
0.3152786720447995,-1.3274936190253817,-0.004425957213915414,-1.2258476714090278,-0.9115834940401767,-1.5477679860172513,0.9702425509371355,-0.16048778104482453,0.7014981422339509,1.188440926558997,0.9972039090469852,-0.5787359118286177,-0.5738091541336192,-0.9124191495230389,0.9124191495230393,1.7288236672481017,-0.5776581893550843,-0.5765804684883443,-0.5767344287272242,0
0.09799638211395333,-0.08789693990845966,0.3413519501232164,0.5350398770661912,-0.9115834940401767,0.646091668153197,0.9702425509371355,0.9485990335715452,-0.009816137054176019,0.36069063867862683,-1.0028039309991141,-0.5787359118286177,1.7427397119690018,-0.9124191495230389,0.9124191495230393,-0.5784279906300535,-0.5776581893550843,1.7343632929879855,-0.5767344287272242,0
0.5636012891086236,2.105235646221479,-0.35020386455104724,-1.2258476714090278,0.8077365626180215,0.646091668153197,0.9702425509371355,1.5862848180297304,-0.721130416342303,-0.002280075792979394,0.9972039090469852,-0.5787359118286177,-0.5738091541336192,-0.9124191495230389,0.9124191495230393,1.7288236672481017,-0.5776581893550843,-0.5765804684883443,-0.5767344287272242,0
-1.6506087130438085,-0.27860412131106305,-1.7333154938995745,-0.3704948168545876,-0.9115834940401767,0.646091668153197,0.9702425509371355,0.06684123433973999,-1.43244469563043,-0.29442723622134537,0.9972039090469852,-0.5787359118286177,-0.5738091541336192,1.0959875190286648,-1.0959875190286648,-0.5784279906300535,1.731127539482183,-0.5765804684883443,-0.5767344287272242,0
-0.781479553320424,-0.27860412131106305,0.6871298574603482,-1.2258476714090278,-0.9115834940401767,0.646091668153197,0.9702425509371355,-0.7689636959036524,0.7014981422339509,0.36511711080632936,0.9972039090469852,-0.5787359118286177,-0.5738091541336192,-0.9124191495230389,0.9124191495230393,-0.5784279906300535,1.731127539482183,-0.5765804684883443,-0.5767344287272242,1
0.4083996534437335,-0.27860412131106305,1.7244635794717436,-1.2258476714090278,0.8077365626180215,0.646091668153197,-1.0306701134001208,-0.7683731654375857,-0.721130416342303,1.1928673986866996,-1.0028039309991141,-0.5787359118286177,1.7427397119690018,-0.9124191495230389,0.9124191495230393,-0.5784279906300535,1.731127539482183,-0.5765804684883443,-0.5767344287272242,0
-1.6402619373328158,0.0074566507928420294,1.7244635794717436,0.7707558555424029,0.8077365626180215,0.646091668153197,-1.0306701134001208,0.8432686392221399,1.4128124215220779,-0.20589779366729508,-1.0028039309991141,1.7279038324066063,-0.5738091541336192,-0.9124191495230389,0.9124191495230393,-0.5784279906300535,1.731127539482183,-0.5765804684883443,-0.5767344287272242,0
0.4394399805767116,-0.7553720748175714,-1.0417596792253108,-1.2258476714090278,0.8077365626180215,0.646091668153197,0.9702425509371355,0.13335746618584313,-1.43244469563043,1.1353232610265669,0.9972039090469852,-0.5787359118286177,-0.5738091541336192,-0.9124191495230389,0.9124191495230393,-0.5784279906300535,-0.5776581893550843,1.7343632929879855,-0.5767344287272242,0
0.522214186264653,-0.4693113027136664,0.3413519501232164,0.5047654698459382,-0.9115834940401767,0.646091668153197,0.9702425509371355,0.33533818737150495,-0.009816137054176019,-0.19261837728418754,-1.0028039309991141,-0.5787359118286177,1.7427397119690018,1.0959875190286648,-1.0959875190286648,-0.5784279906300535,-0.5776581893550843,1.7343632929879855,-0.5767344287272242,0
-0.6987053476324826,1.7238212834162723,-0.695981771888179,2.5948156959021484,-0.9115834940401767,-1.5477679860172513,0.9702425509371355,0.8324940665665379,1.4128124215220779,-0.2413095706889152,0.9972039090469852,-0.5787359118286177,-0.5738091541336192,1.0959875190286648,-1.0959875190286648,-0.5784279906300535,1.731127539482183,-0.5765804684883443,-0.5767344287272242,1
1.4637707759649863,-0.8507256655188732,1.03290776479748,-1.2258476714090278,0.8077365626180215,0.646091668153197,-1.0306701134001208,1.7311438889239767,1.4128124215220779,0.10395525527188096,0.9972039090469852,-0.5787359118286177,-0.5738091541336192,-0.9124191495230389,0.9124191495230393,-0.5784279906300535,-0.5776581893550843,-0.5765804684883443,1.733900301750437,0
-0.38830207630270236,-1.23214002832408,-0.35020386455104724,0.38402043735913854,-0.9115834940401767,-1.5477679860172513,0.9702425509371355,0.8618609588428265,-1.43244469563043,-1.392192323891569,0.9972039090469852,-0.5787359118286177,-0.5738091541336192,-0.9124191495230389,0.9124191495230393,1.7288236672481017,-0.5776581893550843,-0.5765804684883443,-0.5767344287272242,0
-0.781479553320424,-0.8507256655188732,-1.0417596792253108,-1.2258476714090278,0.8077365626180215,0.646091668153197,0.9702425509371355,-0.3106958824651832,-1.43244469563043,1.4496027820934454,-1.0028039309991141,-0.5787359118286177,1.7427397119690018,-0.9124191495230389,0.9124191495230393,-0.5784279906300535,-0.5776581893550843,1.7343632929879855,-0.5767344287272242,0
1.8362547015607225,0.1981638321954454,0.6871298574603482,-1.2258476714090278,0.8077365626180215,0.646091668153197,-1.0306701134001208,1.2396363049582653,-0.721130416342303,0.2633082518691715,0.9972039090469852,-0.5787359118286177,-0.5738091541336192,1.0959875190286648,-1.0959875190286648,-0.5784279906300535,-0.5776581893550843,1.7343632929879855,-0.5767344287272242,0
0.04626250355898996,-0.4693113027136664,-1.3875375865624426,0.6351389482321207,-0.9115834940401767,0.646091668153197,0.9702425509371355,-0.8798502237783115,1.4128124215220779,-0.024412436431491966,-1.0028039309991141,-0.5787359118286177,1.7427397119690018,-0.9124191495230389,0.9124191495230393,-0.5784279906300535,1.731127539482183,-0.5765804684883443,-0.5767344287272242,0
0.6981093733515285,-1.1367864376227783,-1.0417596792253108,-1.2258476714090278,0.8077365626180215,-1.5477679860172513,-1.0306701134001208,-1.2843689836242353,-1.43244469563043,-0.30328018047675037,0.9972039090469852,-0.5787359118286177,-0.5738091541336192,-0.9124191495230389,0.9124191495230393,-0.5784279906300535,-0.5776581893550843,1.7343632929879855,-0.5767344287272242,0
-0.29518109490376826,1.9145284648188758,-0.004425957213915414,0.6874745104827373,-0.9115834940401767,0.646091668153197,0.9702425509371355,-0.6896618534631778,-1.43244469563043,0.19248469782593125,0.9972039090469852,-0.5787359118286177,-0.5738091541336192,-0.9124191495230389,0.9124191495230393,-0.5784279906300535,-0.5776581893550843,1.7343632929879855,-0.5767344287272242,0
1.3292626917220816,0.2935174228967471,-0.004425957213915414,-1.2258476714090278,0.8077365626180215,-1.5477679860172513,-1.0306701134001208,-1.2891914752071059,-1.43244469563043,-0.3386919574983705,0.9972039090469852,-0.5787359118286177,-0.5738091541336192,1.0959875190286648,-1.0959875190286648,-0.5784279906300535,-0.5776581893550843,-0.5765804684883443,1.733900301750437,0
0.8429642333054258,-0.08789693990845966,-0.004425957213915414,1.6395996892237235,-0.9115834940401767,0.646091668153197,0.9702425509371355,1.6636107483129858,-0.009816137054176019,-1.3346481862314363,-1.0028039309991141,1.7279038324066063,-0.5738091541336192,-0.9124191495230389,0.9124191495230393,1.7288236672481017,-0.5776581893550843,-0.5765804684883443,-0.5767344287272242,0
0.3463189991777775,-0.7553720748175714,1.03290776479748,-1.2258476714090278,0.8077365626180215,0.646091668153197,-1.0306701134001208,1.5397405491252123,0.7014981422339509,-0.4050890394139082,-1.0028039309991141,-0.5787359118286177,1.7427397119690018,1.0959875190286648,-1.0959875190286648,-0.5784279906300535,-0.5776581893550843,-0.5765804684883443,1.733900301750437,0
-0.18136656208284888,-0.5646648934149681,-0.35020386455104724,0.2623498393375338,-0.9115834940401767,0.646091668153197,0.9702425509371355,1.0385222515708594,-0.009816137054176019,0.8741614054921185,-1.0028039309991141,-0.5787359118286177,1.7427397119690018,1.0959875190286648,-1.0959875190286648,-0.5784279906300535,-0.5776581893550843,-0.5765804684883443,1.733900301750437,0
0.6567222705075577,1.247053329909764,-1.0417596792253108,-1.2258476714090278,-0.9115834940401767,-1.5477679860172513,0.9702425509371355,0.7643307485677305,-1.43244469563043,-0.011133020048384424,0.9972039090469852,-0.5787359118286177,-0.5738091541336192,1.0959875190286648,-1.0959875190286648,-0.5784279906300535,-0.5776581893550843,-0.5765804684883443,1.733900301750437,1
-1.443673198823955,1.7238212834162723,1.03290776479748,0.7446903273714159,-0.9115834940401767,0.646091668153197,0.9702425509371355,1.4114394586518548,-0.721130416342303,0.6661172154901004,-1.0028039309991141,-0.5787359118286177,1.7427397119690018,1.0959875190286648,-1.0959875190286648,-0.5784279906300535,1.731127539482183,-0.5765804684883443,-0.5767344287272242,0
0.9050448875713819,-0.3739577120123647,-0.004425957213915414,1.3589090790393217,0.8077365626180215,0.646091668153197,-1.0306701134001208,1.4144148905731935,1.4128124215220779,-0.17933896090107998,0.9972039090469852,-0.5787359118286177,-0.5738091541336192,-0.9124191495230389,0.9124191495230393,-0.5784279906300535,-0.5776581893550843,-0.5765804684883443,1.733900301750437,0
0.9774723175483306,-0.08789693990845966,0.6871298574603482,-1.2258476714090278,0.8077365626180215,0.646091668153197,0.9702425509371355,1.6370106199488257,-0.009816137054176019,-0.9097068619719949,-1.0028039309991141,-0.5787359118286177,1.7427397119690018,1.0959875190286648,-1.0959875190286648,1.7288236672481017,-0.5776581893550843,-0.5765804684883443,-0.5767344287272242,0
-0.10893913210590014,0.0074566507928420294,1.378685672134612,0.883436527680324,4.246376675934418,-1.5477679860172513,0.9702425509371355,-1.619069166488287,-0.721130416342303,-0.7547803375024069,-1.0028039309991141,1.7279038324066063,-0.5738091541336192,-0.9124191495230389,0.9124191495230393,-0.5784279906300535,1.731127539482183,-0.5765804684883443,-0.5767344287272242,1
-0.3262214220367463,0.2935174228967471,-1.0417596792253108,-1.2258476714090278,-0.9115834940401767,0.646091668153197,0.9702425509371355,0.021886493995386117,-0.721130416342303,-0.6308391179267365,0.9972039090469852,-0.5787359118286177,-0.5738091541336192,1.0959875190286648,-1.0959875190286648,1.7288236672481017,-0.5776581893550843,-0.5765804684883443,-0.5767344287272242,1
-0.6573182447885119,-0.6600184841162697,-0.695981771888179,0.7846736365773669,0.8077365626180215,0.646091668153197,0.9702425509371355,0.5290523514822713,-0.009816137054176019,0.697102520384018,-1.0028039309991141,1.7279038324066063,-0.5738091541336192,1.0959875190286648,-1.0959875190286648,-0.5784279906300535,-0.5776581893550843,-0.5765804684883443,1.733900301750437,0
-0.9470279646963067,-0.4693113027136664,-1.0417596792253108,0.9761185734229292,0.8077365626180215,0.646091668153197,-1.0306701134001208,-1.5721958976892472,0.7014981422339509,0.8387496284704984,0.9972039090469852,-0.5787359118286177,-0.5738091541336192,-0.9124191495230389,0.9124191495230393,-0.5784279906300535,-0.5776581893550843,1.7343632929879855,-0.5767344287272242,0
-0.4814230577016364,0.7702853764032556,-0.35020386455104724,0.6798973742422235,-0.9115834940401767,-1.5477679860172513,0.9702425509371355,-0.9096723600946949,-0.009816137054176019,0.8918672940029286,-1.0028039309991141,1.7279038324066063,-0.5738091541336192,1.0959875190286648,-1.0959875190286648,-0.5784279906300535,-0.5776581893550843,1.7343632929879855,-0.5767344287272242,1
-0.5021166091236218,-1.6135543911292867,0.6871298574603482,1.0436672276439722,-0.9115834940401767,0.646091668153197,-1.0306701134001208,-1.2121983703985417,-0.721130416342303,1.4894410312427682,-1.0028039309991141,-0.5787359118286177,1.7427397119690018,1.0959875190286648,-1.0959875190286648,-0.5784279906300535,-0.5776581893550843,1.7343632929879855,-0.5767344287272242,0
-1.6299151616218233,-0.6600184841162697,1.03290776479748,-0.4860174159298522,-0.9115834940401767,0.646091668153197,0.9702425509371355,-0.35669778843576044,-0.721130416342303,-0.002280075792979394,-1.0028039309991141,-0.5787359118286177,1.7427397119690018,-0.9124191495230389,0.9124191495230393,-0.5784279906300535,1.731127539482183,-0.5765804684883443,-0.5767344287272242,0
0.3980528777327409,3.2494787346370995,-1.3875375865624426,0.5139762492892689,-0.9115834940401767,-1.5477679860172513,0.9702425509371355,1.1803464201611416,-1.43244469563043,0.07296995037796336,-1.0028039309991141,-0.5787359118286177,1.7427397119690018,-0.9124191495230389,0.9124191495230393,-0.5784279906300535,-0.5776581893550843,1.7343632929879855,-0.5767344287272242,0
-1.0608424975172261,1.7238212834162723,0.3413519501232164,-0.005132509919709979,-0.9115834940401767,0.646091668153197,0.9702425509371355,0.581614953552445,-0.721130416342303,0.9272790710245488,0.9972039090469852,-0.5787359118286177,-0.5738091541336192,-0.9124191495230389,0.9124191495230393,-0.5784279906300535,-0.5776581893550843,1.7343632929879855,-0.5767344287272242,0
1.184407831768184,1.6284676927149706,-1.3875375865624426,-1.2258476714090278,-0.9115834940401767,0.646091668153197,-1.0306701134001208,-1.5104313841928902,-0.009816137054176019,1.4938675033704707,0.9972039090469852,-0.5787359118286177,-0.5738091541336192,1.0959875190286648,-1.0959875190286648,-0.5784279906300535,-0.5776581893550843,1.7343632929879855,-0.5767344287272242,1
1.4948111030979643,-0.27860412131106305,-1.3875375865624426,1.2077828987874764,-0.9115834940401767,0.646091668153197,0.9702425509371355,0.6138082540134947,-0.009816137054176019,-0.0067065479206819085,0.9972039090469852,-0.5787359118286177,-0.5738091541336192,1.0959875190286648,-1.0959875190286648,-0.5784279906300535,-0.5776581893550843,-0.5765804684883443,1.733900301750437,0
-0.6055843662335485,-0.18325053060976135,1.378685672134612,-1.2258476714090278,2.52705661927622,0.646091668153197,0.9702425509371355,-1.5551565897271125,-1.43244469563043,-0.8565891964395648,-1.0028039309991141,-0.5787359118286177,1.7427397119690018,-0.9124191495230389,0.9124191495230393,1.7288236672481017,-0.5776581893550843,-0.5765804684883443,-0.5767344287272242,0
0.16007703637990936,-0.4693113027136664,1.378685672134612,0.6316480836583399,-0.9115834940401767,0.646091668153197,0.9702425509371355,-1.3040917621848218,-1.43244469563043,-0.7946185866517296,0.9972039090469852,-0.5787359118286177,-0.5738091541336192,1.0959875190286648,-1.0959875190286648,-0.5784279906300535,-0.5776581893550843,-0.5765804684883443,1.733900301750437,0
0.9050448875713819,0.10281024149414371,-1.3875375865624426,0.6238278161769083,0.8077365626180215,-1.5477679860172513,-1.0306701134001208,1.3974941755962935,1.4128124215220779,1.4097645329441229,-1.0028039309991141,1.7279038324066063,-0.5738091541336192,1.0959875190286648,-1.0959875190286648,-0.5784279906300535,1.731127539482183,-0.5765804684883443,-0.5767344287272242,0
-0.1606730106608635,0.38887101359804876,-0.004425957213915414,0.04017772944733354,0.8077365626180215,-1.5477679860172513,-1.0306701134001208,0.9246613351149074,1.4128124215220779,-1.0557804421861778,-1.0028039309991141,1.7279038324066063,-0.5738091541336192,-0.9124191495230389,0.9124191495230393,-0.5784279906300535,-0.5776581893550843,-0.5765804684883443,1.733900301750437,0
-1.2574312360260869,-0.3739577120123647,-0.004425957213915414,-1.2258476714090278,0.8077365626180215,0.646091668153197,0.9702425509371355,1.5162906121401054,-0.721130416342303,-0.93626569473821,-1.0028039309991141,-0.5787359118286177,1.7427397119690018,-0.9124191495230389,0.9124191495230393,-0.5784279906300535,-0.5776581893550843,1.7343632929879855,-0.5767344287272242,0
-0.5124633848346144,0.10281024149414371,1.7244635794717436,0.823183894210956,-0.9115834940401767,-1.5477679860172513,-1.0306701134001208,1.2721000043812505,-1.43244469563043,-1.0203686651645578,0.9972039090469852,-0.5787359118286177,-0.5738091541336192,-0.9124191495230389,0.9124191495230393,-0.5784279906300535,1.731127539482183,-0.5765804684883443,-0.5767344287272242,0
-0.936681188985314,-0.5646648934149681,1.378685672134612,-1.2258476714090278,-0.9115834940401767,-1.5477679860172513,0.9702425509371355,1.4479467963133303,-1.43244469563043,-0.334265485370668,-1.0028039309991141,-0.5787359118286177,1.7427397119690018,1.0959875190286648,-1.0959875190286648,1.7288236672481017,-0.5776581893550843,-0.5765804684883443,-0.5767344287272242,0
0.7084561490625211,2.868064371831893,-0.695981771888179,-1.2258476714090278,0.8077365626180215,0.646091668153197,0.9702425509371355,-0.726341690012268,0.7014981422339509,-0.5201773147341736,0.9972039090469852,-0.5787359118286177,-0.5738091541336192,-0.9124191495230389,0.9124191495230393,-0.5784279906300535,-0.5776581893550843,-0.5765804684883443,1.733900301750437,0
