0,1,2,3,4,5,6,7,8,9,10,11,12,13,14,15,16,17,18,Exited
-0.5538504876785851,-1.4228472097266833,-1.3875375865624426,0.4284620074277157,-0.9115834940401767,0.646091668153197,-1.0306701134001208,-0.6898246145103621,-0.009816137054176019,0.9759702644292764,0.9972039090469852,-0.5787359118286177,-0.5738091541336192,1.0959875190286648,-1.0959875190286648,-0.5784279906300535,1.731127539482183,-0.5765804684883443,-0.5767344287272242,0
0.553254513397631,-1.1367864376227783,-0.004425957213915414,1.130206883928327,-0.9115834940401767,0.646091668153197,-1.0306701134001208,-0.6209422613298158,0.7014981422339509,0.9803967365569789,-1.0028039309991141,1.7279038324066063,-0.5738091541336192,-0.9124191495230389,0.9124191495230393,-0.5784279906300535,-0.5776581893550843,-0.5765804684883443,1.733900301750437,1
-0.41934240343568036,0.10281024149414371,1.378685672134612,-1.2258476714090278,-0.9115834940401767,0.646091668153197,0.9702425509371355,0.8609694247734734,-0.009816137054176019,0.028705229100938208,0.9972039090469852,-0.5787359118286177,-0.5738091541336192,-0.9124191495230389,0.9124191495230393,-0.5784279906300535,-0.5776581893550843,-0.5765804684883443,1.733900301750437,0
0.44978675628770426,-0.18325053060976135,1.7244635794717436,1.0794190595772102,-0.9115834940401767,-1.5477679860172513,0.9702425509371355,-1.1609510723464267,-1.43244469563043,1.7063381655001912,0.9972039090469852,-0.5787359118286177,-0.5738091541336192,-0.9124191495230389,0.9124191495230393,-0.5784279906300535,-0.5776581893550843,1.7343632929879855,-0.5767344287272242,0
0.8636577847274112,0.0074566507928420294,-0.695981771888179,0.2588549679865461,0.8077365626180215,0.646091668153197,0.9702425509371355,0.44482890015455095,-0.721130416342303,0.23232294697525388,-1.0028039309991141,-0.5787359118286177,1.7427397119690018,1.0959875190286648,-1.0959875190286648,-0.5784279906300535,-0.5776581893550843,-0.5765804684883443,1.733900301750437,0
-0.1606730106608635,1.0563461485071606,0.6871298574603482,1.329733169858126,0.8077365626180215,-1.5477679860172513,-1.0306701134001208,-0.7917116389277727,-0.009816137054176019,1.7284705261387039,-1.0028039309991141,-0.5787359118286177,1.7427397119690018,-0.9124191495230389,0.9124191495230393,-0.5784279906300535,-0.5776581893550843,-0.5765804684883443,1.733900301750437,1
-0.5021166091236218,-0.4693113027136664,1.03290776479748,0.35094288880490526,-0.9115834940401767,0.646091668153197,-1.0306701134001208,-1.0528733897657534,0.7014981422339509,-1.6223688745320999,-1.0028039309991141,-0.5787359118286177,1.7427397119690018,-0.9124191495230389,0.9124191495230393,-0.5784279906300535,1.731127539482183,-0.5765804684883443,-0.5767344287272242,0
-0.18136656208284888,-0.9460792562201749,1.03290776479748,0.4561028401253862,-0.9115834940401767,0.646091668153197,0.9702425509371355,-0.04183410819731464,0.7014981422339509,0.7192348810225305,-1.0028039309991141,1.7279038324066063,-0.5738091541336192,1.0959875190286648,-1.0959875190286648,1.7288236672481017,-0.5776581893550843,-0.5765804684883443,-0.5767344287272242,0
-2.3231491342583324,-0.4693113027136664,1.378685672134612,-1.2258476714090278,0.8077365626180215,0.646091668153197,-1.0306701134001208,0.13540241267610953,-0.721130416342303,0.7103819367671255,0.9972039090469852,-0.5787359118286177,-0.5738091541336192,-0.9124191495230389,0.9124191495230393,-0.5784279906300535,-0.5776581893550843,1.7343632929879855,-0.5767344287272242,0
1.6810530658958325,-0.4693113027136664,-1.7333154938995745,-1.2258476714090278,0.8077365626180215,0.646091668153197,-1.0306701134001208,-0.9898008756316599,-0.721130416342303,-0.4493537606909334,0.9972039090469852,-0.5787359118286177,-0.5738091541336192,-0.9124191495230389,0.9124191495230393,1.7288236672481017,-0.5776581893550843,-0.5765804684883443,-0.5767344287272242,0
-0.5641972633895778,-1.7089079818305883,-0.35020386455104724,2.1467862027178857,0.8077365626180215,-1.5477679860172513,0.9702425509371355,1.6903418158529258,1.4128124215220779,1.28139684124075,0.9972039090469852,-0.5787359118286177,-0.5738091541336192,-0.9124191495230389,0.9124191495230393,1.7288236672481017,-0.5776581893550843,-0.5765804684883443,-0.5767344287272242,1
0.7084561490625211,-1.6135543911292867,0.6871298574603482,0.607907447893912,-0.9115834940401767,0.646091668153197,0.9702425509371355,1.3460331667247454,-0.721130416342303,0.5864407171914551,0.9972039090469852,-0.5787359118286177,-0.5738091541336192,1.0959875190286648,-1.0959875190286648,-0.5784279906300535,1.731127539482183,-0.5765804684883443,-0.5767344287272242,0
-0.30552787061476094,-0.18325053060976135,1.378685672134612,0.10538418198428293,0.8077365626180215,0.646091668153197,-1.0306701134001208,-1.581002731017991,1.4128124215220779,0.6262789663407777,-1.0028039309991141,-0.5787359118286177,1.7427397119690018,1.0959875190286648,-1.0959875190286648,1.7288236672481017,-0.5776581893550843,-0.5765804684883443,-0.5767344287272242,0
-0.3572617491697243,-1.9949687539344934,0.3413519501232164,-1.2258476714090278,0.8077365626180215,0.646091668153197,0.9702425509371355,-1.265600339535766,-0.009816137054176019,-0.6219861736713315,0.9972039090469852,-0.5787359118286177,-0.5738091541336192,-0.9124191495230389,0.9124191495230393,-0.5784279906300535,-0.5776581893550843,1.7343632929879855,-0.5767344287272242,0
-0.3779553005917097,-1.3274936190253817,1.7244635794717436,-0.020412274662859487,-0.9115834940401767,0.646091668153197,-1.0306701134001208,-0.7151261322972003,1.4128124215220779,-0.9761039438875326,-1.0028039309991141,-0.5787359118286177,1.7427397119690018,1.0959875190286648,-1.0959875190286648,-0.5784279906300535,-0.5776581893550843,1.7343632929879855,-0.5767344287272242,0
2.001803112936605,-1.9949687539344934,-1.0417596792253108,1.3541967885017752,-0.9115834940401767,-1.5477679860172513,-1.0306701134001208,0.7972168268193601,1.4128124215220779,0.9494114316630613,0.9972039090469852,-0.5787359118286177,-0.5738091541336192,-0.9124191495230389,0.9124191495230393,1.7288236672481017,-0.5776581893550843,-0.5765804684883443,-0.5767344287272242,0
-1.9817055357955742,0.8656389671045572,-0.35020386455104724,0.9216970829583758,-0.9115834940401767,0.646091668153197,0.9702425509371355,-1.4050865569728483,1.4128124215220779,0.2411758912306589,-1.0028039309991141,1.7279038324066063,-0.5738091541336192,-0.9124191495230389,0.9124191495230393,1.7288236672481017,-0.5776581893550843,-0.5765804684883443,-0.5767344287272242,1
0.0669560549809753,-0.18325053060976135,0.3413519501232164,0.3102801904557443,-0.9115834940401767,0.646091668153197,-1.0306701134001208,0.3847836371640839,1.4128124215220779,-0.3962360951585032,0.9972039090469852,-0.5787359118286177,-0.5738091541336192,1.0959875190286648,-1.0959875190286648,-0.5784279906300535,1.731127539482183,-0.5765804684883443,-0.5767344287272242,0
-0.036511702128951426,-1.6135543911292867,-0.695981771888179,0.34442145822287784,0.8077365626180215,-1.5477679860172513,0.9702425509371355,-0.6609079234639461,1.4128124215220779,-1.3612070189976515,-1.0028039309991141,1.7279038324066063,-0.5738091541336192,1.0959875190286648,-1.0959875190286648,1.7288236672481017,-0.5776581893550843,-0.5765804684883443,-0.5767344287272242,0
0.12903670924693136,1.8191748741175742,-0.004425957213915414,2.237768894111481,-0.9115834940401767,-1.5477679860172513,0.9702425509371355,-0.4506103909911707,-0.721130416342303,-1.573677681127372,-1.0028039309991141,-0.5787359118286177,1.7427397119690018,1.0959875190286648,-1.0959875190286648,-0.5784279906300535,-0.5776581893550843,-0.5765804684883443,1.733900301750437,1
2.063883767202561,-0.5646648934149681,-1.7333154938995745,0.7740417333942763,-0.9115834940401767,-1.5477679860172513,0.9702425509371355,-1.1544508899695012,-0.009816137054176019,-1.1044716355909057,0.9972039090469852,-0.5787359118286177,-0.5738091541336192,-0.9124191495230389,0.9124191495230393,1.7288236672481017,-0.5776581893550843,-0.5765804684883443,-0.5767344287272242,0
0.3980528777327409,0.10281024149414371,1.03290776479748,1.3428534419578189,-0.9115834940401767,0.646091668153197,-1.0306701134001208,-0.8769968626423609,-0.721130416342303,0.5421759959144299,0.9972039090469852,-0.5787359118286177,-0.5738091541336192,-0.9124191495230389,0.9124191495230393,-0.5784279906300535,-0.5776581893550843,-0.5765804684883443,1.733900301750437,0
0.11868993353593868,-0.4693113027136664,-1.0417596792253108,0.6610525394114203,0.8077365626180215,-1.5477679860172513,0.9702425509371355,-0.7819737984979332,-1.43244469563043,0.8210437399596884,0.9972039090469852,-0.5787359118286177,-0.5738091541336192,-0.9124191495230389,0.9124191495230393,-0.5784279906300535,1.731127539482183,-0.5765804684883443,-0.5767344287272242,0
0.7912303547504624,-0.8507256655188732,1.03290776479748,0.6818154986267333,0.8077365626180215,0.646091668153197,0.9702425509371355,0.6575355047936657,1.4128124215220779,-0.4050890394139082,-1.0028039309991141,1.7279038324066063,-0.5738091541336192,1.0959875190286648,-1.0959875190286648,-0.5784279906300535,1.731127539482183,-0.5765804684883443,-0.5767344287272242,0
1.215448158901162,0.10281024149414371,1.03290776479748,-1.2258476714090278,0.8077365626180215,-1.5477679860172513,0.9702425509371355,-0.539229086152902,1.4128124215220779,-1.2062804945280634,0.9972039090469852,-0.5787359118286177,-0.5738091541336192,1.0959875190286648,-1.0959875190286648,-0.5784279906300535,1.731127539482183,-0.5765804684883443,-0.5767344287272242,0
1.0705932989472646,0.0074566507928420294,1.03290776479748,0.8480901816004289,-0.9115834940401767,0.646091668153197,0.9702425509371355,-0.21571594304265937,-0.721130416342303,-0.06867715770851711,-1.0028039309991141,1.7279038324066063,-0.5738091541336192,1.0959875190286648,-1.0959875190286648,-0.5784279906300535,1.731127539482183,-0.5765804684883443,-0.5767344287272242,0
-0.5331569362565998,-0.7553720748175714,-0.695981771888179,-1.2258476714090278,-0.9115834940401767,0.646091668153197,0.9702425509371355,0.5216044685635132,0.7014981422339509,1.4584557263488505,-1.0028039309991141,-0.5787359118286177,1.7427397119690018,1.0959875190286648,-1.0959875190286648,-0.5784279906300535,1.731127539482183,-0.5765804684883443,-0.5767344287272242,1
1.443077224543001,0.2935174228967471,-1.3875375865624426,0.1499132600670599,-0.9115834940401767,0.646091668153197,-1.0306701134001208,1.7057303859721953,1.4128124215220779,-1.684339484319935,-1.0028039309991141,1.7279038324066063,-0.5738091541336192,-0.9124191495230389,0.9124191495230393,-0.5784279906300535,1.731127539482183,-0.5765804684883443,-0.5767344287272242,0
-0.9573747404072994,0.1981638321954454,0.3413519501232164,-1.2258476714090278,-0.9115834940401767,0.646091668153197,0.9702425509371355,0.7563354599048097,-1.43244469563043,-1.219559910911171,0.9972039090469852,-0.5787359118286177,-0.5738091541336192,1.0959875190286648,-1.0959875190286648,-0.5784279906300535,1.731127539482183,-0.5765804684883443,-0.5767344287272242,1
-0.3158746463257536,-1.0414328469214764,1.378685672134612,-0.07345815837672366,-0.9115834940401767,-1.5477679860172513,0.9702425509371355,1.5670617993512042,1.4128124215220779,-1.2062804945280634,0.9972039090469852,-0.5787359118286177,-0.5738091541336192,-0.9124191495230389,0.9124191495230393,-0.5784279906300535,-0.5776581893550843,-0.5765804684883443,1.733900301750437,0
1.9604160100926347,-0.8507256655188732,1.03290776479748,0.9585143970864853,-0.9115834940401767,0.646091668153197,-1.0306701134001208,-0.7994916517611916,-0.009816137054176019,1.4673086706042555,0.9972039090469852,-0.5787359118286177,-0.5738091541336192,-0.9124191495230389,0.9124191495230393,-0.5784279906300535,-0.5776581893550843,1.7343632929879855,-0.5767344287272242,0
1.0188594203923014,2.5820035997279875,0.3413519501232164,1.6996162433800581,0.8077365626180215,0.646091668153197,0.9702425509371355,1.6578617707692196,-0.721130416342303,-1.4320305730408918,-1.0028039309991141,1.7279038324066063,-0.5738091541336192,-0.9124191495230389,0.9124191495230393,-0.5784279906300535,1.731127539482183,-0.5765804684883443,-0.5767344287272242,0
-0.9470279646963067,0.5795781950006521,1.03290776479748,-0.8405006816635148,-0.9115834940401767,-1.5477679860172513,0.9702425509371355,1.21186050625221,1.4128124215220779,1.0822055954941368,0.9972039090469852,-0.5787359118286177,-0.5738091541336192,-0.9124191495230389,0.9124191495230393,1.7288236672481017,-0.5776581893550843,-0.5765804684883443,-0.5767344287272242,1
2.063883767202561,1.533114102013669,0.3413519501232164,-1.2258476714090278,-0.9115834940401767,0.646091668153197,-1.0306701134001208,-1.7240469119021258,-1.43244469563043,-0.10408893473013724,0.9972039090469852,-0.5787359118286177,-0.5738091541336192,-0.9124191495230389,0.9124191495230393,1.7288236672481017,-0.5776581893550843,-0.5765804684883443,-0.5767344287272242,1
0.7912303547504624,2.200589236922781,-0.004425957213915414,-1.2258476714090278,0.8077365626180215,-1.5477679860172513,0.9702425509371355,-1.0683329070081542,1.4128124215220779,-0.033265380686896995,0.9972039090469852,-0.5787359118286177,-0.5738091541336192,-0.9124191495230389,0.9124191495230393,-0.5784279906300535,1.731127539482183,-0.5765804684883443,-0.5767344287272242,0
0.6774158219295431,-0.08789693990845966,-0.35020386455104724,-1.2258476714090278,0.8077365626180215,0.646091668153197,-1.0306701134001208,1.5578538017747525,-0.009816137054176019,0.6616907433623979,0.9972039090469852,-0.5787359118286177,-0.5738091541336192,-0.9124191495230389,0.9124191495230393,-0.5784279906300535,1.731127539482183,-0.5765804684883443,-0.5767344287272242,0
-0.27448754348178295,-0.6600184841162697,-1.0417596792253108,0.04620584561964162,0.8077365626180215,0.646091668153197,0.9702425509371355,0.7891424182029464,-1.43244469563043,1.7151911097555963,0.9972039090469852,-0.5787359118286177,-0.5738091541336192,1.0959875190286648,-1.0959875190286648,-0.5784279906300535,-0.5776581893550843,-0.5765804684883443,1.733900301750437,0
1.4637707759649863,0.7702853764032556,-1.7333154938995745,-1.2258476714090278,-0.9115834940401767,0.646091668153197,0.9702425509371355,-1.643823278530962,0.7014981422339509,-0.7149420883530843,-1.0028039309991141,-0.5787359118286177,1.7427397119690018,-0.9124191495230389,0.9124191495230393,1.7288236672481017,-0.5776581893550843,-0.5765804684883443,-0.5767344287272242,1
1.82590792584973,2.0098820555201775,-1.0417596792253108,-1.2258476714090278,0.8077365626180215,-1.5477679860172513,0.9702425509371355,-0.6864205437201025,-0.009816137054176019,0.6351319105961827,0.9972039090469852,-0.5787359118286177,-0.5738091541336192,1.0959875190286648,-1.0959875190286648,1.7288236672481017,-0.5776581893550843,-0.5765804684883443,-0.5767344287272242,0
-0.7918263290314166,-0.8507256655188732,-0.004425957213915414,0.7030950115595658,-0.9115834940401767,0.646091668153197,-1.0306701134001208,0.6556194107990871,-0.009816137054176019,-0.8256038915456472,-1.0028039309991141,-0.5787359118286177,1.7427397119690018,-0.9124191495230389,0.9124191495230393,-0.5784279906300535,-0.5776581893550843,-0.5765804684883443,1.733900301750437,0
0.5429077376866382,0.0074566507928420294,-1.3875375865624426,1.0429418406984263,-0.9115834940401767,0.646091668153197,0.9702425509371355,-1.1969395222249986,-0.721130416342303,-0.07753010196392214,-1.0028039309991141,1.7279038324066063,-0.5738091541336192,-0.9124191495230389,0.9124191495230393,-0.5784279906300535,1.731127539482183,-0.5765804684883443,-0.5767344287272242,1
-1.795463572997706,-0.7553720748175714,1.378685672134612,-1.2258476714090278,0.8077365626180215,-1.5477679860172513,0.9702425509371355,1.4601705682929023,-1.43244469563043,-1.3789129075084614,-1.0028039309991141,-0.5787359118286177,1.7427397119690018,-0.9124191495230389,0.9124191495230393,-0.5784279906300535,-0.5776581893550843,-0.5765804684883443,1.733900301750437,0
2.063883767202561,-0.7553720748175714,-0.695981771888179,-1.2258476714090278,0.8077365626180215,0.646091668153197,-1.0306701134001208,0.37867383785439035,-1.43244469563043,0.7546466580441507,0.9972039090469852,-0.5787359118286177,-0.5738091541336192,-0.9124191495230389,0.9124191495230393,-0.5784279906300535,-0.5776581893550843,-0.5765804684883443,1.733900301750437,0
-0.2848343191927756,0.8656389671045572,-1.3875375865624426,0.506303431209053,-0.9115834940401767,0.646091668153197,-1.0306701134001208,0.32630494925276726,-0.009816137054176019,-1.6976189007030424,-1.0028039309991141,1.7279038324066063,-0.5738091541336192,1.0959875190286648,-1.0959875190286648,-0.5784279906300535,-0.5776581893550843,1.7343632929879855,-0.5767344287272242,1
0.6567222705075577,-0.5646648934149681,1.03290776479748,0.7297351115820291,-0.9115834940401767,-1.5477679860172513,-1.0306701134001208,1.0855071577548276,1.4128124215220779,-0.4537802328186359,-1.0028039309991141,-0.5787359118286177,1.7427397119690018,-0.9124191495230389,0.9124191495230393,1.7288236672481017,-0.5776581893550843,-0.5765804684883443,-0.5767344287272242,0
2.063883767202561,0.6749317857019538,-1.0417596792253108,1.3043002316725714,-0.9115834940401767,0.646091668153197,0.9702425509371355,-1.410319602863841,-0.009816137054176019,-0.5511626196280912,0.9972039090469852,-0.5787359118286177,-0.5738091541336192,1.0959875190286648,-1.0959875190286648,-0.5784279906300535,1.731127539482183,-0.5765804684883443,-0.5767344287272242,0
0.2842383449118215,0.10281024149414371,-0.35020386455104724,0.5979446765043817,-0.9115834940401767,0.646091668153197,-1.0306701134001208,-1.451485627720957,0.7014981422339509,0.9936761529400864,-1.0028039309991141,-0.5787359118286177,1.7427397119690018,1.0959875190286648,-1.0959875190286648,-0.5784279906300535,-0.5776581893550843,1.7343632929879855,-0.5767344287272242,0
-2.426616891368259,-0.3739577120123647,1.03290776479748,-1.2258476714090278,-0.9115834940401767,-1.5477679860172513,-1.0306701134001208,0.34121636519097437,-0.721130416342303,-1.6046629860212898,-1.0028039309991141,-0.5787359118286177,1.7427397119690018,-0.9124191495230389,0.9124191495230393,1.7288236672481017,-0.5776581893550843,-0.5765804684883443,-0.5767344287272242,0
0.7705368033284771,-0.08789693990845966,0.3413519501232164,-1.2258476714090278,0.8077365626180215,0.646091668153197,0.9702425509371355,1.0191178656143276,-0.721130416342303,-1.3302217141037338,0.9972039090469852,-0.5787359118286177,-0.5738091541336192,-0.9124191495230389,0.9124191495230393,1.7288236672481017,-0.5776581893550843,-0.5765804684883443,-0.5767344287272242,0
0.3980528777327409,-0.08789693990845966,-1.0417596792253108,-1.2258476714090278,-0.9115834940401767,0.646091668153197,0.9702425509371355,-0.30222848243142236,1.4128124215220779,0.06411700612255833,-1.0028039309991141,-0.5787359118286177,1.7427397119690018,-0.9124191495230389,0.9124191495230393,1.7288236672481017,-0.5776581893550843,-0.5765804684883443,-0.5767344287272242,0
-0.1710197863718562,-0.18325053060976135,-0.695981771888179,0.5600974603629985,0.8077365626180215,0.646091668153197,0.9702425509371355,1.1640588387021888,0.7014981422339509,-0.2147507379227001,-1.0028039309991141,1.7279038324066063,-0.5738091541336192,-0.9124191495230389,0.9124191495230393,-0.5784279906300535,1.731127539482183,-0.5765804684883443,-0.5767344287272242,0
-0.13997945923887817,-0.5646648934149681,0.6871298574603482,0.4309997398395078,-0.9115834940401767,0.646091668153197,-1.0306701134001208,-0.27249363889889217,-1.43244469563043,-0.6972361998422743,0.9972039090469852,-0.5787359118286177,-0.5738091541336192,1.0959875190286648,-1.0959875190286648,-0.5784279906300535,-0.5776581893550843,-0.5765804684883443,1.733900301750437,0
1.1119804017912354,0.1981638321954454,1.7244635794717436,0.054039415601400305,-0.9115834940401767,0.646091668153197,0.9702425509371355,-0.3825940100488494,-0.009816137054176019,0.9626908480461688,-1.0028039309991141,1.7279038324066063,-0.5738091541336192,-0.9124191495230389,0.9124191495230393,1.7288236672481017,-0.5776581893550843,-0.5765804684883443,-0.5767344287272242,0
0.2945851206228141,0.2935174228967471,-1.0417596792253108,-1.2258476714090278,-0.9115834940401767,0.646091668153197,0.9702425509371355,1.185999932090694,-0.721130416342303,-0.4670596492017434,-1.0028039309991141,-0.5787359118286177,1.7427397119690018,-0.9124191495230389,0.9124191495230393,-0.5784279906300535,1.731127539482183,-0.5765804684883443,-0.5767344287272242,0
-0.20206011350483422,-0.7553720748175714,1.03290776479748,0.9808884012811678,-0.9115834940401767,0.646091668153197,-1.0306701134001208,1.5646080374528921,-1.43244469563043,-0.480339065584851,0.9972039090469852,-0.5787359118286177,-0.5738091541336192,1.0959875190286648,-1.0959875190286648,-0.5784279906300535,1.731127539482183,-0.5765804684883443,-0.5767344287272242,0
1.0809400746582574,-0.8507256655188732,0.3413519501232164,1.245875009151748,0.8077365626180215,-1.5477679860172513,0.9702425509371355,-0.6503780140491437,-0.721130416342303,-1.1088981077186082,-1.0028039309991141,1.7279038324066063,-0.5738091541336192,1.0959875190286648,-1.0959875190286648,-0.5784279906300535,1.731127539482183,-0.5765804684883443,-0.5767344287272242,0
0.5739480648196164,0.38887101359804876,-1.3875375865624426,-1.2258476714090278,0.8077365626180215,0.646091668153197,-1.0306701134001208,-1.1846686260533468,0.7014981422339509,1.7151911097555963,-1.0028039309991141,-0.5787359118286177,1.7427397119690018,1.0959875190286648,-1.0959875190286648,-0.5784279906300535,-0.5776581893550843,-0.5765804684883443,1.733900301750437,0
1.029206196103294,1.247053329909764,0.3413519501232164,0.4965466081679595,-0.9115834940401767,0.646091668153197,-1.0306701134001208,0.45459960579584113,1.4128124215220779,0.16592586505971615,-1.0028039309991141,1.7279038324066063,-0.5738091541336192,1.0959875190286648,-1.0959875190286648,1.7288236672481017,-0.5776581893550843,-0.5765804684883443,-0.5767344287272242,1
1.6189724116298765,0.2935174228967471,1.378685672134612,0.462705848691347,0.8077365626180215,0.646091668153197,0.9702425509371355,0.5286104969727672,1.4128124215220779,0.42708772059416455,-1.0028039309991141,1.7279038324066063,-0.5738091541336192,1.0959875190286648,-1.0959875190286648,-0.5784279906300535,-0.5776581893550843,-0.5765804684883443,1.733900301750437,0
0.2842383449118215,0.8656389671045572,-1.0417596792253108,-1.2258476714090278,0.8077365626180215,0.646091668153197,0.9702425509371355,-1.178771842003056,-0.721130416342303,1.1663085659204846,0.9972039090469852,-0.5787359118286177,-0.5738091541336192,1.0959875190286648,-1.0959875190286648,-0.5784279906300535,1.731127539482183,-0.5765804684883443,-0.5767344287272242,0
-1.6092216101998378,0.10281024149414371,-1.3875375865624426,1.0211162841678307,0.8077365626180215,0.646091668153197,-1.0306701134001208,0.8804077192815022,0.7014981422339509,1.608955778690736,0.9972039090469852,-0.5787359118286177,-0.5738091541336192,1.0959875190286648,-1.0959875190286648,-0.5784279906300535,-0.5776581893550843,1.7343632929879855,-0.5767344287272242,0
-0.4710762819906437,0.1981638321954454,-0.004425957213915414,0.42742329050458666,-0.9115834940401767,-1.5477679860172513,-1.0306701134001208,0.7497013822219736,-1.43244469563043,-1.0026627766537477,-1.0028039309991141,-0.5787359118286177,1.7427397119690018,-0.9124191495230389,0.9124191495230393,-0.5784279906300535,1.731127539482183,-0.5765804684883443,-0.5767344287272242,0
-1.8368506758416767,-0.3739577120123647,0.6871298574603482,0.8817929476700344,-0.9115834940401767,0.646091668153197,-1.0306701134001208,1.5557972046539716,1.4128124215220779,1.0866320676218393,-1.0028039309991141,1.7279038324066063,-0.5738091541336192,1.0959875190286648,-1.0959875190286648,1.7288236672481017,-0.5776581893550843,-0.5765804684883443,-0.5767344287272242,0
-0.026164926417958756,1.533114102013669,-1.3875375865624426,0.07827929580581396,-0.9115834940401767,-1.5477679860172513,0.9702425509371355,1.4162263027831516,0.7014981422339509,-0.188191905156485,-1.0028039309991141,-0.5787359118286177,1.7427397119690018,-0.9124191495230389,0.9124191495230393,-0.5784279906300535,-0.5776581893550843,1.7343632929879855,-0.5767344287272242,0
-1.0918828246502041,0.0074566507928420294,0.3413519501232164,-1.2258476714090278,-0.9115834940401767,-1.5477679860172513,-1.0306701134001208,-1.0725448707740752,0.7014981422339509,-0.28557429196594036,-1.0028039309991141,-0.5787359118286177,1.7427397119690018,1.0959875190286648,-1.0959875190286648,-0.5784279906300535,-0.5776581893550843,-0.5765804684883443,1.733900301750437,1
1.567238533074913,-0.9460792562201749,1.378685672134612,0.8162391876847865,-0.9115834940401767,0.646091668153197,0.9702425509371355,0.5976404827698303,-0.721130416342303,1.4938675033704707,0.9972039090469852,-0.5787359118286177,-0.5738091541336192,-0.9124191495230389,0.9124191495230393,-0.5784279906300535,1.731127539482183,-0.5765804684883443,-0.5767344287272242,0
0.7084561490625211,-0.18325053060976135,1.7244635794717436,1.104215240729036,-0.9115834940401767,0.646091668153197,-1.0306701134001208,-0.34224422488776346,1.4128124215220779,-1.3302217141037338,-1.0028039309991141,-0.5787359118286177,1.7427397119690018,-0.9124191495230389,0.9124191495230393,-0.5784279906300535,-0.5776581893550843,1.7343632929879855,-0.5767344287272242,0
0.6981093733515285,-0.5646648934149681,-0.35020386455104724,-0.09527842596140593,-0.9115834940401767,-1.5477679860172513,-1.0306701134001208,-0.19992899091580496,-0.721130416342303,0.9051467103860361,-1.0028039309991141,1.7279038324066063,-0.5738091541336192,1.0959875190286648,-1.0959875190286648,1.7288236672481017,-0.5776581893550843,-0.5765804684883443,-0.5767344287272242,0
1.0498997475252794,-0.6600184841162697,1.378685672134612,0.6266856099519916,0.8077365626180215,-1.5477679860172513,0.9702425509371355,0.027600171867594468,1.4128124215220779,0.5111906910205123,-1.0028039309991141,1.7279038324066063,-0.5738091541336192,-0.9124191495230389,0.9124191495230393,1.7288236672481017,-0.5776581893550843,-0.5765804684883443,-0.5767344287272242,0
-2.0023990872175594,0.2935174228967471,-0.35020386455104724,0.8059501043595224,-0.9115834940401767,-1.5477679860172513,0.9702425509371355,0.45239502827852857,-0.009816137054176019,-1.2593981600604935,-1.0028039309991141,1.7279038324066063,-0.5738091541336192,-0.9124191495230389,0.9124191495230393,1.7288236672481017,-0.5776581893550843,-0.5765804684883443,-0.5767344287272242,0
1.0809400746582574,-0.9460792562201749,-0.35020386455104724,1.1566596270485934,0.8077365626180215,0.646091668153197,0.9702425509371355,-1.2395775259970891,-1.43244469563043,-0.38738315090309816,0.9972039090469852,-0.5787359118286177,-0.5738091541336192,1.0959875190286648,-1.0959875190286648,-0.5784279906300535,1.731127539482183,-0.5765804684883443,-0.5767344287272242,0
-0.13997945923887817,0.1981638321954454,-1.0417596792253108,0.9861241371930299,0.8077365626180215,0.646091668153197,-1.0306701134001208,0.6991769449317666,-1.43244469563043,0.9582643759184664,-1.0028039309991141,1.7279038324066063,-0.5738091541336192,-0.9124191495230389,0.9124191495230393,-0.5784279906300535,1.731127539482183,-0.5765804684883443,-0.5767344287272242,0
-1.1332699274941749,-0.18325053060976135,1.378685672134612,2.1769323930675166,-0.9115834940401767,-1.5477679860172513,0.9702425509371355,0.8472668921686278,-1.43244469563043,-1.0513539700584753,0.9972039090469852,-0.5787359118286177,-0.5738091541336192,-0.9124191495230389,0.9124191495230393,1.7288236672481017,-0.5776581893550843,-0.5765804684883443,-0.5767344287272242,0
-0.7193988990544679,0.1981638321954454,1.03290776479748,-1.2258476714090278,0.8077365626180215,-1.5477679860172513,-1.0306701134001208,-1.223370107831675,-0.009816137054176019,1.418617477199528,0.9972039090469852,-0.5787359118286177,-0.5738091541336192,-0.9124191495230389,0.9124191495230393,-0.5784279906300535,1.731127539482183,-0.5765804684883443,-0.5767344287272242,0
-0.015818150706966082,0.1981638321954454,-1.0417596792253108,0.7901258987294926,-0.9115834940401767,0.646091668153197,0.9702425509371355,-0.5141287591049447,0.7014981422339509,1.2105732871975097,0.9972039090469852,-0.5787359118286177,-0.5738091541336192,1.0959875190286648,-1.0959875190286648,-0.5784279906300535,-0.5776581893550843,1.7343632929879855,-0.5767344287272242,0
-0.5952375905225558,-0.6600184841162697,-0.695981771888179,-1.2258476714090278,0.8077365626180215,0.646091668153197,0.9702425509371355,0.9022825605770823,-0.009816137054176019,-0.15720660026256741,0.9972039090469852,-0.5787359118286177,-0.5738091541336192,1.0959875190286648,-1.0959875190286648,-0.5784279906300535,1.731127539482183,-0.5765804684883443,-0.5767344287272242,0
-0.6366246933665265,-0.27860412131106305,1.378685672134612,1.0236461632962974,0.8077365626180215,0.646091668153197,-1.0306701134001208,0.6301725209658319,-0.721130416342303,-1.6400747630429098,-1.0028039309991141,1.7279038324066063,-0.5738091541336192,1.0959875190286648,-1.0959875190286648,-0.5784279906300535,-0.5776581893550843,1.7343632929879855,-0.5767344287272242,0
1.3292626917220816,3.058771553234496,-0.695981771888179,-1.2258476714090278,0.8077365626180215,0.646091668153197,0.9702425509371355,0.8138942696755214,-1.43244469563043,1.1131909003880542,0.9972039090469852,-0.5787359118286177,-0.5738091541336192,-0.9124191495230389,0.9124191495230393,-0.5784279906300535,-0.5776581893550843,1.7343632929879855,-0.5767344287272242,1
-0.09859235639490747,-0.3739577120123647,-0.004425957213915414,-1.2258476714090278,0.8077365626180215,0.646091668153197,-1.0306701134001208,-0.12070244284865402,0.7014981422339509,0.6218524942130752,0.9972039090469852,-0.5787359118286177,-0.5738091541336192,-0.9124191495230389,0.9124191495230393,-0.5784279906300535,1.731127539482183,-0.5765804684883443,-0.5767344287272242,0
1.8362547015607225,-0.7553720748175714,1.378685672134612,-1.2258476714090278,-0.9115834940401767,-1.5477679860172513,0.9702425509371355,1.1158022748920886,-0.009816137054176019,-0.8211774194179446,0.9972039090469852,-0.5787359118286177,-0.5738091541336192,-0.9124191495230389,0.9124191495230393,-0.5784279906300535,1.731127539482183,-0.5765804684883443,-0.5767344287272242,0
-1.6816490401767865,-0.6600184841162697,-0.695981771888179,0.6099034640273251,-0.9115834940401767,0.646091668153197,-1.0306701134001208,-0.1308030178345048,-0.721130416342303,0.8741614054921185,-1.0028039309991141,1.7279038324066063,-0.5738091541336192,-0.9124191495230389,0.9124191495230393,-0.5784279906300535,1.731127539482183,-0.5765804684883443,-0.5767344287272242,0
-0.7090521233434752,0.1981638321954454,-1.3875375865624426,-0.5769299085867814,-0.9115834940401767,0.646091668153197,-1.0306701134001208,0.49451866540791456,0.7014981422339509,0.5643083565529425,0.9972039090469852,-0.5787359118286177,-0.5738091541336192,-0.9124191495230389,0.9124191495230393,-0.5784279906300535,1.731127539482183,-0.5765804684883443,-0.5767344287272242,0
-2.0334394143505374,1.0563461485071606,1.7244635794717436,0.2629995783294123,-0.9115834940401767,0.646091668153197,-1.0306701134001208,0.9434186763528781,-0.009816137054176019,-0.7149420883530843,-1.0028039309991141,1.7279038324066063,-0.5738091541336192,1.0959875190286648,-1.0959875190286648,1.7288236672481017,-0.5776581893550843,-0.5765804684883443,-0.5767344287272242,1
-1.8471974515526692,-0.9460792562201749,1.03290776479748,0.4167750396704917,-0.9115834940401767,-1.5477679860172513,0.9702425509371355,1.4108447548256038,0.7014981422339509,0.9095731825137386,0.9972039090469852,-0.5787359118286177,-0.5738091541336192,-0.9124191495230389,0.9124191495230393,-0.5784279906300535,-0.5776581893550843,-0.5765804684883443,1.733900301750437,0
-0.12963268352788548,-0.27860412131106305,0.3413519501232164,-1.2258476714090278,-0.9115834940401767,0.646091668153197,-1.0306701134001208,1.1156308193445208,0.7014981422339509,1.4407498378380403,0.9972039090469852,-0.5787359118286177,-0.5738091541336192,1.0959875190286648,-1.0959875190286648,1.7288236672481017,-0.5776581893550843,-0.5765804684883443,-0.5767344287272242,0
-1.4954070773789185,1.0563461485071606,-0.695981771888179,-1.2258476714090278,0.8077365626180215,0.646091668153197,-1.0306701134001208,-1.5315092875832934,-0.009816137054176019,-1.3789129075084614,-1.0028039309991141,-0.5787359118286177,1.7427397119690018,-0.9124191495230389,0.9124191495230393,1.7288236672481017,-0.5776581893550843,-0.5765804684883443,-0.5767344287272242,0
0.9257384389933673,-0.8507256655188732,1.03290776479748,0.4603570758926344,-0.9115834940401767,0.646091668153197,-1.0306701134001208,-1.7082547430750412,0.7014981422339509,0.9184261267691437,0.9972039090469852,-0.5787359118286177,-0.5738091541336192,1.0959875190286648,-1.0959875190286648,-0.5784279906300535,-0.5776581893550843,-0.5765804684883443,1.733900301750437,0
2.0535369914915687,0.1981638321954454,1.7244635794717436,0.13040041534031474,-0.9115834940401767,0.646091668153197,0.9702425509371355,1.703807684157325,-0.721130416342303,1.3035292018792624,-1.0028039309991141,1.7279038324066063,-0.5738091541336192,-0.9124191495230389,0.9124191495230393,-0.5784279906300535,-0.5776581893550843,1.7343632929879855,-0.5767344287272242,0
-0.4503827305686584,-1.4228472097266833,-1.0417596792253108,0.5288569390226063,0.8077365626180215,-1.5477679860172513,0.9702425509371355,0.4776850693248603,-0.009816137054176019,-1.5338394319780495,-1.0028039309991141,1.7279038324066063,-0.5738091541336192,1.0959875190286648,-1.0959875190286648,-0.5784279906300535,1.731127539482183,-0.5765804684883443,-0.5767344287272242,0
0.7291497004845064,-0.27860412131106305,-1.0417596792253108,-1.2258476714090278,0.8077365626180215,0.646091668153197,0.9702425509371355,0.11976778819597916,1.4128124215220779,-0.32098606898756044,-1.0028039309991141,-0.5787359118286177,1.7427397119690018,1.0959875190286648,-1.0959875190286648,-0.5784279906300535,-0.5776581893550843,-0.5765804684883443,1.733900301750437,0
-1.1643102546271529,0.0074566507928420294,-1.0417596792253108,0.7418565742595745,0.8077365626180215,0.646091668153197,0.9702425509371355,-0.7237851591194198,1.4128124215220779,-0.8300303636733497,-1.0028039309991141,-0.5787359118286177,1.7427397119690018,-0.9124191495230389,0.9124191495230393,-0.5784279906300535,-0.5776581893550843,1.7343632929879855,-0.5767344287272242,0
1.567238533074913,-0.08789693990845966,0.6871298574603482,-1.2258476714090278,0.8077365626180215,-1.5477679860172513,0.9702425509371355,-0.7359997149285843,1.4128124215220779,-0.5777214523943063,-1.0028039309991141,-0.5787359118286177,1.7427397119690018,-0.9124191495230389,0.9124191495230393,-0.5784279906300535,1.731127539482183,-0.5765804684883443,-0.5767344287272242,0
0.11868993353593868,-0.3739577120123647,0.3413519501232164,-1.2258476714090278,0.8077365626180215,-1.5477679860172513,-1.0306701134001208,-1.698320059156513,0.7014981422339509,0.5466024680421324,-1.0028039309991141,-0.5787359118286177,1.7427397119690018,1.0959875190286648,-1.0959875190286648,1.7288236672481017,-0.5776581893550843,-0.5765804684883443,-0.5767344287272242,1
0.5636012891086236,1.533114102013669,1.03290776479748,-1.2258476714090278,0.8077365626180215,0.646091668153197,0.9702425509371355,-1.49019493454963,-0.009816137054176019,0.6838231040009104,0.9972039090469852,-0.5787359118286177,-0.5738091541336192,1.0959875190286648,-1.0959875190286648,-0.5784279906300535,1.731127539482183,-0.5765804684883443,-0.5767344287272242,0
0.9360852147043599,0.2935174228967471,0.3413519501232164,0.47361117435103983,-0.9115834940401767,0.646091668153197,-1.0306701134001208,1.644939308738807,0.7014981422339509,1.418617477199528,0.9972039090469852,-0.5787359118286177,-0.5738091541336192,-0.9124191495230389,0.9124191495230393,1.7288236672481017,-0.5776581893550843,-0.5765804684883443,-0.5767344287272242,1
0.8740045604384039,-0.08789693990845966,-1.3875375865624426,-1.2258476714090278,2.52705661927622,-1.5477679860172513,-1.0306701134001208,-0.13685352065158116,1.4128124215220779,0.3164259174016017,0.9972039090469852,-0.5787359118286177,-0.5738091541336192,1.0959875190286648,-1.0959875190286648,-0.5784279906300535,-0.5776581893550843,-0.5765804684883443,1.733900301750437,1
-1.4643667502459403,0.1981638321954454,0.6871298574603482,0.8045273779088794,-0.9115834940401767,-1.5477679860172513,0.9702425509371355,0.2553625211512868,-0.009816137054176019,0.9626908480461688,-1.0028039309991141,-0.5787359118286177,1.7427397119690018,-0.9124191495230389,0.9124191495230393,-0.5784279906300535,-0.5776581893550843,1.7343632929879855,-0.5767344287272242,0
-0.13997945923887817,0.5795781950006521,-1.0417596792253108,1.3053048108538976,-0.9115834940401767,0.646091668153197,0.9702425509371355,0.7832744998939296,0.7014981422339509,-0.2678684034551303,-1.0028039309991141,-0.5787359118286177,1.7427397119690018,1.0959875190286648,-1.0959875190286648,1.7288236672481017,-0.5776581893550843,-0.5765804684883443,-0.5767344287272242,1
0.4187464291547262,-1.7089079818305883,-0.695981771888179,0.42495960333557886,-0.9115834940401767,0.646091668153197,0.9702425509371355,0.07926497982813853,-0.009816137054176019,-1.1531628289956333,-1.0028039309991141,-0.5787359118286177,1.7427397119690018,-0.9124191495230389,0.9124191495230393,-0.5784279906300535,-0.5776581893550843,-0.5765804684883443,1.733900301750437,0
-0.84356020758638,-1.0414328469214764,0.6871298574603482,-1.2258476714090278,0.8077365626180215,0.646091668153197,-1.0306701134001208,-0.4540791488642858,-1.43244469563043,0.36069063867862683,0.9972039090469852,-0.5787359118286177,-0.5738091541336192,-0.9124191495230389,0.9124191495230393,-0.5784279906300535,1.731127539482183,-0.5765804684883443,-0.5767344287272242,0
0.3463189991777775,-0.27860412131106305,-0.004425957213915414,1.5657603947877736,-0.9115834940401767,0.646091668153197,-1.0306701134001208,0.34325609498101045,-1.43244469563043,-1.073486330696988,-1.0028039309991141,-0.5787359118286177,1.7427397119690018,1.0959875190286648,-1.0959875190286648,1.7288236672481017,-0.5776581893550843,-0.5765804684883443,-0.5767344287272242,0
0.584294840530609,1.8191748741175742,-0.695981771888179,0.41447659199349834,-0.9115834940401767,0.646091668153197,0.9702425509371355,0.2535733668623115,1.4128124215220779,1.2415585920914272,0.9972039090469852,-0.5787359118286177,-0.5738091541336192,1.0959875190286648,-1.0959875190286648,-0.5784279906300535,-0.5776581893550843,1.7343632929879855,-0.5767344287272242,0
0.5325609619756456,-0.27860412131106305,-1.0417596792253108,0.46124401609516447,0.8077365626180215,0.646091668153197,0.9702425509371355,-0.8204194880749703,-0.009816137054176019,1.290249785496155,-1.0028039309991141,1.7279038324066063,-0.5738091541336192,1.0959875190286648,-1.0959875190286648,-0.5784279906300535,1.731127539482183,-0.5765804684883443,-0.5767344287272242,0
0.584294840530609,-0.6600184841162697,1.378685672134612,-1.2258476714090278,0.8077365626180215,-1.5477679860172513,-1.0306701134001208,-1.2047659636904664,0.7014981422339509,-1.520560015594942,0.9972039090469852,-0.5787359118286177,-0.5738091541336192,-0.9124191495230389,0.9124191495230393,1.7288236672481017,-0.5776581893550843,-0.5765804684883443,-0.5767344287272242,0
-1.567834507355867,-0.27860412131106305,-0.004425957213915414,0.8759879288526088,0.8077365626180215,0.646091668153197,-1.0306701134001208,1.301187977085227,1.4128124215220779,1.480588086987363,-1.0028039309991141,1.7279038324066063,-0.5738091541336192,-0.9124191495230389,0.9124191495230393,-0.5784279906300535,-0.5776581893550843,1.7343632929879855,-0.5767344287272242,0
-0.20206011350483422,-0.3739577120123647,1.378685672134612,0.5754783561628513,0.8077365626180215,0.646091668153197,-1.0306701134001208,-1.3149216318628647,-0.721130416342303,-0.2545889870720227,0.9972039090469852,-0.5787359118286177,-0.5738091541336192,-0.9124191495230389,0.9124191495230393,1.7288236672481017,-0.5776581893550843,-0.5765804684883443,-0.5767344287272242,0
-0.336568197747739,1.4377605113123673,-0.35020386455104724,0.6725507078266532,-0.9115834940401767,0.646091668153197,0.9702425509371355,0.5822367842198936,-1.43244469563043,-0.32098606898756044,-1.0028039309991141,1.7279038324066063,-0.5738091541336192,1.0959875190286648,-1.0959875190286648,-0.5784279906300535,-0.5776581893550843,-0.5765804684883443,1.733900301750437,1
0.3877061020217482,-0.3739577120123647,0.3413519501232164,-1.2258476714090278,-0.9115834940401767,0.646091668153197,-1.0306701134001208,-1.2972509292828593,-1.43244469563043,1.3035292018792624,-1.0028039309991141,-0.5787359118286177,1.7427397119690018,1.0959875190286648,-1.0959875190286648,-0.5784279906300535,-0.5776581893550843,-0.5765804684883443,1.733900301750437,1
1.660359514473847,0.5795781950006521,-0.004425957213915414,-1.2258476714090278,0.8077365626180215,0.646091668153197,0.9702425509371355,0.8004670049528267,-0.009816137054176019,-1.038074553675368,0.9972039090469852,-0.5787359118286177,-0.5738091541336192,1.0959875190286648,-1.0959875190286648,1.7288236672481017,-0.5776581893550843,-0.5765804684883443,-0.5767344287272242,0
0.09799638211395333,0.6749317857019538,-0.004425957213915414,0.5214221235084832,0.8077365626180215,0.646091668153197,0.9702425509371355,-1.154797974424822,-0.009816137054176019,-0.015559492176086938,-1.0028039309991141,1.7279038324066063,-0.5738091541336192,-0.9124191495230389,0.9124191495230393,-0.5784279906300535,-0.5776581893550843,-0.5765804684883443,1.733900301750437,0
0.8843513361493965,0.38887101359804876,-0.35020386455104724,1.597079769503598,-0.9115834940401767,0.646091668153197,0.9702425509371355,-0.821340931225644,-0.721130416342303,-1.5072805992118343,0.9972039090469852,-0.5787359118286177,-0.5738091541336192,-0.9124191495230389,0.9124191495230393,-0.5784279906300535,1.731127539482183,-0.5765804684883443,-0.5767344287272242,0
-0.6366246933665265,1.533114102013669,0.6871298574603482,0.6967880236936541,-0.9115834940401767,0.646091668153197,-1.0306701134001208,-0.6074570912345648,1.4128124215220779,-1.5869570975104796,-1.0028039309991141,1.7279038324066063,-0.5738091541336192,-0.9124191495230389,0.9124191495230393,-0.5784279906300535,-0.5776581893550843,1.7343632929879855,-0.5767344287272242,1
-0.4917698334126291,0.48422460429935044,1.378685672134612,-1.2258476714090278,-0.9115834940401767,0.646091668153197,-1.0306701134001208,0.6649206134196527,1.4128124215220779,0.39610241570024696,0.9972039090469852,-0.5787359118286177,-0.5738091541336192,-0.9124191495230389,0.9124191495230393,1.7288236672481017,-0.5776581893550843,-0.5765804684883443,-0.5767344287272242,0
-0.1606730106608635,-1.1367864376227783,1.03290776479748,0.8171528931590587,-0.9115834940401767,0.646091668153197,0.9702425509371355,0.9185880527068256,1.4128124215220779,-0.5777214523943063,0.9972039090469852,-0.5787359118286177,-0.5738091541336192,1.0959875190286648,-1.0959875190286648,1.7288236672481017,-0.5776581893550843,-0.5765804684883443,-0.5767344287272242,1
1.029206196103294,0.0074566507928420294,0.6871298574603482,0.6904483405257338,-0.9115834940401767,0.646091668153197,-1.0306701134001208,-0.22644843431640385,-1.43244469563043,1.3787792280502051,-1.0028039309991141,-0.5787359118286177,1.7427397119690018,1.0959875190286648,-1.0959875190286648,-0.5784279906300535,-0.5776581893550843,-0.5765804684883443,1.733900301750437,0
0.35666577488877016,1.8191748741175742,-1.3875375865624426,0.4537378799467574,-0.9115834940401767,0.646091668153197,0.9702425509371355,0.940591398718079,-0.009816137054176019,0.2942935567630891,0.9972039090469852,-0.5787359118286177,-0.5738091541336192,-0.9124191495230389,0.9124191495230393,-0.5784279906300535,1.731127539482183,-0.5765804684883443,-0.5767344287272242,0
0.13938348495792402,0.8656389671045572,1.7244635794717436,-1.2258476714090278,-0.9115834940401767,0.646091668153197,-1.0306701134001208,0.697002102605767,-1.43244469563043,-0.49361848196795854,0.9972039090469852,-0.5787359118286177,-0.5738091541336192,-0.9124191495230389,0.9124191495230393,-0.5784279906300535,-0.5776581893550843,1.7343632929879855,-0.5767344287272242,1
-1.9713587600845814,0.10281024149414371,0.3413519501232164,0.6895133189967205,0.8077365626180215,0.646091668153197,-1.0306701134001208,-0.14832139276778608,1.4128124215220779,0.7059554646394229,-1.0028039309991141,1.7279038324066063,-0.5738091541336192,1.0959875190286648,-1.0959875190286648,-0.5784279906300535,-0.5776581893550843,-0.5765804684883443,1.733900301750437,1
-2.405923339946274,0.0074566507928420294,-1.0417596792253108,-1.2258476714090278,0.8077365626180215,-1.5477679860172513,-1.0306701134001208,-1.5832429559868768,-0.721130416342303,-1.6135159302766948,0.9972039090469852,-0.5787359118286177,-0.5738091541336192,1.0959875190286648,-1.0959875190286648,1.7288236672481017,-0.5776581893550843,-0.5765804684883443,-0.5767344287272242,0
-1.4022860959799843,-0.9460792562201749,-0.35020386455104724,1.1944469018029606,0.8077365626180215,0.646091668153197,-1.0306701134001208,-1.5705618532871184,-1.43244469563043,1.454029254221148,-1.0028039309991141,-0.5787359118286177,1.7427397119690018,-0.9124191495230389,0.9124191495230393,-0.5784279906300535,-0.5776581893550843,1.7343632929879855,-0.5767344287272242,0
-0.6883585719214899,0.0074566507928420294,-1.0417596792253108,0.5802101997731679,-0.9115834940401767,0.646091668153197,0.9702425509371355,0.48096880822980825,0.7014981422339509,1.1087644282603517,0.9972039090469852,-0.5787359118286177,-0.5738091541336192,1.0959875190286648,-1.0959875190286648,-0.5784279906300535,-0.5776581893550843,1.7343632929879855,-0.5767344287272242,0
0.035915727847997285,-0.9460792562201749,-0.35020386455104724,0.9050308130305346,-0.9115834940401767,0.646091668153197,0.9702425509371355,0.8107592067271364,-0.009816137054176019,0.9007202382583336,0.9972039090469852,-0.5787359118286177,-0.5738091541336192,-0.9124191495230389,0.9124191495230393,-0.5784279906300535,-0.5776581893550843,-0.5765804684883443,1.733900301750437,0
-0.3469149734587316,1.0563461485071606,0.6871298574603482,-1.2258476714090278,-0.9115834940401767,0.646091668153197,-1.0306701134001208,1.4737084270604788,-0.009816137054176019,-0.5246037868618761,-1.0028039309991141,-0.5787359118286177,1.7427397119690018,-0.9124191495230389,0.9124191495230393,-0.5784279906300535,-0.5776581893550843,1.7343632929879855,-0.5767344287272242,1
-1.0815360489392114,-1.3274936190253817,0.6871298574603482,0.8212667314529759,0.8077365626180215,0.646091668153197,0.9702425509371355,0.09024022155259841,1.4128124215220779,1.3743527559225026,-1.0028039309991141,-0.5787359118286177,1.7427397119690018,-0.9124191495230389,0.9124191495230393,-0.5784279906300535,-0.5776581893550843,-0.5765804684883443,1.733900301750437,0
-0.05720525355093678,0.9609925578058589,-1.0417596792253108,-1.2258476714090278,0.8077365626180215,-1.5477679860172513,-1.0306701134001208,-1.5661766950735527,-0.009816137054176019,-0.23688309856121267,-1.0028039309991141,-0.5787359118286177,1.7427397119690018,-0.9124191495230389,0.9124191495230393,-0.5784279906300535,-0.5776581893550843,-0.5765804684883443,1.733900301750437,0
-0.6987053476324826,-1.1367864376227783,0.6871298574603482,-1.2258476714090278,0.8077365626180215,0.646091668153197,-1.0306701134001208,-0.8486658331417966,-1.43244469563043,-1.5781041532550746,0.9972039090469852,-0.5787359118286177,-0.5738091541336192,-0.9124191495230389,0.9124191495230393,-0.5784279906300535,-0.5776581893550843,1.7343632929879855,-0.5767344287272242,0
-0.10893913210590014,0.8656389671045572,-1.3875375865624426,0.5627667753382668,-0.9115834940401767,-1.5477679860172513,0.9702425509371355,0.6243579868891715,-0.009816137054176019,1.3433674510285851,-1.0028039309991141,1.7279038324066063,-0.5738091541336192,-0.9124191495230389,0.9124191495230393,-0.5784279906300535,-0.5776581893550843,1.7343632929879855,-0.5767344287272242,0
0.6049883919525944,0.10281024149414371,1.378685672134612,0.8828331070329578,-0.9115834940401767,0.646091668153197,0.9702425509371355,0.06747523730772571,-1.43244469563043,-1.3789129075084614,0.9972039090469852,-0.5787359118286177,-0.5738091541336192,1.0959875190286648,-1.0959875190286648,1.7288236672481017,-0.5776581893550843,-0.5765804684883443,-0.5767344287272242,0
0.32562544775579216,1.9145284648188758,-1.7333154938995745,0.740059775088891,-0.9115834940401767,-1.5477679860172513,0.9702425509371355,-0.2658166103841605,-1.43244469563043,0.35183769442322177,-1.0028039309991141,-0.5787359118286177,1.7427397119690018,1.0959875190286648,-1.0959875190286648,-0.5784279906300535,-0.5776581893550843,1.7343632929879855,-0.5767344287272242,0
-1.0711892732282189,-0.9460792562201749,0.3413519501232164,0.44819762896716725,-0.9115834940401767,0.646091668153197,0.9702425509371355,-1.0942891206738914,-0.721130416342303,-0.2678684034551303,0.9972039090469852,-0.5787359118286177,-0.5738091541336192,1.0959875190286648,-1.0959875190286648,-0.5784279906300535,-0.5776581893550843,-0.5765804684883443,1.733900301750437,0
0.12903670924693136,-0.5646648934149681,1.378685672134612,-1.2258476714090278,0.8077365626180215,-1.5477679860172513,-1.0306701134001208,-0.14912146069310217,1.4128124215220779,1.1574556216650795,-1.0028039309991141,-0.5787359118286177,1.7427397119690018,-0.9124191495230389,0.9124191495230393,-0.5784279906300535,-0.5776581893550843,1.7343632929879855,-0.5767344287272242,0
1.1947546074791768,-1.1367864376227783,-0.004425957213915414,0.7981474666978012,-0.9115834940401767,0.646091668153197,-1.0306701134001208,1.348063680344375,-0.009816137054176019,1.6045293065630335,-1.0028039309991141,1.7279038324066063,-0.5738091541336192,-0.9124191495230389,0.9124191495230393,-0.5784279906300535,-0.5776581893550843,-0.5765804684883443,1.733900301750437,1
0.9671255418373379,0.7702853764032556,1.378685672134612,-1.2258476714090278,0.8077365626180215,0.646091668153197,-1.0306701134001208,0.2273251918736868,-0.721130416342303,0.6041466057022651,0.9972039090469852,-0.5787359118286177,-0.5738091541336192,-0.9124191495230389,0.9124191495230393,-0.5784279906300535,-0.5776581893550843,1.7343632929879855,-0.5767344287272242,0
0.10834315782494601,-0.7553720748175714,0.6871298574603482,1.0846571995553964,0.8077365626180215,0.646091668153197,0.9702425509371355,-1.488488899684324,1.4128124215220779,-0.8698686128226722,0.9972039090469852,-0.5787359118286177,-0.5738091541336192,1.0959875190286648,-1.0959875190286648,-0.5784279906300535,-0.5776581893550843,1.7343632929879855,-0.5767344287272242,0
-0.026164926417958756,-0.08789693990845966,-1.0417596792253108,-1.2258476714090278,0.8077365626180215,-1.5477679860172513,0.9702425509371355,-1.5743783911755849,-1.43244469563043,-0.1837654330287825,0.9972039090469852,-0.5787359118286177,-0.5738091541336192,1.0959875190286648,-1.0959875190286648,-0.5784279906300535,-0.5776581893550843,-0.5765804684883443,1.733900301750437,0
0.5946416162416017,1.4377605113123673,1.03290776479748,1.100509612896963,-0.9115834940401767,-1.5477679860172513,0.9702425509371355,0.43856677319813353,0.7014981422339509,1.1353232610265669,-1.0028039309991141,1.7279038324066063,-0.5738091541336192,1.0959875190286648,-1.0959875190286648,-0.5784279906300535,-0.5776581893550843,1.7343632929879855,-0.5767344287272242,1
1.8983353558266787,-0.08789693990845966,1.03290776479748,-1.2258476714090278,0.8077365626180215,0.646091668153197,0.9702425509371355,-0.5843570209449012,-0.009816137054176019,-0.2988537083490479,-1.0028039309991141,-0.5787359118286177,1.7427397119690018,-0.9124191495230389,0.9124191495230393,-0.5784279906300535,1.731127539482183,-0.5765804684883443,-0.5767344287272242,0
-0.8539069832973727,-1.23214002832408,0.3413519501232164,-1.2258476714090278,0.8077365626180215,-1.5477679860172513,-1.0306701134001208,1.1547159024797813,1.4128124215220779,0.12166114378269102,-1.0028039309991141,-0.5787359118286177,1.7427397119690018,1.0959875190286648,-1.0959875190286648,-0.5784279906300535,-0.5776581893550843,-0.5765804684883443,1.733900301750437,0
-0.7193988990544679,-0.8507256655188732,-1.3875375865624426,-1.2258476714090278,0.8077365626180215,0.646091668153197,-1.0306701134001208,1.7280117821057215,0.7014981422339509,-0.002280075792979394,0.9972039090469852,-0.5787359118286177,-0.5738091541336192,-0.9124191495230389,0.9124191495230393,-0.5784279906300535,-0.5776581893550843,1.7343632929879855,-0.5767344287272242,0
1.122327177502228,0.6749317857019538,-1.0417596792253108,-1.2258476714090278,-0.9115834940401767,0.646091668153197,0.9702425509371355,0.6658225808894664,-0.009816137054176019,-1.3966187960192715,0.9972039090469852,-0.5787359118286177,-0.5738091541336192,1.0959875190286648,-1.0959875190286648,-0.5784279906300535,-0.5776581893550843,1.7343632929879855,-0.5767344287272242,0
-0.7090521233434752,-1.80426157253189,-0.35020386455104724,-1.2258476714090278,-0.9115834940401767,0.646091668153197,0.9702425509371355,-0.7707949315744852,1.4128124215220779,-1.5825306253827771,0.9972039090469852,-0.5787359118286177,-0.5738091541336192,-0.9124191495230389,0.9124191495230393,-0.5784279906300535,-0.5776581893550843,-0.5765804684883443,1.733900301750437,0
0.12903670924693136,0.10281024149414371,0.3413519501232164,1.2778782606012546,-0.9115834940401767,-1.5477679860172513,0.9702425509371355,-1.1560645892407317,1.4128124215220779,-1.0247951372922603,0.9972039090469852,-0.5787359118286177,-0.5738091541336192,-0.9124191495230389,0.9124191495230393,-0.5784279906300535,-0.5776581893550843,-0.5765804684883443,1.733900301750437,0
-2.343842685680318,-0.4693113027136664,0.6871298574603482,-1.2258476714090278,-0.9115834940401767,0.646091668153197,0.9702425509371355,-1.4578873883535377,0.7014981422339509,0.14821997654890612,-1.0028039309991141,-0.5787359118286177,1.7427397119690018,-0.9124191495230389,0.9124191495230393,-0.5784279906300535,-0.5776581893550843,1.7343632929879855,-0.5767344287272242,0
1.3706497945660523,-0.18325053060976135,-1.3875375865624426,0.9648923850445044,-0.9115834940401767,0.646091668153197,-1.0306701134001208,1.7006514066280032,-1.43244469563043,-0.8610156685672673,-1.0028039309991141,-0.5787359118286177,1.7427397119690018,1.0959875190286648,-1.0959875190286648,-0.5784279906300535,1.731127539482183,-0.5765804684883443,-0.5767344287272242,0
-1.4333264231129623,0.2935174228967471,1.378685672134612,0.27999264100625265,0.8077365626180215,0.646091668153197,-1.0306701134001208,-1.482615764675077,1.4128124215220779,-0.11736835111324478,-1.0028039309991141,1.7279038324066063,-0.5738091541336192,-0.9124191495230389,0.9124191495230393,-0.5784279906300535,-0.5776581893550843,1.7343632929879855,-0.5767344287272242,0
0.8740045604384039,0.1981638321954454,0.6871298574603482,-0.037664335418356724,-0.9115834940401767,0.646091668153197,0.9702425509371355,-1.5355729231726667,-0.721130416342303,0.6351319105961827,0.9972039090469852,-0.5787359118286177,-0.5738091541336192,-0.9124191495230389,0.9124191495230393,-0.5784279906300535,1.731127539482183,-0.5765804684883443,-0.5767344287272242,1
1.856948252982708,0.10281024149414371,1.03290776479748,0.01948496896868635,-0.9115834940401767,-1.5477679860172513,0.9702425509371355,-1.4011684673198992,0.7014981422339509,0.28544061250768404,-1.0028039309991141,1.7279038324066063,-0.5738091541336192,1.0959875190286648,-1.0959875190286648,1.7288236672481017,-0.5776581893550843,-0.5765804684883443,-0.5767344287272242,0
-2.1369071714604644,-0.27860412131106305,0.6871298574603482,-1.2258476714090278,0.8077365626180215,-1.5477679860172513,0.9702425509371355,0.6721478299186703,1.4128124215220779,-0.5246037868618761,0.9972039090469852,-0.5787359118286177,-0.5738091541336192,-0.9124191495230389,0.9124191495230393,-0.5784279906300535,1.731127539482183,-0.5765804684883443,-0.5767344287272242,0
2.063883767202561,0.2935174228967471,1.03290776479748,-1.2258476714090278,-0.9115834940401767,0.646091668153197,-1.0306701134001208,-1.3990772660875912,1.4128124215220779,-1.064633386441583,0.9972039090469852,-0.5787359118286177,-0.5738091541336192,1.0959875190286648,-1.0959875190286648,1.7288236672481017,-0.5776581893550843,-0.5765804684883443,-0.5767344287272242,1
-0.27448754348178295,0.8656389671045572,-0.695981771888179,0.7356842141078164,0.8077365626180215,-1.5477679860172513,-1.0306701134001208,-1.218449890064491,-0.721130416342303,-1.356780546869949,-1.0028039309991141,1.7279038324066063,-0.5738091541336192,1.0959875190286648,-1.0959875190286648,-0.5784279906300535,-0.5776581893550843,1.7343632929879855,-0.5767344287272242,0
0.9878190932593233,-0.4693113027136664,-0.35020386455104724,-1.2258476714090278,-0.9115834940401767,-1.5477679860172513,0.9702425509371355,-0.6072872006970657,-1.43244469563043,-0.8433097800564572,0.9972039090469852,-0.5787359118286177,-0.5738091541336192,1.0959875190286648,-1.0959875190286648,-0.5784279906300535,-0.5776581893550843,-0.5765804684883443,1.733900301750437,0
0.9153916632823745,-1.3274936190253817,-0.004425957213915414,0.5870286126817742,-0.9115834940401767,0.646091668153197,-1.0306701134001208,0.5058639450687084,1.4128124215220779,0.8387496284704984,-1.0028039309991141,1.7279038324066063,-0.5738091541336192,1.0959875190286648,-1.0959875190286648,1.7288236672481017,-0.5776581893550843,-0.5765804684883443,-0.5767344287272242,0
-0.05720525355093678,0.9609925578058589,1.03290776479748,-1.2258476714090278,0.8077365626180215,0.646091668153197,-1.0306701134001208,1.0767679676390696,0.7014981422339509,-0.4582067049463384,-1.0028039309991141,-0.5787359118286177,1.7427397119690018,-0.9124191495230389,0.9124191495230393,1.7288236672481017,-0.5776581893550843,-0.5765804684883443,-0.5767344287272242,0
1.1740610560571914,0.1981638321954454,0.6871298574603482,-1.2258476714090278,0.8077365626180215,-1.5477679860172513,-1.0306701134001208,0.6049302996716113,-0.009816137054176019,0.7856319629380683,0.9972039090469852,-0.5787359118286177,-0.5738091541336192,-0.9124191495230389,0.9124191495230393,-0.5784279906300535,-0.5776581893550843,-0.5765804684883443,1.733900301750437,0
-1.505753853089911,0.38887101359804876,0.3413519501232164,0.8119460060430864,-0.9115834940401767,-1.5477679860172513,-1.0306701134001208,0.65166376090448,1.4128124215220779,1.3123821461346674,-1.0028039309991141,1.7279038324066063,-0.5738091541336192,-0.9124191495230389,0.9124191495230393,-0.5784279906300535,1.731127539482183,-0.5765804684883443,-0.5767344287272242,0
2.063883767202561,-0.08789693990845966,0.6871298574603482,0.06103268426731788,-0.9115834940401767,-1.5477679860172513,-1.0306701134001208,0.46020860188342894,-0.009816137054176019,0.010999340590128151,0.9972039090469852,-0.5787359118286177,-0.5738091541336192,-0.9124191495230389,0.9124191495230393,-0.5784279906300535,-0.5776581893550843,-0.5765804684883443,1.733900301750437,0
-1.1746570303381456,-1.0414328469214764,-1.7333154938995745,0.19997697964133743,0.8077365626180215,0.646091668153197,0.9702425509371355,1.5606574303685077,1.4128124215220779,-0.20147132153959255,0.9972039090469852,-0.5787359118286177,-0.5738091541336192,-0.9124191495230389,0.9124191495230393,-0.5784279906300535,-0.5776581893550843,-0.5765804684883443,1.733900301750437,0
-0.781479553320424,-1.1367864376227783,-0.695981771888179,1.0067555138448667,-0.9115834940401767,0.646091668153197,-1.0306701134001208,-0.004282213259730921,-0.721130416342303,-0.25901545919972524,0.9972039090469852,-0.5787359118286177,-0.5738091541336192,-0.9124191495230389,0.9124191495230393,1.7288236672481017,-0.5776581893550843,-0.5765804684883443,-0.5767344287272242,0
-0.19171333779384153,2.0098820555201775,-1.0417596792253108,-1.2258476714090278,0.8077365626180215,-1.5477679860172513,0.9702425509371355,-1.7042076270363968,0.7014981422339509,-1.1354569404848232,0.9972039090469852,-0.5787359118286177,-0.5738091541336192,-0.9124191495230389,0.9124191495230393,-0.5784279906300535,-0.5776581893550843,-0.5765804684883443,1.733900301750437,0
0.8946981118603892,-0.5646648934149681,-0.35020386455104724,-1.2258476714090278,0.8077365626180215,0.646091668153197,-1.0306701134001208,0.26127112972209976,-0.721130416342303,-1.4895747107010244,0.9972039090469852,-0.5787359118286177,-0.5738091541336192,1.0959875190286648,-1.0959875190286648,-0.5784279906300535,-0.5776581893550843,-0.5765804684883443,1.733900301750437,0
-1.3402054417140283,0.1981638321954454,-1.0417596792253108,-1.2258476714090278,0.8077365626180215,0.646091668153197,0.9702425509371355,0.22604292695708605,0.7014981422339509,-1.6090894581489923,0.9972039090469852,-0.5787359118286177,-0.5738091541336192,1.0959875190286648,-1.0959875190286648,-0.5784279906300535,1.731127539482183,-0.5765804684883443,-0.5767344287272242,0
-0.8332134318753873,1.0563461485071606,-0.004425957213915414,0.8463571703228802,-0.9115834940401767,0.646091668153197,-1.0306701134001208,1.351389674521188,0.7014981422339509,1.6886322769893813,-1.0028039309991141,1.7279038324066063,-0.5738091541336192,1.0959875190286648,-1.0959875190286648,1.7288236672481017,-0.5776581893550843,-0.5765804684883443,-0.5767344287272242,1
0.0669560549809753,0.48422460429935044,0.3413519501232164,0.00014665945707556345,-0.9115834940401767,0.646091668153197,-1.0306701134001208,-0.3654881022137749,0.7014981422339509,0.5067642188928098,0.9972039090469852,-0.5787359118286177,-0.5738091541336192,-0.9124191495230389,0.9124191495230393,-0.5784279906300535,-0.5776581893550843,-0.5765804684883443,1.733900301750437,0
-1.6195683859108305,-0.08789693990845966,0.6871298574603482,-1.2258476714090278,0.8077365626180215,0.646091668153197,0.9702425509371355,-1.6325938096152806,-0.009816137054176019,-0.35197137388147803,-1.0028039309991141,-0.5787359118286177,1.7427397119690018,-0.9124191495230389,0.9124191495230393,-0.5784279906300535,-0.5776581893550843,1.7343632929879855,-0.5767344287272242,0
-0.26414076777079026,0.0074566507928420294,-0.004425957213915414,-1.2258476714090278,0.8077365626180215,0.646091668153197,-1.0306701134001208,-1.173323346392553,-0.721130416342303,-1.494001182828727,0.9972039090469852,-0.5787359118286177,-0.5738091541336192,1.0959875190286648,-1.0959875190286648,-0.5784279906300535,-0.5776581893550843,-0.5765804684883443,1.733900301750437,0
1.536198205941935,-1.0414328469214764,0.6871298574603482,1.461230629386401,0.8077365626180215,0.646091668153197,0.9702425509371355,0.19211385643941792,1.4128124215220779,1.4673086706042555,-1.0028039309991141,1.7279038324066063,-0.5738091541336192,-0.9124191495230389,0.9124191495230393,1.7288236672481017,-0.5776581893550843,-0.5765804684883443,-0.5767344287272242,0
-0.8746005347193581,-0.8507256655188732,-0.004425957213915414,-1.2258476714090278,-0.9115834940401767,0.646091668153197,-1.0306701134001208,-0.7853521335670569,0.7014981422339509,0.9317055431522512,0.9972039090469852,-0.5787359118286177,-0.5738091541336192,-0.9124191495230389,0.9124191495230393,1.7288236672481017,-0.5776581893550843,-0.5765804684883443,-0.5767344287272242,1
1.339609467433074,3.058771553234496,1.378685672134612,1.0588206987695585,0.8077365626180215,0.646091668153197,0.9702425509371355,0.38980123333556643,-1.43244469563043,-0.8787215570780773,-1.0028039309991141,1.7279038324066063,-0.5738091541336192,-0.9124191495230389,0.9124191495230393,-0.5784279906300535,-0.5776581893550843,1.7343632929879855,-0.5767344287272242,0
-0.8952940861413433,-1.1367864376227783,0.3413519501232164,-1.2258476714090278,-0.9115834940401767,-1.5477679860172513,-1.0306701134001208,-1.6044914454748098,1.4128124215220779,-0.019985964303789454,0.9972039090469852,-0.5787359118286177,-0.5738091541336192,1.0959875190286648,-1.0959875190286648,-0.5784279906300535,-0.5776581893550843,1.7343632929879855,-0.5767344287272242,0
-0.0882455806839148,0.1981638321954454,-0.35020386455104724,1.3028707738362209,-0.9115834940401767,0.646091668153197,-1.0306701134001208,-0.5669794969178371,1.4128124215220779,0.5023377467651073,-1.0028039309991141,1.7279038324066063,-0.5738091541336192,-0.9124191495230389,0.9124191495230393,1.7288236672481017,-0.5776581893550843,-0.5765804684883443,-0.5767344287272242,0
0.36701255059976284,-0.4693113027136664,-0.695981771888179,0.7610572109063544,0.8077365626180215,0.646091668153197,-1.0306701134001208,0.8295316763957749,1.4128124215220779,-0.8698686128226722,0.9972039090469852,-0.5787359118286177,-0.5738091541336192,1.0959875190286648,-1.0959875190286648,-0.5784279906300535,-0.5776581893550843,1.7343632929879855,-0.5767344287272242,0
-1.6299151616218233,-0.27860412131106305,-0.004425957213915414,1.15686749865009,0.8077365626180215,0.646091668153197,-1.0306701134001208,-0.7650765586720697,0.7014981422339509,1.3920586444333127,0.9972039090469852,-0.5787359118286177,-0.5738091541336192,1.0959875190286648,-1.0959875190286648,1.7288236672481017,-0.5776581893550843,-0.5765804684883443,-0.5767344287272242,0
1.887988580115686,-1.0414328469214764,-0.35020386455104724,0.9646495743457635,0.8077365626180215,-1.5477679860172513,-1.0306701134001208,-1.648676548645191,1.4128124215220779,-0.46263317707404095,0.9972039090469852,-0.5787359118286177,-0.5738091541336192,1.0959875190286648,-1.0959875190286648,-0.5784279906300535,1.731127539482183,-0.5765804684883443,-0.5767344287272242,0
-1.2574312360260869,0.6749317857019538,1.03290776479748,-1.2258476714090278,-0.9115834940401767,-1.5477679860172513,-1.0306701134001208,0.45944696364980925,-0.009816137054176019,-0.4360743443078258,0.9972039090469852,-0.5787359118286177,-0.5738091541336192,-0.9124191495230389,0.9124191495230393,-0.5784279906300535,1.731127539482183,-0.5765804684883443,-0.5767344287272242,1
-2.054132965772523,-0.8507256655188732,0.6871298574603482,0.5841878076420486,-0.9115834940401767,0.646091668153197,0.9702425509371355,-0.01865665685423541,-1.43244469563043,-0.13950071175175735,0.9972039090469852,-0.5787359118286177,-0.5738091541336192,-0.9124191495230389,0.9124191495230393,1.7288236672481017,-0.5776581893550843,-0.5765804684883443,-0.5767344287272242,0
-1.1539634789161601,0.2935174228967471,-1.3875375865624426,1.6226271412461823,-0.9115834940401767,0.646091668153197,-1.0306701134001208,0.0856128345583402,1.4128124215220779,1.3522203952839902,-1.0028039309991141,1.7279038324066063,-0.5738091541336192,-0.9124191495230389,0.9124191495230393,-0.5784279906300535,-0.5776581893550843,1.7343632929879855,-0.5767344287272242,0
2.063883767202561,-0.7553720748175714,-0.35020386455104724,-1.2258476714090278,0.8077365626180215,0.646091668153197,0.9702425509371355,-1.1651922496336373,-1.43244469563043,1.290249785496155,0.9972039090469852,-0.5787359118286177,-0.5738091541336192,1.0959875190286648,-1.0959875190286648,-0.5784279906300535,-0.5776581893550843,1.7343632929879855,-0.5767344287272242,0
-1.3919393202689916,-0.5646648934149681,0.6871298574603482,0.8144914314671161,-0.9115834940401767,0.646091668153197,0.9702425509371355,0.34686048706011247,0.7014981422339509,1.4053380608164203,0.9972039090469852,-0.5787359118286177,-0.5738091541336192,1.0959875190286648,-1.0959875190286648,-0.5784279906300535,1.731127539482183,-0.5765804684883443,-0.5767344287272242,0
0.3049318963338068,-0.3739577120123647,1.378685672134612,-1.2258476714090278,0.8077365626180215,-1.5477679860172513,-1.0306701134001208,0.7596179815797037,1.4128124215220779,-0.07310362983621962,-1.0028039309991141,-0.5787359118286177,1.7427397119690018,-0.9124191495230389,0.9124191495230393,-0.5784279906300535,-0.5776581893550843,1.7343632929879855,-0.5767344287272242,0
1.3189159160110888,-0.18325053060976135,-1.7333154938995745,0.4668991814450498,0.8077365626180215,0.646091668153197,0.9702425509371355,0.5844370144870142,-1.43244469563043,0.002146396334723121,-1.0028039309991141,1.7279038324066063,-0.5738091541336192,1.0959875190286648,-1.0959875190286648,-0.5784279906300535,1.731127539482183,-0.5765804684883443,-0.5767344287272242,1
1.4948111030979643,1.6284676927149706,1.378685672134612,0.28629305775754493,-0.9115834940401767,0.646091668153197,-1.0306701134001208,-1.23202722186381,-1.43244469563043,-0.8521627243118622,-1.0028039309991141,1.7279038324066063,-0.5738091541336192,1.0959875190286648,-1.0959875190286648,-0.5784279906300535,-0.5776581893550843,1.7343632929879855,-0.5767344287272242,1
-2.1989878257264204,1.4377605113123673,-1.0417596792253108,-1.2258476714090278,-0.9115834940401767,-1.5477679860172513,-1.0306701134001208,1.5940989133046535,-0.009816137054176019,-1.4408835172962966,-1.0028039309991141,-0.5787359118286177,1.7427397119690018,1.0959875190286648,-1.0959875190286648,-0.5784279906300535,-0.5776581893550843,-0.5765804684883443,1.733900301750437,1
1.122327177502228,-0.08789693990845966,-1.3875375865624426,-1.2258476714090278,0.8077365626180215,0.646091668153197,-1.0306701134001208,-1.3791538184581473,1.4128124215220779,0.8343231563427959,-1.0028039309991141,-0.5787359118286177,1.7427397119690018,-0.9124191495230389,0.9124191495230393,1.7288236672481017,-0.5776581893550843,-0.5765804684883443,-0.5767344287272242,0
-1.1332699274941749,0.6749317857019538,-0.35020386455104724,0.7702827352898067,0.8077365626180215,0.646091668153197,-1.0306701134001208,-0.09722503124233395,1.4128124215220779,0.36954358293403183,0.9972039090469852,-0.5787359118286177,-0.5738091541336192,-0.9124191495230389,0.9124191495230393,-0.5784279906300535,1.731127539482183,-0.5765804684883443,-0.5767344287272242,0
1.184407831768184,0.1981638321954454,-1.0417596792253108,-1.2258476714090278,0.8077365626180215,-1.5477679860172513,0.9702425509371355,1.584579130944439,0.7014981422339509,-0.26344193132742777,0.9972039090469852,-0.5787359118286177,-0.5738091541336192,-0.9124191495230389,0.9124191495230393,1.7288236672481017,-0.5776581893550843,-0.5765804684883443,-0.5767344287272242,0
-1.4954070773789185,-0.27860412131106305,-0.004425957213915414,-1.2258476714090278,0.8077365626180215,0.646091668153197,-1.0306701134001208,1.1157323711090033,0.7014981422339509,-1.3612070189976515,0.9972039090469852,-0.5787359118286177,-0.5738091541336192,-0.9124191495230389,0.9124191495230393,-0.5784279906300535,1.731127539482183,-0.5765804684883443,-0.5767344287272242,0
2.063883767202561,-0.9460792562201749,0.3413519501232164,-1.2258476714090278,0.8077365626180215,0.646091668153197,0.9702425509371355,-1.5548844518651002,-1.43244469563043,-0.4360743443078258,0.9972039090469852,-0.5787359118286177,-0.5738091541336192,-0.9124191495230389,0.9124191495230393,-0.5784279906300535,1.731127539482183,-0.5765804684883443,-0.5767344287272242,0
-0.38830207630270236,-0.08789693990845966,1.378685672134612,-0.15024195324651524,-0.9115834940401767,0.646091668153197,-1.0306701134001208,-0.3742738948515899,-0.009816137054176019,-0.033265380686896995,-1.0028039309991141,1.7279038324066063,-0.5738091541336192,-0.9124191495230389,0.9124191495230393,-0.5784279906300535,-0.5776581893550843,-0.5765804684883443,1.733900301750437,1
-0.8021731047424093,-0.3739577120123647,1.378685672134612,2.089660778722996,0.8077365626180215,-1.5477679860172513,0.9702425509371355,0.05035698328210613,-0.009816137054176019,1.4761616148596606,-1.0028039309991141,1.7279038324066063,-0.5738091541336192,1.0959875190286648,-1.0959875190286648,-0.5784279906300535,-0.5776581893550843,-0.5765804684883443,1.733900301750437,0
0.33597222346678485,0.0074566507928420294,-0.35020386455104724,-1.2258476714090278,0.8077365626180215,0.646091668153197,-1.0306701134001208,1.2455144827777351,-0.721130416342303,1.3566468674116927,0.9972039090469852,-0.5787359118286177,-0.5738091541336192,-0.9124191495230389,0.9124191495230393,-0.5784279906300535,1.731127539482183,-0.5765804684883443,-0.5767344287272242,0
1.6086256359188837,-1.3274936190253817,0.6871298574603482,-1.2258476714090278,0.8077365626180215,0.646091668153197,-1.0306701134001208,-1.4194352648462167,0.7014981422339509,0.7103819367671255,-1.0028039309991141,-0.5787359118286177,1.7427397119690018,-0.9124191495230389,0.9124191495230393,-0.5784279906300535,-0.5776581893550843,1.7343632929879855,-0.5767344287272242,0
0.6981093733515285,0.48422460429935044,-1.3875375865624426,0.9196408048957706,-0.9115834940401767,-1.5477679860172513,0.9702425509371355,0.677458082973071,-0.009816137054176019,-0.7149420883530843,0.9972039090469852,-0.5787359118286177,-0.5738091541336192,1.0959875190286648,-1.0959875190286648,-0.5784279906300535,1.731127539482183,-0.5765804684883443,-0.5767344287272242,0
1.2051013831901694,0.7702853764032556,-0.004425957213915414,-1.2258476714090278,-0.9115834940401767,0.646091668153197,-1.0306701134001208,0.3803708304392977,1.4128124215220779,-1.4762952943179168,-1.0028039309991141,-0.5787359118286177,1.7427397119690018,-0.9124191495230389,0.9124191495230393,-0.5784279906300535,1.731127539482183,-0.5765804684883443,-0.5767344287272242,1
0.7498432519064918,-1.80426157253189,-0.35020386455104724,-1.2258476714090278,0.8077365626180215,0.646091668153197,0.9702425509371355,0.7006913530086143,-1.43244469563043,-1.091192219207798,0.9972039090469852,-0.5787359118286177,-0.5738091541336192,1.0959875190286648,-1.0959875190286648,-0.5784279906300535,-0.5776581893550843,1.7343632929879855,-0.5767344287272242,0
1.6500127387628545,1.1516997392084622,-0.004425957213915414,-1.2258476714090278,0.8077365626180215,-1.5477679860172513,0.9702425509371355,1.4682315873787244,-1.43244469563043,-0.35197137388147803,0.9972039090469852,-0.5787359118286177,-0.5738091541336192,1.0959875190286648,-1.0959875190286648,1.7288236672481017,-0.5776581893550843,-0.5765804684883443,-0.5767344287272242,0
0.8740045604384039,-0.08789693990845966,0.6871298574603482,0.15459461828456908,0.8077365626180215,-1.5477679860172513,-1.0306701134001208,-0.11496355092533249,1.4128124215220779,0.3783965271894369,-1.0028039309991141,-0.5787359118286177,1.7427397119690018,-0.9124191495230389,0.9124191495230393,-0.5784279906300535,-0.5776581893550843,1.7343632929879855,-0.5767344287272242,0
-0.6573182447885119,2.200589236922781,0.6871298574603482,0.7180205771976214,-0.9115834940401767,-1.5477679860172513,0.9702425509371355,-1.622625391035263,1.4128124215220779,-0.47148612132944595,-1.0028039309991141,-0.5787359118286177,1.7427397119690018,-0.9124191495230389,0.9124191495230393,1.7288236672481017,-0.5776581893550843,-0.5765804684883443,-0.5767344287272242,0
1.3809965702770448,-0.08789693990845966,-1.3875375865624426,0.9941476284143977,-0.9115834940401767,0.646091668153197,0.9702425509371355,1.2464178413676106,-0.721130416342303,1.4850145591150656,-1.0028039309991141,1.7279038324066063,-0.5738091541336192,-0.9124191495230389,0.9124191495230393,-0.5784279906300535,-0.5776581893550843,1.7343632929879855,-0.5767344287272242,0
0.5739480648196164,-0.27860412131106305,1.378685672134612,-0.2871209953769857,0.8077365626180215,0.646091668153197,-1.0306701134001208,-1.0314499669300987,0.7014981422339509,-1.228412855166576,-1.0028039309991141,1.7279038324066063,-0.5738091541336192,-0.9124191495230389,0.9124191495230393,-0.5784279906300535,-0.5776581893550843,1.7343632929879855,-0.5767344287272242,0
0.2842383449118215,-0.8507256655188732,-1.3875375865624426,1.0127700069746715,0.8077365626180215,-1.5477679860172513,0.9702425509371355,-1.4597064517238334,-1.43244469563043,-0.23245662643351017,-1.0028039309991141,1.7279038324066063,-0.5738091541336192,1.0959875190286648,-1.0959875190286648,-0.5784279906300535,-0.5776581893550843,-0.5765804684883443,1.733900301750437,0
-0.99876184325127,0.48422460429935044,0.3413519501232164,0.25564794351010534,-0.9115834940401767,0.646091668153197,-1.0306701134001208,0.4511343257228797,0.7014981422339509,1.4673086706042555,0.9972039090469852,-0.5787359118286177,-0.5738091541336192,1.0959875190286648,-1.0959875190286648,-0.5784279906300535,1.731127539482183,-0.5765804684883443,-0.5767344287272242,0
-1.536794180222889,0.10281024149414371,0.6871298574603482,0.6542009503875403,-0.9115834940401767,-1.5477679860172513,-1.0306701134001208,1.6726145990204264,-1.43244469563043,0.29872002889079163,-1.0028039309991141,1.7279038324066063,-0.5738091541336192,1.0959875190286648,-1.0959875190286648,1.7288236672481017,-0.5776581893550843,-0.5765804684883443,-0.5767344287272242,0
0.8533110090164185,0.2935174228967471,1.378685672134612,1.1863477626279257,-0.9115834940401767,-1.5477679860172513,0.9702425509371355,1.2150369550224218,-0.009816137054176019,-1.3744864353807589,0.9972039090469852,-0.5787359118286177,-0.5738091541336192,-0.9124191495230389,0.9124191495230393,-0.5784279906300535,-0.5776581893550843,-0.5765804684883443,1.733900301750437,0
-0.6159311419445411,0.10281024149414371,-1.3875375865624426,0.15851452856166962,-0.9115834940401767,-1.5477679860172513,0.9702425509371355,0.6377749921014139,0.7014981422339509,-1.1088981077186082,-1.0028039309991141,-0.5787359118286177,1.7427397119690018,1.0959875190286648,-1.0959875190286648,-0.5784279906300535,-0.5776581893550843,-0.5765804684883443,1.733900301750437,1
0.6256819433745797,1.1516997392084622,0.6871298574603482,-1.2258476714090278,2.52705661927622,0.646091668153197,-1.0306701134001208,-1.0725613903248044,-0.721130416342303,0.10838172739958347,0.9972039090469852,-0.5787359118286177,-0.5738091541336192,-0.9124191495230389,0.9124191495230393,-0.5784279906300535,-0.5776581893550843,-0.5765804684883443,1.733900301750437,1
-0.09859235639490747,1.3424069206110656,-1.7333154938995745,0.7588776843768634,0.8077365626180215,-1.5477679860172513,0.9702425509371355,1.0436949576291887,1.4128124215220779,-1.6976189007030424,0.9972039090469852,-0.5787359118286177,-0.5738091541336192,1.0959875190286648,-1.0959875190286648,-0.5784279906300535,-0.5776581893550843,-0.5765804684883443,1.733900301750437,0
-0.8746005347193581,-1.7089079818305883,-0.695981771888179,-1.2258476714090278,0.8077365626180215,0.646091668153197,0.9702425509371355,-1.6774085685034557,0.7014981422339509,-0.29000076409364284,0.9972039090469852,-0.5787359118286177,-0.5738091541336192,1.0959875190286648,-1.0959875190286648,1.7288236672481017,-0.5776581893550843,-0.5765804684883443,-0.5767344287272242,0
0.6774158219295431,0.0074566507928420294,-1.3875375865624426,-0.09341046642752703,0.8077365626180215,0.646091668153197,0.9702425509371355,-0.41062716596626514,-0.009816137054176019,-0.8211774194179446,0.9972039090469852,-0.5787359118286177,-0.5738091541336192,-0.9124191495230389,0.9124191495230393,-0.5784279906300535,1.731127539482183,-0.5765804684883443,-0.5767344287272242,0
-1.3091651145810503,1.247053329909764,-1.0417596792253108,0.18284319894898912,-0.9115834940401767,0.646091668153197,-1.0306701134001208,1.2834678897430425,0.7014981422339509,0.7280878252779356,0.9972039090469852,-0.5787359118286177,-0.5738091541336192,-0.9124191495230389,0.9124191495230393,-0.5784279906300535,-0.5776581893550843,-0.5765804684883443,1.733900301750437,1
-0.8849473104303507,0.9609925578058589,0.6871298574603482,-1.2258476714090278,0.8077365626180215,0.646091668153197,0.9702425509371355,-0.18225376719560035,0.7014981422339509,-0.12179482324094729,0.9972039090469852,-0.5787359118286177,-0.5738091541336192,-0.9124191495230389,0.9124191495230393,-0.5784279906300535,-0.5776581893550843,1.7343632929879855,-0.5767344287272242,0
-1.0091086189622627,0.6749317857019538,-0.695981771888179,0.0930407438494728,-0.9115834940401767,0.646091668153197,-1.0306701134001208,0.216662604383028,-1.43244469563043,1.2105732871975097,-1.0028039309991141,1.7279038324066063,-0.5738091541336192,-0.9124191495230389,0.9124191495230393,1.7288236672481017,-0.5776581893550843,-0.5765804684883443,-0.5767344287272242,1
0.522214186264653,0.2935174228967471,0.3413519501232164,0.15517335718434058,-0.9115834940401767,0.646091668153197,-1.0306701134001208,0.9260015054040642,1.4128124215220779,1.555838113158306,0.9972039090469852,-0.5787359118286177,-0.5738091541336192,1.0959875190286648,-1.0959875190286648,1.7288236672481017,-0.5776581893550843,-0.5765804684883443,-0.5767344287272242,0
0.9153916632823745,-1.1367864376227783,1.03290776479748,0.3596565073323977,-0.9115834940401767,0.646091668153197,0.9702425509371355,0.11963180620997664,-0.721130416342303,-0.5865743966497113,-1.0028039309991141,-0.5787359118286177,1.7427397119690018,1.0959875190286648,-1.0959875190286648,-0.5784279906300535,1.731127539482183,-0.5765804684883443,-0.5767344287272242,0
-0.781479553320424,-1.23214002832408,0.6871298574603482,-1.2258476714090278,0.8077365626180215,0.646091668153197,-1.0306701134001208,0.21592600631051373,-0.721130416342303,-1.1531628289956333,-1.0028039309991141,-0.5787359118286177,1.7427397119690018,1.0959875190286648,-1.0959875190286648,-0.5784279906300535,-0.5776581893550843,1.7343632929879855,-0.5767344287272242,0
-0.005471374995973408,0.38887101359804876,0.3413519501232164,-1.2258476714090278,0.8077365626180215,0.646091668153197,0.9702425509371355,-1.4569953326141614,-1.43244469563043,-0.5201773147341736,0.9972039090469852,-0.5787359118286177,-0.5738091541336192,1.0959875190286648,-1.0959875190286648,-0.5784279906300535,1.731127539482183,-0.5765804684883443,-0.5767344287272242,0
-0.5641972633895778,0.7702853764032556,-0.004425957213915414,1.020946236543168,0.8077365626180215,0.646091668153197,0.9702425509371355,1.290630071379189,-1.43244469563043,-1.4408835172962966,-1.0028039309991141,1.7279038324066063,-0.5738091541336192,-0.9124191495230389,0.9124191495230393,-0.5784279906300535,-0.5776581893550843,1.7343632929879855,-0.5767344287272242,0
-1.6609554887548013,0.1981638321954454,-1.7333154938995745,1.0124829614555657,-0.9115834940401767,0.646091668153197,0.9702425509371355,1.3244137698504403,1.4128124215220779,-1.3036628813375188,-1.0028039309991141,1.7279038324066063,-0.5738091541336192,1.0959875190286648,-1.0959875190286648,-0.5784279906300535,-0.5776581893550843,-0.5765804684883443,1.733900301750437,0
0.48082708342068226,-0.9460792562201749,-1.7333154938995745,1.5419304880271747,-0.9115834940401767,-1.5477679860172513,-1.0306701134001208,0.7252733139436908,-0.721130416342303,-1.5028541270841318,-1.0028039309991141,1.7279038324066063,-0.5738091541336192,-0.9124191495230389,0.9124191495230393,1.7288236672481017,-0.5776581893550843,-0.5765804684883443,-0.5767344287272242,0
1.24648848603414,0.0074566507928420294,-0.004425957213915414,-1.2258476714090278,0.8077365626180215,0.646091668153197,-1.0306701134001208,-0.06641902526252132,-1.43244469563043,-1.356780546869949,0.9972039090469852,-0.5787359118286177,-0.5738091541336192,-0.9124191495230389,0.9124191495230393,1.7288236672481017,-0.5776581893550843,-0.5765804684883443,-0.5767344287272242,0
-0.9159876375633287,-0.7553720748175714,-1.0417596792253108,0.5805389157752258,-0.9115834940401767,-1.5477679860172513,0.9702425509371355,1.500324031635322,1.4128124215220779,-1.5825306253827771,-1.0028039309991141,1.7279038324066063,-0.5738091541336192,-0.9124191495230389,0.9124191495230393,-0.5784279906300535,-0.5776581893550843,-0.5765804684883443,1.733900301750437,0
0.4394399805767116,0.0074566507928420294,-1.7333154938995745,-1.2258476714090278,0.8077365626180215,-1.5477679860172513,-1.0306701134001208,-0.3162822728517728,-1.43244469563043,-0.6928097277145717,-1.0028039309991141,-0.5787359118286177,1.7427397119690018,1.0959875190286648,-1.0959875190286648,-0.5784279906300535,-0.5776581893550843,-0.5765804684883443,1.733900301750437,0
0.9774723175483306,-0.4693113027136664,0.6871298574603482,0.9048687789602854,-0.9115834940401767,0.646091668153197,0.9702425509371355,-1.187448257826043,-1.43244469563043,0.5023377467651073,-1.0028039309991141,-0.5787359118286177,1.7427397119690018,-0.9124191495230389,0.9124191495230393,-0.5784279906300535,-0.5776581893550843,1.7343632929879855,-0.5767344287272242,0
-1.5471409559338818,-1.3274936190253817,0.3413519501232164,0.4411926605118052,-0.9115834940401767,0.646091668153197,-1.0306701134001208,0.2553420021303812,1.4128124215220779,0.09952878314417844,-1.0028039309991141,1.7279038324066063,-0.5738091541336192,-0.9124191495230389,0.9124191495230393,-0.5784279906300535,-0.5776581893550843,1.7343632929879855,-0.5767344287272242,0
-2.4162701156572663,-0.4693113027136664,0.6871298574603482,-1.2258476714090278,0.8077365626180215,0.646091668153197,-1.0306701134001208,-0.7840083115877391,0.7014981422339509,1.6045293065630335,0.9972039090469852,-0.5787359118286177,-0.5738091541336192,-0.9124191495230389,0.9124191495230393,-0.5784279906300535,-0.5776581893550843,-0.5765804684883443,1.733900301750437,0
0.3773593263107555,-0.4693113027136664,0.6871298574603482,0.8559966749273541,-0.9115834940401767,-1.5477679860172513,0.9702425509371355,-1.2414367579591576,-0.009816137054176019,-0.5688685081389013,0.9972039090469852,-0.5787359118286177,-0.5738091541336192,-0.9124191495230389,0.9124191495230393,-0.5784279906300535,1.731127539482183,-0.5765804684883443,-0.5767344287272242,0
0.17042381209090204,0.0074566507928420294,0.6871298574603482,1.4596085257019404,-0.9115834940401767,0.646091668153197,0.9702425509371355,-1.0243376917261549,-1.43244469563043,-0.9805304160152352,-1.0028039309991141,-0.5787359118286177,1.7427397119690018,-0.9124191495230389,0.9124191495230393,1.7288236672481017,-0.5776581893550843,-0.5765804684883443,-0.5767344287272242,0
0.4187464291547262,0.1981638321954454,-1.0417596792253108,-1.2258476714090278,-0.9115834940401767,0.646091668153197,0.9702425509371355,-0.7518885665999365,-0.721130416342303,1.28139684124075,0.9972039090469852,-0.5787359118286177,-0.5738091541336192,-0.9124191495230389,0.9124191495230393,-0.5784279906300535,-0.5776581893550843,-0.5765804684883443,1.733900301750437,1
1.4637707759649863,2.9634179625331942,-0.695981771888179,-1.2258476714090278,0.8077365626180215,0.646091668153197,0.9702425509371355,1.2546169291195273,0.7014981422339509,-0.3652507902645856,0.9972039090469852,-0.5787359118286177,-0.5738091541336192,1.0959875190286648,-1.0959875190286648,-0.5784279906300535,-0.5776581893550843,1.7343632929879855,-0.5767344287272242,0
-1.5264474045118965,-0.7553720748175714,-0.35020386455104724,-1.2258476714090278,0.8077365626180215,0.646091668153197,0.9702425509371355,-1.364083293162917,-1.43244469563043,1.0467938184725165,-1.0028039309991141,-0.5787359118286177,1.7427397119690018,-0.9124191495230389,0.9124191495230393,1.7288236672481017,-0.5776581893550843,-0.5765804684883443,-0.5767344287272242,0
0.24285124206785078,-1.0414328469214764,-0.695981771888179,-1.2258476714090278,-0.9115834940401767,0.646091668153197,-1.0306701134001208,-0.8442924994487526,1.4128124215220779,-0.8742950849503748,0.9972039090469852,-0.5787359118286177,-0.5738091541336192,1.0959875190286648,-1.0959875190286648,-0.5784279906300535,-0.5776581893550843,1.7343632929879855,-0.5767344287272242,0
-1.8782377786856475,1.247053329909764,1.03290776479748,1.0098258270830063,2.52705661927622,-1.5477679860172513,-1.0306701134001208,0.8695035985701816,0.7014981422339509,0.15707292080431115,-1.0028039309991141,1.7279038324066063,-0.5738091541336192,1.0959875190286648,-1.0959875190286648,-0.5784279906300535,1.731127539482183,-0.5765804684883443,-0.5767344287272242,1
-0.40899562772468767,1.1516997392084622,-1.3875375865624426,0.7434791587573,-0.9115834940401767,0.646091668153197,0.9702425509371355,0.8617677537987126,-1.43244469563043,-1.5913835696381822,-1.0028039309991141,-0.5787359118286177,1.7427397119690018,-0.9124191495230389,0.9124191495230393,-0.5784279906300535,-0.5776581893550843,1.7343632929879855,-0.5767344287272242,0
0.25319801777884343,1.4377605113123673,0.3413519501232164,-1.2258476714090278,-0.9115834940401767,0.646091668153197,-1.0306701134001208,0.17708263028592222,-0.721130416342303,-0.8256038915456472,0.9972039090469852,-0.5787359118286177,-0.5738091541336192,-0.9124191495230389,0.9124191495230393,-0.5784279906300535,-0.5776581893550843,-0.5765804684883443,1.733900301750437,1
0.48082708342068226,0.2935174228967471,1.378685672134612,0.9015788943312052,0.8077365626180215,-1.5477679860172513,-1.0306701134001208,1.2968266418027128,-1.43244469563043,-1.702045372830745,0.9972039090469852,-0.5787359118286177,-0.5738091541336192,-0.9124191495230389,0.9124191495230393,-0.5784279906300535,-0.5776581893550843,1.7343632929879855,-0.5767344287272242,0
-1.1746570303381456,0.5795781950006521,0.6871298574603482,1.3163889990481084,-0.9115834940401767,0.646091668153197,-1.0306701134001208,0.36173851611684593,0.7014981422339509,0.9405584874076562,0.9972039090469852,-0.5787359118286177,-0.5738091541336192,1.0959875190286648,-1.0959875190286648,-0.5784279906300535,-0.5776581893550843,-0.5765804684883443,1.733900301750437,1
1.598278860207891,-1.23214002832408,-1.0417596792253108,-1.2258476714090278,0.8077365626180215,0.646091668153197,0.9702425509371355,-1.3050121619954493,-1.43244469563043,-0.9716774717598301,-1.0028039309991141,-0.5787359118286177,1.7427397119690018,-0.9124191495230389,0.9124191495230393,-0.5784279906300535,-0.5776581893550843,-0.5765804684883443,1.733900301750437,0
2.063883767202561,0.48422460429935044,-1.0417596792253108,0.5812944336853677,0.8077365626180215,-1.5477679860172513,-1.0306701134001208,1.0099726423306465,1.4128124215220779,1.042367346344814,-1.0028039309991141,1.7279038324066063,-0.5738091541336192,-0.9124191495230389,0.9124191495230393,-0.5784279906300535,-0.5776581893550843,-0.5765804684883443,1.733900301750437,0
1.153367504635206,0.48422460429935044,0.6871298574603482,1.3275374559487187,-0.9115834940401767,-1.5477679860172513,-1.0306701134001208,-1.3095675585265296,-0.721130416342303,1.4407498378380403,0.9972039090469852,-0.5787359118286177,-0.5738091541336192,1.0959875190286648,-1.0959875190286648,1.7288236672481017,-0.5776581893550843,-0.5765804684883443,-0.5767344287272242,0
0.8326174575944332,0.6749317857019538,1.7244635794717436,-1.2258476714090278,0.8077365626180215,0.646091668153197,-1.0306701134001208,0.9203159977130996,-0.721130416342303,-0.8433097800564572,-1.0028039309991141,-0.5787359118286177,1.7427397119690018,-0.9124191495230389,0.9124191495230393,-0.5784279906300535,1.731127539482183,-0.5765804684883443,-0.5767344287272242,0
1.6396659630518617,-0.5646648934149681,1.03290776479748,1.1470577861498648,-0.9115834940401767,-1.5477679860172513,-1.0306701134001208,1.7234755134754853,-1.43244469563043,1.6576469720954636,-1.0028039309991141,1.7279038324066063,-0.5738091541336192,-0.9124191495230389,0.9124191495230393,-0.5784279906300535,-0.5776581893550843,1.7343632929879855,-0.5767344287272242,0
0.3463189991777775,-1.3274936190253817,-1.3875375865624426,-1.2258476714090278,0.8077365626180215,-1.5477679860172513,0.9702425509371355,0.7805614679941734,-0.721130416342303,1.31680861826237,0.9972039090469852,-0.5787359118286177,-0.5738091541336192,1.0959875190286648,-1.0959875190286648,1.7288236672481017,-0.5776581893550843,-0.5765804684883443,-0.5767344287272242,0
-2.281762031414362,2.5820035997279875,0.3413519501232164,0.9440996154067717,0.8077365626180215,0.646091668153197,0.9702425509371355,1.2652553458991194,-1.43244469563043,1.2371321199637249,-1.0028039309991141,1.7279038324066063,-0.5738091541336192,1.0959875190286648,-1.0959875190286648,1.7288236672481017,-0.5776581893550843,-0.5765804684883443,-0.5767344287272242,1
0.5015206348426676,-1.1367864376227783,-1.3875375865624426,-1.2258476714090278,0.8077365626180215,0.646091668153197,-1.0306701134001208,-0.12323636804050417,1.4128124215220779,-0.5777214523943063,0.9972039090469852,-0.5787359118286177,-0.5738091541336192,-0.9124191495230389,0.9124191495230393,-0.5784279906300535,-0.5776581893550843,1.7343632929879855,-0.5767344287272242,0
-0.6573182447885119,0.0074566507928420294,0.3413519501232164,0.406542211497213,0.8077365626180215,0.646091668153197,-1.0306701134001208,-1.6169428394744285,-0.721130416342303,0.23232294697525388,-1.0028039309991141,1.7279038324066063,-0.5738091541336192,1.0959875190286648,-1.0959875190286648,1.7288236672481017,-0.5776581893550843,-0.5765804684883443,-0.5767344287272242,0
0.3773593263107555,-0.08789693990845966,-1.7333154938995745,1.0892774944882715,-0.9115834940401767,-1.5477679860172513,0.9702425509371355,0.6466376441226213,-0.009816137054176019,-0.9805304160152352,0.9972039090469852,-0.5787359118286177,-0.5738091541336192,-0.9124191495230389,0.9124191495230393,-0.5784279906300535,-0.5776581893550843,-0.5765804684883443,1.733900301750437,0
1.7224401687398032,-0.4693113027136664,-0.004425957213915414,0.8461117952867265,-0.9115834940401767,-1.5477679860172513,-1.0306701134001208,1.138503093724129,-1.43244469563043,0.42708772059416455,0.9972039090469852,-0.5787359118286177,-0.5738091541336192,-0.9124191495230389,0.9124191495230393,1.7288236672481017,-0.5776581893550843,-0.5765804684883443,-0.5767344287272242,0
1.0085126446813086,0.0074566507928420294,-0.695981771888179,-1.2258476714090278,0.8077365626180215,0.646091668153197,0.9702425509371355,0.4157411013405822,-0.721130416342303,-0.4227949279247183,-1.0028039309991141,-0.5787359118286177,1.7427397119690018,-0.9124191495230389,0.9124191495230393,-0.5784279906300535,-0.5776581893550843,1.7343632929879855,-0.5767344287272242,0
-0.1710197863718562,3.344832325338401,-0.004425957213915414,0.5193714549339675,-0.9115834940401767,0.646091668153197,-1.0306701134001208,-1.5652225606014358,1.4128124215220779,-1.5958100417658847,-1.0028039309991141,1.7279038324066063,-0.5738091541336192,-0.9124191495230389,0.9124191495230393,1.7288236672481017,-0.5776581893550843,-0.5765804684883443,-0.5767344287272242,0
-0.8021731047424093,0.7702853764032556,1.03290776479748,1.2510455147306814,-0.9115834940401767,0.646091668153197,-1.0306701134001208,-1.2259855874371253,0.7014981422339509,1.042367346344814,0.9972039090469852,-0.5787359118286177,-0.5738091541336192,1.0959875190286648,-1.0959875190286648,1.7288236672481017,-0.5776581893550843,-0.5765804684883443,-0.5767344287272242,0
0.9878190932593233,-0.9460792562201749,-0.35020386455104724,0.46660973185961996,-0.9115834940401767,0.646091668153197,0.9702425509371355,-0.9908960349000016,-0.009816137054176019,-0.8034715309071345,0.9972039090469852,-0.5787359118286177,-0.5738091541336192,1.0959875190286648,-1.0959875190286648,1.7288236672481017,-0.5776581893550843,-0.5765804684883443,-0.5767344287272242,0
0.36701255059976284,-0.3739577120123647,-0.35020386455104724,-1.2258476714090278,-0.9115834940401767,0.646091668153197,-1.0306701134001208,-1.5871613934198414,-0.721130416342303,0.21904353059214635,0.9972039090469852,-0.5787359118286177,-0.5738091541336192,-0.9124191495230389,0.9124191495230393,-0.5784279906300535,1.731127539482183,-0.5765804684883443,-0.5767344287272242,0
-0.2434472163488049,-0.3739577120123647,0.6871298574603482,-1.2258476714090278,0.8077365626180215,-1.5477679860172513,0.9702425509371355,1.6159980992013088,-1.43244469563043,1.644367555712356,0.9972039090469852,-0.5787359118286177,-0.5738091541336192,1.0959875190286648,-1.0959875190286648,-0.5784279906300535,1.731127539482183,-0.5765804684883443,-0.5767344287272242,0
-1.3402054417140283,-1.6135543911292867,-0.004425957213915414,-1.2258476714090278,0.8077365626180215,0.646091668153197,0.9702425509371355,-0.0045522644416512706,-1.43244469563043,0.7767790186826632,0.9972039090469852,-0.5787359118286177,-0.5738091541336192,-0.9124191495230389,0.9124191495230393,-0.5784279906300535,-0.5776581893550843,1.7343632929879855,-0.5767344287272242,0
-1.0711892732282189,0.48422460429935044,-0.004425957213915414,-1.2258476714090278,2.52705661927622,-1.5477679860172513,-1.0306701134001208,-1.645541485696806,-1.43244469563043,-0.5998538130328189,-1.0028039309991141,-0.5787359118286177,1.7427397119690018,1.0959875190286648,-1.0959875190286648,1.7288236672481017,-0.5776581893550843,-0.5765804684883443,-0.5767344287272242,1
-0.8952940861413433,-0.3739577120123647,1.378685672134612,-1.2258476714090278,0.8077365626180215,0.646091668153197,0.9702425509371355,0.09993702394062642,0.7014981422339509,-0.4493537606909334,-1.0028039309991141,-0.5787359118286177,1.7427397119690018,1.0959875190286648,-1.0959875190286648,-0.5784279906300535,1.731127539482183,-0.5765804684883443,-0.5767344287272242,0
-1.4333264231129623,0.10281024149414371,1.03290776479748,1.2349156721353058,0.8077365626180215,-1.5477679860172513,-1.0306701134001208,-1.3387636908152805,0.7014981422339509,-0.7060891440976792,-1.0028039309991141,1.7279038324066063,-0.5738091541336192,1.0959875190286648,-1.0959875190286648,1.7288236672481017,-0.5776581893550843,-0.5765804684883443,-0.5767344287272242,0
0.9981658689703159,1.8191748741175742,0.6871298574603482,0.638322573129673,-0.9115834940401767,0.646091668153197,0.9702425509371355,1.5755497184058707,-0.009816137054176019,1.051220290600219,-1.0028039309991141,1.7279038324066063,-0.5738091541336192,-0.9124191495230389,0.9124191495230393,-0.5784279906300535,-0.5776581893550843,1.7343632929879855,-0.5767344287272242,1
-0.4503827305686584,0.9609925578058589,1.378685672134612,0.696768951434149,0.8077365626180215,0.646091668153197,-1.0306701134001208,0.051784098575100766,-0.721130416342303,0.714808408894828,0.9972039090469852,-0.5787359118286177,-0.5738091541336192,1.0959875190286648,-1.0959875190286648,-0.5784279906300535,-0.5776581893550843,1.7343632929879855,-0.5767344287272242,0
1.5775853087859057,0.10281024149414371,0.3413519501232164,1.4270669236669087,-0.9115834940401767,0.646091668153197,-1.0306701134001208,-1.5260962655343562,-0.009816137054176019,1.2105732871975097,0.9972039090469852,-0.5787359118286177,-0.5738091541336192,1.0959875190286648,-1.0959875190286648,-0.5784279906300535,-0.5776581893550843,-0.5765804684883443,1.733900301750437,0
-0.1710197863718562,-1.4228472097266833,1.03290776479748,0.42651279045208,-0.9115834940401767,0.646091668153197,0.9702425509371355,0.9996423586446564,-0.721130416342303,-0.3298390132429655,-1.0028039309991141,1.7279038324066063,-0.5738091541336192,-0.9124191495230389,0.9124191495230393,-0.5784279906300535,1.731127539482183,-0.5765804684883443,-0.5767344287272242,0
0.7808835790394698,1.1516997392084622,1.03290776479748,0.4969841482389582,0.8077365626180215,0.646091668153197,-1.0306701134001208,0.7103001670527587,-0.721130416342303,0.8298966842150934,-1.0028039309991141,1.7279038324066063,-0.5738091541336192,1.0959875190286648,-1.0959875190286648,-0.5784279906300535,-0.5776581893550843,1.7343632929879855,-0.5767344287272242,1
-0.09859235639490747,-0.08789693990845966,-0.695981771888179,-1.2258476714090278,0.8077365626180215,0.646091668153197,-1.0306701134001208,0.2847614091889877,0.7014981422339509,1.6310881393292485,0.9972039090469852,-0.5787359118286177,-0.5738091541336192,1.0959875190286648,-1.0959875190286648,1.7288236672481017,-0.5776581893550843,-0.5765804684883443,-0.5767344287272242,0
-0.398648852013695,-0.08789693990845966,-1.3875375865624426,-1.2258476714090278,0.8077365626180215,0.646091668153197,0.9702425509371355,-1.5803302983583087,-0.721130416342303,0.2942935567630891,0.9972039090469852,-0.5787359118286177,-0.5738091541336192,1.0959875190286648,-1.0959875190286648,-0.5784279906300535,-0.5776581893550843,-0.5765804684883443,1.733900301750437,0
-0.11928590781689281,1.4377605113123673,-1.0417596792253108,-1.2258476714090278,0.8077365626180215,0.646091668153197,0.9702425509371355,-0.8041809435981823,-0.721130416342303,-0.3741037345199906,-1.0028039309991141,-0.5787359118286177,1.7427397119690018,1.0959875190286648,-1.0959875190286648,1.7288236672481017,-0.5776581893550843,-0.5765804684883443,-0.5767344287272242,0
-1.567834507355867,1.533114102013669,-0.35020386455104724,0.8066726064254789,0.8077365626180215,0.646091668153197,-1.0306701134001208,0.40306782369116917,1.4128124215220779,-0.9583980553767226,-1.0028039309991141,1.7279038324066063,-0.5738091541336192,1.0959875190286648,-1.0959875190286648,-0.5784279906300535,-0.5776581893550843,1.7343632929879855,-0.5767344287272242,0
-0.4400359548576657,-0.7553720748175714,0.6871298574603482,0.055726749618789956,0.8077365626180215,0.646091668153197,-1.0306701134001208,-0.6814492022906619,0.7014981422339509,1.290249785496155,0.9972039090469852,-0.5787359118286177,-0.5738091541336192,-0.9124191495230389,0.9124191495230393,-0.5784279906300535,-0.5776581893550843,-0.5765804684883443,1.733900301750437,0
-1.040148946095241,-0.3739577120123647,1.378685672134612,0.8552363488845637,0.8077365626180215,0.646091668153197,-1.0306701134001208,1.6908222739441339,-0.721130416342303,1.3920586444333127,-1.0028039309991141,1.7279038324066063,-0.5738091541336192,-0.9124191495230389,0.9124191495230393,-0.5784279906300535,-0.5776581893550843,-0.5765804684883443,1.733900301750437,0
0.615335167663587,-0.18325053060976135,-0.004425957213915414,-1.2258476714090278,0.8077365626180215,0.646091668153197,-1.0306701134001208,0.2662789880531522,-1.43244469563043,1.188440926558997,0.9972039090469852,-0.5787359118286177,-0.5738091541336192,1.0959875190286648,-1.0959875190286648,-0.5784279906300535,-0.5776581893550843,-0.5765804684883443,1.733900301750437,0
1.567238533074913,1.1516997392084622,0.6871298574603482,-1.2258476714090278,-0.9115834940401767,-1.5477679860172513,0.9702425509371355,-1.030027894447327,-0.009816137054176019,-0.07310362983621962,-1.0028039309991141,-0.5787359118286177,1.7427397119690018,-0.9124191495230389,0.9124191495230393,-0.5784279906300535,-0.5776581893550843,-0.5765804684883443,1.733900301750437,0
-0.9780682918292848,0.6749317857019538,1.7244635794717436,-1.2258476714090278,0.8077365626180215,-1.5477679860172513,-1.0306701134001208,0.1581355750495775,-0.009816137054176019,1.5204263361366857,0.9972039090469852,-0.5787359118286177,-0.5738091541336192,1.0959875190286648,-1.0959875190286648,-0.5784279906300535,-0.5776581893550843,1.7343632929879855,-0.5767344287272242,0
0.4394399805767116,-0.3739577120123647,-0.004425957213915414,0.7639353591096488,-0.9115834940401767,0.646091668153197,-1.0306701134001208,-0.19797551056957613,1.4128124215220779,1.0954850118772443,0.9972039090469852,-0.5787359118286177,-0.5738091541336192,1.0959875190286648,-1.0959875190286648,1.7288236672481017,-0.5776581893550843,-0.5765804684883443,-0.5767344287272242,1
-0.6262779176555339,-0.6600184841162697,-0.004425957213915414,-1.2258476714090278,0.8077365626180215,0.646091668153197,-1.0306701134001208,-0.7101739187686039,0.7014981422339509,0.30757297314619664,0.9972039090469852,-0.5787359118286177,-0.5738091541336192,-0.9124191495230389,0.9124191495230393,-0.5784279906300535,1.731127539482183,-0.5765804684883443,-0.5767344287272242,0
-0.42968917914667304,0.10281024149414371,1.7244635794717436,0.9761131242059278,0.8077365626180215,0.646091668153197,-1.0306701134001208,1.2177861560437748,-1.43244469563043,1.6886322769893813,-1.0028039309991141,1.7279038324066063,-0.5738091541336192,1.0959875190286648,-1.0959875190286648,-0.5784279906300535,1.731127539482183,-0.5765804684883443,-0.5767344287272242,0
-0.26414076777079026,-0.18325053060976135,-1.3875375865624426,1.6120603081249325,0.8077365626180215,0.646091668153197,0.9702425509371355,-0.06958556230229601,1.4128124215220779,-0.7105156162253817,0.9972039090469852,-0.5787359118286177,-0.5738091541336192,-0.9124191495230389,0.9124191495230393,-0.5784279906300535,1.731127539482183,-0.5765804684883443,-0.5767344287272242,0
0.32562544775579216,-0.08789693990845966,-1.3875375865624426,0.6416355367954653,-0.9115834940401767,0.646091668153197,0.9702425509371355,-0.8739144883663013,-1.43244469563043,-0.635265590054439,-1.0028039309991141,1.7279038324066063,-0.5738091541336192,1.0959875190286648,-1.0959875190286648,-0.5784279906300535,1.731127539482183,-0.5765804684883443,-0.5767344287272242,1
0.7291497004845064,2.772710781130591,-0.35020386455104724,0.9622692281426598,-0.9115834940401767,-1.5477679860172513,-1.0306701134001208,1.3095465219741833,0.7014981422339509,-0.7415009211192993,-1.0028039309991141,1.7279038324066063,-0.5738091541336192,-0.9124191495230389,0.9124191495230393,-0.5784279906300535,-0.5776581893550843,-0.5765804684883443,1.733900301750437,0
1.1947546074791768,-0.27860412131106305,-0.004425957213915414,0.030375229146081057,-0.9115834940401767,-1.5477679860172513,0.9702425509371355,0.9345085523595751,-0.721130416342303,0.13494056016579856,-1.0028039309991141,-0.5787359118286177,1.7427397119690018,-0.9124191495230389,0.9124191495230393,-0.5784279906300535,-0.5776581893550843,-0.5765804684883443,1.733900301750437,0
0.025568952137004615,-0.08789693990845966,1.03290776479748,0.4110551248009419,-0.9115834940401767,0.646091668153197,0.9702425509371355,1.1551638431395537,-0.009816137054176019,0.8343231563427959,0.9972039090469852,-0.5787359118286177,-0.5738091541336192,1.0959875190286648,-1.0959875190286648,-0.5784279906300535,-0.5776581893550843,-0.5765804684883443,1.733900301750437,0
1.567238533074913,-0.08789693990845966,-1.3875375865624426,1.058930644736117,-0.9115834940401767,0.646091668153197,0.9702425509371355,1.2590939012571465,0.7014981422339509,0.28101414037998157,0.9972039090469852,-0.5787359118286177,-0.5738091541336192,-0.9124191495230389,0.9124191495230393,1.7288236672481017,-0.5776581893550843,-0.5765804684883443,-0.5767344287272242,0
1.3809965702770448,0.8656389671045572,0.6871298574603482,-1.2258476714090278,0.8077365626180215,0.646091668153197,0.9702425509371355,1.4349356503790036,-1.43244469563043,-1.117751051974013,-1.0028039309991141,-0.5787359118286177,1.7427397119690018,-0.9124191495230389,0.9124191495230393,1.7288236672481017,-0.5776581893550843,-0.5765804684883443,-0.5767344287272242,0
0.6049883919525944,-0.18325053060976135,1.03290776479748,-1.2258476714090278,2.52705661927622,0.646091668153197,-1.0306701134001208,-0.4930073832126229,1.4128124215220779,-1.4585894058071067,-1.0028039309991141,-0.5787359118286177,1.7427397119690018,1.0959875190286648,-1.0959875190286648,-0.5784279906300535,-0.5776581893550843,1.7343632929879855,-0.5767344287272242,0
-1.5471409559338818,0.10281024149414371,-0.004425957213915414,0.6117497869642864,-0.9115834940401767,-1.5477679860172513,-1.0306701134001208,0.45986395188821555,0.7014981422339509,1.051220290600219,-1.0028039309991141,1.7279038324066063,-0.5738091541336192,-0.9124191495230389,0.9124191495230393,-0.5784279906300535,1.731127539482183,-0.5765804684883443,-0.5767344287272242,0
0.6981093733515285,2.6773571904292894,0.6871298574603482,-1.2258476714090278,2.52705661927622,0.646091668153197,0.9702425509371355,-0.30097160545594237,1.4128124215220779,0.45807302548808215,0.9972039090469852,-0.5787359118286177,-0.5738091541336192,1.0959875190286648,-1.0959875190286648,-0.5784279906300535,-0.5776581893550843,1.7343632929879855,-0.5767344287272242,0
0.8636577847274112,-1.6135543911292867,-0.004425957213915414,0.8585776805329811,-0.9115834940401767,-1.5477679860172513,-1.0306701134001208,0.3791509920354525,0.7014981422339509,0.989249680812384,0.9972039090469852,-0.5787359118286177,-0.5738091541336192,-0.9124191495230389,0.9124191495230393,-0.5784279906300535,-0.5776581893550843,-0.5765804684883443,1.733900301750437,1
0.6360287190855723,0.48422460429935044,-1.0417596792253108,-1.2258476714090278,0.8077365626180215,-1.5477679860172513,-1.0306701134001208,-0.9451147953491648,1.4128124215220779,-1.2062804945280634,-1.0028039309991141,-0.5787359118286177,1.7427397119690018,1.0959875190286648,-1.0959875190286648,-0.5784279906300535,-0.5776581893550843,1.7343632929879855,-0.5767344287272242,0
-0.2848343191927756,0.10281024149414371,0.6871298574603482,-1.2258476714090278,-0.9115834940401767,0.646091668153197,0.9702425509371355,-1.2900224955537882,1.4128124215220779,-1.5648247368719672,-1.0028039309991141,-0.5787359118286177,1.7427397119690018,1.0959875190286648,-1.0959875190286648,-0.5784279906300535,-0.5776581893550843,-0.5765804684883443,1.733900301750437,0
-0.22275366492681956,-0.27860412131106305,-1.3875375865624426,1.3666633148323828,0.8077365626180215,0.646091668153197,0.9702425509371355,0.804788693313591,-0.721130416342303,0.15707292080431115,-1.0028039309991141,-0.5787359118286177,1.7427397119690018,-0.9124191495230389,0.9124191495230393,1.7288236672481017,-0.5776581893550843,-0.5765804684883443,-0.5767344287272242,0
0.07730283069196799,-0.6600184841162697,1.378685672134612,-1.2258476714090278,0.8077365626180215,0.646091668153197,-1.0306701134001208,0.9856869899686502,0.7014981422339509,-0.9849568881429377,0.9972039090469852,-0.5787359118286177,-0.5738091541336192,1.0959875190286648,-1.0959875190286648,1.7288236672481017,-0.5776581893550843,-0.5765804684883443,-0.5767344287272242,0
-0.750439226187446,0.6749317857019538,-0.004425957213915414,0.5888452854674042,-0.9115834940401767,0.646091668153197,-1.0306701134001208,-0.753282468901465,0.7014981422339509,1.3699262837948,0.9972039090469852,-0.5787359118286177,-0.5738091541336192,-0.9124191495230389,0.9124191495230393,-0.5784279906300535,-0.5776581893550843,1.7343632929879855,-0.5767344287272242,0
0.3463189991777775,-1.4228472097266833,1.378685672134612,0.04452348000598854,-0.9115834940401767,-1.5477679860172513,0.9702425509371355,1.67776452548775,0.7014981422339509,-0.5423096753726862,-1.0028039309991141,-0.5787359118286177,1.7427397119690018,1.0959875190286648,-1.0959875190286648,-0.5784279906300535,-0.5776581893550843,-0.5765804684883443,1.733900301750437,0
0.33597222346678485,-1.3274936190253817,-0.35020386455104724,-1.2258476714090278,0.8077365626180215,0.646091668153197,-1.0306701134001208,0.9148005544496411,-0.009816137054176019,0.13494056016579856,0.9972039090469852,-0.5787359118286177,-0.5738091541336192,-0.9124191495230389,0.9124191495230393,-0.5784279906300535,-0.5776581893550843,1.7343632929879855,-0.5767344287272242,0
1.2361417103231473,-0.18325053060976135,1.378685672134612,-1.2258476714090278,0.8077365626180215,-1.5477679860172513,-1.0306701134001208,-1.3455525306049478,-0.721130416342303,-1.4408835172962966,0.9972039090469852,-0.5787359118286177,-0.5738091541336192,1.0959875190286648,-1.0959875190286648,-0.5784279906300535,1.731127539482183,-0.5765804684883443,-0.5767344287272242,0
-0.6469714690775192,-1.7089079818305883,1.03290776479748,-1.2258476714090278,0.8077365626180215,0.646091668153197,0.9702425509371355,0.17430647631337967,1.4128124215220779,1.006955569323194,0.9972039090469852,-0.5787359118286177,-0.5738091541336192,1.0959875190286648,-1.0959875190286648,-0.5784279906300535,-0.5776581893550843,1.7343632929879855,-0.5767344287272242,0
0.2221576906458654,0.10281024149414371,1.7244635794717436,0.4246310476046092,-0.9115834940401767,0.646091668153197,-1.0306701134001208,-1.7181103070400772,-0.721130416342303,-0.17048601664567495,-1.0028039309991141,1.7279038324066063,-0.5738091541336192,-0.9124191495230389,0.9124191495230393,-0.5784279906300535,-0.5776581893550843,-0.5765804684883443,1.733900301750437,1
-1.2470844603150943,-0.9460792562201749,-0.004425957213915414,-1.2258476714090278,0.8077365626180215,-1.5477679860172513,-1.0306701134001208,0.37144592579534214,0.7014981422339509,0.39610241570024696,0.9972039090469852,-0.5787359118286177,-0.5738091541336192,1.0959875190286648,-1.0959875190286648,-0.5784279906300535,1.731127539482183,-0.5765804684883443,-0.5767344287272242,0
-1.4229796474019698,0.5795781950006521,-1.7333154938995745,1.41300810407426,2.52705661927622,0.646091668153197,-1.0306701134001208,-0.8724882425233452,0.7014981422339509,-0.07310362983621962,0.9972039090469852,-0.5787359118286177,-0.5738091541336192,1.0959875190286648,-1.0959875190286648,-0.5784279906300535,1.731127539482183,-0.5765804684883443,-0.5767344287272242,1
1.1637142803461988,2.6773571904292894,-1.3875375865624426,1.169191063169954,0.8077365626180215,-1.5477679860172513,0.9702425509371355,0.10768138932247164,-0.009816137054176019,-1.1797216617618482,0.9972039090469852,-0.5787359118286177,-0.5738091541336192,-0.9124191495230389,0.9124191495230393,-0.5784279906300535,1.731127539482183,-0.5765804684883443,-0.5767344287272242,0
-0.38830207630270236,0.6749317857019538,1.03290776479748,1.4634306706151918,-0.9115834940401767,-1.5477679860172513,0.9702425509371355,-0.9685649062242798,-0.721130416342303,-0.8654421406949698,0.9972039090469852,-0.5787359118286177,-0.5738091541336192,1.0959875190286648,-1.0959875190286648,1.7288236672481017,-0.5776581893550843,-0.5765804684883443,-0.5767344287272242,0
0.19111736351288738,-0.7553720748175714,0.3413519501232164,0.5852262040230012,-0.9115834940401767,0.646091668153197,-1.0306701134001208,-1.0367743050751212,0.7014981422339509,0.21461705846444384,0.9972039090469852,-0.5787359118286177,-0.5738091541336192,1.0959875190286648,-1.0959875190286648,-0.5784279906300535,1.731127539482183,-0.5765804684883443,-0.5767344287272242,0
-0.7297456747654606,-0.3739577120123647,1.03290776479748,-1.2258476714090278,0.8077365626180215,-1.5477679860172513,0.9702425509371355,-1.5603708554972762,-0.009816137054176019,0.48905833038199975,0.9972039090469852,-0.5787359118286177,-0.5738091541336192,1.0959875190286648,-1.0959875190286648,-0.5784279906300535,1.731127539482183,-0.5765804684883443,-0.5767344287272242,0
-0.3572617491697243,-0.7553720748175714,0.6871298574603482,0.0028820061207145862,0.8077365626180215,0.646091668153197,0.9702425509371355,1.1080069597379945,-0.009816137054176019,-0.6131332294159264,-1.0028039309991141,-0.5787359118286177,1.7427397119690018,-0.9124191495230389,0.9124191495230393,-0.5784279906300535,1.731127539482183,-0.5765804684883443,-0.5767344287272242,0
-0.398648852013695,-0.8507256655188732,1.378685672134612,1.06458885523668,-0.9115834940401767,0.646091668153197,-1.0306701134001208,0.10086159711143812,1.4128124215220779,0.6926760482563155,-1.0028039309991141,1.7279038324066063,-0.5738091541336192,-0.9124191495230389,0.9124191495230393,-0.5784279906300535,1.731127539482183,-0.5765804684883443,-0.5767344287272242,1
0.7394964761954991,0.38887101359804876,-1.3875375865624426,-1.2258476714090278,-0.9115834940401767,0.646091668153197,-1.0306701134001208,-0.965612427783954,1.4128124215220779,-0.7016626719699768,-1.0028039309991141,-0.5787359118286177,1.7427397119690018,-0.9124191495230389,0.9124191495230393,-0.5784279906300535,-0.5776581893550843,-0.5765804684883443,1.733900301750437,1
0.2738915692008288,-0.9460792562201749,-0.695981771888179,0.16236199630686893,-0.9115834940401767,-1.5477679860172513,-1.0306701134001208,-0.14235227047430232,1.4128124215220779,-0.07753010196392214,0.9972039090469852,-0.5787359118286177,-0.5738091541336192,1.0959875190286648,-1.0959875190286648,1.7288236672481017,-0.5776581893550843,-0.5765804684883443,-0.5767344287272242,1
0.7084561490625211,3.5355395067410043,1.7244635794717436,0.2975657247515705,-0.9115834940401767,0.646091668153197,-1.0306701134001208,1.3242529215933403,0.7014981422339509,-0.3962360951585032,-1.0028039309991141,1.7279038324066063,-0.5738091541336192,1.0959875190286648,-1.0959875190286648,1.7288236672481017,-0.5776581893550843,-0.5765804684883443,-0.5767344287272242,0
1.2671820374561256,-0.5646648934149681,1.378685672134612,-1.2258476714090278,0.8077365626180215,0.646091668153197,0.9702425509371355,-1.7210229646686452,-0.009816137054176019,-1.4054717402746766,0.9972039090469852,-0.5787359118286177,-0.5738091541336192,-0.9124191495230389,0.9124191495230393,-0.5784279906300535,-0.5776581893550843,-0.5765804684883443,1.733900301750437,0
0.4601335319986969,0.6749317857019538,-0.35020386455104724,-1.2258476714090278,0.8077365626180215,0.646091668153197,0.9702425509371355,0.6511655660324892,-0.721130416342303,-0.4759125934571485,0.9972039090469852,-0.5787359118286177,-0.5738091541336192,-0.9124191495230389,0.9124191495230393,-0.5784279906300535,-0.5776581893550843,1.7343632929879855,-0.5767344287272242,0
-0.5228101605456071,-0.6600184841162697,-1.3875375865624426,0.03284532715861989,-0.9115834940401767,0.646091668153197,-1.0306701134001208,-0.6214940143241708,0.7014981422339509,0.5421759959144299,0.9972039090469852,-0.5787359118286177,-0.5738091541336192,1.0959875190286648,-1.0959875190286648,-0.5784279906300535,-0.5776581893550843,1.7343632929879855,-0.5767344287272242,0
0.44978675628770426,0.7702853764032556,-0.35020386455104724,-1.2258476714090278,0.8077365626180215,0.646091668153197,-1.0306701134001208,1.6943560666801196,-0.721130416342303,0.7767790186826632,0.9972039090469852,-0.5787359118286177,-0.5738091541336192,-0.9124191495230389,0.9124191495230393,-0.5784279906300535,-0.5776581893550843,-0.5765804684883443,1.733900301750437,0
-0.036511702128951426,0.38887101359804876,1.378685672134612,-1.2258476714090278,0.8077365626180215,0.646091668153197,0.9702425509371355,-0.3756345841616523,0.7014981422339509,-0.22803015430580764,0.9972039090469852,-0.5787359118286177,-0.5738091541336192,-0.9124191495230389,0.9124191495230393,1.7288236672481017,-0.5776581893550843,-0.5765804684883443,-0.5767344287272242,0
1.277528813167118,-1.23214002832408,-0.004425957213915414,-1.2258476714090278,0.8077365626180215,0.646091668153197,0.9702425509371355,-0.6151212933228715,-0.721130416342303,1.1308967888988644,0.9972039090469852,-0.5787359118286177,-0.5738091541336192,1.0959875190286648,-1.0959875190286648,-0.5784279906300535,1.731127539482183,-0.5765804684883443,-0.5767344287272242,0
1.2257949346121548,-0.9460792562201749,1.03290776479748,-1.2258476714090278,0.8077365626180215,0.646091668153197,0.9702425509371355,1.2554922914181668,-0.721130416342303,-0.8654421406949698,0.9972039090469852,-0.5787359118286177,-0.5738091541336192,-0.9124191495230389,0.9124191495230393,1.7288236672481017,-0.5776581893550843,-0.5765804684883443,-0.5767344287272242,0
-0.99876184325127,-1.23214002832408,-0.35020386455104724,0.719288642048076,-0.9115834940401767,0.646091668153197,0.9702425509371355,-1.5884483533666491,1.4128124215220779,1.4141910050718254,-1.0028039309991141,1.7279038324066063,-0.5738091541336192,-0.9124191495230389,0.9124191495230393,1.7288236672481017,-0.5776581893550843,-0.5765804684883443,-0.5767344287272242,0
-0.41934240343568036,-0.9460792562201749,1.378685672134612,-1.2258476714090278,2.52705661927622,-1.5477679860172513,0.9702425509371355,-0.28131925234846483,1.4128124215220779,0.37397005506173436,-1.0028039309991141,-0.5787359118286177,1.7427397119690018,-0.9124191495230389,0.9124191495230393,-0.5784279906300535,-0.5776581893550843,-0.5765804684883443,1.733900301750437,0
0.8636577847274112,0.7702853764032556,1.7244635794717436,0.24098602381226694,0.8077365626180215,0.646091668153197,0.9702425509371355,0.6737484874393255,0.7014981422339509,1.7107646376278938,-1.0028039309991141,1.7279038324066063,-0.5738091541336192,1.0959875190286648,-1.0959875190286648,-0.5784279906300535,-0.5776581893550843,-0.5765804684883443,1.733900301750437,0
-0.41934240343568036,0.6749317857019538,-0.004425957213915414,0.24700837022539723,-0.9115834940401767,0.646091668153197,-1.0306701134001208,-0.794607081445581,-1.43244469563043,1.3610733395393952,-1.0028039309991141,-0.5787359118286177,1.7427397119690018,-0.9124191495230389,0.9124191495230393,-0.5784279906300535,-0.5776581893550843,-0.5765804684883443,1.733900301750437,0
0.9050448875713819,-0.9460792562201749,1.378685672134612,1.0036223743401222,-0.9115834940401767,0.646091668153197,-1.0306701134001208,0.7265439282297768,1.4128124215220779,0.03755817335634324,-1.0028039309991141,1.7279038324066063,-0.5738091541336192,1.0959875190286648,-1.0959875190286648,-0.5784279906300535,-0.5776581893550843,-0.5765804684883443,1.733900301750437,1
0.035915727847997285,-0.9460792562201749,0.6871298574603482,-1.2258476714090278,0.8077365626180215,0.646091668153197,0.9702425509371355,0.8536940407423292,-0.009816137054176019,0.8343231563427959,0.9972039090469852,-0.5787359118286177,-0.5738091541336192,-0.9124191495230389,0.9124191495230393,-0.5784279906300535,1.731127539482183,-0.5765804684883443,-0.5767344287272242,0
-0.19171333779384153,-0.08789693990845966,-1.3875375865624426,0.7070089918064004,-0.9115834940401767,0.646091668153197,-1.0306701134001208,-0.12647680833354102,-0.009816137054176019,0.2633082518691715,-1.0028039309991141,-0.5787359118286177,1.7427397119690018,-0.9124191495230389,0.9124191495230393,1.7288236672481017,-0.5776581893550843,-0.5765804684883443,-0.5767344287272242,0
1.0498997475252794,-0.27860412131106305,-1.0417596792253108,-1.2258476714090278,0.8077365626180215,0.646091668153197,0.9702425509371355,-0.9480378863781935,-1.43244469563043,-1.573677681127372,-1.0028039309991141,-0.5787359118286177,1.7427397119690018,-0.9124191495230389,0.9124191495230393,-0.5784279906300535,-0.5776581893550843,-0.5765804684883443,1.733900301750437,0
0.12903670924693136,-0.9460792562201749,-0.35020386455104724,0.4203712023492709,0.8077365626180215,-1.5477679860172513,-1.0306701134001208,-1.3723300267769374,0.7014981422339509,-1.0557804421861778,-1.0028039309991141,1.7279038324066063,-0.5738091541336192,1.0959875190286648,-1.0959875190286648,-0.5784279906300535,-0.5776581893550843,1.7343632929879855,-0.5767344287272242,0
-0.22275366492681956,-0.4693113027136664,0.3413519501232164,-1.2258476714090278,0.8077365626180215,0.646091668153197,-1.0306701134001208,1.5694873910682725,-0.009816137054176019,0.5952936614468601,-1.0028039309991141,-0.5787359118286177,1.7427397119690018,-0.9124191495230389,0.9124191495230393,1.7288236672481017,-0.5776581893550843,-0.5765804684883443,-0.5767344287272242,0
0.5429077376866382,-0.6600184841162697,-1.3875375865624426,0.7885321630276572,-0.9115834940401767,0.646091668153197,0.9702425509371355,-0.7623950008637026,0.7014981422339509,1.5646910574137107,0.9972039090469852,-0.5787359118286177,-0.5738091541336192,-0.9124191495230389,0.9124191495230393,1.7288236672481017,-0.5776581893550843,-0.5765804684883443,-0.5767344287272242,0
2.012149888647598,0.38887101359804876,-0.695981771888179,1.2112920342653206,0.8077365626180215,0.646091668153197,-1.0306701134001208,-0.03791114962415088,-1.43244469563043,-0.7237950326084893,-1.0028039309991141,1.7279038324066063,-0.5738091541336192,1.0959875190286648,-1.0959875190286648,1.7288236672481017,-0.5776581893550843,-0.5765804684883443,-0.5767344287272242,0
0.8326174575944332,0.1981638321954454,-0.695981771888179,-1.2258476714090278,0.8077365626180215,0.646091668153197,-1.0306701134001208,0.022283658772917367,0.7014981422339509,-1.392192323891569,-1.0028039309991141,-0.5787359118286177,1.7427397119690018,-0.9124191495230389,0.9124191495230393,-0.5784279906300535,-0.5776581893550843,1.7343632929879855,-0.5767344287272242,0
1.2257949346121548,-0.7553720748175714,0.6871298574603482,1.1608087249819317,0.8077365626180215,0.646091668153197,-1.0306701134001208,-0.8046414043385075,1.4128124215220779,0.6926760482563155,-1.0028039309991141,1.7279038324066063,-0.5738091541336192,1.0959875190286648,-1.0959875190286648,-0.5784279906300535,-0.5776581893550843,-0.5765804684883443,1.733900301750437,0
0.24285124206785078,-0.6600184841162697,-1.0417596792253108,-1.2258476714090278,0.8077365626180215,0.646091668153197,-1.0306701134001208,0.7040620369174005,-1.43244469563043,0.7989113793211757,-1.0028039309991141,-0.5787359118286177,1.7427397119690018,-0.9124191495230389,0.9124191495230393,1.7288236672481017,-0.5776581893550843,-0.5765804684883443,-0.5767344287272242,0
-0.9159876375633287,2.200589236922781,-0.695981771888179,-1.2258476714090278,0.8077365626180215,0.646091668153197,-1.0306701134001208,0.10252155112471026,-0.721130416342303,1.0556467627279216,0.9972039090469852,-0.5787359118286177,-0.5738091541336192,-0.9124191495230389,0.9124191495230393,-0.5784279906300535,1.731127539482183,-0.5765804684883443,-0.5767344287272242,0
-1.1746570303381456,-0.18325053060976135,0.3413519501232164,-1.2258476714090278,-0.9115834940401767,0.646091668153197,0.9702425509371355,-1.4309029630724142,-0.721130416342303,-1.1974275502726583,0.9972039090469852,-0.5787359118286177,-0.5738091541336192,-0.9124191495230389,0.9124191495230393,-0.5784279906300535,-0.5776581893550843,1.7343632929879855,-0.5767344287272242,0
-0.5124633848346144,-0.18325053060976135,-0.004425957213915414,-1.2258476714090278,-0.9115834940401767,-1.5477679860172513,-1.0306701134001208,-1.3803673968217163,-0.721130416342303,1.6842058048616788,0.9972039090469852,-0.5787359118286177,-0.5738091541336192,1.0959875190286648,-1.0959875190286648,-0.5784279906300535,1.731127539482183,-0.5765804684883443,-0.5767344287272242,0
1.2878755888781108,2.0098820555201775,0.6871298574603482,-1.2258476714090278,0.8077365626180215,0.646091668153197,0.9702425509371355,0.1994250618121429,-1.43244469563043,0.989249680812384,0.9972039090469852,-0.5787359118286177,-0.5738091541336192,-0.9124191495230389,0.9124191495230393,-0.5784279906300535,-0.5776581893550843,-0.5765804684883443,1.733900301750437,0
-0.3158746463257536,-1.0414328469214764,1.03290776479748,-1.2258476714090278,0.8077365626180215,0.646091668153197,0.9702425509371355,1.7357540608074749,0.7014981422339509,1.4451763099657429,0.9972039090469852,-0.5787359118286177,-0.5738091541336192,-0.9124191495230389,0.9124191495230393,-0.5784279906300535,-0.5776581893550843,-0.5765804684883443,1.733900301750437,0
1.1016336260802426,-0.27860412131106305,-1.3875375865624426,-0.17848075737455044,-0.9115834940401767,-1.5477679860172513,-1.0306701134001208,-0.6181894086183016,-0.721130416342303,0.8033378514488783,-1.0028039309991141,1.7279038324066063,-0.5738091541336192,-0.9124191495230389,0.9124191495230393,-0.5784279906300535,-0.5776581893550843,-0.5765804684883443,1.733900301750437,0
0.04626250355898996,0.48422460429935044,1.03290776479748,0.17606966194510063,-0.9115834940401767,-1.5477679860172513,0.9702425509371355,1.5389916048621535,0.7014981422339509,0.46692596974348716,0.9972039090469852,-0.5787359118286177,-0.5738091541336192,-0.9124191495230389,0.9124191495230393,-0.5784279906300535,-0.5776581893550843,-0.5765804684883443,1.733900301750437,0
0.5015206348426676,-0.7553720748175714,1.7244635794717436,0.7909694054670993,0.8077365626180215,0.646091668153197,-1.0306701134001208,1.5528798519951965,-1.43244469563043,-0.8742950849503748,-1.0028039309991141,1.7279038324066063,-0.5738091541336192,1.0959875190286648,-1.0959875190286648,1.7288236672481017,-0.5776581893550843,-0.5765804684883443,-0.5767344287272242,0
2.032843440069583,-0.7553720748175714,-0.004425957213915414,-1.2258476714090278,0.8077365626180215,0.646091668153197,0.9702425509371355,-0.4132247349009249,0.7014981422339509,0.8166172678319858,-1.0028039309991141,-0.5787359118286177,1.7427397119690018,-0.9124191495230389,0.9124191495230393,-0.5784279906300535,-0.5776581893550843,-0.5765804684883443,1.733900301750437,0
-0.5952375905225558,0.1981638321954454,-0.35020386455104724,0.69264693931473,0.8077365626180215,0.646091668153197,0.9702425509371355,0.16855245595939045,-0.009816137054176019,0.9184261267691437,-1.0028039309991141,1.7279038324066063,-0.5738091541336192,1.0959875190286648,-1.0959875190286648,-0.5784279906300535,1.731127539482183,-0.5765804684883443,-0.5767344287272242,0
-0.8228666561643946,0.10281024149414371,1.7244635794717436,0.5835625901266766,-0.9115834940401767,0.646091668153197,0.9702425509371355,0.3705994292379767,-0.721130416342303,-1.3346481862314363,0.9972039090469852,-0.5787359118286177,-0.5738091541336192,-0.9124191495230389,0.9124191495230393,-0.5784279906300535,1.731127539482183,-0.5765804684883443,-0.5767344287272242,0
0.47048030770968957,-0.7553720748175714,-0.695981771888179,1.1879073605879578,-0.9115834940401767,-1.5477679860172513,-1.0306701134001208,-1.6436716464442689,1.4128124215220779,-1.2416922715496834,-1.0028039309991141,1.7279038324066063,-0.5738091541336192,-0.9124191495230389,0.9124191495230393,-0.5784279906300535,-0.5776581893550843,1.7343632929879855,-0.5767344287272242,0
-0.967721516118292,-1.0414328469214764,0.6871298574603482,1.12124612738271,0.8077365626180215,0.646091668153197,-1.0306701134001208,1.4646320642198374,-1.43244469563043,0.6041466057022651,0.9972039090469852,-0.5787359118286177,-0.5738091541336192,1.0959875190286648,-1.0959875190286648,-0.5784279906300535,1.731127539482183,-0.5765804684883443,-0.5767344287272242,0
-1.5471409559338818,-1.4228472097266833,-0.35020386455104724,0.8706010573045005,0.8077365626180215,0.646091668153197,-1.0306701134001208,-0.34515601306629307,-1.43244469563043,0.8387496284704984,-1.0028039309991141,1.7279038324066063,-0.5738091541336192,-0.9124191495230389,0.9124191495230393,-0.5784279906300535,1.731127539482183,-0.5765804684883443,-0.5767344287272242,0
1.1947546074791768,-1.1367864376227783,0.6871298574603482,1.3190435690832552,0.8077365626180215,-1.5477679860172513,0.9702425509371355,-0.9131136433465972,-0.009816137054176019,0.4624994976157847,0.9972039090469852,-0.5787359118286177,-0.5738091541336192,1.0959875190286648,-1.0959875190286648,-0.5784279906300535,1.731127539482183,-0.5765804684883443,-0.5767344287272242,0
-1.6195683859108305,0.10281024149414371,0.6871298574603482,-1.2258476714090278,0.8077365626180215,-1.5477679860172513,0.9702425509371355,1.0082394806241433,0.7014981422339509,1.3433674510285851,0.9972039090469852,-0.5787359118286177,-0.5738091541336192,-0.9124191495230389,0.9124191495230393,-0.5784279906300535,1.731127539482183,-0.5765804684883443,-0.5767344287272242,0
0.9050448875713819,-0.08789693990845966,0.6871298574603482,-1.2258476714090278,0.8077365626180215,-1.5477679860172513,-1.0306701134001208,-0.5366735986000999,-0.721130416342303,0.31199944527389917,0.9972039090469852,-0.5787359118286177,-0.5738091541336192,1.0959875190286648,-1.0959875190286648,-0.5784279906300535,-0.5776581893550843,1.7343632929879855,-0.5767344287272242,0
0.7601900276174844,-0.7553720748175714,1.378685672134612,0.988558655023971,-0.9115834940401767,0.646091668153197,-1.0306701134001208,-1.5157958909296858,1.4128124215220779,-1.0203686651645578,-1.0028039309991141,1.7279038324066063,-0.5738091541336192,-0.9124191495230389,0.9124191495230393,-0.5784279906300535,-0.5776581893550843,1.7343632929879855,-0.5767344287272242,0
-0.0882455806839148,0.10281024149414371,-1.3875375865624426,1.2561608870552468,-0.9115834940401767,0.646091668153197,0.9702425509371355,0.6601259442380107,0.7014981422339509,0.4846318582542972,0.9972039090469852,-0.5787359118286177,-0.5738091541336192,-0.9124191495230389,0.9124191495230393,-0.5784279906300535,-0.5776581893550843,-0.5765804684883443,1.733900301750437,0
0.19111736351288738,-0.08789693990845966,1.03290776479748,-1.2258476714090278,0.8077365626180215,0.646091668153197,-1.0306701134001208,-0.27893835036336906,0.7014981422339509,0.8564555169813085,0.9972039090469852,-0.5787359118286177,-0.5738091541336192,1.0959875190286648,-1.0959875190286648,-0.5784279906300535,-0.5776581893550843,1.7343632929879855,-0.5767344287272242,0
1.7638272715837737,-0.08789693990845966,1.03290776479748,-1.2258476714090278,0.8077365626180215,-1.5477679860172513,0.9702425509371355,0.4547425433821506,-0.721130416342303,1.6266616672015461,-1.0028039309991141,-0.5787359118286177,1.7427397119690018,1.0959875190286648,-1.0959875190286648,-0.5784279906300535,-0.5776581893550843,1.7343632929879855,-0.5767344287272242,1
1.277528813167118,0.6749317857019538,1.378685672134612,-1.2258476714090278,0.8077365626180215,0.646091668153197,0.9702425509371355,-1.13577962428533,-0.721130416342303,1.3832057001779077,-1.0028039309991141,-0.5787359118286177,1.7427397119690018,-0.9124191495230389,0.9124191495230393,-0.5784279906300535,-0.5776581893550843,-0.5765804684883443,1.733900301750437,0
0.6463754947965651,0.7702853764032556,-1.3875375865624426,0.31267431997243933,-0.9115834940401767,0.646091668153197,-1.0306701134001208,1.694366673970588,1.4128124215220779,0.6661172154901004,-1.0028039309991141,1.7279038324066063,-0.5738091541336192,-0.9124191495230389,0.9124191495230393,-0.5784279906300535,1.731127539482183,-0.5765804684883443,-0.5767344287272242,0
-1.1746570303381456,4.298368232351418,1.03290776479748,0.2525303503009237,-0.9115834940401767,0.646091668153197,0.9702425509371355,1.4979883410522221,-0.009816137054176019,0.714808408894828,-1.0028039309991141,1.7279038324066063,-0.5738091541336192,-0.9124191495230389,0.9124191495230393,-0.5784279906300535,-0.5776581893550843,-0.5765804684883443,1.733900301750437,0
-0.3572617491697243,-0.9460792562201749,1.378685672134612,-1.2258476714090278,-0.9115834940401767,0.646091668153197,0.9702425509371355,1.1632232972153074,-0.721130416342303,-1.3125158255929237,0.9972039090469852,-0.5787359118286177,-0.5738091541336192,-0.9124191495230389,0.9124191495230393,-0.5784279906300535,-0.5776581893550843,1.7343632929879855,-0.5767344287272242,0
0.2738915692008288,-0.4693113027136664,-0.695981771888179,0.8052583743425149,-0.9115834940401767,0.646091668153197,0.9702425509371355,-1.2865052223685316,-0.009816137054176019,-0.7415009211192993,-1.0028039309991141,1.7279038324066063,-0.5738091541336192,-0.9124191495230389,0.9124191495230393,-0.5784279906300535,-0.5776581893550843,-0.5765804684883443,1.733900301750437,1
0.3773593263107555,-0.08789693990845966,1.378685672134612,0.7386090011977995,-0.9115834940401767,0.646091668153197,0.9702425509371355,-1.1212664164647004,0.7014981422339509,-0.05097126919770706,0.9972039090469852,-0.5787359118286177,-0.5738091541336192,-0.9124191495230389,0.9124191495230393,1.7288236672481017,-0.5776581893550843,-0.5765804684883443,-0.5767344287272242,0
-1.1746570303381456,-1.23214002832408,0.6871298574603482,0.4794006468729022,-0.9115834940401767,-1.5477679860172513,-1.0306701134001208,0.06039182784505576,-0.009816137054176019,-0.7149420883530843,0.9972039090469852,-0.5787359118286177,-0.5738091541336192,-0.9124191495230389,0.9124191495230393,1.7288236672481017,-0.5776581893550843,-0.5765804684883443,-0.5767344287272242,0
-1.319511890292043,2.0098820555201775,-1.3875375865624426,1.4009049123007784,-0.9115834940401767,-1.5477679860172513,0.9702425509371355,-0.7482231391281403,-1.43244469563043,-1.3169422977206262,-1.0028039309991141,1.7279038324066063,-0.5738091541336192,-0.9124191495230389,0.9124191495230393,1.7288236672481017,-0.5776581893550843,-0.5765804684883443,-0.5767344287272242,0
-3.1095040882937757,0.0074566507928420294,-1.7333154938995745,0.5328582670125522,0.8077365626180215,-1.5477679860172513,-1.0306701134001208,0.4088479275463095,-0.721130416342303,-1.529412959850347,-1.0028039309991141,1.7279038324066063,-0.5738091541336192,-0.9124191495230389,0.9124191495230393,-0.5784279906300535,1.731127539482183,-0.5765804684883443,-0.5767344287272242,1
-0.38830207630270236,0.48422460429935044,1.378685672134612,0.38527247510076534,-0.9115834940401767,0.646091668153197,0.9702425509371355,-0.9179877802617472,0.7014981422339509,-0.5423096753726862,-1.0028039309991141,-0.5787359118286177,1.7427397119690018,-0.9124191495230389,0.9124191495230393,1.7288236672481017,-0.5776581893550843,-0.5765804684883443,-0.5767344287272242,0
-0.1710197863718562,-0.27860412131106305,-1.0417596792253108,0.152422624496227,-0.9115834940401767,0.646091668153197,-1.0306701134001208,-1.464198378402112,0.7014981422339509,-0.2413095706889152,-1.0028039309991141,-0.5787359118286177,1.7427397119690018,-0.9124191495230389,0.9124191495230393,-0.5784279906300535,-0.5776581893550843,-0.5765804684883443,1.733900301750437,0
-1.536794180222889,2.391296418325384,-0.695981771888179,1.0125523588367897,-0.9115834940401767,-1.5477679860172513,0.9702425509371355,0.01573478719384262,0.7014981422339509,0.37397005506173436,0.9972039090469852,-0.5787359118286177,-0.5738091541336192,1.0959875190286648,-1.0959875190286648,-0.5784279906300535,1.731127539482183,-0.5765804684883443,-0.5767344287272242,0
-1.5471409559338818,0.2935174228967471,1.378685672134612,0.6113595268643296,-0.9115834940401767,-1.5477679860172513,0.9702425509371355,-0.15059743907825338,0.7014981422339509,-0.6928097277145717,0.9972039090469852,-0.5787359118286177,-0.5738091541336192,-0.9124191495230389,0.9124191495230393,-0.5784279906300535,-0.5776581893550843,-0.5765804684883443,1.733900301750437,0
1.9293756829596567,-0.7553720748175714,1.378685672134612,0.4518479632737845,-0.9115834940401767,-1.5477679860172513,0.9702425509371355,-0.8541066775919617,-0.721130416342303,-1.520560015594942,-1.0028039309991141,-0.5787359118286177,1.7427397119690018,-0.9124191495230389,0.9124191495230393,-0.5784279906300535,-0.5776581893550843,-0.5765804684883443,1.733900301750437,0
-0.38830207630270236,-1.80426157253189,-0.695981771888179,-1.2258476714090278,0.8077365626180215,0.646091668153197,0.9702425509371355,0.8611647032520928,-1.43244469563043,0.9317055431522512,0.9972039090469852,-0.5787359118286177,-0.5738091541336192,-0.9124191495230389,0.9124191495230393,-0.5784279906300535,1.731127539482183,-0.5765804684883443,-0.5767344287272242,0
-0.7607860018984386,0.10281024149414371,-1.3875375865624426,-1.2258476714090278,0.8077365626180215,0.646091668153197,0.9702425509371355,0.1512279683846677,-1.43244469563043,-0.3386919574983705,-1.0028039309991141,-0.5787359118286177,1.7427397119690018,1.0959875190286648,-1.0959875190286648,-0.5784279906300535,1.731127539482183,-0.5765804684883443,-0.5767344287272242,0
0.8119239061724478,-0.9460792562201749,-0.004425957213915414,0.5319498504841933,-0.9115834940401767,0.646091668153197,0.9702425509371355,-1.2962068936767746,0.7014981422339509,0.8121907957042833,-1.0028039309991141,1.7279038324066063,-0.5738091541336192,-0.9124191495230389,0.9124191495230393,-0.5784279906300535,-0.5776581893550843,1.7343632929879855,-0.5767344287272242,0
-0.0468584778399441,0.38887101359804876,1.03290776479748,1.0670206484591205,-0.9115834940401767,0.646091668153197,-1.0306701134001208,-0.6634362841755509,1.4128124215220779,-1.2682511043158986,0.9972039090469852,-0.5787359118286177,-0.5738091541336192,1.0959875190286648,-1.0959875190286648,1.7288236672481017,-0.5776581893550843,-0.5765804684883443,-0.5767344287272242,0
-0.4710762819906437,0.1981638321954454,-0.004425957213915414,0.24244240719144833,-0.9115834940401767,0.646091668153197,0.9702425509371355,-1.246137526536655,1.4128124215220779,-0.34311842962607303,0.9972039090469852,-0.5787359118286177,-0.5738091541336192,-0.9124191495230389,0.9124191495230393,-0.5784279906300535,-0.5776581893550843,-0.5765804684883443,1.733900301750437,0
-0.015818150706966082,3.7262466881436076,-0.35020386455104724,-0.13046113526016917,0.8077365626180215,0.646091668153197,0.9702425509371355,0.7386240670630082,-0.721130416342303,-0.7105156162253817,-1.0028039309991141,1.7279038324066063,-0.5738091541336192,-0.9124191495230389,0.9124191495230393,-0.5784279906300535,-0.5776581893550843,1.7343632929879855,-0.5767344287272242,0
0.11868993353593868,1.9145284648188758,-1.0417596792253108,0.450081615609874,-0.9115834940401767,0.646091668153197,-1.0306701134001208,-1.6003236497708384,1.4128124215220779,-0.2678684034551303,-1.0028039309991141,1.7279038324066063,-0.5738091541336192,-0.9124191495230389,0.9124191495230393,1.7288236672481017,-0.5776581893550843,-0.5765804684883443,-0.5767344287272242,1
1.1740610560571914,0.0074566507928420294,-1.3875375865624426,0.8427478654148618,0.8077365626180215,0.646091668153197,0.9702425509371355,1.5270130177934047,-1.43244469563043,1.6664999163508687,0.9972039090469852,-0.5787359118286177,-0.5738091541336192,1.0959875190286648,-1.0959875190286648,1.7288236672481017,-0.5776581893550843,-0.5765804684883443,-0.5767344287272242,0
-0.4710762819906437,-0.27860412131106305,0.3413519501232164,-1.2258476714090278,-0.9115834940401767,-1.5477679860172513,0.9702425509371355,-1.7284562408267587,0.7014981422339509,-1.0336480815476654,0.9972039090469852,-0.5787359118286177,-0.5738091541336192,1.0959875190286648,-1.0959875190286648,1.7288236672481017,-0.5776581893550843,-0.5765804684883443,-0.5767344287272242,0
-0.13997945923887817,0.0074566507928420294,1.378685672134612,0.983389912427009,-0.9115834940401767,0.646091668153197,0.9702425509371355,0.3048737013667674,-1.43244469563043,0.5466024680421324,-1.0028039309991141,1.7279038324066063,-0.5738091541336192,1.0959875190286648,-1.0959875190286648,-0.5784279906300535,-0.5776581893550843,-0.5765804684883443,1.733900301750437,1
-2.023092638639545,0.38887101359804876,0.3413519501232164,-1.2258476714090278,-0.9115834940401767,0.646091668153197,0.9702425509371355,-0.32759920844131557,1.4128124215220779,1.2327056478360223,-1.0028039309991141,-0.5787359118286177,1.7427397119690018,1.0959875190286648,-1.0959875190286648,-0.5784279906300535,-0.5776581893550843,1.7343632929879855,-0.5767344287272242,0
0.6049883919525944,0.5795781950006521,-0.35020386455104724,0.7441678436236301,-0.9115834940401767,0.646091668153197,0.9702425509371355,-1.7402678934881386,1.4128124215220779,-1.5603982647442647,-1.0028039309991141,1.7279038324066063,-0.5738091541336192,-0.9124191495230389,0.9124191495230393,-0.5784279906300535,1.731127539482183,-0.5765804684883443,-0.5767344287272242,1
0.2635447934898361,-0.9460792562201749,-0.35020386455104724,1.0295019880487069,-0.9115834940401767,0.646091668153197,-1.0306701134001208,-1.110619131294717,1.4128124215220779,-0.7415009211192993,0.9972039090469852,-0.5787359118286177,-0.5738091541336192,-0.9124191495230389,0.9124191495230393,-0.5784279906300535,-0.5776581893550843,1.7343632929879855,-0.5767344287272242,0
-1.2884715631590649,-0.4693113027136664,-0.695981771888179,0.741104261771198,-0.9115834940401767,0.646091668153197,0.9702425509371355,-0.9271446541759422,-1.43244469563043,-0.7857656423963245,-1.0028039309991141,1.7279038324066063,-0.5738091541336192,-0.9124191495230389,0.9124191495230393,-0.5784279906300535,-0.5776581893550843,1.7343632929879855,-0.5767344287272242,0
-0.7711327776094312,0.0074566507928420294,-1.3875375865624426,-1.2258476714090278,0.8077365626180215,0.646091668153197,0.9702425509371355,-0.5438585598272524,1.4128124215220779,-1.064633386441583,0.9972039090469852,-0.5787359118286177,-0.5738091541336192,-0.9124191495230389,0.9124191495230393,-0.5784279906300535,-0.5776581893550843,-0.5765804684883443,1.733900301750437,0
1.0188594203923014,-1.1367864376227783,1.378685672134612,-1.2258476714090278,0.8077365626180215,0.646091668153197,-1.0306701134001208,0.5676574981963468,0.7014981422339509,0.5864407171914551,0.9972039090469852,-0.5787359118286177,-0.5738091541336192,1.0959875190286648,-1.0959875190286648,-0.5784279906300535,-0.5776581893550843,1.7343632929879855,-0.5767344287272242,0
-1.7437296944427425,1.533114102013669,-0.004425957213915414,0.33388251227098825,-0.9115834940401767,-1.5477679860172513,0.9702425509371355,-0.3768909394671093,1.4128124215220779,-0.8787215570780773,0.9972039090469852,-0.5787359118286177,-0.5738091541336192,-0.9124191495230389,0.9124191495230393,-0.5784279906300535,1.731127539482183,-0.5765804684883443,-0.5767344287272242,0
-1.9092781058186254,-0.9460792562201749,0.3413519501232164,-1.2258476714090278,0.8077365626180215,0.646091668153197,0.9702425509371355,-1.691827527939925,-0.721130416342303,0.9626908480461688,0.9972039090469852,-0.5787359118286177,-0.5738091541336192,-0.9124191495230389,0.9124191495230393,-0.5784279906300535,1.731127539482183,-0.5765804684883443,-0.5767344287272242,0
-1.6506087130438085,3.1541251439357976,0.3413519501232164,0.23719048389966998,-0.9115834940401767,0.646091668153197,0.9702425509371355,-1.618173285168742,-0.009816137054176019,-1.4585894058071067,0.9972039090469852,-0.5787359118286177,-0.5738091541336192,1.0959875190286648,-1.0959875190286648,-0.5784279906300535,1.731127539482183,-0.5765804684883443,-0.5767344287272242,0
0.07730283069196799,-1.4228472097266833,-1.0417596792253108,-1.2258476714090278,0.8077365626180215,0.646091668153197,0.9702425509371355,-0.26771670649803275,-0.009816137054176019,0.40495535995565196,0.9972039090469852,-0.5787359118286177,-0.5738091541336192,1.0959875190286648,-1.0959875190286648,-0.5784279906300535,-0.5776581893550843,1.7343632929879855,-0.5767344287272242,0
0.8326174575944332,0.38887101359804876,-1.0417596792253108,-1.2258476714090278,-0.9115834940401767,0.646091668153197,0.9702425509371355,1.2162686179467892,-0.721130416342303,0.7546466580441507,0.9972039090469852,-0.5787359118286177,-0.5738091541336192,-0.9124191495230389,0.9124191495230393,1.7288236672481017,-0.5776581893550843,-0.5765804684883443,-0.5767344287272242,1
0.6567222705075577,-0.4693113027136664,-0.004425957213915414,-1.2258476714090278,0.8077365626180215,0.646091668153197,-1.0306701134001208,1.616309014535033,-0.009816137054176019,-0.7105156162253817,-1.0028039309991141,-0.5787359118286177,1.7427397119690018,-0.9124191495230389,0.9124191495230393,-0.5784279906300535,-0.5776581893550843,-0.5765804684883443,1.733900301750437,0
0.33597222346678485,-0.3739577120123647,-0.004425957213915414,1.097473597671715,-0.9115834940401767,-1.5477679860172513,0.9702425509371355,-1.274500899578647,-0.721130416342303,-0.14392718387945988,-1.0028039309991141,1.7279038324066063,-0.5738091541336192,-0.9124191495230389,0.9124191495230393,-0.5784279906300535,-0.5776581893550843,-0.5765804684883443,1.733900301750437,0
0.7084561490625211,0.8656389671045572,-0.004425957213915414,-1.2258476714090278,0.8077365626180215,-1.5477679860172513,-1.0306701134001208,-0.3743257140738772,0.7014981422339509,1.3964851165610153,-1.0028039309991141,-0.5787359118286177,1.7427397119690018,1.0959875190286648,-1.0959875190286648,-0.5784279906300535,1.731127539482183,-0.5765804684883443,-0.5767344287272242,0
-0.6055843662335485,1.533114102013669,1.03290776479748,0.15000637756934931,0.8077365626180215,0.646091668153197,0.9702425509371355,0.5012932462169524,-0.721130416342303,-0.188191905156485,-1.0028039309991141,-0.5787359118286177,1.7427397119690018,-0.9124191495230389,0.9124191495230393,-0.5784279906300535,-0.5776581893550843,1.7343632929879855,-0.5767344287272242,0
-0.9263344132743214,-0.9460792562201749,1.378685672134612,0.7017027366156958,-0.9115834940401767,0.646091668153197,0.9702425509371355,1.2829630870507598,1.4128124215220779,-0.17933896090107998,0.9972039090469852,-0.5787359118286177,-0.5738091541336192,-0.9124191495230389,0.9124191495230393,-0.5784279906300535,1.731127539482183,-0.5765804684883443,-0.5767344287272242,0
-0.9263344132743214,-1.6135543911292867,0.3413519501232164,1.7678393183405738,0.8077365626180215,0.646091668153197,-1.0306701134001208,-0.4660850366642394,1.4128124215220779,1.5823969459245208,0.9972039090469852,-0.5787359118286177,-0.5738091541336192,1.0959875190286648,-1.0959875190286648,-0.5784279906300535,-0.5776581893550843,-0.5765804684883443,1.733900301750437,0
-0.5331569362565998,-0.08789693990845966,1.378685672134612,0.20235412042267525,-0.9115834940401767,-1.5477679860172513,-1.0306701134001208,0.9937702669754555,-0.009816137054176019,-0.028838908559194482,-1.0028039309991141,1.7279038324066063,-0.5738091541336192,-0.9124191495230389,0.9124191495230393,-0.5784279906300535,-0.5776581893550843,-0.5765804684883443,1.733900301750437,0
0.19111736351288738,0.7702853764032556,-1.7333154938995745,-0.20453971443091806,0.8077365626180215,0.646091668153197,0.9702425509371355,1.4230812207757355,-1.43244469563043,-1.2859569928267087,-1.0028039309991141,1.7279038324066063,-0.5738091541336192,-0.9124191495230389,0.9124191495230393,1.7288236672481017,-0.5776581893550843,-0.5765804684883443,-0.5767344287272242,0
-0.6676650204995045,0.2935174228967471,0.3413519501232164,0.8048589787905265,0.8077365626180215,0.646091668153197,-1.0306701134001208,-1.015655711422922,0.7014981422339509,-1.6533541794260174,-1.0028039309991141,1.7279038324066063,-0.5738091541336192,-0.9124191495230389,0.9124191495230393,-0.5784279906300535,1.731127539482183,-0.5765804684883443,-0.5767344287272242,0
-0.19171333779384153,-0.6600184841162697,-1.3875375865624426,-1.2258476714090278,0.8077365626180215,0.646091668153197,-1.0306701134001208,-1.4009377152797136,-1.43244469563043,-0.3696772623922881,-1.0028039309991141,-0.5787359118286177,1.7427397119690018,1.0959875190286648,-1.0959875190286648,-0.5784279906300535,1.731127539482183,-0.5765804684883443,-0.5767344287272242,0
-1.2367376846041016,1.3424069206110656,-0.004425957213915414,0.8198916055155515,-0.9115834940401767,0.646091668153197,-1.0306701134001208,0.7200995645453155,-0.009816137054176019,-1.175295189634146,0.9972039090469852,-0.5787359118286177,-0.5738091541336192,1.0959875190286648,-1.0959875190286648,-0.5784279906300535,-0.5776581893550843,-0.5765804684883443,1.733900301750437,1
-0.99876184325127,1.4377605113123673,0.3413519501232164,0.5171805491572087,-0.9115834940401767,0.646091668153197,-1.0306701134001208,-1.029010116232401,-1.43244469563043,-0.8477362521841597,-1.0028039309991141,1.7279038324066063,-0.5738091541336192,1.0959875190286648,-1.0959875190286648,1.7288236672481017,-0.5776581893550843,-0.5765804684883443,-0.5767344287272242,1
0.2738915692008288,-1.3274936190253817,1.03290776479748,0.8715589975991376,-0.9115834940401767,0.646091668153197,-1.0306701134001208,-1.0029980838741999,1.4128124215220779,-1.6400747630429098,-1.0028039309991141,-0.5787359118286177,1.7427397119690018,1.0959875190286648,-1.0959875190286648,1.7288236672481017,-0.5776581893550843,-0.5765804684883443,-0.5767344287272242,0
-1.319511890292043,-1.6135543911292867,1.03290776479748,0.7514882255807229,-0.9115834940401767,0.646091668153197,0.9702425509371355,0.4315315312675898,0.7014981422339509,1.1308967888988644,0.9972039090469852,-0.5787359118286177,-0.5738091541336192,-0.9124191495230389,0.9124191495230393,-0.5784279906300535,-0.5776581893550843,1.7343632929879855,-0.5767344287272242,0
-0.398648852013695,0.48422460429935044,-1.0417596792253108,0.6198883528270379,-0.9115834940401767,0.646091668153197,0.9702425509371355,-0.04195478786264162,-1.43244469563043,-1.6046629860212898,-1.0028039309991141,1.7279038324066063,-0.5738091541336192,-0.9124191495230389,0.9124191495230393,1.7288236672481017,-0.5776581893550843,-0.5765804684883443,-0.5767344287272242,1
-1.2367376846041016,2.391296418325384,-1.0417596792253108,1.5909947570949512,0.8077365626180215,0.646091668153197,0.9702425509371355,-0.6845847869090701,-1.43244469563043,1.2415585920914272,-1.0028039309991141,1.7279038324066063,-0.5738091541336192,1.0959875190286648,-1.0959875190286648,1.7288236672481017,-0.5776581893550843,-0.5765804684883443,-0.5767344287272242,0
-1.5161006288009038,-0.4693113027136664,-1.7333154938995745,-0.344664246099016,-0.9115834940401767,0.646091668153197,0.9702425509371355,0.6402567502909616,-1.43244469563043,-0.5821479245220088,-1.0028039309991141,-0.5787359118286177,1.7427397119690018,-0.9124191495230389,0.9124191495230393,-0.5784279906300535,-0.5776581893550843,1.7343632929879855,-0.5767344287272242,0
-0.7711327776094312,-0.27860412131106305,0.3413519501232164,-1.2258476714090278,0.8077365626180215,0.646091668153197,0.9702425509371355,-0.9003370750326247,-0.721130416342303,1.0644997069833266,0.9972039090469852,-0.5787359118286177,-0.5738091541336192,-0.9124191495230389,0.9124191495230393,-0.5784279906300535,-0.5776581893550843,1.7343632929879855,-0.5767344287272242,0
0.25319801777884343,-0.9460792562201749,1.03290776479748,0.718664065617057,-0.9115834940401767,0.646091668153197,-1.0306701134001208,0.5802236596010315,-0.721130416342303,-1.228412855166576,-1.0028039309991141,1.7279038324066063,-0.5738091541336192,1.0959875190286648,-1.0959875190286648,-0.5784279906300535,-0.5776581893550843,-0.5765804684883443,1.733900301750437,0
-0.20206011350483422,-0.4693113027136664,0.3413519501232164,0.7811922279977948,0.8077365626180215,-1.5477679860172513,0.9702425509371355,0.48961844499161317,-0.721130416342303,-1.3346481862314363,-1.0028039309991141,1.7279038324066063,-0.5738091541336192,1.0959875190286648,-1.0959875190286648,-0.5784279906300535,-0.5776581893550843,1.7343632929879855,-0.5767344287272242,0
0.13938348495792402,0.10281024149414371,0.6871298574603482,0.7872969537502996,-0.9115834940401767,0.646091668153197,-1.0306701134001208,0.3822665793029781,-0.721130416342303,-0.6573979506929516,0.9972039090469852,-0.5787359118286177,-0.5738091541336192,-0.9124191495230389,0.9124191495230393,-0.5784279906300535,-0.5776581893550843,1.7343632929879855,-0.5767344287272242,0
-2.0644797414835154,-0.7553720748175714,0.6871298574603482,1.0328819450293996,-0.9115834940401767,-1.5477679860172513,0.9702425509371355,-1.385928920937208,1.4128124215220779,-0.6573979506929516,0.9972039090469852,-0.5787359118286177,-0.5738091541336192,1.0959875190286648,-1.0959875190286648,-0.5784279906300535,-0.5776581893550843,1.7343632929879855,-0.5767344287272242,0
-1.8471974515526692,-1.23214002832408,-0.004425957213915414,-1.2258476714090278,0.8077365626180215,0.646091668153197,-1.0306701134001208,0.14470118083656786,-0.721130416342303,1.2681174248576423,0.9972039090469852,-0.5787359118286177,-0.5738091541336192,1.0959875190286648,-1.0959875190286648,-0.5784279906300535,-0.5776581893550843,-0.5765804684883443,1.733900301750437,0
0.3980528777327409,-1.6135543911292867,-0.35020386455104724,0.9609591722670765,-0.9115834940401767,0.646091668153197,-1.0306701134001208,-0.8365846509685193,-1.43244469563043,1.3832057001779077,0.9972039090469852,-0.5787359118286177,-0.5738091541336192,-0.9124191495230389,0.9124191495230393,1.7288236672481017,-0.5776581893550843,-0.5765804684883443,-0.5767344287272242,1
-0.42968917914667304,-0.6600184841162697,0.6871298574603482,0.6736918379751917,-0.9115834940401767,-1.5477679860172513,-1.0306701134001208,-1.6741218734683772,-1.43244469563043,0.55988188442524,0.9972039090469852,-0.5787359118286177,-0.5738091541336192,-0.9124191495230389,0.9124191495230393,-0.5784279906300535,1.731127539482183,-0.5765804684883443,-0.5767344287272242,0
-0.3262214220367463,0.0074566507928420294,-0.004425957213915414,-1.2258476714090278,0.8077365626180215,0.646091668153197,0.9702425509371355,1.0147241867903853,-1.43244469563043,-0.35197137388147803,0.9972039090469852,-0.5787359118286177,-0.5738091541336192,-0.9124191495230389,0.9124191495230393,-0.5784279906300535,-0.5776581893550843,-0.5765804684883443,1.733900301750437,0
-0.1710197863718562,0.48422460429935044,1.378685672134612,1.1775953584970698,-0.9115834940401767,0.646091668153197,-1.0306701134001208,-0.7471832768822396,-0.721130416342303,0.2942935567630891,0.9972039090469852,-0.5787359118286177,-0.5738091541336192,-0.9124191495230389,0.9124191495230393,-0.5784279906300535,1.731127539482183,-0.5765804684883443,-0.5767344287272242,0
-1.0711892732282189,-0.3739577120123647,-0.35020386455104724,-1.2258476714090278,-0.9115834940401767,0.646091668153197,0.9702425509371355,0.5772711811607061,-1.43244469563043,-1.3346481862314363,0.9972039090469852,-0.5787359118286177,-0.5738091541336192,1.0959875190286648,-1.0959875190286648,-0.5784279906300535,1.731127539482183,-0.5765804684883443,-0.5767344287272242,0
1.215448158901162,-1.3274936190253817,0.3413519501232164,-1.2258476714090278,0.8077365626180215,0.646091668153197,0.9702425509371355,-1.3715499562025042,-0.009816137054176019,1.4230439493272304,0.9972039090469852,-0.5787359118286177,-0.5738091541336192,-0.9124191495230389,0.9124191495230393,-0.5784279906300535,-0.5776581893550843,1.7343632929879855,-0.5767344287272242,0
0.7188029247735137,-0.7553720748175714,-0.35020386455104724,1.0396878567931203,-0.9115834940401767,-1.5477679860172513,-1.0306701134001208,0.6589640112067215,-0.721130416342303,0.13494056016579856,-1.0028039309991141,-0.5787359118286177,1.7427397119690018,-0.9124191495230389,0.9124191495230393,-0.5784279906300535,-0.5776581893550843,-0.5765804684883443,1.733900301750437,0
-0.8228666561643946,-1.518200800427985,1.7244635794717436,1.1958048787339395,-0.9115834940401767,-1.5477679860172513,0.9702425509371355,-1.4420087961926384,-0.721130416342303,1.0379408742171117,0.9972039090469852,-0.5787359118286177,-0.5738091541336192,1.0959875190286648,-1.0959875190286648,-0.5784279906300535,1.731127539482183,-0.5765804684883443,-0.5767344287272242,0
0.7188029247735137,-0.4693113027136664,-0.695981771888179,-1.2258476714090278,0.8077365626180215,0.646091668153197,0.9702425509371355,-0.4006853525574221,0.7014981422339509,-1.0557804421861778,-1.0028039309991141,-0.5787359118286177,1.7427397119690018,-0.9124191495230389,0.9124191495230393,1.7288236672481017,-0.5776581893550843,-0.5765804684883443,-0.5767344287272242,0
-0.20206011350483422,-0.3739577120123647,1.03290776479748,0.8449427779688278,-0.9115834940401767,0.646091668153197,0.9702425509371355,-0.3641931433266139,-0.721130416342303,-0.6485450064375465,0.9972039090469852,-0.5787359118286177,-0.5738091541336192,-0.9124191495230389,0.9124191495230393,-0.5784279906300535,-0.5776581893550843,-0.5765804684883443,1.733900301750437,0
0.12903670924693136,-0.5646648934149681,1.03290776479748,0.737924803921941,-0.9115834940401767,0.646091668153197,-1.0306701134001208,1.6723012492265943,0.7014981422339509,-1.529412959850347,-1.0028039309991141,-0.5787359118286177,1.7427397119690018,1.0959875190286648,-1.0959875190286648,-0.5784279906300535,-0.5776581893550843,-0.5765804684883443,1.733900301750437,0
0.4083996534437335,-0.8507256655188732,-0.004425957213915414,-1.2258476714090278,0.8077365626180215,-1.5477679860172513,0.9702425509371355,-0.37195437603920367,-0.009816137054176019,1.5381322246474958,-1.0028039309991141,-0.5787359118286177,1.7427397119690018,1.0959875190286648,-1.0959875190286648,-0.5784279906300535,-0.5776581893550843,-0.5765804684883443,1.733900301750437,0
1.0395529718142866,-0.5646648934149681,-0.35020386455104724,0.044807320103328795,-0.9115834940401767,0.646091668153197,-1.0306701134001208,0.3035688307491688,0.7014981422339509,-0.033265380686896995,-1.0028039309991141,-0.5787359118286177,1.7427397119690018,-0.9124191495230389,0.9124191495230393,-0.5784279906300535,1.731127539482183,-0.5765804684883443,-0.5767344287272242,0
1.5775853087859057,-0.4693113027136664,-0.35020386455104724,1.0648935305754963,0.8077365626180215,0.646091668153197,0.9702425509371355,0.25699760889346146,-0.721130416342303,-1.246118743677386,-1.0028039309991141,1.7279038324066063,-0.5738091541336192,-0.9124191495230389,0.9124191495230393,-0.5784279906300535,1.731127539482183,-0.5765804684883443,-0.5767344287272242,0
0.9671255418373379,0.0074566507928420294,-0.35020386455104724,0.2993200520838604,-0.9115834940401767,0.646091668153197,-1.0306701134001208,-1.4029527526886596,-0.009816137054176019,1.3876321723056102,-1.0028039309991141,-0.5787359118286177,1.7427397119690018,-0.9124191495230389,0.9124191495230393,-0.5784279906300535,1.731127539482183,-0.5765804684883443,-0.5767344287272242,0
0.004875400715019266,0.5795781950006521,0.3413519501232164,0.1639280051104321,-0.9115834940401767,0.646091668153197,-1.0306701134001208,-0.24727767499583048,-0.721130416342303,0.7369407695333405,-1.0028039309991141,1.7279038324066063,-0.5738091541336192,1.0959875190286648,-1.0959875190286648,-0.5784279906300535,-0.5776581893550843,1.7343632929879855,-0.5767344287272242,1
1.5465449816529278,0.0074566507928420294,-0.35020386455104724,0.30077803817392446,-0.9115834940401767,0.646091668153197,-1.0306701134001208,-1.4986519011829305,-1.43244469563043,1.3522203952839902,-1.0028039309991141,1.7279038324066063,-0.5738091541336192,-0.9124191495230389,0.9124191495230393,-0.5784279906300535,1.731127539482183,-0.5765804684883443,-0.5767344287272242,0
-0.4814230577016364,3.058771553234496,1.7244635794717436,-1.2258476714090278,0.8077365626180215,0.646091668153197,0.9702425509371355,0.5198260954550136,-1.43244469563043,0.6351319105961827,-1.0028039309991141,-0.5787359118286177,1.7427397119690018,1.0959875190286648,-1.0959875190286648,-0.5784279906300535,1.731127539482183,-0.5765804684883443,-0.5767344287272242,0
0.2945851206228141,1.8191748741175742,1.378685672134612,0.5263584730274422,-0.9115834940401767,0.646091668153197,0.9702425509371355,-1.6738845136078997,-0.009816137054176019,1.3079556740069649,-1.0028039309991141,-0.5787359118286177,1.7427397119690018,-0.9124191495230389,0.9124191495230393,1.7288236672481017,-0.5776581893550843,-0.5765804684883443,-0.5767344287272242,0
2.063883767202561,-0.7553720748175714,-1.3875375865624426,0.8591118640702115,0.8077365626180215,0.646091668153197,0.9702425509371355,-1.662806328998896,-0.009816137054176019,0.5421759959144299,-1.0028039309991141,1.7279038324066063,-0.5738091541336192,1.0959875190286648,-1.0959875190286648,-0.5784279906300535,1.731127539482183,-0.5765804684883443,-0.5767344287272242,0
-1.0298021703842482,-1.1367864376227783,-1.0417596792253108,0.599210818101777,-0.9115834940401767,0.646091668153197,0.9702425509371355,-0.2601476222439247,1.4128124215220779,-0.3741037345199906,-1.0028039309991141,-0.5787359118286177,1.7427397119690018,-0.9124191495230389,0.9124191495230393,-0.5784279906300535,1.731127539482183,-0.5765804684883443,-0.5767344287272242,1
-0.6159311419445411,-0.7553720748175714,0.6871298574603482,-1.2258476714090278,0.8077365626180215,-1.5477679860172513,0.9702425509371355,-0.8922605797361189,0.7014981422339509,-0.8875745013334824,0.9972039090469852,-0.5787359118286177,-0.5738091541336192,1.0959875190286648,-1.0959875190286648,-0.5784279906300535,-0.5776581893550843,1.7343632929879855,-0.5767344287272242,0
-0.4710762819906437,-1.0414328469214764,0.3413519501232164,-1.2258476714090278,0.8077365626180215,-1.5477679860172513,-1.0306701134001208,1.0332245185970113,-1.43244469563043,-0.6131332294159264,0.9972039090469852,-0.5787359118286177,-0.5738091541336192,1.0959875190286648,-1.0959875190286648,1.7288236672481017,-0.5776581893550843,-0.5765804684883443,-0.5767344287272242,0
-2.5818185270331493,0.8656389671045572,1.03290776479748,0.827868778392407,-0.9115834940401767,0.646091668153197,-1.0306701134001208,1.3157093577362176,-0.721130416342303,-0.9938098323983428,-1.0028039309991141,1.7279038324066063,-0.5738091541336192,-0.9124191495230389,0.9124191495230393,-0.5784279906300535,1.731127539482183,-0.5765804684883443,-0.5767344287272242,1
-0.6780117962104972,-0.5646648934149681,1.03290776479748,-1.2258476714090278,0.8077365626180215,0.646091668153197,-1.0306701134001208,0.24504284475576454,0.7014981422339509,0.7634996022995557,-1.0028039309991141,-0.5787359118286177,1.7427397119690018,1.0959875190286648,-1.0959875190286648,-0.5784279906300535,-0.5776581893550843,1.7343632929879855,-0.5767344287272242,0
-0.6159311419445411,-0.4693113027136664,-0.695981771888179,0.3147945461992677,-0.9115834940401767,-1.5477679860172513,-1.0306701134001208,-1.2018960830037868,0.7014981422339509,-0.7946185866517296,0.9972039090469852,-0.5787359118286177,-0.5738091541336192,1.0959875190286648,-1.0959875190286648,1.7288236672481017,-0.5776581893550843,-0.5765804684883443,-0.5767344287272242,0
-1.536794180222889,-0.5646648934149681,0.3413519501232164,0.7814061899006456,0.8077365626180215,0.646091668153197,0.9702425509371355,1.0197923849541017,-0.721130416342303,0.5997201335745627,-1.0028039309991141,1.7279038324066063,-0.5738091541336192,1.0959875190286648,-1.0959875190286648,1.7288236672481017,-0.5776581893550843,-0.5765804684883443,-0.5767344287272242,0
0.7188029247735137,0.38887101359804876,1.7244635794717436,0.5503230075021943,-0.9115834940401767,-1.5477679860172513,-1.0306701134001208,-0.4734729275303494,0.7014981422339509,1.6842058048616788,-1.0028039309991141,1.7279038324066063,-0.5738091541336192,1.0959875190286648,-1.0959875190286648,-0.5784279906300535,-0.5776581893550843,-0.5765804684883443,1.733900301750437,0
-0.23310044063781224,0.5795781950006521,1.378685672134612,-1.2258476714090278,0.8077365626180215,0.646091668153197,0.9702425509371355,-0.05612612792818101,-1.43244469563043,-0.7857656423963245,0.9972039090469852,-0.5787359118286177,-0.5738091541336192,-0.9124191495230389,0.9124191495230393,-0.5784279906300535,1.731127539482183,-0.5765804684883443,-0.5767344287272242,0
0.01522217642601194,0.5795781950006521,-1.0417596792253108,1.2010002263315558,-0.9115834940401767,-1.5477679860172513,0.9702425509371355,0.2650638446795143,-0.721130416342303,-0.9672509996321276,-1.0028039309991141,1.7279038324066063,-0.5738091541336192,-0.9124191495230389,0.9124191495230393,-0.5784279906300535,1.731127539482183,-0.5765804684883443,-0.5767344287272242,0
-0.781479553320424,0.1981638321954454,-1.0417596792253108,0.37786314268967824,-0.9115834940401767,-1.5477679860172513,-1.0306701134001208,0.4558876090826952,-1.43244469563043,-0.033265380686896995,-1.0028039309991141,-0.5787359118286177,1.7427397119690018,-0.9124191495230389,0.9124191495230393,-0.5784279906300535,1.731127539482183,-0.5765804684883443,-0.5767344287272242,0
0.05660927926998263,1.0563461485071606,0.6871298574603482,-1.2258476714090278,0.8077365626180215,-1.5477679860172513,0.9702425509371355,-0.48596692458184887,-1.43244469563043,0.9848232086846814,0.9972039090469852,-0.5787359118286177,-0.5738091541336192,-0.9124191495230389,0.9124191495230393,-0.5784279906300535,1.731127539482183,-0.5765804684883443,-0.5767344287272242,0
2.063883767202561,-0.08789693990845966,-1.3875375865624426,-1.2258476714090278,0.8077365626180215,0.646091668153197,0.9702425509371355,-0.3492335598562808,-0.721130416342303,-0.5600155638834963,0.9972039090469852,-0.5787359118286177,-0.5738091541336192,-0.9124191495230389,0.9124191495230393,-0.5784279906300535,-0.5776581893550843,1.7343632929879855,-0.5767344287272242,0
0.3463189991777775,1.4377605113123673,0.3413519501232164,-1.2258476714090278,0.8077365626180215,0.646091668153197,0.9702425509371355,-0.09045131988333438,-0.009816137054176019,-1.2018540224003609,0.9972039090469852,-0.5787359118286177,-0.5738091541336192,-0.9124191495230389,0.9124191495230393,-0.5784279906300535,-0.5776581893550843,-0.5765804684883443,1.733900301750437,0
0.05660927926998263,-0.4693113027136664,0.3413519501232164,-0.2661871871815686,-0.9115834940401767,0.646091668153197,-1.0306701134001208,-1.4964560181660016,1.4128124215220779,-1.5869570975104796,-1.0028039309991141,-0.5787359118286177,1.7427397119690018,1.0959875190286648,-1.0959875190286648,-0.5784279906300535,-0.5776581893550843,-0.5765804684883443,1.733900301750437,1
1.4637707759649863,-0.8507256655188732,-1.3875375865624426,0.8126060023846149,-0.9115834940401767,0.646091668153197,0.9702425509371355,0.2341112494232312,-0.009816137054176019,1.3920586444333127,0.9972039090469852,-0.5787359118286177,-0.5738091541336192,-0.9124191495230389,0.9124191495230393,-0.5784279906300535,-0.5776581893550843,-0.5765804684883443,1.733900301750437,0
-0.19171333779384153,-0.6600184841162697,0.3413519501232164,0.5626066645210771,-0.9115834940401767,0.646091668153197,0.9702425509371355,1.222320685773934,0.7014981422339509,0.7767790186826632,0.9972039090469852,-0.5787359118286177,-0.5738091541336192,-0.9124191495230389,0.9124191495230393,1.7288236672481017,-0.5776581893550843,-0.5765804684883443,-0.5767344287272242,0
-0.29518109490376826,-0.08789693990845966,-0.004425957213915414,-1.2258476714090278,0.8077365626180215,-1.5477679860172513,-1.0306701134001208,0.09051896723490253,-1.43244469563043,0.7369407695333405,0.9972039090469852,-0.5787359118286177,-0.5738091541336192,-0.9124191495230389,0.9124191495230393,-0.5784279906300535,-0.5776581893550843,-0.5765804684883443,1.733900301750437,0
-0.5641972633895778,-0.6600184841162697,-0.35020386455104724,-1.2258476714090278,0.8077365626180215,-1.5477679860172513,0.9702425509371355,0.807094996485394,-0.009816137054176019,0.9715437923015738,-1.0028039309991141,-0.5787359118286177,1.7427397119690018,-0.9124191495230389,0.9124191495230393,-0.5784279906300535,-0.5776581893550843,1.7343632929879855,-0.5767344287272242,0
0.8533110090164185,-0.08789693990845966,-0.004425957213915414,-1.2258476714090278,0.8077365626180215,0.646091668153197,0.9702425509371355,-1.7183589697510535,-0.721130416342303,0.723661353150233,-1.0028039309991141,-0.5787359118286177,1.7427397119690018,1.0959875190286648,-1.0959875190286648,-0.5784279906300535,-0.5776581893550843,1.7343632929879855,-0.5767344287272242,0
-1.040148946095241,-1.6135543911292867,0.6871298574603482,1.0034726811436707,-0.9115834940401767,0.646091668153197,-1.0306701134001208,0.51820439724343,0.7014981422339509,1.6310881393292485,0.9972039090469852,-0.5787359118286177,-0.5738091541336192,1.0959875190286648,-1.0959875190286648,1.7288236672481017,-0.5776581893550843,-0.5765804684883443,-0.5767344287272242,0
-1.4333264231129623,-0.7553720748175714,0.3413519501232164,-1.2258476714090278,0.8077365626180215,0.646091668153197,-1.0306701134001208,1.1889211103296387,-1.43244469563043,-1.5161335434672394,-1.0028039309991141,-0.5787359118286177,1.7427397119690018,-0.9124191495230389,0.9124191495230393,-0.5784279906300535,-0.5776581893550843,-0.5765804684883443,1.733900301750437,0
0.5739480648196164,-0.08789693990845966,-1.3875375865624426,-1.2258476714090278,0.8077365626180215,0.646091668153197,-1.0306701134001208,0.3875886568779007,-1.43244469563043,1.2282791757083198,0.9972039090469852,-0.5787359118286177,-0.5738091541336192,-0.9124191495230389,0.9124191495230393,-0.5784279906300535,-0.5776581893550843,-0.5765804684883443,1.733900301750437,0
-1.040148946095241,2.200589236922781,0.6871298574603482,0.07118713987842872,-0.9115834940401767,-1.5477679860172513,0.9702425509371355,-0.6190409479858896,1.4128124215220779,0.32085238952930417,-1.0028039309991141,-0.5787359118286177,1.7427397119690018,-0.9124191495230389,0.9124191495230393,-0.5784279906300535,1.731127539482183,-0.5765804684883443,-0.5767344287272242,0
-0.7090521233434752,-1.23214002832408,-0.35020386455104724,-0.1704888395575732,0.8077365626180215,0.646091668153197,-1.0306701134001208,-1.216204622285382,-1.43244469563043,-0.3918096230308007,-1.0028039309991141,-0.5787359118286177,1.7427397119690018,-0.9124191495230389,0.9124191495230393,-0.5784279906300535,-0.5776581893550843,-0.5765804684883443,1.733900301750437,0
2.063883767202561,-1.0414328469214764,1.03290776479748,0.37665453841297464,-0.9115834940401767,0.646091668153197,-1.0306701134001208,1.677904854723944,-0.009816137054176019,1.2769703691130474,0.9972039090469852,-0.5787359118286177,-0.5738091541336192,-0.9124191495230389,0.9124191495230393,-0.5784279906300535,-0.5776581893550843,1.7343632929879855,-0.5767344287272242,0
-0.6573182447885119,0.10281024149414371,-1.0417596792253108,-1.2258476714090278,4.246376675934418,-1.5477679860172513,0.9702425509371355,0.10580268167954318,-0.721130416342303,0.9715437923015738,0.9972039090469852,-0.5787359118286177,-0.5738091541336192,-0.9124191495230389,0.9124191495230393,-0.5784279906300535,-0.5776581893550843,1.7343632929879855,-0.5767344287272242,1
-1.5471409559338818,0.10281024149414371,-0.35020386455104724,0.7908786920311339,-0.9115834940401767,0.646091668153197,0.9702425509371355,0.005974688843020656,-0.009816137054176019,1.4009115886887178,0.9972039090469852,-0.5787359118286177,-0.5738091541336192,-0.9124191495230389,0.9124191495230393,1.7288236672481017,-0.5776581893550843,-0.5765804684883443,-0.5767344287272242,0
0.2738915692008288,-1.0414328469214764,-1.7333154938995745,1.0818636744867127,0.8077365626180215,0.646091668153197,-1.0306701134001208,-1.5882165579864174,0.7014981422339509,0.22789647484755138,-1.0028039309991141,1.7279038324066063,-0.5738091541336192,-0.9124191495230389,0.9124191495230393,-0.5784279906300535,-0.5776581893550843,1.7343632929879855,-0.5767344287272242,1
0.32562544775579216,0.6749317857019538,-1.0417596792253108,-1.2258476714090278,-0.9115834940401767,0.646091668153197,0.9702425509371355,0.2495742444657857,-0.009816137054176019,-1.547118848361157,0.9972039090469852,-0.5787359118286177,-0.5738091541336192,1.0959875190286648,-1.0959875190286648,1.7288236672481017,-0.5776581893550843,-0.5765804684883443,-0.5767344287272242,0
0.36701255059976284,0.1981638321954454,-0.004425957213915414,0.8396733851284272,2.52705661927622,0.646091668153197,0.9702425509371355,0.11909900722645829,1.4128124215220779,-1.1841481338895508,0.9972039090469852,-0.5787359118286177,-0.5738091541336192,-0.9124191495230389,0.9124191495230393,1.7288236672481017,-0.5776581893550843,-0.5765804684883443,-0.5767344287272242,1
-0.9884150675402774,-0.3739577120123647,-1.3875375865624426,-1.2258476714090278,0.8077365626180215,0.646091668153197,-1.0306701134001208,0.02741828291956557,0.7014981422339509,-0.8388833079287547,-1.0028039309991141,-0.5787359118286177,1.7427397119690018,1.0959875190286648,-1.0959875190286648,-0.5784279906300535,-0.5776581893550843,-0.5765804684883443,1.733900301750437,0
-1.350552217425021,-0.08789693990845966,-0.004425957213915414,-1.2258476714090278,0.8077365626180215,0.646091668153197,-1.0306701134001208,1.0971680477795527,-0.009816137054176019,0.19691116995363378,0.9972039090469852,-0.5787359118286177,-0.5738091541336192,-0.9124191495230389,0.9124191495230393,-0.5784279906300535,-0.5776581893550843,-0.5765804684883443,1.733900301750437,0
-1.0815360489392114,-0.4693113027136664,-0.35020386455104724,1.424448094084448,0.8077365626180215,0.646091668153197,0.9702425509371355,-1.2928045617865915,-0.721130416342303,-0.7370744489915968,0.9972039090469852,-0.5787359118286177,-0.5738091541336192,-0.9124191495230389,0.9124191495230393,-0.5784279906300535,-0.5776581893550843,-0.5765804684883443,1.733900301750437,1
0.004875400715019266,-1.3274936190253817,-1.0417596792253108,0.5239141786601161,0.8077365626180215,0.646091668153197,-1.0306701134001208,0.25172717665081856,-1.43244469563043,0.20133764208133628,-1.0028039309991141,1.7279038324066063,-0.5738091541336192,1.0959875190286648,-1.0959875190286648,-0.5784279906300535,-0.5776581893550843,-0.5765804684883443,1.733900301750437,0
-0.5848908148115631,0.10281024149414371,-1.7333154938995745,1.2117544163550025,0.8077365626180215,0.646091668153197,0.9702425509371355,-0.2883324102480339,1.4128124215220779,-1.0336480815476654,-1.0028039309991141,1.7279038324066063,-0.5738091541336192,-0.9124191495230389,0.9124191495230393,1.7288236672481017,-0.5776581893550843,-0.5765804684883443,-0.5767344287272242,0
-1.7126893673097645,-1.3274936190253817,-0.695981771888179,0.9292737383856252,-0.9115834940401767,0.646091668153197,0.9702425509371355,0.22911486783268512,-0.721130416342303,0.5643083565529425,0.9972039090469852,-0.5787359118286177,-0.5738091541336192,1.0959875190286648,-1.0959875190286648,-0.5784279906300535,-0.5776581893550843,1.7343632929879855,-0.5767344287272242,0
-1.9610119843735887,3.344832325338401,-1.3875375865624426,1.7623316023919042,0.8077365626180215,0.646091668153197,0.9702425509371355,1.6811266887861593,-0.009816137054176019,1.2327056478360223,-1.0028039309991141,1.7279038324066063,-0.5738091541336192,1.0959875190286648,-1.0959875190286648,-0.5784279906300535,1.731127539482183,-0.5765804684883443,-0.5767344287272242,0
0.8429642333054258,0.6749317857019538,-1.7333154938995745,-1.2258476714090278,0.8077365626180215,0.646091668153197,0.9702425509371355,1.4652065968051982,-0.009816137054176019,-0.644118534309844,0.9972039090469852,-0.5787359118286177,-0.5738091541336192,-0.9124191495230389,0.9124191495230393,1.7288236672481017,-0.5776581893550843,-0.5765804684883443,-0.5767344287272242,0
-1.3919393202689916,0.2935174228967471,1.03290776479748,-0.3246713894628784,-0.9115834940401767,0.646091668153197,-1.0306701134001208,-0.9256638068705759,-1.43244469563043,0.006572868462425636,0.9972039090469852,-0.5787359118286177,-0.5738091541336192,1.0959875190286648,-1.0959875190286648,1.7288236672481017,-0.5776581893550843,-0.5765804684883443,-0.5767344287272242,0
0.6567222705075577,-1.1367864376227783,-0.695981771888179,-1.2258476714090278,2.52705661927622,0.646091668153197,0.9702425509371355,0.504973976009424,1.4128124215220779,0.5997201335745627,-1.0028039309991141,-0.5787359118286177,1.7427397119690018,-0.9124191495230389,0.9124191495230393,-0.5784279906300535,-0.5776581893550843,-0.5765804684883443,1.733900301750437,0
0.2635447934898361,-1.23214002832408,-1.3875375865624426,0.5106680937561249,-0.9115834940401767,-1.5477679860172513,-1.0306701134001208,-0.6930994850249188,0.7014981422339509,-1.6046629860212898,-1.0028039309991141,1.7279038324066063,-0.5738091541336192,1.0959875190286648,-1.0959875190286648,-0.5784279906300535,-0.5776581893550843,-0.5765804684883443,1.733900301750437,1
0.17042381209090204,-0.5646648934149681,1.378685672134612,0.7707026455410947,0.8077365626180215,-1.5477679860172513,-1.0306701134001208,-1.7285861366624924,-0.009816137054176019,1.2946762576238575,-1.0028039309991141,1.7279038324066063,-0.5738091541336192,-0.9124191495230389,0.9124191495230393,-0.5784279906300535,-0.5776581893550843,1.7343632929879855,-0.5767344287272242,0
1.629319187340869,0.7702853764032556,1.03290776479748,1.005061768983946,-0.9115834940401767,-1.5477679860172513,0.9702425509371355,-0.45319004925503986,-0.721130416342303,0.860881989109011,-1.0028039309991141,-0.5787359118286177,1.7427397119690018,-0.9124191495230389,0.9124191495230393,-0.5784279906300535,-0.5776581893550843,-0.5765804684883443,1.733900301750437,0
0.4187464291547262,-0.5646648934149681,0.3413519501232164,-1.2258476714090278,0.8077365626180215,0.646091668153197,-1.0306701134001208,1.1126291300320228,1.4128124215220779,0.16149939293201365,0.9972039090469852,-0.5787359118286177,-0.5738091541336192,1.0959875190286648,-1.0959875190286648,-0.5784279906300535,-0.5776581893550843,-0.5765804684883443,1.733900301750437,0
-0.8539069832973727,-0.27860412131106305,1.7244635794717436,1.2360862921640872,-0.9115834940401767,0.646091668153197,0.9702425509371355,-0.8000060184038962,-0.721130416342303,-1.6046629860212898,-1.0028039309991141,-0.5787359118286177,1.7427397119690018,1.0959875190286648,-1.0959875190286648,-0.5784279906300535,-0.5776581893550843,-0.5765804684883443,1.733900301750437,1
0.4187464291547262,-0.8507256655188732,0.6871298574603482,0.6481683466247604,-0.9115834940401767,0.646091668153197,-1.0306701134001208,-1.3718504381357677,-1.43244469563043,0.9139996546414412,-1.0028039309991141,1.7279038324066063,-0.5738091541336192,-0.9124191495230389,0.9124191495230393,1.7288236672481017,-0.5776581893550843,-0.5765804684883443,-0.5767344287272242,0
1.0705932989472646,2.105235646221479,-0.004425957213915414,1.1240846886272,-0.9115834940401767,0.646091668153197,0.9702425509371355,-1.0133443654408967,0.7014981422339509,0.3562641665509243,0.9972039090469852,-0.5787359118286177,-0.5738091541336192,-0.9124191495230389,0.9124191495230393,1.7288236672481017,-0.5776581893550843,-0.5765804684883443,-0.5767344287272242,1
-0.40899562772468767,2.105235646221479,-0.695981771888179,0.8830568454721935,4.246376675934418,-1.5477679860172513,0.9702425509371355,-0.5886526258045142,-0.009816137054176019,0.6572642712346953,0.9972039090469852,-0.5787359118286177,-0.5738091541336192,1.0959875190286648,-1.0959875190286648,-0.5784279906300535,-0.5776581893550843,1.7343632929879855,-0.5767344287272242,1
0.05660927926998263,2.772710781130591,0.6871298574603482,1.235036516535867,-0.9115834940401767,0.646091668153197,0.9702425509371355,1.5038779956121981,-0.721130416342303,-0.781339170268622,-1.0028039309991141,1.7279038324066063,-0.5738091541336192,-0.9124191495230389,0.9124191495230393,1.7288236672481017,-0.5776581893550843,-0.5765804684883443,-0.5767344287272242,0
-0.10893913210590014,0.7702853764032556,0.3413519501232164,0.21337804668769367,0.8077365626180215,-1.5477679860172513,0.9702425509371355,-1.5007832710070115,0.7014981422339509,1.1087644282603517,0.9972039090469852,-0.5787359118286177,-0.5738091541336192,1.0959875190286648,-1.0959875190286648,-0.5784279906300535,-0.5776581893550843,1.7343632929879855,-0.5767344287272242,1
-0.6883585719214899,-0.3739577120123647,0.3413519501232164,1.3643565330587992,0.8077365626180215,0.646091668153197,0.9702425509371355,0.8372442199062154,-0.009816137054176019,-0.8433097800564572,0.9972039090469852,-0.5787359118286177,-0.5738091541336192,-0.9124191495230389,0.9124191495230393,-0.5784279906300535,1.731127539482183,-0.5765804684883443,-0.5767344287272242,0
-0.11928590781689281,2.5820035997279875,-1.7333154938995745,-1.2258476714090278,0.8077365626180215,-1.5477679860172513,0.9702425509371355,-1.0059484756344335,-0.009816137054176019,1.197293870814402,0.9972039090469852,-0.5787359118286177,-0.5738091541336192,-0.9124191495230389,0.9124191495230393,-0.5784279906300535,-0.5776581893550843,-0.5765804684883443,1.733900301750437,0
1.5258514302309423,0.0074566507928420294,0.3413519501232164,0.6940037943480905,-0.9115834940401767,0.646091668153197,0.9702425509371355,1.1156450783251497,-0.721130416342303,-0.2147507379227001,-1.0028039309991141,1.7279038324066063,-0.5738091541336192,1.0959875190286648,-1.0959875190286648,-0.5784279906300535,1.731127539482183,-0.5765804684883443,-0.5767344287272242,0
-0.6676650204995045,-0.08789693990845966,-1.0417596792253108,-1.2258476714090278,0.8077365626180215,0.646091668153197,-1.0306701134001208,-0.2246968402690863,-0.721130416342303,0.19248469782593125,0.9972039090469852,-0.5787359118286177,-0.5738091541336192,1.0959875190286648,-1.0959875190286648,-0.5784279906300535,-0.5776581893550843,-0.5765804684883443,1.733900301750437,0
-0.40899562772468767,2.391296418325384,1.378685672134612,-1.2258476714090278,0.8077365626180215,0.646091668153197,0.9702425509371355,-0.8140328558730571,-0.009816137054176019,-0.5467361475003887,0.9972039090469852,-0.5787359118286177,-0.5738091541336192,-0.9124191495230389,0.9124191495230393,-0.5784279906300535,1.731127539482183,-0.5765804684883443,-0.5767344287272242,0
0.9257384389933673,-0.5646648934149681,-1.0417596792253108,0.8019680089001697,-0.9115834940401767,0.646091668153197,-1.0306701134001208,0.6395512785298211,-1.43244469563043,-0.6308391179267365,-1.0028039309991141,1.7279038324066063,-0.5738091541336192,-0.9124191495230389,0.9124191495230393,-0.5784279906300535,1.731127539482183,-0.5765804684883443,-0.5767344287272242,0
2.063883767202561,-0.5646648934149681,-1.0417596792253108,0.11105425254537823,-0.9115834940401767,-1.5477679860172513,0.9702425509371355,-0.43772635865245474,-0.009816137054176019,-1.485148238573322,-1.0028039309991141,1.7279038324066063,-0.5738091541336192,1.0959875190286648,-1.0959875190286648,-0.5784279906300535,-0.5776581893550843,1.7343632929879855,-0.5767344287272242,0
0.9464319904153525,-0.9460792562201749,-0.35020386455104724,-1.2258476714090278,0.8077365626180215,0.646091668153197,0.9702425509371355,1.39070881360678,0.7014981422339509,0.1747788093151212,0.9972039090469852,-0.5787359118286177,-0.5738091541336192,1.0959875190286648,-1.0959875190286648,-0.5784279906300535,1.731127539482183,-0.5765804684883443,-0.5767344287272242,0
0.9567787661263453,3.2494787346370995,0.3413519501232164,-1.2258476714090278,0.8077365626180215,-1.5477679860172513,0.9702425509371355,0.13523669549879458,0.7014981422339509,-0.30328018047675037,0.9972039090469852,-0.5787359118286177,-0.5738091541336192,1.0959875190286648,-1.0959875190286648,-0.5784279906300535,1.731127539482183,-0.5765804684883443,-0.5767344287272242,0
0.35666577488877016,-0.7553720748175714,0.6871298574603482,0.7366607458486935,0.8077365626180215,0.646091668153197,0.9702425509371355,1.4029325855863513,1.4128124215220779,1.5027204476258755,-1.0028039309991141,-0.5787359118286177,1.7427397119690018,-0.9124191495230389,0.9124191495230393,-0.5784279906300535,1.731127539482183,-0.5765804684883443,-0.5767344287272242,0
-0.936681188985314,-1.1367864376227783,-0.004425957213915414,-1.2258476714090278,0.8077365626180215,0.646091668153197,-1.0306701134001208,0.5534786808604777,-0.721130416342303,-0.19261837728418754,0.9972039090469852,-0.5787359118286177,-0.5738091541336192,1.0959875190286648,-1.0959875190286648,1.7288236672481017,-0.5776581893550843,-0.5765804684883443,-0.5767344287272242,0
-1.474713525956933,-1.0414328469214764,-1.7333154938995745,0.3161816924683129,0.8077365626180215,0.646091668153197,-1.0306701134001208,0.8315997502570619,-0.721130416342303,-1.0425010258030705,-1.0028039309991141,1.7279038324066063,-0.5738091541336192,-0.9124191495230389,0.9124191495230393,-0.5784279906300535,-0.5776581893550843,1.7343632929879855,-0.5767344287272242,0
-0.2537939920597976,-0.27860412131106305,-1.0417596792253108,1.6858157807817133,0.8077365626180215,0.646091668153197,0.9702425509371355,-0.7400602204978197,-1.43244469563043,-1.5028541270841318,-1.0028039309991141,1.7279038324066063,-0.5738091541336192,-0.9124191495230389,0.9124191495230393,1.7288236672481017,-0.5776581893550843,-0.5765804684883443,-0.5767344287272242,0
-0.036511702128951426,-0.9460792562201749,-1.0417596792253108,-1.2258476714090278,0.8077365626180215,0.646091668153197,-1.0306701134001208,1.3727301518231811,-1.43244469563043,-1.0336480815476654,-1.0028039309991141,-0.5787359118286177,1.7427397119690018,1.0959875190286648,-1.0959875190286648,1.7288236672481017,-0.5776581893550843,-0.5765804684883443,-0.5767344287272242,0
-0.41934240343568036,1.7238212834162723,0.3413519501232164,0.48806105539908645,0.8077365626180215,-1.5477679860172513,0.9702425509371355,1.5045351259512048,0.7014981422339509,1.3566468674116927,-1.0028039309991141,1.7279038324066063,-0.5738091541336192,-0.9124191495230389,0.9124191495230393,1.7288236672481017,-0.5776581893550843,-0.5765804684883443,-0.5767344287272242,0
-1.88858455439664,0.2935174228967471,1.378685672134612,1.6851102674511143,0.8077365626180215,0.646091668153197,-1.0306701134001208,1.26206150812814,-1.43244469563043,-0.4449272885632309,-1.0028039309991141,1.7279038324066063,-0.5738091541336192,-0.9124191495230389,0.9124191495230393,-0.5784279906300535,-0.5776581893550843,1.7343632929879855,-0.5767344287272242,0
1.9293756829596567,-1.23214002832408,-0.35020386455104724,0.21499325871535827,0.8077365626180215,0.646091668153197,-1.0306701134001208,1.310900951243969,-0.721130416342303,-1.5117070713395369,0.9972039090469852,-0.5787359118286177,-0.5738091541336192,-0.9124191495230389,0.9124191495230393,1.7288236672481017,-0.5776581893550843,-0.5765804684883443,-0.5767344287272242,0
0.20146413922388007,0.38887101359804876,1.378685672134612,0.5640258650077778,-0.9115834940401767,0.646091668153197,-1.0306701134001208,1.3691587988455374,-0.009816137054176019,-0.04211832494230203,-1.0028039309991141,1.7279038324066063,-0.5738091541336192,-0.9124191495230389,0.9124191495230393,-0.5784279906300535,1.731127539482183,-0.5765804684883443,-0.5767344287272242,1
-1.1643102546271529,2.200589236922781,-0.695981771888179,-0.022989273491279643,-0.9115834940401767,-1.5477679860172513,-1.0306701134001208,-1.4329965987648297,0.7014981422339509,-0.807898003034837,0.9972039090469852,-0.5787359118286177,-0.5738091541336192,1.0959875190286648,-1.0959875190286648,-0.5784279906300535,1.731127539482183,-0.5765804684883443,-0.5767344287272242,1
1.308569140300096,0.38887101359804876,-1.3875375865624426,-1.2258476714090278,0.8077365626180215,0.646091668153197,-1.0306701134001208,-1.3616340524048047,-0.721130416342303,1.6709263884785712,0.9972039090469852,-0.5787359118286177,-0.5738091541336192,-0.9124191495230389,0.9124191495230393,-0.5784279906300535,1.731127539482183,-0.5765804684883443,-0.5767344287272242,0
-0.7193988990544679,1.4377605113123673,-1.0417596792253108,1.2184305085372178,-0.9115834940401767,0.646091668153197,-1.0306701134001208,1.5216721600976533,-1.43244469563043,0.7812054908103657,-1.0028039309991141,1.7279038324066063,-0.5738091541336192,1.0959875190286648,-1.0959875190286648,-0.5784279906300535,-0.5776581893550843,-0.5765804684883443,1.733900301750437,1
1.029206196103294,-0.18325053060976135,-0.695981771888179,-1.2258476714090278,0.8077365626180215,0.646091668153197,-1.0306701134001208,-1.4471133373679588,-0.721130416342303,0.896293766130631,0.9972039090469852,-0.5787359118286177,-0.5738091541336192,-0.9124191495230389,0.9124191495230393,-0.5784279906300535,-0.5776581893550843,-0.5765804684883443,1.733900301750437,0
0.2221576906458654,-1.7089079818305883,-0.695981771888179,1.4327092673297321,0.8077365626180215,0.646091668153197,0.9702425509371355,1.1206677173068553,-0.721130416342303,-0.8610156685672673,-1.0028039309991141,1.7279038324066063,-0.5738091541336192,1.0959875190286648,-1.0959875190286648,1.7288236672481017,-0.5776581893550843,-0.5765804684883443,-0.5767344287272242,0
1.3189159160110888,-0.4693113027136664,0.6871298574603482,0.5301480829097732,-0.9115834940401767,-1.5477679860172513,0.9702425509371355,0.22530180774437228,-0.721130416342303,0.6705436876178028,0.9972039090469852,-0.5787359118286177,-0.5738091541336192,1.0959875190286648,-1.0959875190286648,-0.5784279906300535,-0.5776581893550843,1.7343632929879855,-0.5767344287272242,0
-0.4917698334126291,-0.4693113027136664,1.378685672134612,-1.2258476714090278,0.8077365626180215,0.646091668153197,-1.0306701134001208,1.179428280920614,-0.009816137054176019,1.28139684124075,0.9972039090469852,-0.5787359118286177,-0.5738091541336192,1.0959875190286648,-1.0959875190286648,1.7288236672481017,-0.5776581893550843,-0.5765804684883443,-0.5767344287272242,0
0.21181091493487275,-0.4693113027136664,0.6871298574603482,0.4827020710203386,0.8077365626180215,0.646091668153197,0.9702425509371355,-1.2816133486725985,0.7014981422339509,-1.3435011304868414,0.9972039090469852,-0.5787359118286177,-0.5738091541336192,-0.9124191495230389,0.9124191495230393,-0.5784279906300535,1.731127539482183,-0.5765804684883443,-0.5767344287272242,0
-2.0023990872175594,-0.5646648934149681,0.6871298574603482,0.823018494447853,-0.9115834940401767,-1.5477679860172513,0.9702425509371355,-0.6969001989226866,0.7014981422339509,0.7767790186826632,0.9972039090469852,-0.5787359118286177,-0.5738091541336192,1.0959875190286648,-1.0959875190286648,-0.5784279906300535,1.731127539482183,-0.5765804684883443,-0.5767344287272242,0
0.17042381209090204,-0.5646648934149681,-0.35020386455104724,0.8108241084251412,0.8077365626180215,0.646091668153197,-1.0306701134001208,-0.5404254494057109,1.4128124215220779,1.3433674510285851,-1.0028039309991141,1.7279038324066063,-0.5738091541336192,1.0959875190286648,-1.0959875190286648,-0.5784279906300535,-0.5776581893550843,1.7343632929879855,-0.5767344287272242,0
-0.2537939920597976,-1.23214002832408,1.03290776479748,1.155947542603375,2.52705661927622,-1.5477679860172513,0.9702425509371355,0.07671644787564344,1.4128124215220779,-0.8698686128226722,-1.0028039309991141,-0.5787359118286177,1.7427397119690018,1.0959875190286648,-1.0959875190286648,-0.5784279906300535,-0.5776581893550843,1.7343632929879855,-0.5767344287272242,1
0.6670690462185503,-0.7553720748175714,-1.0417596792253108,0.5725885081701125,0.8077365626180215,0.646091668153197,0.9702425509371355,1.417385801354333,1.4128124215220779,0.15264644867660862,0.9972039090469852,-0.5787359118286177,-0.5738091541336192,1.0959875190286648,-1.0959875190286648,-0.5784279906300535,-0.5776581893550843,1.7343632929879855,-0.5767344287272242,0
-0.3158746463257536,0.2935174228967471,-0.35020386455104724,-1.2258476714090278,0.8077365626180215,0.646091668153197,-1.0306701134001208,-1.6320956147432897,1.4128124215220779,-0.9052803898442924,0.9972039090469852,-0.5787359118286177,-0.5738091541336192,-0.9124191495230389,0.9124191495230393,-0.5784279906300535,1.731127539482183,-0.5765804684883443,-0.5767344287272242,0
-1.671302264465794,-0.08789693990845966,1.03290776479748,-1.2258476714090278,0.8077365626180215,-1.5477679860172513,0.9702425509371355,1.6850037403972973,-1.43244469563043,0.9494114316630613,0.9972039090469852,-0.5787359118286177,-0.5738091541336192,-0.9124191495230389,0.9124191495230393,1.7288236672481017,-0.5776581893550843,-0.5765804684883443,-0.5767344287272242,0
-0.3572617491697243,-0.8507256655188732,-1.0417596792253108,-1.2258476714090278,0.8077365626180215,0.646091668153197,-1.0306701134001208,1.7216722740958887,-0.721130416342303,0.8033378514488783,-1.0028039309991141,-0.5787359118286177,1.7427397119690018,-0.9124191495230389,0.9124191495230393,-0.5784279906300535,1.731127539482183,-0.5765804684883443,-0.5767344287272242,0
-0.905640861852336,-0.6600184841162697,-1.7333154938995745,1.1513907150214577,-0.9115834940401767,0.646091668153197,-1.0306701134001208,1.591337539982763,-0.009816137054176019,-1.1088981077186082,0.9972039090469852,-0.5787359118286177,-0.5738091541336192,1.0959875190286648,-1.0959875190286648,-0.5784279906300535,1.731127539482183,-0.5765804684883443,-0.5767344287272242,1
-0.8228666561643946,-0.3739577120123647,-1.3875375865624426,0.4535338548513797,0.8077365626180215,-1.5477679860172513,0.9702425509371355,1.3636850891839216,-0.721130416342303,-1.1354569404848232,0.9972039090469852,-0.5787359118286177,-0.5738091541336192,1.0959875190286648,-1.0959875190286648,-0.5784279906300535,1.731127539482183,-0.5765804684883443,-0.5767344287272242,0
-0.2434472163488049,-0.5646648934149681,-0.35020386455104724,0.10759255730966416,-0.9115834940401767,-1.5477679860172513,-1.0306701134001208,1.030205961953769,0.7014981422339509,0.01985228484553318,-1.0028039309991141,1.7279038324066063,-0.5738091541336192,1.0959875190286648,-1.0959875190286648,1.7288236672481017,-0.5776581893550843,-0.5765804684883443,-0.5767344287272242,0
2.063883767202561,-0.5646648934149681,1.03290776479748,-0.0549170372582072,-0.9115834940401767,0.646091668153197,0.9702425509371355,1.498771193866778,1.4128124215220779,-0.781339170268622,0.9972039090469852,-0.5787359118286177,-0.5738091541336192,-0.9124191495230389,0.9124191495230393,-0.5784279906300535,-0.5776581893550843,1.7343632929879855,-0.5767344287272242,0
-0.19171333779384153,0.10281024149414371,1.378685672134612,1.011942847888069,-0.9115834940401767,0.646091668153197,-1.0306701134001208,-0.11106841475339668,1.4128124215220779,0.4536465533603796,0.9972039090469852,-0.5787359118286177,-0.5738091541336192,1.0959875190286648,-1.0959875190286648,1.7288236672481017,-0.5776581893550843,-0.5765804684883443,-0.5767344287272242,1
0.8326174575944332,-1.7089079818305883,1.03290776479748,0.8947321134399734,-0.9115834940401767,0.646091668153197,-1.0306701134001208,0.1143017296947011,-0.721130416342303,-1.494001182828727,-1.0028039309991141,1.7279038324066063,-0.5738091541336192,1.0959875190286648,-1.0959875190286648,-0.5784279906300535,1.731127539482183,-0.5765804684883443,-0.5767344287272242,1
-1.6919958158877793,-0.27860412131106305,-1.3875375865624426,1.02014568245722,-0.9115834940401767,0.646091668153197,-1.0306701134001208,1.6342720262179407,-0.721130416342303,0.31199944527389917,-1.0028039309991141,-0.5787359118286177,1.7427397119690018,1.0959875190286648,-1.0959875190286648,1.7288236672481017,-0.5776581893550843,-0.5765804684883443,-0.5767344287272242,0
-0.09859235639490747,3.630893097442306,1.378685672134612,-1.2258476714090278,2.52705661927622,0.646091668153197,0.9702425509371355,-0.32302120620923724,0.7014981422339509,1.060073234855624,0.9972039090469852,-0.5787359118286177,-0.5738091541336192,-0.9124191495230389,0.9124191495230393,-0.5784279906300535,-0.5776581893550843,1.7343632929879855,-0.5767344287272242,0
0.44978675628770426,-0.18325053060976135,1.03290776479748,0.34830354452314477,0.8077365626180215,0.646091668153197,-1.0306701134001208,1.4304925867928815,-0.009816137054176019,1.5823969459245208,-1.0028039309991141,1.7279038324066063,-0.5738091541336192,1.0959875190286648,-1.0959875190286648,-0.5784279906300535,1.731127539482183,-0.5765804684883443,-0.5767344287272242,1
1.1430207289242134,-0.5646648934149681,0.3413519501232164,0.9867554450097568,0.8077365626180215,0.646091668153197,-1.0306701134001208,0.846656016571663,-1.43244469563043,1.6753528606062738,0.9972039090469852,-0.5787359118286177,-0.5738091541336192,1.0959875190286648,-1.0959875190286648,-0.5784279906300535,-0.5776581893550843,1.7343632929879855,-0.5767344287272242,0
0.5429077376866382,-0.9460792562201749,-0.695981771888179,0.7308159798013752,-0.9115834940401767,-1.5477679860172513,0.9702425509371355,-0.30024126742370444,-0.721130416342303,0.46692596974348716,-1.0028039309991141,1.7279038324066063,-0.5738091541336192,1.0959875190286648,-1.0959875190286648,-0.5784279906300535,-0.5776581893550843,1.7343632929879855,-0.5767344287272242,0
0.7498432519064918,-0.08789693990845966,0.3413519501232164,-1.2258476714090278,0.8077365626180215,0.646091668153197,0.9702425509371355,-0.09867631724639524,-0.721130416342303,-0.47148612132944595,-1.0028039309991141,-0.5787359118286177,1.7427397119690018,-0.9124191495230389,0.9124191495230393,-0.5784279906300535,-0.5776581893550843,1.7343632929879855,-0.5767344287272242,0
-0.5745440391005705,2.391296418325384,-1.0417596792253108,0.4687998362809375,-0.9115834940401767,0.646091668153197,0.9702425509371355,-0.17657678011501157,-0.009816137054176019,0.8918672940029286,-1.0028039309991141,1.7279038324066063,-0.5738091541336192,1.0959875190286648,-1.0959875190286648,-0.5784279906300535,1.731127539482183,-0.5765804684883443,-0.5767344287272242,1
-0.5021166091236218,2.2959428276240823,0.6871298574603482,-1.2258476714090278,0.8077365626180215,0.646091668153197,0.9702425509371355,-0.7610649161949912,0.7014981422339509,0.18805822569822875,0.9972039090469852,-0.5787359118286177,-0.5738091541336192,1.0959875190286648,-1.0959875190286648,-0.5784279906300535,-0.5776581893550843,1.7343632929879855,-0.5767344287272242,0
-0.7711327776094312,-1.8996151632331917,0.3413519501232164,-1.2258476714090278,0.8077365626180215,-1.5477679860172513,-1.0306701134001208,-0.4831389513870188,-0.721130416342303,-0.028838908559194482,-1.0028039309991141,-0.5787359118286177,1.7427397119690018,-0.9124191495230389,0.9124191495230393,-0.5784279906300535,1.731127539482183,-0.5765804684883443,-0.5767344287272242,0
0.20146413922388007,-1.1367864376227783,-0.004425957213915414,0.045688811088857216,-0.9115834940401767,0.646091668153197,0.9702425509371355,-1.2853977169096449,1.4128124215220779,-1.6002365138935872,0.9972039090469852,-0.5787359118286177,-0.5738091541336192,1.0959875190286648,-1.0959875190286648,1.7288236672481017,-0.5776581893550843,-0.5765804684883443,-0.5767344287272242,0
-0.1606730106608635,-0.4693113027136664,-0.004425957213915414,0.35576304178486295,0.8077365626180215,0.646091668153197,-1.0306701134001208,-1.4668848051306942,-0.009816137054176019,-0.2147507379227001,-1.0028039309991141,-0.5787359118286177,1.7427397119690018,1.0959875190286648,-1.0959875190286648,-0.5784279906300535,-0.5776581893550843,-0.5765804684883443,1.733900301750437,0
0.035915727847997285,-0.9460792562201749,-1.0417596792253108,0.24793489738673172,-0.9115834940401767,0.646091668153197,-1.0306701134001208,-1.0959344679265188,-0.721130416342303,-1.0247951372922603,0.9972039090469852,-0.5787359118286177,-0.5738091541336192,-0.9124191495230389,0.9124191495230393,1.7288236672481017,-0.5776581893550843,-0.5765804684883443,-0.5767344287272242,0
-0.38830207630270236,0.10281024149414371,0.6871298574603482,0.7669614375274237,-0.9115834940401767,-1.5477679860172513,-1.0306701134001208,1.6209911768817087,-0.009816137054176019,0.01985228484553318,0.9972039090469852,-0.5787359118286177,-0.5738091541336192,-0.9124191495230389,0.9124191495230393,1.7288236672481017,-0.5776581893550843,-0.5765804684883443,-0.5767344287272242,0
-0.4400359548576657,0.2935174228967471,1.03290776479748,0.8799661778058427,0.8077365626180215,0.646091668153197,-1.0306701134001208,-0.5027533964728231,-1.43244469563043,-1.5958100417658847,-1.0028039309991141,1.7279038324066063,-0.5738091541336192,-0.9124191495230389,0.9124191495230393,-0.5784279906300535,-0.5776581893550843,-0.5765804684883443,1.733900301750437,0
0.2635447934898361,-0.27860412131106305,-0.35020386455104724,-1.2258476714090278,0.8077365626180215,0.646091668153197,0.9702425509371355,-1.685288568091288,-0.721130416342303,-0.2988537083490479,-1.0028039309991141,-0.5787359118286177,1.7427397119690018,1.0959875190286648,-1.0959875190286648,-0.5784279906300535,-0.5776581893550843,1.7343632929879855,-0.5767344287272242,0
-0.29518109490376826,-0.27860412131106305,1.378685672134612,-1.2258476714090278,0.8077365626180215,0.646091668153197,0.9702425509371355,0.08281268376473834,-0.009816137054176019,-1.219559910911171,-1.0028039309991141,-0.5787359118286177,1.7427397119690018,-0.9124191495230389,0.9124191495230393,1.7288236672481017,-0.5776581893550843,-0.5765804684883443,-0.5767344287272242,0
-0.0882455806839148,-0.27860412131106305,0.3413519501232164,-1.2258476714090278,0.8077365626180215,0.646091668153197,0.9702425509371355,-0.03741504143225211,0.7014981422339509,-1.4231776287854867,-1.0028039309991141,-0.5787359118286177,1.7427397119690018,1.0959875190286648,-1.0959875190286648,-0.5784279906300535,-0.5776581893550843,1.7343632929879855,-0.5767344287272242,0
-0.6366246933665265,1.9145284648188758,-1.0417596792253108,-1.2258476714090278,0.8077365626180215,0.646091668153197,0.9702425509371355,0.45333125207985475,0.7014981422339509,-1.392192323891569,0.9972039090469852,-0.5787359118286177,-0.5738091541336192,1.0959875190286648,-1.0959875190286648,-0.5784279906300535,-0.5776581893550843,-0.5765804684883443,1.733900301750437,1
1.3292626917220816,-0.18325053060976135,-1.0417596792253108,0.8318669009605875,-0.9115834940401767,0.646091668153197,0.9702425509371355,-1.625890349819382,-0.721130416342303,-0.20589779366729508,-1.0028039309991141,1.7279038324066063,-0.5738091541336192,1.0959875190286648,-1.0959875190286648,1.7288236672481017,-0.5776581893550843,-0.5765804684883443,-0.5767344287272242,1
0.32562544775579216,0.6749317857019538,0.6871298574603482,0.8260985842223777,-0.9115834940401767,0.646091668153197,0.9702425509371355,-0.65165088890533,-0.009816137054176019,-0.09080951834702969,-1.0028039309991141,-0.5787359118286177,1.7427397119690018,-0.9124191495230389,0.9124191495230393,-0.5784279906300535,1.731127539482183,-0.5765804684883443,-0.5767344287272242,0
-2.147253947171457,1.0563461485071606,-0.695981771888179,0.6526304539935054,-0.9115834940401767,0.646091668153197,-1.0306701134001208,-0.9955213352141676,-1.43244469563043,0.8210437399596884,-1.0028039309991141,1.7279038324066063,-0.5738091541336192,-0.9124191495230389,0.9124191495230393,-0.5784279906300535,-0.5776581893550843,1.7343632929879855,-0.5767344287272242,1
0.2325044663568581,-0.7553720748175714,-1.3875375865624426,0.5106129605017572,-0.9115834940401767,-1.5477679860172513,0.9702425509371355,-1.0657407286637326,-0.009816137054176019,1.2017203429421046,0.9972039090469852,-0.5787359118286177,-0.5738091541336192,-0.9124191495230389,0.9124191495230393,-0.5784279906300535,1.731127539482183,-0.5765804684883443,-0.5767344287272242,0
-1.1436167032051676,0.2935174228967471,1.378685672134612,0.17286071421560062,0.8077365626180215,0.646091668153197,-1.0306701134001208,1.2603965113046451,-1.43244469563043,1.644367555712356,-1.0028039309991141,1.7279038324066063,-0.5738091541336192,1.0959875190286648,-1.0959875190286648,-0.5784279906300535,-0.5776581893550843,1.7343632929879855,-0.5767344287272242,0
1.691399841606825,-0.7553720748175714,0.3413519501232164,0.18089205872029418,-0.9115834940401767,0.646091668153197,-1.0306701134001208,1.5376434356326438,-0.009816137054176019,1.1663085659204846,0.9972039090469852,-0.5787359118286177,-0.5738091541336192,1.0959875190286648,-1.0959875190286648,-0.5784279906300535,-0.5776581893550843,-0.5765804684883443,1.733900301750437,0
-0.367608524880717,0.48422460429935044,1.378685672134612,0.7952505667771783,0.8077365626180215,-1.5477679860172513,0.9702425509371355,0.1848064766468618,-0.009816137054176019,0.34298475016781677,-1.0028039309991141,1.7279038324066063,-0.5738091541336192,1.0959875190286648,-1.0959875190286648,-0.5784279906300535,-0.5776581893550843,-0.5765804684883443,1.733900301750437,0
1.0705932989472646,-1.8996151632331917,1.378685672134612,-1.2258476714090278,-0.9115834940401767,0.646091668153197,-1.0306701134001208,1.5572001492358991,-0.009816137054176019,1.4451763099657429,-1.0028039309991141,-0.5787359118286177,1.7427397119690018,1.0959875190286648,-1.0959875190286648,-0.5784279906300535,-0.5776581893550843,-0.5765804684883443,1.733900301750437,0
0.6774158219295431,0.48422460429935044,-0.695981771888179,0.5295739918715617,-0.9115834940401767,0.646091668153197,-1.0306701134001208,-1.2650256330603977,-1.43244469563043,0.7280878252779356,0.9972039090469852,-0.5787359118286177,-0.5738091541336192,1.0959875190286648,-1.0959875190286648,1.7288236672481017,-0.5776581893550843,-0.5765804684883443,-0.5767344287272242,1
2.063883767202561,-0.8507256655188732,1.378685672134612,0.7220098848559462,-0.9115834940401767,-1.5477679860172513,-1.0306701134001208,-1.0394582973435957,-1.43244469563043,-0.334265485370668,0.9972039090469852,-0.5787359118286177,-0.5738091541336192,-0.9124191495230389,0.9124191495230393,-0.5784279906300535,1.731127539482183,-0.5765804684883443,-0.5767344287272242,0
0.2945851206228141,0.0074566507928420294,0.6871298574603482,0.2356307256685494,-0.9115834940401767,-1.5477679860172513,0.9702425509371355,-1.6348248184137597,0.7014981422339509,0.10838172739958347,-1.0028039309991141,-0.5787359118286177,1.7427397119690018,1.0959875190286648,-1.0959875190286648,-0.5784279906300535,-0.5776581893550843,1.7343632929879855,-0.5767344287272242,0
1.2361417103231473,-0.5646648934149681,0.3413519501232164,-1.2258476714090278,0.8077365626180215,0.646091668153197,0.9702425509371355,0.4528384477981016,-0.721130416342303,-0.4847655377125535,0.9972039090469852,-0.5787359118286177,-0.5738091541336192,1.0959875190286648,-1.0959875190286648,1.7288236672481017,-0.5776581893550843,-0.5765804684883443,-0.5767344287272242,0
-0.27448754348178295,-0.5646648934149681,0.3413519501232164,-0.16452980022431288,-0.9115834940401767,-1.5477679860172513,0.9702425509371355,1.2299026378886104,1.4128124215220779,-0.8565891964395648,-1.0028039309991141,-0.5787359118286177,1.7427397119690018,-0.9124191495230389,0.9124191495230393,-0.5784279906300535,1.731127539482183,-0.5765804684883443,-0.5767344287272242,0
0.44978675628770426,-0.08789693990845966,-0.004425957213915414,1.914285903356882,-0.9115834940401767,0.646091668153197,0.9702425509371355,-0.25331252771221585,-1.43244469563043,-1.4895747107010244,0.9972039090469852,-0.5787359118286177,-0.5738091541336192,1.0959875190286648,-1.0959875190286648,1.7288236672481017,-0.5776581893550843,-0.5765804684883443,-0.5767344287272242,0
1.0498997475252794,-0.27860412131106305,-0.695981771888179,-1.2258476714090278,0.8077365626180215,0.646091668153197,0.9702425509371355,-0.897014036985942,1.4128124215220779,0.7856319629380683,-1.0028039309991141,-0.5787359118286177,1.7427397119690018,1.0959875190286648,-1.0959875190286648,-0.5784279906300535,1.731127539482183,-0.5765804684883443,-0.5767344287272242,0
-0.2434472163488049,-1.1367864376227783,-1.7333154938995745,1.7434539119880044,0.8077365626180215,0.646091668153197,0.9702425509371355,-0.40104078373311125,0.7014981422339509,-0.002280075792979394,-1.0028039309991141,1.7279038324066063,-0.5738091541336192,-0.9124191495230389,0.9124191495230393,-0.5784279906300535,-0.5776581893550843,-0.5765804684883443,1.733900301750437,0
1.2671820374561256,1.247053329909764,-0.35020386455104724,-1.2258476714090278,-0.9115834940401767,-1.5477679860172513,0.9702425509371355,0.7655191128801867,0.7014981422339509,0.6262789663407777,0.9972039090469852,-0.5787359118286177,-0.5738091541336192,-0.9124191495230389,0.9124191495230393,-0.5784279906300535,-0.5776581893550843,-0.5765804684883443,1.733900301750437,0
-0.15032623494987085,-0.6600184841162697,1.03290776479748,-1.2258476714090278,0.8077365626180215,0.646091668153197,-1.0306701134001208,0.6688717421740601,-0.721130416342303,-1.1974275502726583,-1.0028039309991141,-0.5787359118286177,1.7427397119690018,1.0959875190286648,-1.0959875190286648,1.7288236672481017,-0.5776581893550843,-0.5765804684883443,-0.5767344287272242,0
-0.6987053476324826,0.2935174228967471,-0.35020386455104724,-1.2258476714090278,0.8077365626180215,0.646091668153197,-1.0306701134001208,-1.437210996990858,1.4128124215220779,-1.2593981600604935,0.9972039090469852,-0.5787359118286177,-0.5738091541336192,1.0959875190286648,-1.0959875190286648,1.7288236672481017,-0.5776581893550843,-0.5765804684883443,-0.5767344287272242,0
-1.1436167032051676,0.0074566507928420294,-1.3875375865624426,-1.2258476714090278,-0.9115834940401767,-1.5477679860172513,0.9702425509371355,0.14483594559251653,-0.721130416342303,0.5333230516590249,-1.0028039309991141,-0.5787359118286177,1.7427397119690018,-0.9124191495230389,0.9124191495230393,1.7288236672481017,-0.5776581893550843,-0.5765804684883443,-0.5767344287272242,0
-0.4503827305686584,-0.27860412131106305,1.7244635794717436,0.48429196021605525,0.8077365626180215,-1.5477679860172513,-1.0306701134001208,1.7080076495127163,-1.43244469563043,-0.38738315090309816,-1.0028039309991141,1.7279038324066063,-0.5738091541336192,-0.9124191495230389,0.9124191495230393,-0.5784279906300535,-0.5776581893550843,-0.5765804684883443,1.733900301750437,0
0.6981093733515285,-0.9460792562201749,-1.0417596792253108,-1.2258476714090278,-0.9115834940401767,0.646091668153197,-1.0306701134001208,0.45640006293531554,-1.43244469563043,-0.8167509472902421,0.9972039090469852,-0.5787359118286177,-0.5738091541336192,-0.9124191495230389,0.9124191495230393,-0.5784279906300535,1.731127539482183,-0.5765804684883443,-0.5767344287272242,0
-1.3712457688470063,0.5795781950006521,1.378685672134612,0.4654234052641869,0.8077365626180215,0.646091668153197,0.9702425509371355,-0.46379855695331174,-0.009816137054176019,0.015425812717830665,0.9972039090469852,-0.5787359118286177,-0.5738091541336192,1.0959875190286648,-1.0959875190286648,1.7288236672481017,-0.5776581893550843,-0.5765804684883443,-0.5767344287272242,0
-1.0711892732282189,-1.3274936190253817,-0.35020386455104724,0.34707795151108395,0.8077365626180215,0.646091668153197,0.9702425509371355,-0.8308541057655663,-0.721130416342303,1.0202349857063016,-1.0028039309991141,1.7279038324066063,-0.5738091541336192,-0.9124191495230389,0.9124191495230393,-0.5784279906300535,-0.5776581893550843,-0.5765804684883443,1.733900301750437,0
-1.4333264231129623,-0.18325053060976135,-1.3875375865624426,-1.2258476714090278,0.8077365626180215,-1.5477679860172513,0.9702425509371355,0.9740412283745928,0.7014981422339509,0.5111906910205123,0.9972039090469852,-0.5787359118286177,-0.5738091541336192,1.0959875190286648,-1.0959875190286648,-0.5784279906300535,-0.5776581893550843,1.7343632929879855,-0.5767344287272242,0
1.3189159160110888,2.4866500090266856,0.6871298574603482,-1.2258476714090278,-0.9115834940401767,0.646091668153197,0.9702425509371355,-0.3864359358784365,-1.43244469563043,0.21904353059214635,0.9972039090469852,-0.5787359118286177,-0.5738091541336192,1.0959875190286648,-1.0959875190286648,1.7288236672481017,-0.5776581893550843,-0.5765804684883443,-0.5767344287272242,0
0.7291497004845064,1.4377605113123673,-0.004425957213915414,-1.2258476714090278,0.8077365626180215,0.646091668153197,0.9702425509371355,-1.6623383909882408,1.4128124215220779,1.1353232610265669,0.9972039090469852,-0.5787359118286177,-0.5738091541336192,-0.9124191495230389,0.9124191495230393,1.7288236672481017,-0.5776581893550843,-0.5765804684883443,-0.5767344287272242,0
0.5946416162416017,0.2935174228967471,1.378685672134612,1.6061802824381932,0.8077365626180215,0.646091668153197,0.9702425509371355,0.0819804461880024,-1.43244469563043,1.4850145591150656,-1.0028039309991141,1.7279038324066063,-0.5738091541336192,-0.9124191495230389,0.9124191495230393,-0.5784279906300535,-0.5776581893550843,-0.5765804684883443,1.733900301750437,0
1.598278860207891,0.5795781950006521,1.378685672134612,0.6426883575743627,-0.9115834940401767,0.646091668153197,-1.0306701134001208,1.553507421032898,-1.43244469563043,1.2327056478360223,-1.0028039309991141,1.7279038324066063,-0.5738091541336192,1.0959875190286648,-1.0959875190286648,-0.5784279906300535,1.731127539482183,-0.5765804684883443,-0.5767344287272242,1
0.33597222346678485,0.38887101359804876,-0.35020386455104724,0.6315025575101836,-0.9115834940401767,0.646091668153197,0.9702425509371355,0.30011589686675244,1.4128124215220779,-0.7237950326084893,-1.0028039309991141,1.7279038324066063,-0.5738091541336192,1.0959875190286648,-1.0959875190286648,-0.5784279906300535,-0.5776581893550843,1.7343632929879855,-0.5767344287272242,1
-1.0504957218062334,-0.18325053060976135,-1.0417596792253108,0.5778678378179863,0.8077365626180215,-1.5477679860172513,-1.0306701134001208,-0.9156666964392919,0.7014981422339509,-1.6533541794260174,0.9972039090469852,-0.5787359118286177,-0.5738091541336192,-0.9124191495230389,0.9124191495230393,-0.5784279906300535,-0.5776581893550843,-0.5765804684883443,1.733900301750437,0
2.032843440069583,-0.3739577120123647,-0.004425957213915414,0.5650764419914394,-0.9115834940401767,0.646091668153197,0.9702425509371355,1.4518754932567481,1.4128124215220779,-0.26344193132742777,-1.0028039309991141,1.7279038324066063,-0.5738091541336192,1.0959875190286648,-1.0959875190286648,-0.5784279906300535,1.731127539482183,-0.5765804684883443,-0.5767344287272242,0
0.09799638211395333,-0.6600184841162697,-1.7333154938995745,0.6119631077827842,-0.9115834940401767,0.646091668153197,-1.0306701134001208,-0.26927284817672276,0.7014981422339509,-0.6573979506929516,0.9972039090469852,-0.5787359118286177,-0.5738091541336192,1.0959875190286648,-1.0959875190286648,-0.5784279906300535,-0.5776581893550843,1.7343632929879855,-0.5767344287272242,0
2.063883767202561,0.9609925578058589,0.3413519501232164,0.8362626560987851,-0.9115834940401767,0.646091668153197,-1.0306701134001208,-0.5968068499344509,0.7014981422339509,1.6266616672015461,0.9972039090469852,-0.5787359118286177,-0.5738091541336192,-0.9124191495230389,0.9124191495230393,-0.5784279906300535,-0.5776581893550843,1.7343632929879855,-0.5767344287272242,1
1.5155046545199495,-0.7553720748175714,1.378685672134612,-1.2258476714090278,0.8077365626180215,0.646091668153197,0.9702425509371355,-1.3101107909105085,-1.43244469563043,1.1840144544312945,0.9972039090469852,-0.5787359118286177,-0.5738091541336192,-0.9124191495230389,0.9124191495230393,-0.5784279906300535,-0.5776581893550843,1.7343632929879855,-0.5767344287272242,0
-0.8539069832973727,0.0074566507928420294,-0.004425957213915414,-1.2258476714090278,0.8077365626180215,0.646091668153197,0.9702425509371355,0.5126221802170245,0.7014981422339509,-0.055397741325409575,-1.0028039309991141,-0.5787359118286177,1.7427397119690018,-0.9124191495230389,0.9124191495230393,-0.5784279906300535,-0.5776581893550843,-0.5765804684883443,1.733900301750437,0
0.7601900276174844,0.10281024149414371,0.3413519501232164,-1.2258476714090278,0.8077365626180215,-1.5477679860172513,-1.0306701134001208,0.10536413108018503,-0.009816137054176019,-0.7503538653747044,0.9972039090469852,-0.5787359118286177,-0.5738091541336192,-0.9124191495230389,0.9124191495230393,-0.5784279906300535,-0.5776581893550843,1.7343632929879855,-0.5767344287272242,0
0.24285124206785078,-0.27860412131106305,-1.0417596792253108,-1.2258476714090278,0.8077365626180215,0.646091668153197,0.9702425509371355,1.4380169813150174,-1.43244469563043,-1.1221775241017156,-1.0028039309991141,-0.5787359118286177,1.7427397119690018,-0.9124191495230389,0.9124191495230393,-0.5784279906300535,1.731127539482183,-0.5765804684883443,-0.5767344287272242,0
0.36701255059976284,-0.4693113027136664,1.378685672134612,-1.2258476714090278,0.8077365626180215,0.646091668153197,-1.0306701134001208,0.47784209200179145,-0.009816137054176019,-1.1000451634632031,-1.0028039309991141,-0.5787359118286177,1.7427397119690018,-0.9124191495230389,0.9124191495230393,-0.5784279906300535,-0.5776581893550843,-0.5765804684883443,1.733900301750437,0
-0.5435037119675924,1.6284676927149706,-0.35020386455104724,0.35066417738239003,-0.9115834940401767,0.646091668153197,0.9702425509371355,-0.9709828467810104,1.4128124215220779,1.0777791233664342,-1.0028039309991141,-0.5787359118286177,1.7427397119690018,1.0959875190286648,-1.0959875190286648,1.7288236672481017,-0.5776581893550843,-0.5765804684883443,-0.5767344287272242,0
-1.2884715631590649,-0.6600184841162697,0.3413519501232164,0.8887517580519723,0.8077365626180215,0.646091668153197,0.9702425509371355,-1.7092398299685243,0.7014981422339509,-0.8521627243118622,-1.0028039309991141,1.7279038324066063,-0.5738091541336192,1.0959875190286648,-1.0959875190286648,-0.5784279906300535,-0.5776581893550843,-0.5765804684883443,1.733900301750437,0
-0.8228666561643946,-0.08789693990845966,0.3413519501232164,0.4921593473974406,0.8077365626180215,-1.5477679860172513,-1.0306701134001208,-1.0629426645502227,0.7014981422339509,0.28101414037998157,0.9972039090469852,-0.5787359118286177,-0.5738091541336192,1.0959875190286648,-1.0959875190286648,-0.5784279906300535,-0.5776581893550843,1.7343632929879855,-0.5767344287272242,0
-0.26414076777079026,0.9609925578058589,-0.35020386455104724,0.8337121019999307,-0.9115834940401767,0.646091668153197,-1.0306701134001208,0.4646756622906101,-0.721130416342303,-0.10408893473013724,-1.0028039309991141,1.7279038324066063,-0.5738091541336192,1.0959875190286648,-1.0959875190286648,-0.5784279906300535,-0.5776581893550843,-0.5765804684883443,1.733900301750437,1
-0.19171333779384153,0.38887101359804876,-1.0417596792253108,0.3770797376101758,-0.9115834940401767,0.646091668153197,-1.0306701134001208,-1.318345700004007,1.4128124215220779,1.0290879299617066,0.9972039090469852,-0.5787359118286177,-0.5738091541336192,-0.9124191495230389,0.9124191495230393,-0.5784279906300535,-0.5776581893550843,-0.5765804684883443,1.733900301750437,0
-1.9299716572406107,-0.5646648934149681,1.7244635794717436,1.1380499099042942,0.8077365626180215,0.646091668153197,-1.0306701134001208,0.006212918153536321,0.7014981422339509,0.860881989109011,0.9972039090469852,-0.5787359118286177,-0.5738091541336192,1.0959875190286648,-1.0959875190286648,1.7288236672481017,-0.5776581893550843,-0.5765804684883443,-0.5767344287272242,0
-1.9920523115065667,-0.3739577120123647,-0.004425957213915414,1.442545424559523,-0.9115834940401767,0.646091668153197,-1.0306701134001208,0.6120493565858545,-0.009816137054176019,-0.015559492176086938,-1.0028039309991141,-0.5787359118286177,1.7427397119690018,1.0959875190286648,-1.0959875190286648,-0.5784279906300535,-0.5776581893550843,-0.5765804684883443,1.733900301750437,0
-0.936681188985314,2.5820035997279875,1.378685672134612,-1.2258476714090278,-0.9115834940401767,0.646091668153197,0.9702425509371355,-1.4634887332807875,-0.009816137054176019,1.325661562517775,0.9972039090469852,-0.5787359118286177,-0.5738091541336192,1.0959875190286648,-1.0959875190286648,1.7288236672481017,-0.5776581893550843,-0.5765804684883443,-0.5767344287272242,0
-1.0504957218062334,1.533114102013669,-1.3875375865624426,0.9793592548279083,0.8077365626180215,-1.5477679860172513,0.9702425509371355,0.28618435112179796,0.7014981422339509,-1.2726775764436011,-1.0028039309991141,1.7279038324066063,-0.5738091541336192,1.0959875190286648,-1.0959875190286648,-0.5784279906300535,-0.5776581893550843,1.7343632929879855,-0.5767344287272242,1
-0.0882455806839148,-0.3739577120123647,-0.35020386455104724,0.785174804270412,-0.9115834940401767,0.646091668153197,0.9702425509371355,-0.1445848442828507,0.7014981422339509,-0.6175597015436289,0.9972039090469852,-0.5787359118286177,-0.5738091541336192,-0.9124191495230389,0.9124191495230393,-0.5784279906300535,-0.5776581893550843,1.7343632929879855,-0.5767344287272242,0
-0.12963268352788548,0.2935174228967471,0.6871298574603482,1.4295224370104145,-0.9115834940401767,-1.5477679860172513,-1.0306701134001208,-1.168087866041453,-0.009816137054176019,0.48905833038199975,0.9972039090469852,-0.5787359118286177,-0.5738091541336192,1.0959875190286648,-1.0959875190286648,-0.5784279906300535,1.731127539482183,-0.5765804684883443,-0.5767344287272242,0
0.3773593263107555,0.7702853764032556,-1.3875375865624426,0.23613381661465369,-0.9115834940401767,-1.5477679860172513,-1.0306701134001208,1.021695089418089,-0.721130416342303,-1.4984276549564295,-1.0028039309991141,1.7279038324066063,-0.5738091541336192,1.0959875190286648,-1.0959875190286648,-0.5784279906300535,1.731127539482183,-0.5765804684883443,-0.5767344287272242,1
0.6360287190855723,-0.5646648934149681,-1.0417596792253108,1.7053194900564266,-0.9115834940401767,0.646091668153197,-1.0306701134001208,-1.6872415267674936,-1.43244469563043,-1.4541629336794042,0.9972039090469852,-0.5787359118286177,-0.5738091541336192,-0.9124191495230389,0.9124191495230393,-0.5784279906300535,-0.5776581893550843,-0.5765804684883443,1.733900301750437,0
0.7188029247735137,0.38887101359804876,0.3413519501232164,0.9830730564854837,0.8077365626180215,0.646091668153197,-1.0306701134001208,1.260137936863231,0.7014981422339509,-0.4449272885632309,0.9972039090469852,-0.5787359118286177,-0.5738091541336192,1.0959875190286648,-1.0959875190286648,-0.5784279906300535,1.731127539482183,-0.5765804684883443,-0.5767344287272242,0
2.063883767202561,-0.7553720748175714,-1.3875375865624426,0.5182607762922017,-0.9115834940401767,0.646091668153197,0.9702425509371355,0.55789253092531,-0.721130416342303,0.6218524942130752,-1.0028039309991141,1.7279038324066063,-0.5738091541336192,1.0959875190286648,-1.0959875190286648,1.7288236672481017,-0.5776581893550843,-0.5765804684883443,-0.5767344287272242,0
0.09799638211395333,-0.3739577120123647,1.378685672134612,0.6004186210230392,-0.9115834940401767,0.646091668153197,-1.0306701134001208,1.544173179310874,-0.009816137054176019,1.5602645852860084,-1.0028039309991141,1.7279038324066063,-0.5738091541336192,-0.9124191495230389,0.9124191495230393,-0.5784279906300535,-0.5776581893550843,1.7343632929879855,-0.5767344287272242,1
0.5636012891086236,0.6749317857019538,-0.35020386455104724,0.6255730080571665,-0.9115834940401767,-1.5477679860172513,-1.0306701134001208,-0.40942993326341803,-0.009816137054176019,-0.13507423962405485,-1.0028039309991141,1.7279038324066063,-0.5738091541336192,1.0959875190286648,-1.0959875190286648,-0.5784279906300535,-0.5776581893550843,1.7343632929879855,-0.5767344287272242,1
0.5636012891086236,-0.4693113027136664,0.6871298574603482,0.6607969070256171,-0.9115834940401767,0.646091668153197,-1.0306701134001208,-1.6970198835691217,1.4128124215220779,-0.8787215570780773,0.9972039090469852,-0.5787359118286177,-0.5738091541336192,-0.9124191495230389,0.9124191495230393,-0.5784279906300535,-0.5776581893550843,1.7343632929879855,-0.5767344287272242,0
-0.40899562772468767,0.6749317857019538,0.3413519501232164,-1.2258476714090278,0.8077365626180215,0.646091668153197,-1.0306701134001208,-0.9425518305260326,0.7014981422339509,-0.8875745013334824,-1.0028039309991141,-0.5787359118286177,1.7427397119690018,-0.9124191495230389,0.9124191495230393,1.7288236672481017,-0.5776581893550843,-0.5765804684883443,-0.5767344287272242,0
0.05660927926998263,0.6749317857019538,1.378685672134612,1.0703103728171128,0.8077365626180215,-1.5477679860172513,-1.0306701134001208,1.6173368783704039,-1.43244469563043,0.48905833038199975,0.9972039090469852,-0.5787359118286177,-0.5738091541336192,-0.9124191495230389,0.9124191495230393,-0.5784279906300535,1.731127539482183,-0.5765804684883443,-0.5767344287272242,0
0.8222706818834405,2.200589236922781,-1.0417596792253108,-1.2258476714090278,0.8077365626180215,0.646091668153197,0.9702425509371355,1.0920094268118452,-0.009816137054176019,-0.29442723622134537,-1.0028039309991141,-0.5787359118286177,1.7427397119690018,1.0959875190286648,-1.0959875190286648,-0.5784279906300535,1.731127539482183,-0.5765804684883443,-0.5767344287272242,0
-1.857544227263662,-1.23214002832408,1.03290776479748,-1.2258476714090278,0.8077365626180215,0.646091668153197,0.9702425509371355,1.3835668032115234,0.7014981422339509,-0.9672509996321276,-1.0028039309991141,-0.5787359118286177,1.7427397119690018,-0.9124191495230389,0.9124191495230393,-0.5784279906300535,1.731127539482183,-0.5765804684883443,-0.5767344287272242,0
0.2221576906458654,0.7702853764032556,-1.3875375865624426,-1.2258476714090278,-0.9115834940401767,-1.5477679860172513,-1.0306701134001208,-0.1480729039468176,-0.009816137054176019,0.45807302548808215,0.9972039090469852,-0.5787359118286177,-0.5738091541336192,-0.9124191495230389,0.9124191495230393,-0.5784279906300535,-0.5776581893550843,-0.5765804684883443,1.733900301750437,0
1.8466014772717152,-1.1367864376227783,1.378685672134612,0.5699204753635505,-0.9115834940401767,0.646091668153197,0.9702425509371355,0.3411368974574667,-0.009816137054176019,0.7634996022995557,-1.0028039309991141,1.7279038324066063,-0.5738091541336192,1.0959875190286648,-1.0959875190286648,1.7288236672481017,-0.5776581893550843,-0.5765804684883443,-0.5767344287272242,1
0.8843513361493965,-0.8507256655188732,1.378685672134612,-1.2258476714090278,0.8077365626180215,0.646091668153197,-1.0306701134001208,-1.1461074735112131,-0.009816137054176019,-1.175295189634146,0.9972039090469852,-0.5787359118286177,-0.5738091541336192,1.0959875190286648,-1.0959875190286648,-0.5784279906300535,1.731127539482183,-0.5765804684883443,-0.5767344287272242,0
0.5325609619756456,0.5795781950006521,1.378685672134612,-0.02398151179880814,-0.9115834940401767,0.646091668153197,0.9702425509371355,1.2333053175588085,-0.009816137054176019,0.9051467103860361,0.9972039090469852,-0.5787359118286177,-0.5738091541336192,-0.9124191495230389,0.9124191495230393,-0.5784279906300535,-0.5776581893550843,-0.5765804684883443,1.733900301750437,0
0.47048030770968957,0.48422460429935044,1.03290776479748,1.3687776110289451,-0.9115834940401767,-1.5477679860172513,-1.0306701134001208,-0.42651340928750225,0.7014981422339509,0.7944849071934733,0.9972039090469852,-0.5787359118286177,-0.5738091541336192,-0.9124191495230389,0.9124191495230393,-0.5784279906300535,1.731127539482183,-0.5765804684883443,-0.5767344287272242,0
-0.42968917914667304,0.10281024149414371,0.3413519501232164,-1.2258476714090278,0.8077365626180215,0.646091668153197,0.9702425509371355,-0.04649644708311582,-1.43244469563043,0.48905833038199975,0.9972039090469852,-0.5787359118286177,-0.5738091541336192,-0.9124191495230389,0.9124191495230393,1.7288236672481017,-0.5776581893550843,-0.5765804684883443,-0.5767344287272242,0
0.7498432519064918,-1.7089079818305883,-0.35020386455104724,-1.2258476714090278,0.8077365626180215,-1.5477679860172513,-1.0306701134001208,-1.308404408265187,-1.43244469563043,0.9582643759184664,0.9972039090469852,-0.5787359118286177,-0.5738091541336192,-0.9124191495230389,0.9124191495230393,-0.5784279906300535,-0.5776581893550843,-0.5765804684883443,1.733900301750437,0
-0.07789880497292212,0.0074566507928420294,0.6871298574603482,-1.2258476714090278,0.8077365626180215,0.646091668153197,0.9702425509371355,1.2224876201813029,-0.009816137054176019,0.31199944527389917,0.9972039090469852,-0.5787359118286177,-0.5738091541336192,-0.9124191495230389,0.9124191495230393,-0.5784279906300535,-0.5776581893550843,1.7343632929879855,-0.5767344287272242,0
0.04626250355898996,0.1981638321954454,1.03290776479748,0.7865476864126004,-0.9115834940401767,-1.5477679860172513,-1.0306701134001208,1.1120387734559636,-0.009816137054176019,-1.1664422453787409,-1.0028039309991141,1.7279038324066063,-0.5738091541336192,-0.9124191495230389,0.9124191495230393,-0.5784279906300535,-0.5776581893550843,-0.5765804684883443,1.733900301750437,1
0.3773593263107555,0.1981638321954454,1.7244635794717436,0.926884897814843,0.8077365626180215,0.646091668153197,0.9702425509371355,1.7036748321914605,0.7014981422339509,-0.9052803898442924,-1.0028039309991141,1.7279038324066063,-0.5738091541336192,-0.9124191495230389,0.9124191495230393,1.7288236672481017,-0.5776581893550843,-0.5765804684883443,-0.5767344287272242,0
0.04626250355898996,-0.27860412131106305,1.7244635794717436,0.7344983683256481,-0.9115834940401767,0.646091668153197,-1.0306701134001208,-1.5808093653294555,0.7014981422339509,-0.3962360951585032,-1.0028039309991141,1.7279038324066063,-0.5738091541336192,1.0959875190286648,-1.0959875190286648,-0.5784279906300535,-0.5776581893550843,1.7343632929879855,-0.5767344287272242,0
-1.2263909088931089,0.48422460429935044,-0.695981771888179,1.1557093797661937,-0.9115834940401767,0.646091668153197,-1.0306701134001208,-0.43910008971309283,-1.43244469563043,1.5425586967751983,0.9972039090469852,-0.5787359118286177,-0.5738091541336192,-0.9124191495230389,0.9124191495230393,-0.5784279906300535,-0.5776581893550843,1.7343632929879855,-0.5767344287272242,1
-1.1125763760721894,0.2935174228967471,-0.35020386455104724,0.2140071107091844,2.52705661927622,0.646091668153197,-1.0306701134001208,-0.24530141505859618,-0.009816137054176019,0.2367494191029564,0.9972039090469852,-0.5787359118286177,-0.5738091541336192,-0.9124191495230389,0.9124191495230393,1.7288236672481017,-0.5776581893550843,-0.5765804684883443,-0.5767344287272242,1
0.48082708342068226,-1.518200800427985,1.7244635794717436,-1.2258476714090278,0.8077365626180215,0.646091668153197,0.9702425509371355,-0.3539706714453823,-0.009816137054176019,1.600102834435331,0.9972039090469852,-0.5787359118286177,-0.5738091541336192,1.0959875190286648,-1.0959875190286648,-0.5784279906300535,-0.5776581893550843,-0.5765804684883443,1.733900301750437,0
-1.2574312360260869,2.6773571904292894,1.03290776479748,0.42657225102583096,0.8077365626180215,0.646091668153197,0.9702425509371355,0.9374719858703842,1.4128124215220779,-0.15278012813486488,0.9972039090469852,-0.5787359118286177,-0.5738091541336192,-0.9124191495230389,0.9124191495230393,-0.5784279906300535,-0.5776581893550843,1.7343632929879855,-0.5767344287272242,1
-0.3262214220367463,-0.08789693990845966,-0.695981771888179,-1.2258476714090278,0.8077365626180215,-1.5477679860172513,0.9702425509371355,0.2847815804298781,-1.43244469563043,-1.1443098847402282,0.9972039090469852,-0.5787359118286177,-0.5738091541336192,1.0959875190286648,-1.0959875190286648,-0.5784279906300535,-0.5776581893550843,1.7343632929879855,-0.5767344287272242,0
-0.9780682918292848,-0.4693113027136664,1.03290776479748,1.3987045505298112,-0.9115834940401767,0.646091668153197,0.9702425509371355,0.06798786505035362,-0.009816137054176019,0.49791127463740475,0.9972039090469852,-0.5787359118286177,-0.5738091541336192,-0.9124191495230389,0.9124191495230393,-0.5784279906300535,-0.5776581893550843,1.7343632929879855,-0.5767344287272242,0
-0.367608524880717,-0.5646648934149681,-0.695981771888179,0.980400055275185,0.8077365626180215,0.646091668153197,0.9702425509371355,1.2444843583722642,0.7014981422339509,0.30757297314619664,-1.0028039309991141,1.7279038324066063,-0.5738091541336192,1.0959875190286648,-1.0959875190286648,-0.5784279906300535,-0.5776581893550843,1.7343632929879855,-0.5767344287272242,0
-0.8952940861413433,-0.27860412131106305,0.6871298574603482,2.08102008354067,-0.9115834940401767,0.646091668153197,0.9702425509371355,-0.9295702458930105,-0.721130416342303,1.427470421454933,0.9972039090469852,-0.5787359118286177,-0.5738091541336192,1.0959875190286648,-1.0959875190286648,-0.5784279906300535,-0.5776581893550843,1.7343632929879855,-0.5767344287272242,1
-1.1229231517831821,1.9145284648188758,-1.0417596792253108,-0.12169574917116283,0.8077365626180215,0.646091668153197,-1.0306701134001208,-1.603008163709336,1.4128124215220779,-0.7282215047361918,0.9972039090469852,-0.5787359118286177,-0.5738091541336192,1.0959875190286648,-1.0959875190286648,1.7288236672481017,-0.5776581893550843,-0.5765804684883443,-0.5767344287272242,1
0.2635447934898361,-0.5646648934149681,0.3413519501232164,1.5226537226134627,-0.9115834940401767,-1.5477679860172513,-1.0306701134001208,-0.3650055574424748,-0.009816137054176019,-1.5869570975104796,0.9972039090469852,-0.5787359118286177,-0.5738091541336192,-0.9124191495230389,0.9124191495230393,-0.5784279906300535,1.731127539482183,-0.5765804684883443,-0.5767344287272242,0
-1.350552217425021,0.38887101359804876,-0.695981771888179,1.1911231999742542,2.52705661927622,-1.5477679860172513,0.9702425509371355,-1.29995318000214,-0.721130416342303,1.1087644282603517,-1.0028039309991141,1.7279038324066063,-0.5738091541336192,-0.9124191495230389,0.9124191495230393,-0.5784279906300535,1.731127539482183,-0.5765804684883443,-0.5767344287272242,1
0.025568952137004615,-0.18325053060976135,-0.695981771888179,0.7893080353660106,0.8077365626180215,0.646091668153197,-1.0306701134001208,0.600526535227224,-1.43244469563043,-0.9628245275044252,-1.0028039309991141,1.7279038324066063,-0.5738091541336192,1.0959875190286648,-1.0959875190286648,1.7288236672481017,-0.5776581893550843,-0.5765804684883443,-0.5767344287272242,1
0.8429642333054258,-0.3739577120123647,-0.695981771888179,-1.2258476714090278,0.8077365626180215,0.646091668153197,-1.0306701134001208,-0.16020990481255884,-0.009816137054176019,-0.3918096230308007,0.9972039090469852,-0.5787359118286177,-0.5738091541336192,1.0959875190286648,-1.0959875190286648,-0.5784279906300535,-0.5776581893550843,-0.5765804684883443,1.733900301750437,0
-0.7607860018984386,1.1516997392084622,-1.0417596792253108,0.5189755853459211,-0.9115834940401767,-1.5477679860172513,-1.0306701134001208,0.7079135266974096,0.7014981422339509,-0.6662508949483567,-1.0028039309991141,-0.5787359118286177,1.7427397119690018,-0.9124191495230389,0.9124191495230393,-0.5784279906300535,-0.5776581893550843,-0.5765804684883443,1.733900301750437,1
-1.6092216101998378,-0.4693113027136664,1.378685672134612,0.6518935275296037,-0.9115834940401767,0.646091668153197,0.9702425509371355,0.2778588453343006,-1.43244469563043,0.4802053861265947,-1.0028039309991141,1.7279038324066063,-0.5738091541336192,1.0959875190286648,-1.0959875190286648,1.7288236672481017,-0.5776581893550843,-0.5765804684883443,-0.5767344287272242,1
0.25319801777884343,-0.5646648934149681,-0.695981771888179,-1.2258476714090278,0.8077365626180215,0.646091668153197,-1.0306701134001208,-0.9519114601891775,1.4128124215220779,-0.5290302589895787,-1.0028039309991141,-0.5787359118286177,1.7427397119690018,-0.9124191495230389,0.9124191495230393,-0.5784279906300535,1.731127539482183,-0.5765804684883443,-0.5767344287272242,0
-0.1606730106608635,-1.1367864376227783,-0.695981771888179,0.8097526962000036,-0.9115834940401767,0.646091668153197,-1.0306701134001208,1.0749829867102785,-1.43244469563043,0.35183769442322177,0.9972039090469852,-0.5787359118286177,-0.5738091541336192,-0.9124191495230389,0.9124191495230393,-0.5784279906300535,1.731127539482183,-0.5765804684883443,-0.5767344287272242,0
1.2878755888781108,3.344832325338401,-1.7333154938995745,1.36047092079459,-0.9115834940401767,0.646091668153197,0.9702425509371355,0.6047840581751559,1.4128124215220779,-1.2593981600604935,-1.0028039309991141,1.7279038324066063,-0.5738091541336192,1.0959875190286648,-1.0959875190286648,-0.5784279906300535,-0.5776581893550843,1.7343632929879855,-0.5767344287272242,0
1.887988580115686,0.7702853764032556,-1.0417596792253108,-1.2258476714090278,0.8077365626180215,0.646091668153197,0.9702425509371355,1.4286373543009894,1.4128124215220779,-0.8344568358010521,0.9972039090469852,-0.5787359118286177,-0.5738091541336192,-0.9124191495230389,0.9124191495230393,-0.5784279906300535,-0.5776581893550843,-0.5765804684883443,1.733900301750437,0
0.5015206348426676,1.0563461485071606,-1.7333154938995745,1.3165904598060734,-0.9115834940401767,0.646091668153197,-1.0306701134001208,1.629273384057295,-1.43244469563043,1.0113820414508965,-1.0028039309991141,-0.5787359118286177,1.7427397119690018,1.0959875190286648,-1.0959875190286648,-0.5784279906300535,-0.5776581893550843,-0.5765804684883443,1.733900301750437,0
0.7912303547504624,0.1981638321954454,1.7244635794717436,-1.2258476714090278,0.8077365626180215,-1.5477679860172513,0.9702425509371355,-0.9150384318415595,1.4128124215220779,-0.8787215570780773,-1.0028039309991141,-0.5787359118286177,1.7427397119690018,1.0959875190286648,-1.0959875190286648,1.7288236672481017,-0.5776581893550843,-0.5765804684883443,-0.5767344287272242,0
-0.9884150675402774,1.533114102013669,-0.35020386455104724,1.1269128322509514,-0.9115834940401767,0.646091668153197,0.9702425509371355,-0.45107885067184905,-0.721130416342303,-0.3077066526044529,0.9972039090469852,-0.5787359118286177,-0.5738091541336192,-0.9124191495230389,0.9124191495230393,1.7288236672481017,-0.5776581893550843,-0.5765804684883443,-0.5767344287272242,0
1.5258514302309423,1.8191748741175742,1.378685672134612,-1.2258476714090278,0.8077365626180215,-1.5477679860172513,-1.0306701134001208,0.3300661901187928,-0.009816137054176019,-0.9141333340996974,-1.0028039309991141,-0.5787359118286177,1.7427397119690018,1.0959875190286648,-1.0959875190286648,1.7288236672481017,-0.5776581893550843,-0.5765804684883443,-0.5767344287272242,1
-0.6469714690775192,-0.4693113027136664,-0.695981771888179,0.7098725553406615,-0.9115834940401767,0.646091668153197,0.9702425509371355,0.5501754662746696,1.4128124215220779,-0.41836845579701576,0.9972039090469852,-0.5787359118286177,-0.5738091541336192,1.0959875190286648,-1.0959875190286648,-0.5784279906300535,1.731127539482183,-0.5765804684883443,-0.5767344287272242,0
0.035915727847997285,-0.9460792562201749,-0.35020386455104724,0.32838072635258475,-0.9115834940401767,-1.5477679860172513,0.9702425509371355,0.7184062236505694,-0.721130416342303,-1.1708687175064434,0.9972039090469852,-0.5787359118286177,-0.5738091541336192,1.0959875190286648,-1.0959875190286648,1.7288236672481017,-0.5776581893550843,-0.5765804684883443,-0.5767344287272242,0
-0.4400359548576657,1.6284676927149706,-0.004425957213915414,-1.2258476714090278,0.8077365626180215,-1.5477679860172513,0.9702425509371355,0.9341400794333102,-1.43244469563043,1.3920586444333127,-1.0028039309991141,-0.5787359118286177,1.7427397119690018,1.0959875190286648,-1.0959875190286648,1.7288236672481017,-0.5776581893550843,-0.5765804684883443,-0.5767344287272242,0
-0.6987053476324826,1.4377605113123673,0.3413519501232164,0.6331184106222014,-0.9115834940401767,0.646091668153197,-1.0306701134001208,-0.7396630557202883,1.4128124215220779,1.2017203429421046,-1.0028039309991141,1.7279038324066063,-0.5738091541336192,1.0959875190286648,-1.0959875190286648,1.7288236672481017,-0.5776581893550843,-0.5765804684883443,-0.5767344287272242,1
1.0809400746582574,-0.08789693990845966,-1.3875375865624426,-1.2258476714090278,0.8077365626180215,0.646091668153197,-1.0306701134001208,-1.3799116311115982,0.7014981422339509,0.16592586505971615,0.9972039090469852,-0.5787359118286177,-0.5738091541336192,1.0959875190286648,-1.0959875190286648,-0.5784279906300535,1.731127539482183,-0.5765804684883443,-0.5767344287272242,0
-0.8021731047424093,-1.1367864376227783,-1.0417596792253108,0.8295173268064334,-0.9115834940401767,0.646091668153197,0.9702425509371355,-1.5382118779291534,-0.721130416342303,-0.9893833602706402,0.9972039090469852,-0.5787359118286177,-0.5738091541336192,-0.9124191495230389,0.9124191495230393,1.7288236672481017,-0.5776581893550843,-0.5765804684883443,-0.5767344287272242,0
0.8946981118603892,0.5795781950006521,-1.0417596792253108,-1.2258476714090278,0.8077365626180215,-1.5477679860172513,0.9702425509371355,1.349480883906932,-0.721130416342303,0.033131701228640724,-1.0028039309991141,-0.5787359118286177,1.7427397119690018,1.0959875190286648,-1.0959875190286648,-0.5784279906300535,1.731127539482183,-0.5765804684883443,-0.5767344287272242,0
-1.2677780117370796,-0.3739577120123647,-0.695981771888179,1.2853935322016934,-0.9115834940401767,0.646091668153197,-1.0306701134001208,1.725519764405721,0.7014981422339509,1.6620734442231662,0.9972039090469852,-0.5787359118286177,-0.5738091541336192,-0.9124191495230389,0.9124191495230393,-0.5784279906300535,-0.5776581893550843,1.7343632929879855,-0.5767344287272242,0
-0.8332134318753873,-1.7089079818305883,0.6871298574603482,0.634896778617733,-0.9115834940401767,0.646091668153197,0.9702425509371355,0.8346264797306652,1.4128124215220779,1.2459850642191297,-1.0028039309991141,-0.5787359118286177,1.7427397119690018,-0.9124191495230389,0.9124191495230393,1.7288236672481017,-0.5776581893550843,-0.5765804684883443,-0.5767344287272242,0
-0.06755202926192945,-0.6600184841162697,1.03290776479748,1.0424510906261195,-0.9115834940401767,0.646091668153197,0.9702425509371355,1.1650126253942903,-1.43244469563043,1.1353232610265669,-1.0028039309991141,1.7279038324066063,-0.5738091541336192,1.0959875190286648,-1.0959875190286648,-0.5784279906300535,1.731127539482183,-0.5765804684883443,-0.5767344287272242,1
-1.1229231517831821,-1.23214002832408,-1.0417596792253108,-1.2258476714090278,0.8077365626180215,0.646091668153197,0.9702425509371355,-0.7863427849407854,-0.721130416342303,-1.3435011304868414,-1.0028039309991141,-0.5787359118286177,1.7427397119690018,1.0959875190286648,-1.0959875190286648,-0.5784279906300535,-0.5776581893550843,1.7343632929879855,-0.5767344287272242,0
-0.7400924504764532,-1.6135543911292867,-0.695981771888179,0.6762587397250506,-0.9115834940401767,0.646091668153197,0.9702425509371355,-0.8739788276691413,1.4128124215220779,-0.7680597538855144,-1.0028039309991141,-0.5787359118286177,1.7427397119690018,-0.9124191495230389,0.9124191495230393,-0.5784279906300535,-0.5776581893550843,-0.5765804684883443,1.733900301750437,0
-0.4814230577016364,0.10281024149414371,-1.3875375865624426,-1.2258476714090278,0.8077365626180215,0.646091668153197,-1.0306701134001208,0.40198031558316516,-1.43244469563043,1.4761616148596606,0.9972039090469852,-0.5787359118286177,-0.5738091541336192,1.0959875190286648,-1.0959875190286648,-0.5784279906300535,-0.5776581893550843,1.7343632929879855,-0.5767344287272242,0
0.9567787661263453,-0.27860412131106305,-0.35020386455104724,-1.2258476714090278,0.8077365626180215,0.646091668153197,0.9702425509371355,1.5792826152006447,-0.009816137054176019,0.5864407171914551,0.9972039090469852,-0.5787359118286177,-0.5738091541336192,-0.9124191495230389,0.9124191495230393,-0.5784279906300535,1.731127539482183,-0.5765804684883443,-0.5767344287272242,0
-0.1606730106608635,0.8656389671045572,-0.35020386455104724,0.08127348027702146,0.8077365626180215,0.646091668153197,-1.0306701134001208,1.5967298691207867,-0.721130416342303,-0.5246037868618761,-1.0028039309991141,1.7279038324066063,-0.5738091541336192,1.0959875190286648,-1.0959875190286648,1.7288236672481017,-0.5776581893550843,-0.5765804684883443,-0.5767344287272242,0
0.01522217642601194,0.5795781950006521,1.378685672134612,0.5503965719317141,-0.9115834940401767,0.646091668153197,0.9702425509371355,0.9267172366756575,-0.009816137054176019,-0.4272214000524208,-1.0028039309991141,1.7279038324066063,-0.5738091541336192,1.0959875190286648,-1.0959875190286648,-0.5784279906300535,-0.5776581893550843,1.7343632929879855,-0.5767344287272242,1
-0.5435037119675924,0.48422460429935044,1.03290776479748,-1.2258476714090278,0.8077365626180215,0.646091668153197,-1.0306701134001208,0.8415869489579083,0.7014981422339509,1.3389409789008826,-1.0028039309991141,-0.5787359118286177,1.7427397119690018,-0.9124191495230389,0.9124191495230393,-0.5784279906300535,-0.5776581893550843,-0.5765804684883443,1.733900301750437,0
0.1497302606689167,-0.6600184841162697,1.7244635794717436,-1.2258476714090278,-0.9115834940401767,0.646091668153197,0.9702425509371355,-1.3494349728063233,0.7014981422339509,0.4536465533603796,-1.0028039309991141,-0.5787359118286177,1.7427397119690018,1.0959875190286648,-1.0959875190286648,-0.5784279906300535,-0.5776581893550843,1.7343632929879855,-0.5767344287272242,0
-1.4333264231129623,-0.27860412131106305,-1.7333154938995745,0.8545378874818486,-0.9115834940401767,0.646091668153197,-1.0306701134001208,-0.818488787319747,-0.721130416342303,-1.1398834126125257,0.9972039090469852,-0.5787359118286177,-0.5738091541336192,-0.9124191495230389,0.9124191495230393,-0.5784279906300535,-0.5776581893550843,1.7343632929879855,-0.5767344287272242,0
-0.46072950627965104,-0.6600184841162697,0.3413519501232164,-1.2258476714090278,0.8077365626180215,-1.5477679860172513,0.9702425509371355,-1.1050642149995165,-0.009816137054176019,-0.4227949279247183,0.9972039090469852,-0.5787359118286177,-0.5738091541336192,-0.9124191495230389,0.9124191495230393,-0.5784279906300535,-0.5776581893550843,1.7343632929879855,-0.5767344287272242,0
-0.9884150675402774,0.8656389671045572,-0.695981771888179,1.0508898442372154,0.8077365626180215,-1.5477679860172513,0.9702425509371355,-0.3643945079555024,-0.009816137054176019,-1.520560015594942,-1.0028039309991141,1.7279038324066063,-0.5738091541336192,-0.9124191495230389,0.9124191495230393,-0.5784279906300535,-0.5776581893550843,-0.5765804684883443,1.733900301750437,0
-0.1606730106608635,1.3424069206110656,1.03290776479748,0.6494130118963266,-0.9115834940401767,-1.5477679860172513,0.9702425509371355,0.4096210425204358,-0.009816137054176019,1.2194262314529147,-1.0028039309991141,1.7279038324066063,-0.5738091541336192,-0.9124191495230389,0.9124191495230393,-0.5784279906300535,-0.5776581893550843,-0.5765804684883443,1.733900301750437,1
0.49117385913167494,0.0074566507928420294,1.378685672134612,1.370446033057918,-0.9115834940401767,-1.5477679860172513,-1.0306701134001208,-0.17176611305266304,-0.009816137054176019,-0.4050890394139082,-1.0028039309991141,-0.5787359118286177,1.7427397119690018,1.0959875190286648,-1.0959875190286648,1.7288236672481017,-0.5776581893550843,-0.5765804684883443,-0.5767344287272242,0
-0.19171333779384153,-0.8507256655188732,-1.3875375865624426,-0.28556893015810264,-0.9115834940401767,0.646091668153197,0.9702425509371355,-0.37246752545185463,-1.43244469563043,-0.9229862783551025,-1.0028039309991141,1.7279038324066063,-0.5738091541336192,-0.9124191495230389,0.9124191495230393,-0.5784279906300535,1.731127539482183,-0.5765804684883443,-0.5767344287272242,0
-1.0091086189622627,0.1981638321954454,-1.3875375865624426,-1.2258476714090278,0.8077365626180215,0.646091668153197,-1.0306701134001208,-0.16489867497952654,-0.721130416342303,-0.32098606898756044,0.9972039090469852,-0.5787359118286177,-0.5738091541336192,-0.9124191495230389,0.9124191495230393,-0.5784279906300535,-0.5776581893550843,1.7343632929879855,-0.5767344287272242,0
-0.09859235639490747,1.7238212834162723,-0.004425957213915414,-1.2258476714090278,0.8077365626180215,0.646091668153197,0.9702425509371355,0.3887996268913543,-0.009816137054176019,0.5023377467651073,0.9972039090469852,-0.5787359118286177,-0.5738091541336192,-0.9124191495230389,0.9124191495230393,-0.5784279906300535,-0.5776581893550843,-0.5765804684883443,1.733900301750437,0
0.35666577488877016,-0.8507256655188732,-1.0417596792253108,-1.2258476714090278,2.52705661927622,0.646091668153197,0.9702425509371355,1.260462415617554,1.4128124215220779,1.2725438969853449,-1.0028039309991141,-0.5787359118286177,1.7427397119690018,1.0959875190286648,-1.0959875190286648,-0.5784279906300535,-0.5776581893550843,1.7343632929879855,-0.5767344287272242,1
-2.04378619006153,-0.18325053060976135,-0.35020386455104724,0.8870823743964696,0.8077365626180215,0.646091668153197,-1.0306701134001208,-1.584851612447885,1.4128124215220779,-0.2545889870720227,0.9972039090469852,-0.5787359118286177,-0.5738091541336192,1.0959875190286648,-1.0959875190286648,1.7288236672481017,-0.5776581893550843,-0.5765804684883443,-0.5767344287272242,0
1.0602465232362719,0.48422460429935044,-0.695981771888179,0.9871189398379709,-0.9115834940401767,0.646091668153197,-1.0306701134001208,-1.4705382341919608,-0.721130416342303,-1.401045268146974,-1.0028039309991141,1.7279038324066063,-0.5738091541336192,-0.9124191495230389,0.9124191495230393,-0.5784279906300535,-0.5776581893550843,-0.5765804684883443,1.733900301750437,1
-0.19171333779384153,-0.08789693990845966,-0.35020386455104724,-1.2258476714090278,0.8077365626180215,-1.5477679860172513,-1.0306701134001208,1.6070111158246128,1.4128124215220779,0.3872494714448419,0.9972039090469852,-0.5787359118286177,-0.5738091541336192,-0.9124191495230389,0.9124191495230393,1.7288236672481017,-0.5776581893550843,-0.5765804684883443,-0.5767344287272242,0
-0.026164926417958756,-0.6600184841162697,1.03290776479748,1.2926360224098827,2.52705661927622,0.646091668153197,-1.0306701134001208,1.5807339012047066,1.4128124215220779,1.6709263884785712,-1.0028039309991141,1.7279038324066063,-0.5738091541336192,1.0959875190286648,-1.0959875190286648,-0.5784279906300535,-0.5776581893550843,1.7343632929879855,-0.5767344287272242,1
2.063883767202561,-0.08789693990845966,-1.0417596792253108,0.2911508744432478,-0.9115834940401767,0.646091668153197,0.9702425509371355,1.2497565295149842,-0.009816137054176019,-0.5821479245220088,-1.0028039309991141,-0.5787359118286177,1.7427397119690018,-0.9124191495230389,0.9124191495230393,-0.5784279906300535,-0.5776581893550843,1.7343632929879855,-0.5767344287272242,0
-0.7297456747654606,2.4866500090266856,1.378685672134612,0.48591582688248675,2.52705661927622,0.646091668153197,-1.0306701134001208,0.13564203310668663,-0.009816137054176019,1.5204263361366857,0.9972039090469852,-0.5787359118286177,-0.5738091541336192,1.0959875190286648,-1.0959875190286648,-0.5784279906300535,1.731127539482183,-0.5765804684883443,-0.5767344287272242,1
2.063883767202561,1.1516997392084622,-0.695981771888179,0.5339216656832761,0.8077365626180215,0.646091668153197,0.9702425509371355,-1.523841259914818,-0.009816137054176019,1.6266616672015461,-1.0028039309991141,-0.5787359118286177,1.7427397119690018,-0.9124191495230389,0.9124191495230393,-0.5784279906300535,-0.5776581893550843,1.7343632929879855,-0.5767344287272242,1
-1.1436167032051676,-1.0414328469214764,1.03290776479748,-1.2258476714090278,0.8077365626180215,-1.5477679860172513,-1.0306701134001208,1.6953941900259437,-0.009816137054176019,-0.635265590054439,-1.0028039309991141,-0.5787359118286177,1.7427397119690018,-0.9124191495230389,0.9124191495230393,-0.5784279906300535,-0.5776581893550843,-0.5765804684883443,1.733900301750437,0
0.08764960640296066,2.6773571904292894,0.3413519501232164,0.6559208194358506,-0.9115834940401767,0.646091668153197,0.9702425509371355,-0.9567280395117869,-0.721130416342303,0.9228525988968462,-1.0028039309991141,1.7279038324066063,-0.5738091541336192,-0.9124191495230389,0.9124191495230393,-0.5784279906300535,-0.5776581893550843,-0.5765804684883443,1.733900301750437,1
-1.1022296003611969,-0.6600184841162697,1.378685672134612,0.5488082854468801,-0.9115834940401767,0.646091668153197,0.9702425509371355,-1.487292014761492,-1.43244469563043,0.09952878314417844,0.9972039090469852,-0.5787359118286177,-0.5738091541336192,1.0959875190286648,-1.0959875190286648,-0.5784279906300535,-0.5776581893550843,-0.5765804684883443,1.733900301750437,0
-0.5021166091236218,-0.3739577120123647,1.03290776479748,-1.2258476714090278,-0.9115834940401767,0.646091668153197,0.9702425509371355,-1.3492290870372354,-0.721130416342303,0.03755817335634324,0.9972039090469852,-0.5787359118286177,-0.5738091541336192,-0.9124191495230389,0.9124191495230393,1.7288236672481017,-0.5776581893550843,-0.5765804684883443,-0.5767344287272242,0
1.2257949346121548,-0.7553720748175714,-0.35020386455104724,-0.24343318023657937,0.8077365626180215,0.646091668153197,0.9702425509371355,-1.6166940028734447,0.7014981422339509,-1.3080893534652211,0.9972039090469852,-0.5787359118286177,-0.5738091541336192,-0.9124191495230389,0.9124191495230393,1.7288236672481017,-0.5776581893550843,-0.5765804684883443,-0.5767344287272242,0
1.0705932989472646,-1.0414328469214764,1.03290776479748,-1.2258476714090278,0.8077365626180215,0.646091668153197,0.9702425509371355,-0.825536201550828,0.7014981422339509,-0.4847655377125535,0.9972039090469852,-0.5787359118286177,-0.5738091541336192,-0.9124191495230389,0.9124191495230393,1.7288236672481017,-0.5776581893550843,-0.5765804684883443,-0.5767344287272242,0
-0.5124633848346144,0.1981638321954454,-0.695981771888179,-1.2258476714090278,0.8077365626180215,0.646091668153197,-1.0306701134001208,-0.7955017455350725,1.4128124215220779,-0.20589779366729508,-1.0028039309991141,-0.5787359118286177,1.7427397119690018,1.0959875190286648,-1.0959875190286648,-0.5784279906300535,-0.5776581893550843,1.7343632929879855,-0.5767344287272242,0
-0.7918263290314166,0.38887101359804876,-0.695981771888179,1.0395750259469725,-0.9115834940401767,0.646091668153197,0.9702425509371355,0.001690039053891126,1.4128124215220779,-0.4759125934571485,-1.0028039309991141,1.7279038324066063,-0.5738091541336192,1.0959875190286648,-1.0959875190286648,1.7288236672481017,-0.5776581893550843,-0.5765804684883443,-0.5767344287272242,0
0.47048030770968957,-0.27860412131106305,0.6871298574603482,-1.2258476714090278,0.8077365626180215,0.646091668153197,0.9702425509371355,-0.30937901343705515,-0.009816137054176019,-1.3966187960192715,-1.0028039309991141,-0.5787359118286177,1.7427397119690018,1.0959875190286648,-1.0959875190286648,-0.5784279906300535,-0.5776581893550843,1.7343632929879855,-0.5767344287272242,0
-0.13997945923887817,0.10281024149414371,1.03290776479748,0.785086655171859,-0.9115834940401767,0.646091668153197,0.9702425509371355,1.2945403359817929,0.7014981422339509,0.22789647484755138,0.9972039090469852,-0.5787359118286177,-0.5738091541336192,-0.9124191495230389,0.9124191495230393,-0.5784279906300535,-0.5776581893550843,1.7343632929879855,-0.5767344287272242,0
1.24648848603414,-1.518200800427985,0.6871298574603482,1.2763643399013818,-0.9115834940401767,0.646091668153197,-1.0306701134001208,-0.4712353109115786,-0.009816137054176019,0.7192348810225305,0.9972039090469852,-0.5787359118286177,-0.5738091541336192,1.0959875190286648,-1.0959875190286648,1.7288236672481017,-0.5776581893550843,-0.5765804684883443,-0.5767344287272242,0
1.5465449816529278,0.10281024149414371,-0.695981771888179,-0.009500538159635601,0.8077365626180215,0.646091668153197,-1.0306701134001208,0.5646554611038337,1.4128124215220779,-0.4139419836693133,0.9972039090469852,-0.5787359118286177,-0.5738091541336192,1.0959875190286648,-1.0959875190286648,-0.5784279906300535,-0.5776581893550843,1.7343632929879855,-0.5767344287272242,0
0.004875400715019266,0.1981638321954454,-0.35020386455104724,-0.606925604384519,-0.9115834940401767,0.646091668153197,0.9702425509371355,0.0832334975833135,-1.43244469563043,0.7280878252779356,0.9972039090469852,-0.5787359118286177,-0.5738091541336192,1.0959875190286648,-1.0959875190286648,-0.5784279906300535,-0.5776581893550843,-0.5765804684883443,1.733900301750437,0
1.9293756829596567,-0.08789693990845966,-1.0417596792253108,-1.2258476714090278,0.8077365626180215,0.646091668153197,0.9702425509371355,-0.9337029158154314,0.7014981422339509,-0.6529714785652491,0.9972039090469852,-0.5787359118286177,-0.5738091541336192,1.0959875190286648,-1.0959875190286648,-0.5784279906300535,-0.5776581893550843,-0.5765804684883443,1.733900301750437,0
0.20146413922388007,-1.3274936190253817,0.3413519501232164,-1.2258476714090278,0.8077365626180215,0.646091668153197,0.9702425509371355,-0.37788559031101426,-0.009816137054176019,0.5156171631482148,-1.0028039309991141,-0.5787359118286177,1.7427397119690018,-0.9124191495230389,0.9124191495230393,1.7288236672481017,-0.5776581893550843,-0.5765804684883443,-0.5767344287272242,0
-1.73338291873175,0.8656389671045572,-1.3875375865624426,-1.2258476714090278,0.8077365626180215,0.646091668153197,0.9702425509371355,0.1733533851813092,-0.009816137054176019,-0.5998538130328189,0.9972039090469852,-0.5787359118286177,-0.5738091541336192,-0.9124191495230389,0.9124191495230393,1.7288236672481017,-0.5776581893550843,-0.5765804684883443,-0.5767344287272242,0
-0.05720525355093678,1.533114102013669,-1.3875375865624426,0.9166025458752864,-0.9115834940401767,-1.5477679860172513,0.9702425509371355,-1.4431957693850328,1.4128124215220779,-0.2191772100504026,-1.0028039309991141,-0.5787359118286177,1.7427397119690018,1.0959875190286648,-1.0959875190286648,-0.5784279906300535,-0.5776581893550843,-0.5765804684883443,1.733900301750437,0
-0.005471374995973408,-0.4693113027136664,-0.35020386455104724,0.47311465451955476,-0.9115834940401767,-1.5477679860172513,0.9702425509371355,0.746076471121966,0.7014981422339509,-0.9716774717598301,0.9972039090469852,-0.5787359118286177,-0.5738091541336192,-0.9124191495230389,0.9124191495230393,-0.5784279906300535,-0.5776581893550843,1.7343632929879855,-0.5767344287272242,0
1.5775853087859057,2.4866500090266856,-1.0417596792253108,1.2048159604012756,0.8077365626180215,-1.5477679860172513,0.9702425509371355,-1.619960526667633,1.4128124215220779,-1.263824632188196,0.9972039090469852,-0.5787359118286177,-0.5738091541336192,1.0959875190286648,-1.0959875190286648,-0.5784279906300535,-0.5776581893550843,1.7343632929879855,-0.5767344287272242,0
-3.0991573125827827,1.7238212834162723,-0.35020386455104724,1.388918397879563,-0.9115834940401767,0.646091668153197,-1.0306701134001208,1.2090824394895827,0.7014981422339509,-0.6795303113314641,-1.0028039309991141,1.7279038324066063,-0.5738091541336192,1.0959875190286648,-1.0959875190286648,-0.5784279906300535,-0.5776581893550843,-0.5765804684883443,1.733900301750437,1
-0.2848343191927756,-0.18325053060976135,-0.35020386455104724,1.0213433882999208,-0.9115834940401767,0.646091668153197,0.9702425509371355,-0.10881879972409617,-0.009816137054176019,-1.485148238573322,0.9972039090469852,-0.5787359118286177,-0.5738091541336192,1.0959875190286648,-1.0959875190286648,-0.5784279906300535,-0.5776581893550843,1.7343632929879855,-0.5767344287272242,0
-0.0468584778399441,-0.5646648934149681,-1.0417596792253108,-1.2258476714090278,0.8077365626180215,-1.5477679860172513,-1.0306701134001208,1.7061698060215917,-1.43244469563043,-0.16163307239026992,0.9972039090469852,-0.5787359118286177,-0.5738091541336192,1.0959875190286648,-1.0959875190286648,-0.5784279906300535,-0.5776581893550843,1.7343632929879855,-0.5767344287272242,0
0.4394399805767116,0.5795781950006521,-1.0417596792253108,0.6420572100287243,0.8077365626180215,-1.5477679860172513,-1.0306701134001208,-1.3380829114352302,1.4128124215220779,-1.6445012351706123,-1.0028039309991141,1.7279038324066063,-0.5738091541336192,-0.9124191495230389,0.9124191495230393,1.7288236672481017,-0.5776581893550843,-0.5765804684883443,-0.5767344287272242,1
0.09799638211395333,0.8656389671045572,-1.7333154938995745,0.2173024445552662,0.8077365626180215,-1.5477679860172513,0.9702425509371355,1.5217937092130185,1.4128124215220779,-1.1310304683571206,0.9972039090469852,-0.5787359118286177,-0.5738091541336192,1.0959875190286648,-1.0959875190286648,-0.5784279906300535,-0.5776581893550843,-0.5765804684883443,1.733900301750437,1
-0.09859235639490747,-0.7553720748175714,-0.695981771888179,1.2313667894275684,-0.9115834940401767,0.646091668153197,-1.0306701134001208,-0.6983813940080683,0.7014981422339509,0.267734723996874,-1.0028039309991141,-0.5787359118286177,1.7427397119690018,-0.9124191495230389,0.9124191495230393,1.7288236672481017,-0.5776581893550843,-0.5765804684883443,-0.5767344287272242,0
-0.9573747404072994,0.10281024149414371,-0.35020386455104724,1.366807558811833,-0.9115834940401767,-1.5477679860172513,-1.0306701134001208,-0.13409875514998268,-0.721130416342303,0.09510231101647593,-1.0028039309991141,-0.5787359118286177,1.7427397119690018,-0.9124191495230389,0.9124191495230393,1.7288236672481017,-0.5776581893550843,-0.5765804684883443,-0.5767344287272242,0
-1.4333264231129623,0.1981638321954454,0.3413519501232164,-1.2258476714090278,-0.9115834940401767,0.646091668153197,0.9702425509371355,0.007261127119805452,-0.009816137054176019,1.3876321723056102,0.9972039090469852,-0.5787359118286177,-0.5738091541336192,1.0959875190286648,-1.0959875190286648,-0.5784279906300535,-0.5776581893550843,1.7343632929879855,-0.5767344287272242,0
1.3189159160110888,-0.9460792562201749,0.6871298574603482,0.7491642948006935,-0.9115834940401767,0.646091668153197,-1.0306701134001208,1.4107844149929403,-0.009816137054176019,1.6399410835846535,-1.0028039309991141,1.7279038324066063,-0.5738091541336192,1.0959875190286648,-1.0959875190286648,-0.5784279906300535,-0.5776581893550843,1.7343632929879855,-0.5767344287272242,0
0.2945851206228141,0.48422460429935044,-0.695981771888179,0.6772551450808741,0.8077365626180215,0.646091668153197,-1.0306701134001208,-1.713187480922778,-1.43244469563043,-1.6533541794260174,0.9972039090469852,-0.5787359118286177,-0.5738091541336192,1.0959875190286648,-1.0959875190286648,1.7288236672481017,-0.5776581893550843,-0.5765804684883443,-0.5767344287272242,0
-1.73338291873175,0.1981638321954454,-1.3875375865624426,0.6707112765464877,-0.9115834940401767,-1.5477679860172513,-1.0306701134001208,1.0965112652205613,-0.009816137054176019,1.6753528606062738,-1.0028039309991141,1.7279038324066063,-0.5738091541336192,-0.9124191495230389,0.9124191495230393,-0.5784279906300535,-0.5776581893550843,-0.5765804684883443,1.733900301750437,1
-0.6780117962104972,0.2935174228967471,-1.0417596792253108,-1.2258476714090278,0.8077365626180215,0.646091668153197,0.9702425509371355,-1.4160292812658726,0.7014981422339509,0.878587877619821,0.9972039090469852,-0.5787359118286177,-0.5738091541336192,-0.9124191495230389,0.9124191495230393,-0.5784279906300535,-0.5776581893550843,-0.5765804684883443,1.733900301750437,0
0.9671255418373379,-1.23214002832408,-0.004425957213915414,1.4394267094527236,-0.9115834940401767,0.646091668153197,0.9702425509371355,1.4190154985062697,-1.43244469563043,-0.35639784600918056,-1.0028039309991141,-0.5787359118286177,1.7427397119690018,1.0959875190286648,-1.0959875190286648,-0.5784279906300535,-0.5776581893550843,1.7343632929879855,-0.5767344287272242,0
-0.4503827305686584,-1.3274936190253817,-0.695981771888179,-1.2258476714090278,0.8077365626180215,-1.5477679860172513,-1.0306701134001208,1.5121210775360574,-0.009816137054176019,0.07739642250566588,0.9972039090469852,-0.5787359118286177,-0.5738091541336192,-0.9124191495230389,0.9124191495230393,1.7288236672481017,-0.5776581893550843,-0.5765804684883443,-0.5767344287272242,0
-0.38830207630270236,0.1981638321954454,0.6871298574603482,-1.2258476714090278,0.8077365626180215,0.646091668153197,-1.0306701134001208,-0.6919521587542744,-0.009816137054176019,0.7502201859164481,0.9972039090469852,-0.5787359118286177,-0.5738091541336192,-0.9124191495230389,0.9124191495230393,1.7288236672481017,-0.5776581893550843,-0.5765804684883443,-0.5767344287272242,0
-1.0815360489392114,0.5795781950006521,-1.0417596792253108,-1.2258476714090278,-0.9115834940401767,-1.5477679860172513,-1.0306701134001208,1.6988982475706165,0.7014981422339509,-0.015559492176086938,-1.0028039309991141,-0.5787359118286177,1.7427397119690018,1.0959875190286648,-1.0959875190286648,1.7288236672481017,-0.5776581893550843,-0.5765804684883443,-0.5767344287272242,1
-0.38830207630270236,-1.1367864376227783,-0.004425957213915414,0.7802293192994211,-0.9115834940401767,0.646091668153197,-1.0306701134001208,1.721759392989734,-0.009816137054176019,0.9405584874076562,0.9972039090469852,-0.5787359118286177,-0.5738091541336192,1.0959875190286648,-1.0959875190286648,-0.5784279906300535,-0.5776581893550843,-0.5765804684883443,1.733900301750437,0
-0.15032623494987085,-0.8507256655188732,1.03290776479748,1.0465929763604849,0.8077365626180215,0.646091668153197,0.9702425509371355,0.16685389836441428,-0.009816137054176019,-0.8920009734611849,-1.0028039309991141,1.7279038324066063,-0.5738091541336192,-0.9124191495230389,0.9124191495230393,-0.5784279906300535,-0.5776581893550843,-0.5765804684883443,1.733900301750437,0
1.1740610560571914,0.8656389671045572,-1.3875375865624426,-0.00793212528974812,-0.9115834940401767,0.646091668153197,-1.0306701134001208,1.012623595497663,-0.721130416342303,-1.365633491125354,-1.0028039309991141,-0.5787359118286177,1.7427397119690018,1.0959875190286648,-1.0959875190286648,1.7288236672481017,-0.5776581893550843,-0.5765804684883443,-0.5767344287272242,1
-0.8746005347193581,0.2935174228967471,0.3413519501232164,-1.2258476714090278,-0.9115834940401767,0.646091668153197,-1.0306701134001208,1.4017600452645942,-0.009816137054176019,-0.8256038915456472,0.9972039090469852,-0.5787359118286177,-0.5738091541336192,1.0959875190286648,-1.0959875190286648,-0.5784279906300535,1.731127539482183,-0.5765804684883443,-0.5767344287272242,1
0.7084561490625211,-0.3739577120123647,-1.3875375865624426,0.3901647500704481,-0.9115834940401767,0.646091668153197,0.9702425509371355,1.1288718478689947,-0.009816137054176019,0.22347000271984885,-1.0028039309991141,-0.5787359118286177,1.7427397119690018,-0.9124191495230389,0.9124191495230393,-0.5784279906300535,1.731127539482183,-0.5765804684883443,-0.5767344287272242,0
-0.750439226187446,-1.0414328469214764,1.03290776479748,1.3640170788938268,-0.9115834940401767,0.646091668153197,-1.0306701134001208,1.3519000416937164,-0.721130416342303,-1.1974275502726583,-1.0028039309991141,-0.5787359118286177,1.7427397119690018,1.0959875190286648,-1.0959875190286648,-0.5784279906300535,1.731127539482183,-0.5765804684883443,-0.5767344287272242,0
2.063883767202561,-1.0414328469214764,1.378685672134612,-1.2258476714090278,0.8077365626180215,0.646091668153197,0.9702425509371355,1.1263626150582347,0.7014981422339509,1.2592644806022373,0.9972039090469852,-0.5787359118286177,-0.5738091541336192,1.0959875190286648,-1.0959875190286648,-0.5784279906300535,1.731127539482183,-0.5765804684883443,-0.5767344287272242,0
-0.4503827305686584,-0.7553720748175714,1.03290776479748,-1.2258476714090278,0.8077365626180215,0.646091668153197,0.9702425509371355,-0.9893252864606669,-0.721130416342303,0.5820142450637525,0.9972039090469852,-0.5787359118286177,-0.5738091541336192,-0.9124191495230389,0.9124191495230393,-0.5784279906300535,1.731127539482183,-0.5765804684883443,-0.5767344287272242,0
-1.3091651145810503,-0.6600184841162697,-1.3875375865624426,1.0960910992642297,-0.9115834940401767,-1.5477679860172513,-1.0306701134001208,1.5241424415466942,-1.43244469563043,-0.002280075792979394,0.9972039090469852,-0.5787359118286177,-0.5738091541336192,-0.9124191495230389,0.9124191495230393,1.7288236672481017,-0.5776581893550843,-0.5765804684883443,-0.5767344287272242,0
1.598278860207891,0.6749317857019538,0.3413519501232164,0.6657047282908628,2.52705661927622,0.646091668153197,-1.0306701134001208,1.0877326020730609,0.7014981422339509,0.49791127463740475,0.9972039090469852,-0.5787359118286177,-0.5738091541336192,-0.9124191495230389,0.9124191495230393,-0.5784279906300535,1.731127539482183,-0.5765804684883443,-0.5767344287272242,1
0.2842383449118215,-0.27860412131106305,-1.3875375865624426,0.6631851065120461,0.8077365626180215,0.646091668153197,-1.0306701134001208,-1.2602014025774506,-0.009816137054176019,0.16149939293201365,-1.0028039309991141,1.7279038324066063,-0.5738091541336192,-0.9124191495230389,0.9124191495230393,-0.5784279906300535,-0.5776581893550843,-0.5765804684883443,1.733900301750437,0
-0.26414076777079026,-0.7553720748175714,-0.35020386455104724,0.020148010460891926,0.8077365626180215,0.646091668153197,-1.0306701134001208,-0.4304570607715797,1.4128124215220779,0.0862493667610709,-1.0028039309991141,1.7279038324066063,-0.5738091541336192,-0.9124191495230389,0.9124191495230393,-0.5784279906300535,1.731127539482183,-0.5765804684883443,-0.5767344287272242,0
0.5636012891086236,0.48422460429935044,1.7244635794717436,0.48475097661288313,-0.9115834940401767,0.646091668153197,-1.0306701134001208,0.6491249667924147,0.7014981422339509,-0.334265485370668,-1.0028039309991141,1.7279038324066063,-0.5738091541336192,1.0959875190286648,-1.0959875190286648,-0.5784279906300535,-0.5776581893550843,1.7343632929879855,-0.5767344287272242,1
-1.3919393202689916,-1.1367864376227783,1.378685672134612,-1.2258476714090278,-0.9115834940401767,0.646091668153197,-1.0306701134001208,0.740604500360427,-0.721130416342303,-0.7149420883530843,0.9972039090469852,-0.5787359118286177,-0.5738091541336192,-0.9124191495230389,0.9124191495230393,-0.5784279906300535,1.731127539482183,-0.5765804684883443,-0.5767344287272242,1
-0.5538504876785851,-0.9460792562201749,-0.004425957213915414,-1.2258476714090278,0.8077365626180215,0.646091668153197,0.9702425509371355,1.2995727128039278,-0.721130416342303,-1.1487363568679307,0.9972039090469852,-0.5787359118286177,-0.5738091541336192,1.0959875190286648,-1.0959875190286648,-0.5784279906300535,1.731127539482183,-0.5765804684883443,-0.5767344287272242,0
-1.0194553946732554,0.0074566507928420294,-1.0417596792253108,0.9042653583129192,-0.9115834940401767,-1.5477679860172513,0.9702425509371355,0.8571767098160583,-0.721130416342303,0.4934848025097023,-1.0028039309991141,1.7279038324066063,-0.5738091541336192,-0.9124191495230389,0.9124191495230393,-0.5784279906300535,-0.5776581893550843,-0.5765804684883443,1.733900301750437,0
-0.99876184325127,-0.18325053060976135,-0.695981771888179,-1.2258476714090278,0.8077365626180215,0.646091668153197,-1.0306701134001208,1.1491879391357702,-1.43244469563043,0.024278756973235695,-1.0028039309991141,-0.5787359118286177,1.7427397119690018,-0.9124191495230389,0.9124191495230393,-0.5784279906300535,1.731127539482183,-0.5765804684883443,-0.5767344287272242,0
0.8636577847274112,-0.4693113027136664,0.3413519501232164,0.9153484246095119,-0.9115834940401767,0.646091668153197,0.9702425509371355,-1.5125474516962958,0.7014981422339509,0.38282299931713937,0.9972039090469852,-0.5787359118286177,-0.5738091541336192,-0.9124191495230389,0.9124191495230393,1.7288236672481017,-0.5776581893550843,-0.5765804684883443,-0.5767344287272242,0
-1.0608424975172261,-0.27860412131106305,-0.695981771888179,-1.2258476714090278,-0.9115834940401767,0.646091668153197,-1.0306701134001208,-0.592849113359752,1.4128124215220779,-0.8742950849503748,0.9972039090469852,-0.5787359118286177,-0.5738091541336192,1.0959875190286648,-1.0959875190286648,-0.5784279906300535,-0.5776581893550843,-0.5765804684883443,1.733900301750437,0
1.629319187340869,-0.18325053060976135,-1.0417596792253108,0.383784358046105,-0.9115834940401767,0.646091668153197,-1.0306701134001208,-1.1294112505342226,-0.721130416342303,-0.807898003034837,-1.0028039309991141,1.7279038324066063,-0.5738091541336192,1.0959875190286648,-1.0959875190286648,1.7288236672481017,-0.5776581893550843,-0.5765804684883443,-0.5767344287272242,1
-1.1746570303381456,0.6749317857019538,-0.004425957213915414,0.3885229330421293,-0.9115834940401767,-1.5477679860172513,0.9702425509371355,0.708906438641238,-0.009816137054176019,0.18805822569822875,-1.0028039309991141,1.7279038324066063,-0.5738091541336192,1.0959875190286648,-1.0959875190286648,1.7288236672481017,-0.5776581893550843,-0.5765804684883443,-0.5767344287272242,1
0.2945851206228141,-0.8507256655188732,-1.3875375865624426,0.5778979687825826,-0.9115834940401767,0.646091668153197,0.9702425509371355,1.3797297463021512,-1.43244469563043,-1.67548654006453,0.9972039090469852,-0.5787359118286177,-0.5738091541336192,1.0959875190286648,-1.0959875190286648,-0.5784279906300535,-0.5776581893550843,1.7343632929879855,-0.5767344287272242,0
1.0395529718142866,-0.4693113027136664,1.378685672134612,0.5133059955980906,0.8077365626180215,0.646091668153197,0.9702425509371355,-1.2692652453375393,1.4128124215220779,-1.5161335434672394,-1.0028039309991141,1.7279038324066063,-0.5738091541336192,-0.9124191495230389,0.9124191495230393,-0.5784279906300535,-0.5776581893550843,-0.5765804684883443,1.733900301750437,0
1.0705932989472646,-0.3739577120123647,-0.35020386455104724,-1.2258476714090278,0.8077365626180215,0.646091668153197,0.9702425509371355,-1.5725191592135161,-1.43244469563043,-0.5865743966497113,-1.0028039309991141,-0.5787359118286177,1.7427397119690018,-0.9124191495230389,0.9124191495230393,-0.5784279906300535,-0.5776581893550843,-0.5765804684883443,1.733900301750437,0
-0.5435037119675924,-0.08789693990845966,-1.7333154938995745,0.7853603981906377,-0.9115834940401767,-1.5477679860172513,-1.0306701134001208,1.008935388434861,1.4128124215220779,-1.1133245798463105,0.9972039090469852,-0.5787359118286177,-0.5738091541336192,-0.9124191495230389,0.9124191495230393,1.7288236672481017,-0.5776581893550843,-0.5765804684883443,-0.5767344287272242,0
-0.812519880453402,-0.18325053060976135,-1.3875375865624426,0.9064575462583842,-0.9115834940401767,-1.5477679860172513,-1.0306701134001208,0.19393691927988996,0.7014981422339509,-0.7193685604807868,0.9972039090469852,-0.5787359118286177,-0.5738091541336192,-0.9124191495230389,0.9124191495230393,-0.5784279906300535,1.731127539482183,-0.5765804684883443,-0.5767344287272242,0
0.7601900276174844,0.0074566507928420294,-0.695981771888179,-1.2258476714090278,0.8077365626180215,-1.5477679860172513,0.9702425509371355,-0.0787274816758308,-0.721130416342303,1.3787792280502051,-1.0028039309991141,-0.5787359118286177,1.7427397119690018,-0.9124191495230389,0.9124191495230393,1.7288236672481017,-0.5776581893550843,-0.5765804684883443,-0.5767344287272242,0
-1.4229796474019698,0.0074566507928420294,0.6871298574603482,0.20120449590645775,0.8077365626180215,0.646091668153197,0.9702425509371355,0.8111723693853736,-1.43244469563043,0.3031465010184941,-1.0028039309991141,-0.5787359118286177,1.7427397119690018,-0.9124191495230389,0.9124191495230393,1.7288236672481017,-0.5776581893550843,-0.5765804684883443,-0.5767344287272242,0
0.49117385913167494,1.247053329909764,1.03290776479748,0.32527819862570123,-0.9115834940401767,0.646091668153197,0.9702425509371355,0.926546302798112,-1.43244469563043,0.09952878314417844,-1.0028039309991141,1.7279038324066063,-0.5738091541336192,-0.9124191495230389,0.9124191495230393,-0.5784279906300535,1.731127539482183,-0.5765804684883443,-0.5767344287272242,0
0.8119239061724478,0.2935174228967471,-0.35020386455104724,0.33672812544336234,0.8077365626180215,-1.5477679860172513,-1.0306701134001208,-1.705647784079967,-0.009816137054176019,-0.10408893473013724,-1.0028039309991141,1.7279038324066063,-0.5738091541336192,1.0959875190286648,-1.0959875190286648,-0.5784279906300535,1.731127539482183,-0.5765804684883443,-0.5767344287272242,0
-0.9159876375633287,0.1981638321954454,-0.004425957213915414,1.4257579896889434,0.8077365626180215,0.646091668153197,-1.0306701134001208,-0.24871365867921646,0.7014981422339509,0.7059554646394229,-1.0028039309991141,-0.5787359118286177,1.7427397119690018,-0.9124191495230389,0.9124191495230393,-0.5784279906300535,1.731127539482183,-0.5765804684883443,-0.5767344287272242,0
0.33597222346678485,-1.4228472097266833,1.03290776479748,0.35389796713057314,-0.9115834940401767,0.646091668153197,-1.0306701134001208,1.5284370030662613,-1.43244469563043,1.6842058048616788,-1.0028039309991141,-0.5787359118286177,1.7427397119690018,1.0959875190286648,-1.0959875190286648,-0.5784279906300535,-0.5776581893550843,-0.5765804684883443,1.733900301750437,0
0.3463189991777775,-0.08789693990845966,-0.004425957213915414,0.908793337098946,-0.9115834940401767,-1.5477679860172513,-1.0306701134001208,0.47468181500229306,0.7014981422339509,0.6882495761286129,0.9972039090469852,-0.5787359118286177,-0.5738091541336192,1.0959875190286648,-1.0959875190286648,-0.5784279906300535,-0.5776581893550843,1.7343632929879855,-0.5767344287272242,0
0.8326174575944332,-0.3739577120123647,-1.0417596792253108,0.8234254227409906,0.8077365626180215,0.646091668153197,-1.0306701134001208,0.6780573079395219,-1.43244469563043,-0.20147132153959255,-1.0028039309991141,1.7279038324066063,-0.5738091541336192,-0.9124191495230389,0.9124191495230393,-0.5784279906300535,-0.5776581893550843,1.7343632929879855,-0.5767344287272242,0
-1.5161006288009038,0.10281024149414371,-0.004425957213915414,-1.2258476714090278,0.8077365626180215,-1.5477679860172513,-1.0306701134001208,0.8105555815281479,-0.721130416342303,-0.30328018047675037,-1.0028039309991141,-0.5787359118286177,1.7427397119690018,-0.9124191495230389,0.9124191495230393,-0.5784279906300535,-0.5776581893550843,-0.5765804684883443,1.733900301750437,0
1.0395529718142866,-0.8507256655188732,0.3413519501232164,-1.2258476714090278,0.8077365626180215,0.646091668153197,-1.0306701134001208,-1.4663125331154334,-0.721130416342303,0.1172346716549885,0.9972039090469852,-0.5787359118286177,-0.5738091541336192,1.0959875190286648,-1.0959875190286648,1.7288236672481017,-0.5776581893550843,-0.5765804684883443,-0.5767344287272242,0
-0.42968917914667304,-0.7553720748175714,1.378685672134612,0.4383712482737613,-0.9115834940401767,0.646091668153197,0.9702425509371355,0.8716735719759664,-0.721130416342303,0.4934848025097023,-1.0028039309991141,1.7279038324066063,-0.5738091541336192,-0.9124191495230389,0.9124191495230393,-0.5784279906300535,-0.5776581893550843,-0.5765804684883443,1.733900301750437,0
0.07730283069196799,-0.08789693990845966,0.3413519501232164,0.42326329413724567,-0.9115834940401767,-1.5477679860172513,-1.0306701134001208,0.9664027620074224,-1.43244469563043,1.0467938184725165,0.9972039090469852,-0.5787359118286177,-0.5738091541336192,1.0959875190286648,-1.0959875190286648,-0.5784279906300535,-0.5776581893550843,-0.5765804684883443,1.733900301750437,0
0.35666577488877016,-0.4693113027136664,0.3413519501232164,0.10863800561850079,-0.9115834940401767,-1.5477679860172513,-1.0306701134001208,-1.5724344747797783,1.4128124215220779,-0.6972361998422743,-1.0028039309991141,-0.5787359118286177,1.7427397119690018,-0.9124191495230389,0.9124191495230393,-0.5784279906300535,1.731127539482183,-0.5765804684883443,-0.5767344287272242,0
-0.7400924504764532,1.6284676927149706,-0.35020386455104724,0.36629862204389857,-0.9115834940401767,-1.5477679860172513,-1.0306701134001208,-1.6618059397847376,-1.43244469563043,0.8830143497475236,-1.0028039309991141,-0.5787359118286177,1.7427397119690018,-0.9124191495230389,0.9124191495230393,1.7288236672481017,-0.5776581893550843,-0.5765804684883443,-0.5767344287272242,1
1.1016336260802426,0.6749317857019538,-1.7333154938995745,-1.2258476714090278,0.8077365626180215,0.646091668153197,-1.0306701134001208,-1.0890764199137968,1.4128124215220779,0.6262789663407777,0.9972039090469852,-0.5787359118286177,-0.5738091541336192,-0.9124191495230389,0.9124191495230393,1.7288236672481017,-0.5776581893550843,-0.5765804684883443,-0.5767344287272242,0
-0.9884150675402774,-0.9460792562201749,-0.35020386455104724,0.8375470686002442,-0.9115834940401767,0.646091668153197,0.9702425509371355,-0.9152754439220215,-0.009816137054176019,1.2946762576238575,0.9972039090469852,-0.5787359118286177,-0.5738091541336192,-0.9124191495230389,0.9124191495230393,-0.5784279906300535,1.731127539482183,-0.5765804684883443,-0.5767344287272242,0
0.6463754947965651,-1.4228472097266833,0.6871298574603482,1.1411517965468243,-0.9115834940401767,0.646091668153197,0.9702425509371355,0.3739028177137921,-0.721130416342303,-1.3302217141037338,-1.0028039309991141,1.7279038324066063,-0.5738091541336192,1.0959875190286648,-1.0959875190286648,1.7288236672481017,-0.5776581893550843,-0.5765804684883443,-0.5767344287272242,0
1.660359514473847,-1.0414328469214764,-0.35020386455104724,1.46252065137595,0.8077365626180215,0.646091668153197,0.9702425509371355,-1.5682586801354539,0.7014981422339509,-0.4139419836693133,-1.0028039309991141,1.7279038324066063,-0.5738091541336192,1.0959875190286648,-1.0959875190286648,-0.5784279906300535,1.731127539482183,-0.5765804684883443,-0.5767344287272242,0
0.47048030770968957,-1.8996151632331917,-1.3875375865624426,0.5520156304654972,-0.9115834940401767,0.646091668153197,0.9702425509371355,-1.6923603269234433,0.7014981422339509,1.1707350380481871,0.9972039090469852,-0.5787359118286177,-0.5738091541336192,-0.9124191495230389,0.9124191495230393,-0.5784279906300535,-0.5776581893550843,1.7343632929879855,-0.5767344287272242,0
-1.5885280587778525,-1.4228472097266833,-0.695981771888179,-1.2258476714090278,0.8077365626180215,0.646091668153197,-1.0306701134001208,-0.412123315592307,-0.009816137054176019,-1.5825306253827771,-1.0028039309991141,-0.5787359118286177,1.7427397119690018,-0.9124191495230389,0.9124191495230393,-0.5784279906300535,1.731127539482183,-0.5765804684883443,-0.5767344287272242,0
0.4601335319986969,-0.27860412131106305,0.3413519501232164,0.6013629382751726,0.8077365626180215,0.646091668153197,-1.0306701134001208,0.31353481486907897,-1.43244469563043,-0.32541254111526297,0.9972039090469852,-0.5787359118286177,-0.5738091541336192,-0.9124191495230389,0.9124191495230393,1.7288236672481017,-0.5776581893550843,-0.5765804684883443,-0.5767344287272242,0
1.3499562431440668,0.2935174228967471,-0.695981771888179,1.2832850057643095,-0.9115834940401767,0.646091668153197,0.9702425509371355,1.3143262366151653,-0.009816137054176019,1.6399410835846535,0.9972039090469852,-0.5787359118286177,-0.5738091541336192,1.0959875190286648,-1.0959875190286648,1.7288236672481017,-0.5776581893550843,-0.5765804684883443,-0.5767344287272242,0
-1.0194553946732554,0.9609925578058589,-0.35020386455104724,-1.2258476714090278,-0.9115834940401767,0.646091668153197,0.9702425509371355,1.5686012475891573,-1.43244469563043,0.6749701597455053,0.9972039090469852,-0.5787359118286177,-0.5738091541336192,-0.9124191495230389,0.9124191495230393,-0.5784279906300535,-0.5776581893550843,-0.5765804684883443,1.733900301750437,1
0.9671255418373379,-0.8507256655188732,-1.3875375865624426,0.8266659438748813,-0.9115834940401767,0.646091668153197,-1.0306701134001208,0.3727374068823494,-0.721130416342303,0.002146396334723121,-1.0028039309991141,-0.5787359118286177,1.7427397119690018,-0.9124191495230389,0.9124191495230393,-0.5784279906300535,-0.5776581893550843,1.7343632929879855,-0.5767344287272242,0
0.8533110090164185,-1.0414328469214764,-0.004425957213915414,-1.2258476714090278,0.8077365626180215,-1.5477679860172513,-1.0306701134001208,-1.5185654370819368,1.4128124215220779,0.7546466580441507,0.9972039090469852,-0.5787359118286177,-0.5738091541336192,1.0959875190286648,-1.0959875190286648,-0.5784279906300535,-0.5776581893550843,-0.5765804684883443,1.733900301750437,0
0.25319801777884343,-0.6600184841162697,-1.0417596792253108,1.2689851384548907,-0.9115834940401767,0.646091668153197,-1.0306701134001208,-0.04228274441711801,-0.721130416342303,0.21461705846444384,0.9972039090469852,-0.5787359118286177,-0.5738091541336192,1.0959875190286648,-1.0959875190286648,-0.5784279906300535,-0.5776581893550843,-0.5765804684883443,1.733900301750437,0
0.09799638211395333,1.0563461485071606,-1.3875375865624426,-1.2258476714090278,2.52705661927622,0.646091668153197,0.9702425509371355,1.5955957584907259,1.4128124215220779,1.5956763623076284,0.9972039090469852,-0.5787359118286177,-0.5738091541336192,-0.9124191495230389,0.9124191495230393,-0.5784279906300535,-0.5776581893550843,-0.5765804684883443,1.733900301750437,1
1.3706497945660523,1.8191748741175742,-0.695981771888179,0.8182385695110533,-0.9115834940401767,0.646091668153197,0.9702425509371355,-0.060858892267090646,1.4128124215220779,-1.4895747107010244,-1.0028039309991141,1.7279038324066063,-0.5738091541336192,1.0959875190286648,-1.0959875190286648,-0.5784279906300535,-0.5776581893550843,-0.5765804684883443,1.733900301750437,1
0.9464319904153525,0.1981638321954454,-0.35020386455104724,0.2615597028723238,-0.9115834940401767,-1.5477679860172513,0.9702425509371355,-0.45813565496334463,-1.43244469563043,-1.2062804945280634,-1.0028039309991141,1.7279038324066063,-0.5738091541336192,1.0959875190286648,-1.0959875190286648,1.7288236672481017,-0.5776581893550843,-0.5765804684883443,-0.5767344287272242,1
1.1740610560571914,0.10281024149414371,1.378685672134612,0.38456471797493014,-0.9115834940401767,0.646091668153197,-1.0306701134001208,0.41743079054516696,-0.009816137054176019,-1.529412959850347,0.9972039090469852,-0.5787359118286177,-0.5738091541336192,1.0959875190286648,-1.0959875190286648,-0.5784279906300535,-0.5776581893550843,-0.5765804684883443,1.733900301750437,0
1.2361417103231473,0.6749317857019538,1.378685672134612,1.8301697061983764,-0.9115834940401767,0.646091668153197,0.9702425509371355,-1.4844099617742748,1.4128124215220779,-1.1841481338895508,-1.0028039309991141,-0.5787359118286177,1.7427397119690018,-0.9124191495230389,0.9124191495230393,-0.5784279906300535,-0.5776581893550843,1.7343632929879855,-0.5767344287272242,0
-1.5988748344888453,1.533114102013669,-0.35020386455104724,0.7822293422100408,-0.9115834940401767,0.646091668153197,0.9702425509371355,-1.1921425924732563,-1.43244469563043,0.5288965795313224,-1.0028039309991141,1.7279038324066063,-0.5738091541336192,1.0959875190286648,-1.0959875190286648,1.7288236672481017,-0.5776581893550843,-0.5765804684883443,-0.5767344287272242,1
0.8843513361493965,-1.0414328469214764,-1.0417596792253108,-1.2258476714090278,0.8077365626180215,0.646091668153197,0.9702425509371355,0.3015402299196242,-0.009816137054176019,-0.6618244228206541,-1.0028039309991141,-0.5787359118286177,1.7427397119690018,1.0959875190286648,-1.0959875190286648,-0.5784279906300535,-0.5776581893550843,1.7343632929879855,-0.5767344287272242,0
-0.9780682918292848,0.8656389671045572,1.03290776479748,1.4750786924979642,-0.9115834940401767,0.646091668153197,0.9702425509371355,0.890663230264192,-0.721130416342303,-0.945118638993615,-1.0028039309991141,-0.5787359118286177,1.7427397119690018,1.0959875190286648,-1.0959875190286648,-0.5784279906300535,-0.5776581893550843,-0.5765804684883443,1.733900301750437,0
2.063883767202561,1.8191748741175742,1.03290776479748,1.2848330642059855,-0.9115834940401767,-1.5477679860172513,-1.0306701134001208,-1.2901078755475568,-0.009816137054176019,-0.6883832555868692,0.9972039090469852,-0.5787359118286177,-0.5738091541336192,-0.9124191495230389,0.9124191495230393,-0.5784279906300535,-0.5776581893550843,1.7343632929879855,-0.5767344287272242,1
-0.8021731047424093,0.48422460429935044,-0.35020386455104724,-1.2258476714090278,-0.9115834940401767,0.646091668153197,0.9702425509371355,-0.09089769553303814,0.7014981422339509,1.3876321723056102,-1.0028039309991141,-0.5787359118286177,1.7427397119690018,1.0959875190286648,-1.0959875190286648,-0.5784279906300535,-0.5776581893550843,1.7343632929879855,-0.5767344287272242,0
-2.426616891368259,0.1981638321954454,1.7244635794717436,0.732499307041558,0.8077365626180215,0.646091668153197,-1.0306701134001208,-0.03110248637360859,-0.009816137054176019,-1.4408835172962966,-1.0028039309991141,1.7279038324066063,-0.5738091541336192,1.0959875190286648,-1.0959875190286648,-0.5784279906300535,-0.5776581893550843,-0.5765804684883443,1.733900301750437,0
0.18077058780189473,-0.08789693990845966,-1.3875375865624426,1.1446308010600728,-0.9115834940401767,0.646091668153197,0.9702425509371355,-0.5341934054206213,-0.009816137054176019,-0.46263317707404095,-1.0028039309991141,-0.5787359118286177,1.7427397119690018,-0.9124191495230389,0.9124191495230393,-0.5784279906300535,-0.5776581893550843,-0.5765804684883443,1.733900301750437,0
-0.05720525355093678,0.10281024149414371,0.3413519501232164,0.880294573265724,-0.9115834940401767,0.646091668153197,0.9702425509371355,1.6444059880852655,0.7014981422339509,-1.254971687932791,0.9972039090469852,-0.5787359118286177,-0.5738091541336192,-0.9124191495230389,0.9124191495230393,-0.5784279906300535,-0.5776581893550843,-0.5765804684883443,1.733900301750437,0
-1.040148946095241,-1.3274936190253817,-1.7333154938995745,-1.2258476714090278,0.8077365626180215,0.646091668153197,0.9702425509371355,1.462951765075667,1.4128124215220779,-0.4759125934571485,0.9972039090469852,-0.5787359118286177,-0.5738091541336192,-0.9124191495230389,0.9124191495230393,-0.5784279906300535,-0.5776581893550843,1.7343632929879855,-0.5767344287272242,0
-1.0298021703842482,3.5355395067410043,-1.0417596792253108,0.8322047524146773,0.8077365626180215,0.646091668153197,0.9702425509371355,1.4194378773349143,-1.43244469563043,0.4846318582542972,-1.0028039309991141,-0.5787359118286177,1.7427397119690018,-0.9124191495230389,0.9124191495230393,-0.5784279906300535,-0.5776581893550843,-0.5765804684883443,1.733900301750437,0
0.9153916632823745,-0.18325053060976135,1.03290776479748,-1.2258476714090278,0.8077365626180215,0.646091668153197,-1.0306701134001208,1.590517300816557,-0.721130416342303,0.9848232086846814,0.9972039090469852,-0.5787359118286177,-0.5738091541336192,1.0959875190286648,-1.0959875190286648,-0.5784279906300535,1.731127539482183,-0.5765804684883443,-0.5767344287272242,1
-0.9159876375633287,0.2935174228967471,-1.0417596792253108,0.3806832727590162,-0.9115834940401767,-1.5477679860172513,-1.0306701134001208,-0.2311490290038934,1.4128124215220779,0.4536465533603796,0.9972039090469852,-0.5787359118286177,-0.5738091541336192,-0.9124191495230389,0.9124191495230393,-0.5784279906300535,-0.5776581893550843,1.7343632929879855,-0.5767344287272242,0
-0.6883585719214899,-0.6600184841162697,1.378685672134612,0.14502835756743807,-0.9115834940401767,-1.5477679860172513,-1.0306701134001208,1.200658338067733,1.4128124215220779,-1.684339484319935,-1.0028039309991141,-0.5787359118286177,1.7427397119690018,-0.9124191495230389,0.9124191495230393,-0.5784279906300535,-0.5776581893550843,1.7343632929879855,-0.5767344287272242,0
-0.336568197747739,0.10281024149414371,1.03290776479748,-1.2258476714090278,0.8077365626180215,0.646091668153197,-1.0306701134001208,-0.34579523273450885,-0.009816137054176019,1.2858233133684525,-1.0028039309991141,-0.5787359118286177,1.7427397119690018,1.0959875190286648,-1.0959875190286648,1.7288236672481017,-0.5776581893550843,-0.5765804684883443,-0.5767344287272242,0
0.8946981118603892,2.9634179625331942,1.378685672134612,0.1772117537201688,0.8077365626180215,0.646091668153197,0.9702425509371355,-1.0001002068962843,0.7014981422339509,0.10838172739958347,0.9972039090469852,-0.5787359118286177,-0.5738091541336192,1.0959875190286648,-1.0959875190286648,1.7288236672481017,-0.5776581893550843,-0.5765804684883443,-0.5767344287272242,0
0.5429077376866382,0.0074566507928420294,0.3413519501232164,1.2212578508055283,-0.9115834940401767,-1.5477679860172513,-1.0306701134001208,1.4531271535319974,-0.721130416342303,1.7151911097555963,-1.0028039309991141,-0.5787359118286177,1.7427397119690018,-0.9124191495230389,0.9124191495230393,1.7288236672481017,-0.5776581893550843,-0.5765804684883443,-0.5767344287272242,0
0.9671255418373379,0.48422460429935044,-0.695981771888179,-1.2258476714090278,0.8077365626180215,0.646091668153197,0.9702425509371355,1.5463325454261911,0.7014981422339509,1.1308967888988644,0.9972039090469852,-0.5787359118286177,-0.5738091541336192,1.0959875190286648,-1.0959875190286648,-0.5784279906300535,-0.5776581893550843,1.7343632929879855,-0.5767344287272242,0
-0.936681188985314,-1.23214002832408,-0.695981771888179,0.6425357794983221,-0.9115834940401767,0.646091668153197,-1.0306701134001208,0.9994698597570418,0.7014981422339509,-0.7370744489915968,-1.0028039309991141,-0.5787359118286177,1.7427397119690018,1.0959875190286648,-1.0959875190286648,-0.5784279906300535,-0.5776581893550843,1.7343632929879855,-0.5767344287272242,0
0.11868993353593868,3.1541251439357976,0.6871298574603482,1.0227832637570093,-0.9115834940401767,-1.5477679860172513,0.9702425509371355,1.3766598921066446,0.7014981422339509,0.9981026250677889,-1.0028039309991141,-0.5787359118286177,1.7427397119690018,1.0959875190286648,-1.0959875190286648,1.7288236672481017,-0.5776581893550843,-0.5765804684883443,-0.5767344287272242,0
-0.3572617491697243,0.0074566507928420294,-1.0417596792253108,0.7247207100430787,0.8077365626180215,0.646091668153197,-1.0306701134001208,-0.7744007147736486,0.7014981422339509,-1.1531628289956333,-1.0028039309991141,1.7279038324066063,-0.5738091541336192,-0.9124191495230389,0.9124191495230393,-0.5784279906300535,-0.5776581893550843,1.7343632929879855,-0.5767344287272242,0
-1.0608424975172261,-0.18325053060976135,1.378685672134612,-1.2258476714090278,0.8077365626180215,-1.5477679860172513,-1.0306701134001208,-0.03583281625241078,1.4128124215220779,1.5956763623076284,0.9972039090469852,-0.5787359118286177,-0.5738091541336192,1.0959875190286648,-1.0959875190286648,-0.5784279906300535,-0.5776581893550843,-0.5765804684883443,1.733900301750437,0
-0.5021166091236218,-0.3739577120123647,1.03290776479748,-1.2258476714090278,0.8077365626180215,0.646091668153197,0.9702425509371355,0.9173270023711616,-0.721130416342303,0.31199944527389917,0.9972039090469852,-0.5787359118286177,-0.5738091541336192,1.0959875190286648,-1.0959875190286648,-0.5784279906300535,-0.5776581893550843,1.7343632929879855,-0.5767344287272242,0
0.4394399805767116,-1.3274936190253817,0.3413519501232164,1.1234169992734342,-0.9115834940401767,-1.5477679860172513,0.9702425509371355,-1.486009923734899,0.7014981422339509,-0.6529714785652491,-1.0028039309991141,1.7279038324066063,-0.5738091541336192,-0.9124191495230389,0.9124191495230393,1.7288236672481017,-0.5776581893550843,-0.5765804684883443,-0.5767344287272242,0
-1.0091086189622627,-0.7553720748175714,-0.35020386455104724,-1.2258476714090278,0.8077365626180215,0.646091668153197,0.9702425509371355,-0.1913283911361647,-0.721130416342303,-0.945118638993615,0.9972039090469852,-0.5787359118286177,-0.5738091541336192,1.0959875190286648,-1.0959875190286648,1.7288236672481017,-0.5776581893550843,-0.5765804684883443,-0.5767344287272242,0
-0.23310044063781224,-0.8507256655188732,1.378685672134612,0.8953608569192877,0.8077365626180215,0.646091668153197,0.9702425509371355,-0.45074219961698886,-0.721130416342303,0.5731613008083475,-1.0028039309991141,1.7279038324066063,-0.5738091541336192,1.0959875190286648,-1.0959875190286648,-0.5784279906300535,1.731127539482183,-0.5765804684883443,-0.5767344287272242,0
-0.38830207630270236,0.38887101359804876,1.7244635794717436,0.7051254859769585,-0.9115834940401767,-1.5477679860172513,-1.0306701134001208,-0.09068728862375043,-1.43244469563043,-1.210706966655766,-1.0028039309991141,1.7279038324066063,-0.5738091541336192,1.0959875190286648,-1.0959875190286648,1.7288236672481017,-0.5776581893550843,-0.5765804684883443,-0.5767344287272242,1
-0.036511702128951426,-1.0414328469214764,1.03290776479748,-1.2258476714090278,0.8077365626180215,0.646091668153197,0.9702425509371355,-0.15710909819568553,0.7014981422339509,-1.1088981077186082,0.9972039090469852,-0.5787359118286177,-0.5738091541336192,-0.9124191495230389,0.9124191495230393,-0.5784279906300535,1.731127539482183,-0.5765804684883443,-0.5767344287272242,0
0.3877061020217482,1.247053329909764,-1.3875375865624426,-1.2258476714090278,0.8077365626180215,0.646091668153197,0.9702425509371355,1.251022622660871,-1.43244469563043,0.12608761591039352,0.9972039090469852,-0.5787359118286177,-0.5738091541336192,-0.9124191495230389,0.9124191495230393,1.7288236672481017,-0.5776581893550843,-0.5765804684883443,-0.5767344287272242,0
-1.3919393202689916,-0.3739577120123647,-0.004425957213915414,0.8360974166067706,-0.9115834940401767,0.646091668153197,-1.0306701134001208,0.47764142293293355,1.4128124215220779,-0.05097126919770706,0.9972039090469852,-0.5787359118286177,-0.5738091541336192,-0.9124191495230389,0.9124191495230393,1.7288236672481017,-0.5776581893550843,-0.5765804684883443,-0.5767344287272242,0
-0.6987053476324826,-0.9460792562201749,1.7244635794717436,-1.2258476714090278,0.8077365626180215,0.646091668153197,0.9702425509371355,0.19468047295271143,0.7014981422339509,-0.14392718387945988,0.9972039090469852,-0.5787359118286177,-0.5738091541336192,1.0959875190286648,-1.0959875190286648,-0.5784279906300535,-0.5776581893550843,-0.5765804684883443,1.733900301750437,0
1.308569140300096,0.2935174228967471,-0.004425957213915414,1.1386608632928095,-0.9115834940401767,0.646091668153197,0.9702425509371355,-1.0654378122703614,-0.009816137054176019,-0.480339065584851,0.9972039090469852,-0.5787359118286177,-0.5738091541336192,1.0959875190286648,-1.0959875190286648,1.7288236672481017,-0.5776581893550843,-0.5765804684883443,-0.5767344287272242,0
-0.07789880497292212,-0.4693113027136664,0.6871298574603482,-1.2258476714090278,0.8077365626180215,-1.5477679860172513,0.9702425509371355,0.003719335443466809,1.4128124215220779,-0.3829566787753957,0.9972039090469852,-0.5787359118286177,-0.5738091541336192,-0.9124191495230389,0.9124191495230393,1.7288236672481017,-0.5776581893550843,-0.5765804684883443,-0.5767344287272242,0
-0.21240688921582687,0.10281024149414371,1.03290776479748,-1.2258476714090278,0.8077365626180215,0.646091668153197,0.9702425509371355,-1.0015095854084959,-0.009816137054176019,1.5646910574137107,0.9972039090469852,-0.5787359118286177,-0.5738091541336192,-0.9124191495230389,0.9124191495230393,1.7288236672481017,-0.5776581893550843,-0.5765804684883443,-0.5767344287272242,0
-1.505753853089911,-0.18325053060976135,1.7244635794717436,0.7367354321758309,0.8077365626180215,0.646091668153197,0.9702425509371355,-0.8241734255606735,1.4128124215220779,-1.5603982647442647,-1.0028039309991141,1.7279038324066063,-0.5738091541336192,1.0959875190286648,-1.0959875190286648,1.7288236672481017,-0.5776581893550843,-0.5765804684883443,-0.5767344287272242,0
1.5879320844968983,1.0563461485071606,-0.35020386455104724,-1.2258476714090278,-0.9115834940401767,0.646091668153197,0.9702425509371355,-1.5918477291267017,-0.721130416342303,-0.5511626196280912,0.9972039090469852,-0.5787359118286177,-0.5738091541336192,1.0959875190286648,-1.0959875190286648,-0.5784279906300535,1.731127539482183,-0.5765804684883443,-0.5767344287272242,1
-0.8642537590083653,0.1981638321954454,-1.3875375865624426,-1.2258476714090278,0.8077365626180215,0.646091668153197,-1.0306701134001208,-1.6810906894159887,1.4128124215220779,0.34298475016781677,-1.0028039309991141,-0.5787359118286177,1.7427397119690018,1.0959875190286648,-1.0959875190286648,-0.5784279906300535,-0.5776581893550843,-0.5765804684883443,1.733900301750437,0
-0.5435037119675924,-0.08789693990845966,-1.3875375865624426,0.40069840707642423,-0.9115834940401767,0.646091668153197,0.9702425509371355,-0.41961640991306065,-1.43244469563043,-0.6131332294159264,-1.0028039309991141,1.7279038324066063,-0.5738091541336192,-0.9124191495230389,0.9124191495230393,-0.5784279906300535,-0.5776581893550843,-0.5765804684883443,1.733900301750437,1
1.0395529718142866,-0.8507256655188732,-0.695981771888179,1.4227474575667314,-0.9115834940401767,-1.5477679860172513,-1.0306701134001208,0.6039514728184046,1.4128124215220779,-0.5378832032449837,0.9972039090469852,-0.5787359118286177,-0.5738091541336192,-0.9124191495230389,0.9124191495230393,-0.5784279906300535,1.731127539482183,-0.5765804684883443,-0.5767344287272242,0
0.9257384389933673,0.10281024149414371,-0.35020386455104724,0.6063518567110868,0.8077365626180215,0.646091668153197,-1.0306701134001208,0.5085143765657014,1.4128124215220779,-1.3435011304868414,-1.0028039309991141,1.7279038324066063,-0.5738091541336192,-0.9124191495230389,0.9124191495230393,-0.5784279906300535,-0.5776581893550843,1.7343632929879855,-0.5767344287272242,1
-0.5435037119675924,-1.518200800427985,0.3413519501232164,-1.2258476714090278,0.8077365626180215,0.646091668153197,-1.0306701134001208,0.9240332444071829,-0.721130416342303,0.57758777293605,-1.0028039309991141,-0.5787359118286177,1.7427397119690018,1.0959875190286648,-1.0959875190286648,-0.5784279906300535,1.731127539482183,-0.5765804684883443,-0.5767344287272242,0
0.6360287190855723,-0.4693113027136664,1.03290776479748,0.6026582492106346,-0.9115834940401767,0.646091668153197,-1.0306701134001208,-0.1268637136006195,0.7014981422339509,-1.2726775764436011,0.9972039090469852,-0.5787359118286177,-0.5738091541336192,-0.9124191495230389,0.9124191495230393,1.7288236672481017,-0.5776581893550843,-0.5765804684883443,-0.5767344287272242,0
-0.06755202926192945,-0.4693113027136664,1.7244635794717436,0.7326167857492657,0.8077365626180215,0.646091668153197,0.9702425509371355,1.426062738847343,0.7014981422339509,-0.3386919574983705,-1.0028039309991141,1.7279038324066063,-0.5738091541336192,1.0959875190286648,-1.0959875190286648,1.7288236672481017,-0.5776581893550843,-0.5765804684883443,-0.5767344287272242,0
0.9981658689703159,-0.18325053060976135,-1.3875375865624426,-1.2258476714090278,0.8077365626180215,-1.5477679860172513,0.9702425509371355,1.3991454351091825,-1.43244469563043,1.6886322769893813,-1.0028039309991141,-0.5787359118286177,1.7427397119690018,-0.9124191495230389,0.9124191495230393,-0.5784279906300535,-0.5776581893550843,1.7343632929879855,-0.5767344287272242,0
0.522214186264653,0.0074566507928420294,1.378685672134612,1.0217456687314983,-0.9115834940401767,-1.5477679860172513,0.9702425509371355,0.8096623085587178,-0.721130416342303,-1.1708687175064434,0.9972039090469852,-0.5787359118286177,-0.5738091541336192,-0.9124191495230389,0.9124191495230393,-0.5784279906300535,-0.5776581893550843,1.7343632929879855,-0.5767344287272242,0
-1.3402054417140283,0.38887101359804876,1.03290776479748,-1.2258476714090278,-0.9115834940401767,0.646091668153197,0.9702425509371355,-0.12016060158473646,-0.721130416342303,-0.9141333340996974,0.9972039090469852,-0.5787359118286177,-0.5738091541336192,-0.9124191495230389,0.9124191495230393,-0.5784279906300535,-0.5776581893550843,1.7343632929879855,-0.5767344287272242,0
0.6567222705075577,0.9609925578058589,-0.35020386455104724,0.26562449821322764,-0.9115834940401767,0.646091668153197,-1.0306701134001208,-1.6088082649153592,0.7014981422339509,-0.9982363045260452,-1.0028039309991141,1.7279038324066063,-0.5738091541336192,1.0959875190286648,-1.0959875190286648,-0.5784279906300535,-0.5776581893550843,1.7343632929879855,-0.5767344287272242,1
-0.9780682918292848,0.38887101359804876,0.3413519501232164,-1.2258476714090278,2.52705661927622,-1.5477679860172513,-1.0306701134001208,0.43584365567793215,0.7014981422339509,1.197293870814402,0.9972039090469852,-0.5787359118286177,-0.5738091541336192,1.0959875190286648,-1.0959875190286648,-0.5784279906300535,1.731127539482183,-0.5765804684883443,-0.5767344287272242,1
0.09799638211395333,-0.3739577120123647,0.3413519501232164,0.3891843718234522,-0.9115834940401767,0.646091668153197,-1.0306701134001208,-1.4066072250899724,-0.721130416342303,0.23232294697525388,0.9972039090469852,-0.5787359118286177,-0.5738091541336192,1.0959875190286648,-1.0959875190286648,1.7288236672481017,-0.5776581893550843,-0.5765804684883443,-0.5767344287272242,0
-1.2056973574711236,1.1516997392084622,-0.695981771888179,-1.2258476714090278,0.8077365626180215,-1.5477679860172513,0.9702425509371355,-1.3777988675183384,1.4128124215220779,-1.5648247368719672,-1.0028039309991141,-0.5787359118286177,1.7427397119690018,-0.9124191495230389,0.9124191495230393,-0.5784279906300535,1.731127539482183,-0.5765804684883443,-0.5767344287272242,0
-0.0882455806839148,0.10281024149414371,0.6871298574603482,-1.2258476714090278,0.8077365626180215,0.646091668153197,-1.0306701134001208,-1.5541840229141823,0.7014981422339509,0.4934848025097023,0.9972039090469852,-0.5787359118286177,-0.5738091541336192,1.0959875190286648,-1.0959875190286648,-0.5784279906300535,-0.5776581893550843,1.7343632929879855,-0.5767344287272242,0
-1.1850038060491381,0.6749317857019538,-1.3875375865624426,-0.17233115571732757,-0.9115834940401767,0.646091668153197,-1.0306701134001208,-0.6780964290526665,-0.721130416342303,1.4850145591150656,0.9972039090469852,-0.5787359118286177,-0.5738091541336192,-0.9124191495230389,0.9124191495230393,-0.5784279906300535,-0.5776581893550843,-0.5765804684883443,1.733900301750437,0
0.2945851206228141,0.2935174228967471,-1.3875375865624426,-1.2258476714090278,0.8077365626180215,-1.5477679860172513,-1.0306701134001208,-0.49153644763769416,-1.43244469563043,0.5288965795313224,0.9972039090469852,-0.5787359118286177,-0.5738091541336192,-0.9124191495230389,0.9124191495230393,-0.5784279906300535,-0.5776581893550843,-0.5765804684883443,1.733900301750437,0
-0.42968917914667304,-1.23214002832408,0.6871298574603482,-1.2258476714090278,0.8077365626180215,0.646091668153197,-1.0306701134001208,-0.028278860428970407,-0.009816137054176019,0.9317055431522512,0.9972039090469852,-0.5787359118286177,-0.5738091541336192,-0.9124191495230389,0.9124191495230393,-0.5784279906300535,-0.5776581893550843,-0.5765804684883443,1.733900301750437,0
0.05660927926998263,-0.18325053060976135,-1.0417596792253108,-1.2258476714090278,0.8077365626180215,-1.5477679860172513,0.9702425509371355,-0.5607853609544209,-0.721130416342303,-0.7547803375024069,0.9972039090469852,-0.5787359118286177,-0.5738091541336192,-0.9124191495230389,0.9124191495230393,-0.5784279906300535,-0.5776581893550843,-0.5765804684883443,1.733900301750437,0
1.1016336260802426,1.7238212834162723,-0.695981771888179,0.20183772697624386,-0.9115834940401767,0.646091668153197,0.9702425509371355,-0.8157359346082329,0.7014981422339509,0.8077643235765808,0.9972039090469852,-0.5787359118286177,-0.5738091541336192,-0.9124191495230389,0.9124191495230393,1.7288236672481017,-0.5776581893550843,-0.5765804684883443,-0.5767344287272242,1
0.9464319904153525,-0.6600184841162697,0.3413519501232164,1.346265453156167,-0.9115834940401767,0.646091668153197,-1.0306701134001208,-1.2357877671698048,1.4128124215220779,-1.3789129075084614,0.9972039090469852,-0.5787359118286177,-0.5738091541336192,-0.9124191495230389,0.9124191495230393,-0.5784279906300535,1.731127539482183,-0.5765804684883443,-0.5767344287272242,0
2.063883767202561,-0.27860412131106305,-1.7333154938995745,1.4162298734908225,-0.9115834940401767,0.646091668153197,0.9702425509371355,-0.6497887008131308,-1.43244469563043,-1.0159421930368553,0.9972039090469852,-0.5787359118286177,-0.5738091541336192,1.0959875190286648,-1.0959875190286648,-0.5784279906300535,-0.5776581893550843,1.7343632929879855,-0.5767344287272242,0
0.24285124206785078,0.48422460429935044,-0.695981771888179,0.19899772329195964,-0.9115834940401767,0.646091668153197,-1.0306701134001208,-0.4583552780430389,-0.009816137054176019,0.5421759959144299,-1.0028039309991141,1.7279038324066063,-0.5738091541336192,-0.9124191495230389,0.9124191495230393,-0.5784279906300535,-0.5776581893550843,-0.5765804684883443,1.733900301750437,0
-1.0504957218062334,-1.3274936190253817,-0.004425957213915414,-1.2258476714090278,0.8077365626180215,-1.5477679860172513,-1.0306701134001208,1.5783569986897874,-0.009816137054176019,-0.2545889870720227,0.9972039090469852,-0.5787359118286177,-0.5738091541336192,1.0959875190286648,-1.0959875190286648,-0.5784279906300535,-0.5776581893550843,1.7343632929879855,-0.5767344287272242,0
-0.4917698334126291,0.48422460429935044,0.3413519501232164,0.5070416398416608,0.8077365626180215,0.646091668153197,-1.0306701134001208,0.14603439552541744,-0.009816137054176019,0.20133764208133628,-1.0028039309991141,1.7279038324066063,-0.5738091541336192,-0.9124191495230389,0.9124191495230393,-0.5784279906300535,1.731127539482183,-0.5765804684883443,-0.5767344287272242,1
0.2842383449118215,-0.3739577120123647,-0.35020386455104724,-1.2258476714090278,-0.9115834940401767,0.646091668153197,-1.0306701134001208,0.44216890470713593,-1.43244469563043,0.6307054384684803,0.9972039090469852,-0.5787359118286177,-0.5738091541336192,1.0959875190286648,-1.0959875190286648,1.7288236672481017,-0.5776581893550843,-0.5765804684883443,-0.5767344287272242,0
-0.015818150706966082,1.1516997392084622,-0.35020386455104724,-1.2258476714090278,-0.9115834940401767,0.646091668153197,0.9702425509371355,0.8746724790483419,-0.009816137054176019,0.7767790186826632,-1.0028039309991141,-0.5787359118286177,1.7427397119690018,-0.9124191495230389,0.9124191495230393,-0.5784279906300535,-0.5776581893550843,1.7343632929879855,-0.5767344287272242,0
1.277528813167118,-0.27860412131106305,1.03290776479748,0.6517649901168048,-0.9115834940401767,-1.5477679860172513,-1.0306701134001208,0.030224693753443766,0.7014981422339509,0.4447936091049746,-1.0028039309991141,-0.5787359118286177,1.7427397119690018,1.0959875190286648,-1.0959875190286648,-0.5784279906300535,1.731127539482183,-0.5765804684883443,-0.5767344287272242,0
0.04626250355898996,-1.0414328469214764,1.7244635794717436,-1.2258476714090278,0.8077365626180215,-1.5477679860172513,0.9702425509371355,0.4603732757206978,-0.721130416342303,-1.2903834649544113,0.9972039090469852,-0.5787359118286177,-0.5738091541336192,-0.9124191495230389,0.9124191495230393,-0.5784279906300535,-0.5776581893550843,-0.5765804684883443,1.733900301750437,0
-0.8539069832973727,0.38887101359804876,1.378685672134612,-1.2258476714090278,-0.9115834940401767,0.646091668153197,-1.0306701134001208,0.44829800580768125,-1.43244469563043,0.878587877619821,-1.0028039309991141,-0.5787359118286177,1.7427397119690018,1.0959875190286648,-1.0959875190286648,-0.5784279906300535,-0.5776581893550843,1.7343632929879855,-0.5767344287272242,1
1.0602465232362719,0.38887101359804876,-0.004425957213915414,-1.2258476714090278,0.8077365626180215,0.646091668153197,-1.0306701134001208,0.17026388141493495,1.4128124215220779,1.006955569323194,0.9972039090469852,-0.5787359118286177,-0.5738091541336192,1.0959875190286648,-1.0959875190286648,-0.5784279906300535,-0.5776581893550843,-0.5765804684883443,1.733900301750437,0
-0.4710762819906437,0.8656389671045572,0.3413519501232164,-1.2258476714090278,0.8077365626180215,0.646091668153197,0.9702425509371355,-1.0438138942558568,-0.721130416342303,-0.6618244228206541,-1.0028039309991141,-0.5787359118286177,1.7427397119690018,1.0959875190286648,-1.0959875190286648,1.7288236672481017,-0.5776581893550843,-0.5765804684883443,-0.5767344287272242,0
0.33597222346678485,-0.7553720748175714,-1.0417596792253108,-1.2258476714090278,0.8077365626180215,-1.5477679860172513,0.9702425509371355,-0.39583382134326994,-0.721130416342303,0.8166172678319858,0.9972039090469852,-0.5787359118286177,-0.5738091541336192,-0.9124191495230389,0.9124191495230393,1.7288236672481017,-0.5776581893550843,-0.5765804684883443,-0.5767344287272242,0
0.8533110090164185,1.1516997392084622,1.7244635794717436,1.0429011318420036,-0.9115834940401767,0.646091668153197,-1.0306701134001208,0.5233965789826189,-0.009816137054176019,0.8564555169813085,0.9972039090469852,-0.5787359118286177,-0.5738091541336192,-0.9124191495230389,0.9124191495230393,-0.5784279906300535,-0.5776581893550843,-0.5765804684883443,1.733900301750437,0
1.184407831768184,0.38887101359804876,-0.35020386455104724,1.1615946943988467,-0.9115834940401767,-1.5477679860172513,0.9702425509371355,1.2831105457772685,-0.009816137054176019,1.179587982303592,-1.0028039309991141,1.7279038324066063,-0.5738091541336192,-0.9124191495230389,0.9124191495230393,-0.5784279906300535,1.731127539482183,-0.5765804684883443,-0.5767344287272242,1
-1.5161006288009038,-0.6600184841162697,1.03290776479748,1.5034282439479996,0.8077365626180215,-1.5477679860172513,0.9702425509371355,-1.4681750689876478,-0.721130416342303,-0.9539715832490201,-1.0028039309991141,1.7279038324066063,-0.5738091541336192,-0.9124191495230389,0.9124191495230393,-0.5784279906300535,1.731127539482183,-0.5765804684883443,-0.5767344287272242,0
-0.398648852013695,1.8191748741175742,-1.3875375865624426,1.172473415057885,-0.9115834940401767,0.646091668153197,0.9702425509371355,0.26207032819737713,1.4128124215220779,-0.8920009734611849,-1.0028039309991141,1.7279038324066063,-0.5738091541336192,1.0959875190286648,-1.0959875190286648,-0.5784279906300535,1.731127539482183,-0.5765804684883443,-0.5767344287272242,0
-0.6573182447885119,0.8656389671045572,-1.3875375865624426,-1.2258476714090278,0.8077365626180215,0.646091668153197,0.9702425509371355,-1.5855680392795088,1.4128124215220779,0.2367494191029564,-1.0028039309991141,-0.5787359118286177,1.7427397119690018,-0.9124191495230389,0.9124191495230393,1.7288236672481017,-0.5776581893550843,-0.5765804684883443,-0.5767344287272242,0
-0.23310044063781224,0.10281024149414371,1.7244635794717436,-1.2258476714090278,0.8077365626180215,0.646091668153197,-1.0306701134001208,0.06507555520180099,-0.721130416342303,-0.9097068619719949,-1.0028039309991141,-0.5787359118286177,1.7427397119690018,-0.9124191495230389,0.9124191495230393,-0.5784279906300535,-0.5776581893550843,-0.5765804684883443,1.733900301750437,0
0.5946416162416017,-1.518200800427985,-0.35020386455104724,-0.08098192434484115,-0.9115834940401767,0.646091668153197,-1.0306701134001208,0.06272786620817138,-0.721130416342303,-0.6706773670760591,-1.0028039309991141,1.7279038324066063,-0.5738091541336192,1.0959875190286648,-1.0959875190286648,-0.5784279906300535,-0.5776581893550843,-0.5765804684883443,1.733900301750437,0
-0.46072950627965104,-0.27860412131106305,1.7244635794717436,-1.2258476714090278,0.8077365626180215,-1.5477679860172513,0.9702425509371355,0.96598020928877,-0.721130416342303,0.9139996546414412,0.9972039090469852,-0.5787359118286177,-0.5738091541336192,1.0959875190286648,-1.0959875190286648,-0.5784279906300535,-0.5776581893550843,-0.5765804684883443,1.733900301750437,0
0.8843513361493965,-1.4228472097266833,-1.7333154938995745,-1.2258476714090278,0.8077365626180215,0.646091668153197,-1.0306701134001208,0.16111761479120804,-1.43244469563043,-0.7105156162253817,0.9972039090469852,-0.5787359118286177,-0.5738091541336192,1.0959875190286648,-1.0959875190286648,-0.5784279906300535,-0.5776581893550843,-0.5765804684883443,1.733900301750437,1
1.2982223645891036,-0.18325053060976135,-1.0417596792253108,-1.2258476714090278,-0.9115834940401767,-1.5477679860172513,0.9702425509371355,-1.6002269669265707,-0.009816137054176019,1.060073234855624,0.9972039090469852,-0.5787359118286177,-0.5738091541336192,-0.9124191495230389,0.9124191495230393,-0.5784279906300535,-0.5776581893550843,-0.5765804684883443,1.733900301750437,0
2.0535369914915687,2.868064371831893,0.6871298574603482,-0.07195850180370753,-0.9115834940401767,0.646091668153197,0.9702425509371355,0.6777484792858897,-0.721130416342303,-1.2815305206990062,0.9972039090469852,-0.5787359118286177,-0.5738091541336192,-0.9124191495230389,0.9124191495230393,-0.5784279906300535,1.731127539482183,-0.5765804684883443,-0.5767344287272242,0
0.025568952137004615,-0.08789693990845966,-0.004425957213915414,0.6055415260887539,0.8077365626180215,0.646091668153197,0.9702425509371355,-0.1837219205304062,-1.43244469563043,0.38282299931713937,-1.0028039309991141,1.7279038324066063,-0.5738091541336192,1.0959875190286648,-1.0959875190286648,-0.5784279906300535,-0.5776581893550843,1.7343632929879855,-0.5767344287272242,0
2.063883767202561,-0.3739577120123647,0.3413519501232164,0.08332623237568475,-0.9115834940401767,0.646091668153197,-1.0306701134001208,-1.726140721484549,1.4128124215220779,-0.13507423962405485,0.9972039090469852,-0.5787359118286177,-0.5738091541336192,1.0959875190286648,-1.0959875190286648,-0.5784279906300535,-0.5776581893550843,-0.5765804684883443,1.733900301750437,0
-0.7400924504764532,-1.0414328469214764,0.3413519501232164,1.1834939756300495,-0.9115834940401767,0.646091668153197,-1.0306701134001208,0.7906462189893261,-0.721130416342303,-0.08195657409162466,-1.0028039309991141,1.7279038324066063,-0.5738091541336192,-0.9124191495230389,0.9124191495230393,-0.5784279906300535,-0.5776581893550843,1.7343632929879855,-0.5767344287272242,0
0.8843513361493965,0.38887101359804876,-0.35020386455104724,2.0187358537562914,-0.9115834940401767,0.646091668153197,-1.0306701134001208,-0.48193980589408725,0.7014981422339509,-0.4980449540956611,0.9972039090469852,-0.5787359118286177,-0.5738091541336192,-0.9124191495230389,0.9124191495230393,-0.5784279906300535,1.731127539482183,-0.5765804684883443,-0.5767344287272242,0
0.553254513397631,-1.4228472097266833,1.7244635794717436,0.7312190615883941,-0.9115834940401767,0.646091668153197,0.9702425509371355,0.4793126797967047,-0.009816137054176019,-1.3302217141037338,-1.0028039309991141,-0.5787359118286177,1.7427397119690018,-0.9124191495230389,0.9124191495230393,-0.5784279906300535,-0.5776581893550843,1.7343632929879855,-0.5767344287272242,0
0.24285124206785078,-1.23214002832408,1.7244635794717436,-1.2258476714090278,0.8077365626180215,0.646091668153197,0.9702425509371355,0.6665701340324647,-1.43244469563043,0.25445530761376645,0.9972039090469852,-0.5787359118286177,-0.5738091541336192,1.0959875190286648,-1.0959875190286648,-0.5784279906300535,-0.5776581893550843,1.7343632929879855,-0.5767344287272242,0
-0.7297456747654606,0.0074566507928420294,1.378685672134612,0.8314335279378839,-0.9115834940401767,0.646091668153197,-1.0306701134001208,-0.2442330348514366,-1.43244469563043,-0.6662508949483567,0.9972039090469852,-0.5787359118286177,-0.5738091541336192,1.0959875190286648,-1.0959875190286648,-0.5784279906300535,1.731127539482183,-0.5765804684883443,-0.5767344287272242,0
0.33597222346678485,-0.6600184841162697,1.378685672134612,-1.2258476714090278,0.8077365626180215,0.646091668153197,0.9702425509371355,-1.3058847420539659,-0.009816137054176019,1.1308967888988644,0.9972039090469852,-0.5787359118286177,-0.5738091541336192,1.0959875190286648,-1.0959875190286648,-0.5784279906300535,-0.5776581893550843,-0.5765804684883443,1.733900301750437,0
-0.005471374995973408,-1.518200800427985,-0.35020386455104724,0.2792789538501512,0.8077365626180215,0.646091668153197,-1.0306701134001208,-0.5396639850620991,1.4128124215220779,0.7413672416610431,-1.0028039309991141,1.7279038324066063,-0.5738091541336192,-0.9124191495230389,0.9124191495230393,-0.5784279906300535,-0.5776581893550843,1.7343632929879855,-0.5767344287272242,0
-0.06755202926192945,-1.0414328469214764,0.6871298574603482,1.2593223945426166,-0.9115834940401767,0.646091668153197,-1.0306701134001208,-1.2330665624396875,1.4128124215220779,0.4802053861265947,0.9972039090469852,-0.5787359118286177,-0.5738091541336192,-0.9124191495230389,0.9124191495230393,1.7288236672481017,-0.5776581893550843,-0.5765804684883443,-0.5767344287272242,0
-1.2056973574711236,-1.4228472097266833,-1.3875375865624426,-1.2258476714090278,-0.9115834940401767,0.646091668153197,0.9702425509371355,1.2096324535838612,0.7014981422339509,1.153029149537377,0.9972039090469852,-0.5787359118286177,-0.5738091541336192,-0.9124191495230389,0.9124191495230393,-0.5784279906300535,1.731127539482183,-0.5765804684883443,-0.5767344287272242,0
-0.40899562772468767,1.247053329909764,0.6871298574603482,-1.2258476714090278,-0.9115834940401767,-1.5477679860172513,0.9702425509371355,-0.4608965066152119,-0.721130416342303,-1.0026627766537477,-1.0028039309991141,-0.5787359118286177,1.7427397119690018,-0.9124191495230389,0.9124191495230393,-0.5784279906300535,-0.5776581893550843,1.7343632929879855,-0.5767344287272242,1
-0.9884150675402774,-1.7089079818305883,-1.3875375865624426,-1.2258476714090278,0.8077365626180215,-1.5477679860172513,-1.0306701134001208,0.06627139678458688,-1.43244469563043,-0.033265380686896995,-1.0028039309991141,-0.5787359118286177,1.7427397119690018,-0.9124191495230389,0.9124191495230393,1.7288236672481017,-0.5776581893550843,-0.5765804684883443,-0.5767344287272242,0
0.49117385913167494,-0.5646648934149681,-0.004425957213915414,0.9483695577406716,0.8077365626180215,-1.5477679860172513,0.9702425509371355,-1.0491695326022608,-1.43244469563043,1.3123821461346674,0.9972039090469852,-0.5787359118286177,-0.5738091541336192,-0.9124191495230389,0.9124191495230393,-0.5784279906300535,-0.5776581893550843,-0.5765804684883443,1.733900301750437,0
-1.350552217425021,-0.7553720748175714,-0.695981771888179,0.519731584069328,-0.9115834940401767,0.646091668153197,0.9702425509371355,1.4516711724977291,-0.009816137054176019,-0.20589779366729508,-1.0028039309991141,1.7279038324066063,-0.5738091541336192,1.0959875190286648,-1.0959875190286648,-0.5784279906300535,-0.5776581893550843,-0.5765804684883443,1.733900301750437,1
1.0705932989472646,0.0074566507928420294,0.6871298574603482,1.3014988533205625,0.8077365626180215,0.646091668153197,-1.0306701134001208,0.5827167206410786,-1.43244469563043,1.3079556740069649,-1.0028039309991141,-0.5787359118286177,1.7427397119690018,-0.9124191495230389,0.9124191495230393,-0.5784279906300535,-0.5776581893550843,-0.5765804684883443,1.733900301750437,1
-0.5641972633895778,0.1981638321954454,-0.004425957213915414,-1.2258476714090278,0.8077365626180215,-1.5477679860172513,0.9702425509371355,0.7123162478017508,0.7014981422339509,1.325661562517775,-1.0028039309991141,-0.5787359118286177,1.7427397119690018,-0.9124191495230389,0.9124191495230393,-0.5784279906300535,-0.5776581893550843,-0.5765804684883443,1.733900301750437,0
-1.7540764701537352,0.48422460429935044,1.378685672134612,1.5837535490554677,-0.9115834940401767,0.646091668153197,-1.0306701134001208,-0.6014804916707508,0.7014981422339509,-0.8787215570780773,0.9972039090469852,-0.5787359118286177,-0.5738091541336192,-0.9124191495230389,0.9124191495230393,-0.5784279906300535,-0.5776581893550843,1.7343632929879855,-0.5767344287272242,1
0.8636577847274112,0.0074566507928420294,0.3413519501232164,-1.2258476714090278,-0.9115834940401767,0.646091668153197,0.9702425509371355,-0.0861619750639978,-1.43244469563043,-0.059824213453112084,-1.0028039309991141,-0.5787359118286177,1.7427397119690018,-0.9124191495230389,0.9124191495230393,-0.5784279906300535,1.731127539482183,-0.5765804684883443,-0.5767344287272242,0
0.2738915692008288,1.6284676927149706,-0.004425957213915414,0.7608722580704818,-0.9115834940401767,0.646091668153197,0.9702425509371355,-0.6868571815293762,-1.43244469563043,0.896293766130631,-1.0028039309991141,-0.5787359118286177,1.7427397119690018,-0.9124191495230389,0.9124191495230393,1.7288236672481017,-0.5776581893550843,-0.5765804684883443,-0.5767344287272242,1
0.5636012891086236,-1.3274936190253817,1.378685672134612,-1.2258476714090278,0.8077365626180215,-1.5477679860172513,0.9702425509371355,0.21285789101508354,-1.43244469563043,1.3743527559225026,0.9972039090469852,-0.5787359118286177,-0.5738091541336192,-0.9124191495230389,0.9124191495230393,-0.5784279906300535,-0.5776581893550843,1.7343632929879855,-0.5767344287272242,0
-1.5781812830668598,-0.4693113027136664,-1.0417596792253108,-1.2258476714090278,0.8077365626180215,0.646091668153197,0.9702425509371355,0.842288421248872,-1.43244469563043,-0.2545889870720227,0.9972039090469852,-0.5787359118286177,-0.5738091541336192,-0.9124191495230389,0.9124191495230393,1.7288236672481017,-0.5776581893550843,-0.5765804684883443,-0.5767344287272242,0
0.025568952137004615,1.8191748741175742,-1.3875375865624426,0.8993931172292712,-0.9115834940401767,0.646091668153197,-1.0306701134001208,-1.651825870574206,-0.721130416342303,-1.9632072283651933,-1.0028039309991141,1.7279038324066063,-0.5738091541336192,-0.9124191495230389,0.9124191495230393,-0.5784279906300535,-0.5776581893550843,-0.5765804684883443,1.733900301750437,1
-1.350552217425021,1.8191748741175742,-0.695981771888179,-1.2258476714090278,0.8077365626180215,-1.5477679860172513,0.9702425509371355,-1.1702835751683742,1.4128124215220779,-1.5648247368719672,0.9972039090469852,-0.5787359118286177,-0.5738091541336192,-0.9124191495230389,0.9124191495230393,1.7288236672481017,-0.5776581893550843,-0.5765804684883443,-0.5767344287272242,0
0.4083996534437335,-0.6600184841162697,-1.7333154938995745,0.4839807137626196,0.8077365626180215,0.646091668153197,0.9702425509371355,0.6577606923536055,-1.43244469563043,0.03755817335634324,-1.0028039309991141,1.7279038324066063,-0.5738091541336192,-0.9124191495230389,0.9124191495230393,-0.5784279906300535,-0.5776581893550843,1.7343632929879855,-0.5767344287272242,0
0.3463189991777775,-0.4693113027136664,0.3413519501232164,-1.2258476714090278,0.8077365626180215,0.646091668153197,0.9702425509371355,0.5362416599596156,-0.009816137054176019,-1.038074553675368,0.9972039090469852,-0.5787359118286177,-0.5738091541336192,1.0959875190286648,-1.0959875190286648,-0.5784279906300535,-0.5776581893550843,-0.5765804684883443,1.733900301750437,0
0.36701255059976284,-0.08789693990845966,-1.7333154938995745,0.9879983472993517,-0.9115834940401767,-1.5477679860172513,0.9702425509371355,0.2754002145157738,0.7014981422339509,-0.9805304160152352,0.9972039090469852,-0.5787359118286177,-0.5738091541336192,-0.9124191495230389,0.9124191495230393,-0.5784279906300535,-0.5776581893550843,1.7343632929879855,-0.5767344287272242,0
-0.22275366492681956,-1.0414328469214764,1.03290776479748,0.5147123743977292,-0.9115834940401767,0.646091668153197,0.9702425509371355,0.34008468902102085,-1.43244469563043,0.6616907433623979,-1.0028039309991141,1.7279038324066063,-0.5738091541336192,-0.9124191495230389,0.9124191495230393,-0.5784279906300535,1.731127539482183,-0.5765804684883443,-0.5767344287272242,0
-1.7747700215757207,0.7702853764032556,-1.3875375865624426,-1.2258476714090278,-0.9115834940401767,0.646091668153197,-1.0306701134001208,-0.08380472211994597,0.7014981422339509,0.7767790186826632,0.9972039090469852,-0.5787359118286177,-0.5738091541336192,-0.9124191495230389,0.9124191495230393,1.7288236672481017,-0.5776581893550843,-0.5765804684883443,-0.5767344287272242,0
0.3877061020217482,-0.9460792562201749,1.378685672134612,1.0909270045288277,0.8077365626180215,0.646091668153197,-1.0306701134001208,0.7540689775447645,0.7014981422339509,-1.4895747107010244,-1.0028039309991141,1.7279038324066063,-0.5738091541336192,-0.9124191495230389,0.9124191495230393,-0.5784279906300535,-0.5776581893550843,-0.5765804684883443,1.733900301750437,0
-0.0882455806839148,0.0074566507928420294,-0.35020386455104724,-1.2258476714090278,-0.9115834940401767,0.646091668153197,0.9702425509371355,-0.4046246567913074,0.7014981422339509,-0.7149420883530843,0.9972039090469852,-0.5787359118286177,-0.5738091541336192,1.0959875190286648,-1.0959875190286648,-0.5784279906300535,-0.5776581893550843,1.7343632929879855,-0.5767344287272242,0
0.33597222346678485,0.10281024149414371,-1.3875375865624426,-1.2258476714090278,0.8077365626180215,-1.5477679860172513,-1.0306701134001208,-0.4230437819643489,-0.009816137054176019,-1.4098982124023791,0.9972039090469852,-0.5787359118286177,-0.5738091541336192,1.0959875190286648,-1.0959875190286648,-0.5784279906300535,1.731127539482183,-0.5765804684883443,-0.5767344287272242,0
0.18077058780189473,-0.6600184841162697,-1.3875375865624426,0.9289336431362996,-0.9115834940401767,-1.5477679860172513,0.9702425509371355,0.1939070101985697,0.7014981422339509,-0.4582067049463384,-1.0028039309991141,-0.5787359118286177,1.7427397119690018,-0.9124191495230389,0.9124191495230393,-0.5784279906300535,-0.5776581893550843,1.7343632929879855,-0.5767344287272242,0
1.24648848603414,2.6773571904292894,1.03290776479748,-1.2258476714090278,0.8077365626180215,0.646091668153197,0.9702425509371355,-0.8498081166022182,-1.43244469563043,-1.126603996229418,-1.0028039309991141,-0.5787359118286177,1.7427397119690018,1.0959875190286648,-1.0959875190286648,-0.5784279906300535,1.731127539482183,-0.5765804684883443,-0.5767344287272242,0
-0.27448754348178295,-0.27860412131106305,1.7244635794717436,-1.2258476714090278,0.8077365626180215,-1.5477679860172513,0.9702425509371355,1.497022208169576,1.4128124215220779,-1.666633595809125,-1.0028039309991141,-0.5787359118286177,1.7427397119690018,1.0959875190286648,-1.0959875190286648,-0.5784279906300535,1.731127539482183,-0.5765804684883443,-0.5767344287272242,0
0.2738915692008288,1.8191748741175742,1.378685672134612,-1.2258476714090278,-0.9115834940401767,-1.5477679860172513,0.9702425509371355,1.192192676934049,1.4128124215220779,0.9317055431522512,0.9972039090469852,-0.5787359118286177,-0.5738091541336192,-0.9124191495230389,0.9124191495230393,-0.5784279906300535,1.731127539482183,-0.5765804684883443,-0.5767344287272242,0
-0.2848343191927756,-1.4228472097266833,-0.004425957213915414,-1.2258476714090278,0.8077365626180215,0.646091668153197,-1.0306701134001208,0.2794377666039958,-1.43244469563043,0.7502201859164481,0.9972039090469852,-0.5787359118286177,-0.5738091541336192,1.0959875190286648,-1.0959875190286648,-0.5784279906300535,1.731127539482183,-0.5765804684883443,-0.5767344287272242,0
0.5118674105536603,-0.8507256655188732,1.378685672134612,-1.2258476714090278,-0.9115834940401767,0.646091668153197,0.9702425509371355,1.3021127241460468,0.7014981422339509,1.2725438969853449,0.9972039090469852,-0.5787359118286177,-0.5738091541336192,1.0959875190286648,-1.0959875190286648,1.7288236672481017,-0.5776581893550843,-0.5765804684883443,-0.5767344287272242,0
-0.38830207630270236,1.9145284648188758,1.03290776479748,0.2392826626860495,-0.9115834940401767,-1.5477679860172513,-1.0306701134001208,-1.2541858516519173,-0.721130416342303,-0.8167509472902421,-1.0028039309991141,1.7279038324066063,-0.5738091541336192,-0.9124191495230389,0.9124191495230393,1.7288236672481017,-0.5776581893550843,-0.5765804684883443,-0.5767344287272242,1
-1.5161006288009038,3.2494787346370995,1.03290776479748,-1.2258476714090278,-0.9115834940401767,0.646091668153197,0.9702425509371355,-1.1388866909424795,-0.009816137054176019,0.2898670846353866,0.9972039090469852,-0.5787359118286177,-0.5738091541336192,1.0959875190286648,-1.0959875190286648,-0.5784279906300535,1.731127539482183,-0.5765804684883443,-0.5767344287272242,0
1.8362547015607225,-0.8507256655188732,-0.35020386455104724,-0.05474394448286726,0.8077365626180215,-1.5477679860172513,-1.0306701134001208,1.0708304933269825,0.7014981422339509,-0.32098606898756044,0.9972039090469852,-0.5787359118286177,-0.5738091541336192,-0.9124191495230389,0.9124191495230393,-0.5784279906300535,-0.5776581893550843,-0.5765804684883443,1.733900301750437,0
1.5879320844968983,-0.5646648934149681,1.7244635794717436,0.9912778143076939,-0.9115834940401767,0.646091668153197,0.9702425509371355,-0.3409370937000652,0.7014981422339509,-0.7282215047361918,-1.0028039309991141,1.7279038324066063,-0.5738091541336192,1.0959875190286648,-1.0959875190286648,-0.5784279906300535,-0.5776581893550843,-0.5765804684883443,1.733900301750437,0
-0.3572617491697243,1.7238212834162723,0.6871298574603482,0.6483113084355043,-0.9115834940401767,0.646091668153197,0.9702425509371355,0.07458351304149317,-0.721130416342303,-1.1974275502726583,-1.0028039309991141,1.7279038324066063,-0.5738091541336192,1.0959875190286648,-1.0959875190286648,-0.5784279906300535,-0.5776581893550843,1.7343632929879855,-0.5767344287272242,0
-1.1436167032051676,-0.7553720748175714,0.6871298574603482,-1.2258476714090278,-0.9115834940401767,-1.5477679860172513,0.9702425509371355,1.442615154787986,-1.43244469563043,-0.6618244228206541,0.9972039090469852,-0.5787359118286177,-0.5738091541336192,1.0959875190286648,-1.0959875190286648,-0.5784279906300535,1.731127539482183,-0.5765804684883443,-0.5767344287272242,1
1.2257949346121548,2.0098820555201775,1.378685672134612,1.1597296197445568,-0.9115834940401767,0.646091668153197,-1.0306701134001208,1.6126807995248795,1.4128124215220779,-1.3125158255929237,-1.0028039309991141,1.7279038324066063,-0.5738091541336192,-0.9124191495230389,0.9124191495230393,-0.5784279906300535,1.731127539482183,-0.5765804684883443,-0.5767344287272242,1
-1.2574312360260869,0.0074566507928420294,-1.0417596792253108,0.10065890948858575,-0.9115834940401767,0.646091668153197,0.9702425509371355,0.3970813123969176,-0.009816137054176019,-0.14392718387945988,-1.0028039309991141,-0.5787359118286177,1.7427397119690018,1.0959875190286648,-1.0959875190286648,-0.5784279906300535,1.731127539482183,-0.5765804684883443,-0.5767344287272242,0
-0.20206011350483422,-0.27860412131106305,-1.3875375865624426,-1.2258476714090278,0.8077365626180215,-1.5477679860172513,-1.0306701134001208,0.5747256053383412,-0.009816137054176019,-0.22803015430580764,0.9972039090469852,-0.5787359118286177,-0.5738091541336192,-0.9124191495230389,0.9124191495230393,-0.5784279906300535,-0.5776581893550843,-0.5765804684883443,1.733900301750437,0
0.44978675628770426,-0.5646648934149681,-0.35020386455104724,0.7625927682031451,-0.9115834940401767,0.646091668153197,0.9702425509371355,-0.38574663588801,1.4128124215220779,0.7192348810225305,-1.0028039309991141,1.7279038324066063,-0.5738091541336192,-0.9124191495230389,0.9124191495230393,1.7288236672481017,-0.5776581893550843,-0.5765804684883443,-0.5767344287272242,0
1.1947546074791768,-1.0414328469214764,-0.35020386455104724,0.22775949198104553,-0.9115834940401767,-1.5477679860172513,0.9702425509371355,-1.364915530739653,-1.43244469563043,-0.033265380686896995,-1.0028039309991141,1.7279038324066063,-0.5738091541336192,1.0959875190286648,-1.0959875190286648,-0.5784279906300535,-0.5776581893550843,1.7343632929879855,-0.5767344287272242,0
-0.936681188985314,-0.3739577120123647,-1.3875375865624426,-1.2258476714090278,0.8077365626180215,0.646091668153197,-1.0306701134001208,-1.676101611205765,1.4128124215220779,1.3035292018792624,0.9972039090469852,-0.5787359118286177,-0.5738091541336192,1.0959875190286648,-1.0959875190286648,1.7288236672481017,-0.5776581893550843,-0.5765804684883443,-0.5767344287272242,0
-0.10893913210590014,-1.518200800427985,-0.695981771888179,-0.07169132989954831,-0.9115834940401767,0.646091668153197,-1.0306701134001208,1.0649526632875284,-0.721130416342303,-0.033265380686896995,-1.0028039309991141,1.7279038324066063,-0.5738091541336192,-0.9124191495230389,0.9124191495230393,1.7288236672481017,-0.5776581893550843,-0.5765804684883443,-0.5767344287272242,0
-1.1332699274941749,-0.27860412131106305,-0.004425957213915414,-1.2258476714090278,0.8077365626180215,0.646091668153197,-1.0306701134001208,0.42960569943258137,-0.721130416342303,1.3876321723056102,0.9972039090469852,-0.5787359118286177,-0.5738091541336192,-0.9124191495230389,0.9124191495230393,-0.5784279906300535,-0.5776581893550843,1.7343632929879855,-0.5767344287272242,0
-1.2574312360260869,-0.4693113027136664,1.378685672134612,-1.2258476714090278,-0.9115834940401767,0.646091668153197,0.9702425509371355,-0.11967144899314462,-0.009816137054176019,-0.19704484941189004,-1.0028039309991141,-0.5787359118286177,1.7427397119690018,-0.9124191495230389,0.9124191495230393,1.7288236672481017,-0.5776581893550843,-0.5765804684883443,-0.5767344287272242,0
0.7394964761954991,-0.3739577120123647,-1.3875375865624426,0.7001553192583727,-0.9115834940401767,0.646091668153197,-1.0306701134001208,0.4373431092141197,-0.721130416342303,-1.2505452158050885,-1.0028039309991141,-0.5787359118286177,1.7427397119690018,1.0959875190286648,-1.0959875190286648,-0.5784279906300535,-0.5776581893550843,-0.5765804684883443,1.733900301750437,0
0.3463189991777775,0.8656389671045572,1.7244635794717436,0.7997291820680158,-0.9115834940401767,0.646091668153197,0.9702425509371355,1.7048023350012298,-1.43244469563043,-0.6396920621821415,-1.0028039309991141,1.7279038324066063,-0.5738091541336192,1.0959875190286648,-1.0959875190286648,-0.5784279906300535,1.731127539482183,-0.5765804684883443,-0.5767344287272242,0
0.5636012891086236,-0.5646648934149681,-0.695981771888179,1.088914961286587,0.8077365626180215,0.646091668153197,-1.0306701134001208,0.2391848381771853,0.7014981422339509,-1.1044716355909057,0.9972039090469852,-0.5787359118286177,-0.5738091541336192,-0.9124191495230389,0.9124191495230393,-0.5784279906300535,-0.5776581893550843,1.7343632929879855,-0.5767344287272242,0
0.1497302606689167,-0.4693113027136664,-1.3875375865624426,0.32310091589144596,0.8077365626180215,-1.5477679860172513,-1.0306701134001208,1.240243007195046,-0.009816137054176019,0.8476025727259034,0.9972039090469852,-0.5787359118286177,-0.5738091541336192,1.0959875190286648,-1.0959875190286648,1.7288236672481017,-0.5776581893550843,-0.5765804684883443,-0.5767344287272242,0
-0.4814230577016364,-1.3274936190253817,-0.004425957213915414,1.3029230222109995,0.8077365626180215,0.646091668153197,0.9702425509371355,-0.7244854141803299,-0.721130416342303,1.6886322769893813,-1.0028039309991141,1.7279038324066063,-0.5738091541336192,1.0959875190286648,-1.0959875190286648,-0.5784279906300535,-0.5776581893550843,-0.5765804684883443,1.733900301750437,0
2.063883767202561,-1.518200800427985,1.378685672134612,1.0669079778840613,-0.9115834940401767,-1.5477679860172513,0.9702425509371355,-0.6452932963346986,-0.009816137054176019,1.4318968935826355,-1.0028039309991141,-0.5787359118286177,1.7427397119690018,1.0959875190286648,-1.0959875190286648,-0.5784279906300535,-0.5776581893550843,1.7343632929879855,-0.5767344287272242,0
0.11868993353593868,-0.5646648934149681,-0.695981771888179,-1.2258476714090278,0.8077365626180215,-1.5477679860172513,0.9702425509371355,-0.5568898770024697,-0.721130416342303,-0.015559492176086938,-1.0028039309991141,-0.5787359118286177,1.7427397119690018,-0.9124191495230389,0.9124191495230393,-0.5784279906300535,1.731127539482183,-0.5765804684883443,-0.5767344287272242,0
1.3292626917220816,0.10281024149414371,-1.0417596792253108,-0.01627808194073126,-0.9115834940401767,0.646091668153197,0.9702425509371355,-0.820695277627144,-1.43244469563043,1.3920586444333127,-1.0028039309991141,1.7279038324066063,-0.5738091541336192,1.0959875190286648,-1.0959875190286648,-0.5784279906300535,-0.5776581893550843,1.7343632929879855,-0.5767344287272242,0
1.2257949346121548,0.38887101359804876,-0.35020386455104724,0.5400598880932311,0.8077365626180215,0.646091668153197,0.9702425509371355,-0.21828273344596022,-0.721130416342303,-0.4493537606909334,-1.0028039309991141,1.7279038324066063,-0.5738091541336192,-0.9124191495230389,0.9124191495230393,-0.5784279906300535,-0.5776581893550843,1.7343632929879855,-0.5767344287272242,0
0.4187464291547262,0.10281024149414371,-1.7333154938995745,0.6247381559583268,-0.9115834940401767,0.646091668153197,0.9702425509371355,-0.6863026462948985,0.7014981422339509,0.9582643759184664,0.9972039090469852,-0.5787359118286177,-0.5738091541336192,1.0959875190286648,-1.0959875190286648,-0.5784279906300535,-0.5776581893550843,1.7343632929879855,-0.5767344287272242,0
0.3980528777327409,1.7238212834162723,-0.35020386455104724,-1.2258476714090278,0.8077365626180215,0.646091668153197,-1.0306701134001208,0.6357342189713315,-0.721130416342303,1.3389409789008826,-1.0028039309991141,-0.5787359118286177,1.7427397119690018,1.0959875190286648,-1.0959875190286648,-0.5784279906300535,1.731127539482183,-0.5765804684883443,-0.5767344287272242,1
-0.13997945923887817,-0.3739577120123647,1.03290776479748,1.1321857510552942,0.8077365626180215,0.646091668153197,0.9702425509371355,-0.2665653807572121,-0.721130416342303,0.8210437399596884,-1.0028039309991141,1.7279038324066063,-0.5738091541336192,-0.9124191495230389,0.9124191495230393,-0.5784279906300535,1.731127539482183,-0.5765804684883443,-0.5767344287272242,0
0.3877061020217482,-0.3739577120123647,-0.004425957213915414,0.5624279622576471,-0.9115834940401767,-1.5477679860172513,-1.0306701134001208,1.148990226197043,-1.43244469563043,-0.9849568881429377,-1.0028039309991141,1.7279038324066063,-0.5738091541336192,-0.9124191495230389,0.9124191495230393,-0.5784279906300535,-0.5776581893550843,1.7343632929879855,-0.5767344287272242,1
0.21181091493487275,0.8656389671045572,0.3413519501232164,0.6937154666602787,-0.9115834940401767,-1.5477679860172513,0.9702425509371355,-0.5922274565823114,-0.721130416342303,-0.5821479245220088,0.9972039090469852,-0.5787359118286177,-0.5738091541336192,1.0959875190286648,-1.0959875190286648,1.7288236672481017,-0.5776581893550843,-0.5765804684883443,-0.5767344287272242,0
0.6670690462185503,0.10281024149414371,0.6871298574603482,-1.2258476714090278,-0.9115834940401767,0.646091668153197,0.9702425509371355,0.717624414176059,1.4128124215220779,0.7502201859164481,0.9972039090469852,-0.5787359118286177,-0.5738091541336192,-0.9124191495230389,0.9124191495230393,-0.5784279906300535,1.731127539482183,-0.5765804684883443,-0.5767344287272242,0
1.0085126446813086,-1.518200800427985,1.03290776479748,0.14607412641845133,-0.9115834940401767,-1.5477679860172513,-1.0306701134001208,0.5910081439870711,0.7014981422339509,1.1751615101758894,-1.0028039309991141,-0.5787359118286177,1.7427397119690018,1.0959875190286648,-1.0959875190286648,1.7288236672481017,-0.5776581893550843,-0.5765804684883443,-0.5767344287272242,0
-0.05720525355093678,0.5795781950006521,-0.35020386455104724,-1.2258476714090278,-0.9115834940401767,-1.5477679860172513,0.9702425509371355,1.3011599807939915,1.4128124215220779,0.2721611961245765,-1.0028039309991141,-0.5787359118286177,1.7427397119690018,-0.9124191495230389,0.9124191495230393,-0.5784279906300535,-0.5776581893550843,1.7343632929879855,-0.5767344287272242,1
-0.8228666561643946,2.5820035997279875,1.378685672134612,0.5624092105403187,-0.9115834940401767,-1.5477679860172513,0.9702425509371355,1.5507799562625046,-1.43244469563043,-0.7149420883530843,-1.0028039309991141,1.7279038324066063,-0.5738091541336192,1.0959875190286648,-1.0959875190286648,-0.5784279906300535,-0.5776581893550843,1.7343632929879855,-0.5767344287272242,0
0.6360287190855723,-0.18325053060976135,-1.3875375865624426,0.48715376076834527,0.8077365626180215,-1.5477679860172513,-1.0306701134001208,1.2049981109892958,-0.721130416342303,-1.4674423500625118,0.9972039090469852,-0.5787359118286177,-0.5738091541336192,1.0959875190286648,-1.0959875190286648,-0.5784279906300535,-0.5776581893550843,1.7343632929879855,-0.5767344287272242,0
-0.7193988990544679,0.1981638321954454,-1.0417596792253108,0.8242392793272659,0.8077365626180215,0.646091668153197,0.9702425509371355,-0.9717719596358428,-0.721130416342303,-0.4582067049463384,-1.0028039309991141,1.7279038324066063,-0.5738091541336192,-0.9124191495230389,0.9124191495230393,-0.5784279906300535,-0.5776581893550843,-0.5765804684883443,1.733900301750437,0
-1.1436167032051676,-0.18325053060976135,0.3413519501232164,-1.2258476714090278,0.8077365626180215,0.646091668153197,-1.0306701134001208,0.7287495490871359,-1.43244469563043,-0.8388833079287547,0.9972039090469852,-0.5787359118286177,-0.5738091541336192,-0.9124191495230389,0.9124191495230393,-0.5784279906300535,1.731127539482183,-0.5765804684883443,-0.5767344287272242,0
-0.8642537590083653,-1.518200800427985,1.378685672134612,0.27304280580525825,-0.9115834940401767,-1.5477679860172513,0.9702425509371355,-0.3245592633271288,1.4128124215220779,-1.2372657994219811,0.9972039090469852,-0.5787359118286177,-0.5738091541336192,1.0959875190286648,-1.0959875190286648,-0.5784279906300535,-0.5776581893550843,-0.5765804684883443,1.733900301750437,0
-0.15032623494987085,-0.9460792562201749,-0.695981771888179,0.3339930993218999,-0.9115834940401767,-1.5477679860172513,0.9702425509371355,0.5535638869642387,-0.009816137054176019,1.4982939754981732,-1.0028039309991141,1.7279038324066063,-0.5738091541336192,1.0959875190286648,-1.0959875190286648,-0.5784279906300535,-0.5776581893550843,-0.5765804684883443,1.733900301750437,0
-1.6402619373328158,1.1516997392084622,1.03290776479748,0.6622858254357189,0.8077365626180215,0.646091668153197,0.9702425509371355,-0.5699961407709954,-0.009816137054176019,-1.520560015594942,-1.0028039309991141,1.7279038324066063,-0.5738091541336192,-0.9124191495230389,0.9124191495230393,-0.5784279906300535,1.731127539482183,-0.5765804684883443,-0.5767344287272242,0
0.32562544775579216,-0.08789693990845966,-0.35020386455104724,0.49213626836072855,-0.9115834940401767,0.646091668153197,0.9702425509371355,-1.467998048959834,-0.009816137054176019,-0.6529714785652491,0.9972039090469852,-0.5787359118286177,-0.5738091541336192,-0.9124191495230389,0.9124191495230393,-0.5784279906300535,-0.5776581893550843,1.7343632929879855,-0.5767344287272242,0
-1.319511890292043,-0.8507256655188732,-1.3875375865624426,0.10730791585688247,-0.9115834940401767,0.646091668153197,0.9702425509371355,0.6622868753633966,0.7014981422339509,-1.5958100417658847,0.9972039090469852,-0.5787359118286177,-0.5738091541336192,-0.9124191495230389,0.9124191495230393,-0.5784279906300535,-0.5776581893550843,-0.5765804684883443,1.733900301750437,0
-1.0194553946732554,0.1981638321954454,1.378685672134612,0.767112733434758,-0.9115834940401767,0.646091668153197,-1.0306701134001208,0.618092208242593,-0.009816137054176019,-0.2988537083490479,0.9972039090469852,-0.5787359118286177,-0.5738091541336192,1.0959875190286648,-1.0959875190286648,1.7288236672481017,-0.5776581893550843,-0.5765804684883443,-0.5767344287272242,0
1.3913433459880375,-0.4693113027136664,1.378685672134612,-0.09910217358553995,-0.9115834940401767,0.646091668153197,0.9702425509371355,-0.5475775454214127,0.7014981422339509,0.267734723996874,0.9972039090469852,-0.5787359118286177,-0.5738091541336192,1.0959875190286648,-1.0959875190286648,-0.5784279906300535,-0.5776581893550843,-0.5765804684883443,1.733900301750437,0
1.5258514302309423,-0.08789693990845966,-0.35020386455104724,0.8425329418854813,-0.9115834940401767,0.646091668153197,-1.0306701134001208,0.9921703050148312,-0.721130416342303,1.2061468150698071,-1.0028039309991141,1.7279038324066063,-0.5738091541336192,1.0959875190286648,-1.0959875190286648,-0.5784279906300535,1.731127539482183,-0.5765804684883443,-0.5767344287272242,0
-0.8228666561643946,-0.5646648934149681,-0.695981771888179,-0.07440968782782968,-0.9115834940401767,0.646091668153197,-1.0306701134001208,-1.2749302340075983,1.4128124215220779,-1.383339379636164,-1.0028039309991141,1.7279038324066063,-0.5738091541336192,-0.9124191495230389,0.9124191495230393,1.7288236672481017,-0.5776581893550843,-0.5765804684883443,-0.5767344287272242,0
-2.209334601437413,0.9609925578058589,1.378685672134612,0.5633272433339744,0.8077365626180215,-1.5477679860172513,0.9702425509371355,1.1537615941176569,-0.009816137054176019,0.878587877619821,0.9972039090469852,-0.5787359118286177,-0.5738091541336192,-0.9124191495230389,0.9124191495230393,1.7288236672481017,-0.5776581893550843,-0.5765804684883443,-0.5767344287272242,0
0.8326174575944332,-1.23214002832408,-0.695981771888179,-1.2258476714090278,0.8077365626180215,0.646091668153197,-1.0306701134001208,-1.0849510533716984,1.4128124215220779,-1.485148238573322,-1.0028039309991141,-0.5787359118286177,1.7427397119690018,1.0959875190286648,-1.0959875190286648,1.7288236672481017,-0.5776581893550843,-0.5765804684883443,-0.5767344287272242,0
0.3152786720447995,0.38887101359804876,1.03290776479748,1.2439346070859674,-0.9115834940401767,-1.5477679860172513,-1.0306701134001208,0.2533502659824635,1.4128124215220779,-1.347927602614544,0.9972039090469852,-0.5787359118286177,-0.5738091541336192,1.0959875190286648,-1.0959875190286648,1.7288236672481017,-0.5776581893550843,-0.5765804684883443,-0.5767344287272242,0
-0.7193988990544679,-0.08789693990845966,-1.3875375865624426,0.9074481818550298,-0.9115834940401767,0.646091668153197,-1.0306701134001208,0.09812022114043047,-0.009816137054176019,-0.7459273932470019,-1.0028039309991141,1.7279038324066063,-0.5738091541336192,-0.9124191495230389,0.9124191495230393,-0.5784279906300535,-0.5776581893550843,-0.5765804684883443,1.733900301750437,1
-0.5331569362565998,0.0074566507928420294,-1.0417596792253108,1.8029055105581595,0.8077365626180215,-1.5477679860172513,0.9702425509371355,1.3224656800944494,-0.009816137054176019,0.5421759959144299,-1.0028039309991141,1.7279038324066063,-0.5738091541336192,-0.9124191495230389,0.9124191495230393,-0.5784279906300535,-0.5776581893550843,-0.5765804684883443,1.733900301750437,0
0.6360287190855723,1.3424069206110656,0.3413519501232164,0.9334845406879501,0.8077365626180215,0.646091668153197,0.9702425509371355,0.5670970507016083,-0.721130416342303,1.1043379561326494,-1.0028039309991141,1.7279038324066063,-0.5738091541336192,-0.9124191495230389,0.9124191495230393,1.7288236672481017,-0.5776581893550843,-0.5765804684883443,-0.5767344287272242,0
0.5429077376866382,-0.08789693990845966,1.378685672134612,0.3635212843551308,-0.9115834940401767,0.646091668153197,-1.0306701134001208,-0.597648129791586,0.7014981422339509,0.7944849071934733,-1.0028039309991141,1.7279038324066063,-0.5738091541336192,1.0959875190286648,-1.0959875190286648,-0.5784279906300535,1.731127539482183,-0.5765804684883443,-0.5767344287272242,0
0.5739480648196164,0.48422460429935044,-0.35020386455104724,0.8513616350543574,-0.9115834940401767,-1.5477679860172513,-1.0306701134001208,-0.5255781988803361,-0.009816137054176019,-0.34754490175377556,0.9972039090469852,-0.5787359118286177,-0.5738091541336192,1.0959875190286648,-1.0959875190286648,-0.5784279906300535,-0.5776581893550843,-0.5765804684883443,1.733900301750437,0
0.7912303547504624,-0.7553720748175714,1.7244635794717436,0.3287352459998554,0.8077365626180215,-1.5477679860172513,-1.0306701134001208,-0.40822765775034825,-0.721130416342303,-0.25016251494432024,-1.0028039309991141,-0.5787359118286177,1.7427397119690018,1.0959875190286648,-1.0959875190286648,1.7288236672481017,-0.5776581893550843,-0.5765804684883443,-0.5767344287272242,0
-1.4540199745349478,-0.7553720748175714,-1.7333154938995745,0.5962523740832555,-0.9115834940401767,0.646091668153197,-1.0306701134001208,-1.1649035922208955,-0.721130416342303,0.8033378514488783,-1.0028039309991141,1.7279038324066063,-0.5738091541336192,-0.9124191495230389,0.9124191495230393,-0.5784279906300535,-0.5776581893550843,-0.5765804684883443,1.733900301750437,1
-0.09859235639490747,0.1981638321954454,0.3413519501232164,-1.2258476714090278,0.8077365626180215,0.646091668153197,-1.0306701134001208,-0.6032844266103786,1.4128124215220779,-1.684339484319935,0.9972039090469852,-0.5787359118286177,-0.5738091541336192,-0.9124191495230389,0.9124191495230393,-0.5784279906300535,-0.5776581893550843,-0.5765804684883443,1.733900301750437,0
-0.4814230577016364,1.6284676927149706,-1.7333154938995745,-0.22042466280340492,-0.9115834940401767,-1.5477679860172513,0.9702425509371355,0.4323656816344102,-0.009816137054176019,1.5115733918812806,0.9972039090469852,-0.5787359118286177,-0.5738091541336192,1.0959875190286648,-1.0959875190286648,-0.5784279906300535,1.731127539482183,-0.5765804684883443,-0.5767344287272242,0
-0.0468584778399441,0.2935174228967471,-0.695981771888179,0.37424229826330413,-0.9115834940401767,-1.5477679860172513,0.9702425509371355,-1.342094901692324,-0.009816137054176019,-1.2505452158050885,-1.0028039309991141,-0.5787359118286177,1.7427397119690018,1.0959875190286648,-1.0959875190286648,-0.5784279906300535,1.731127539482183,-0.5765804684883443,-0.5767344287272242,0
0.6463754947965651,1.247053329909764,-1.7333154938995745,1.7534562703363394,-0.9115834940401767,0.646091668153197,0.9702425509371355,-0.9341487697951119,0.7014981422339509,-0.2767213477105353,0.9972039090469852,-0.5787359118286177,-0.5738091541336192,1.0959875190286648,-1.0959875190286648,-0.5784279906300535,-0.5776581893550843,1.7343632929879855,-0.5767344287272242,1
0.2325044663568581,-0.4693113027136664,1.03290776479748,-0.5501915623872038,-0.9115834940401767,0.646091668153197,-1.0306701134001208,-1.3822803607961567,-0.721130416342303,0.01985228484553318,0.9972039090469852,-0.5787359118286177,-0.5738091541336192,1.0959875190286648,-1.0959875190286648,-0.5784279906300535,-0.5776581893550843,-0.5765804684883443,1.733900301750437,1
1.4534240002539935,-0.18325053060976135,-1.0417596792253108,1.3992243096690962,0.8077365626180215,0.646091668153197,-1.0306701134001208,-0.4218173357402122,-0.009816137054176019,-1.1797216617618482,0.9972039090469852,-0.5787359118286177,-0.5738091541336192,-0.9124191495230389,0.9124191495230393,-0.5784279906300535,1.731127539482183,-0.5765804684883443,-0.5767344287272242,0
0.17042381209090204,0.48422460429935044,1.03290776479748,0.7339130583112572,-0.9115834940401767,0.646091668153197,0.9702425509371355,-0.14397275145583202,1.4128124215220779,1.5204263361366857,0.9972039090469852,-0.5787359118286177,-0.5738091541336192,-0.9124191495230389,0.9124191495230393,-0.5784279906300535,-0.5776581893550843,1.7343632929879855,-0.5767344287272242,0
-0.5538504876785851,0.38887101359804876,-1.0417596792253108,0.13905713763146846,-0.9115834940401767,-1.5477679860172513,0.9702425509371355,-1.6517144070792857,-1.43244469563043,-0.44050081643552835,-1.0028039309991141,-0.5787359118286177,1.7427397119690018,-0.9124191495230389,0.9124191495230393,-0.5784279906300535,-0.5776581893550843,-0.5765804684883443,1.733900301750437,1
-0.05720525355093678,0.9609925578058589,-0.35020386455104724,1.3406354503671414,-0.9115834940401767,-1.5477679860172513,0.9702425509371355,-0.20342122393995618,0.7014981422339509,0.5023377467651073,-1.0028039309991141,1.7279038324066063,-0.5738091541336192,-0.9124191495230389,0.9124191495230393,-0.5784279906300535,1.731127539482183,-0.5765804684883443,-0.5767344287272242,0
0.48082708342068226,1.6284676927149706,-0.004425957213915414,0.5499885217409585,-0.9115834940401767,0.646091668153197,0.9702425509371355,-0.8670143589717216,-1.43244469563043,-1.631221818787505,-1.0028039309991141,-0.5787359118286177,1.7427397119690018,-0.9124191495230389,0.9124191495230393,1.7288236672481017,-0.5776581893550843,-0.5765804684883443,-0.5767344287272242,1
-0.005471374995973408,1.0563461485071606,0.6871298574603482,0.8523517898377382,-0.9115834940401767,-1.5477679860172513,-1.0306701134001208,-1.0096415516174502,1.4128124215220779,-0.5378832032449837,-1.0028039309991141,-0.5787359118286177,1.7427397119690018,1.0959875190286648,-1.0959875190286648,-0.5784279906300535,-0.5776581893550843,1.7343632929879855,-0.5767344287272242,0
-1.0608424975172261,-0.18325053060976135,-0.35020386455104724,-1.2258476714090278,-0.9115834940401767,0.646091668153197,-1.0306701134001208,0.3768794668651847,1.4128124215220779,1.4141910050718254,-1.0028039309991141,-0.5787359118286177,1.7427397119690018,-0.9124191495230389,0.9124191495230393,-0.5784279906300535,1.731127539482183,-0.5765804684883443,-0.5767344287272242,0
1.4327304488320083,1.3424069206110656,-1.3875375865624426,1.3107907299345614,-0.9115834940401767,0.646091668153197,0.9702425509371355,-1.6528914685412426,-1.43244469563043,-1.3744864353807589,0.9972039090469852,-0.5787359118286177,-0.5738091541336192,1.0959875190286648,-1.0959875190286648,-0.5784279906300535,-0.5776581893550843,-0.5765804684883443,1.733900301750437,1
-2.2610684799923764,0.5795781950006521,-0.695981771888179,0.5406464802763283,-0.9115834940401767,0.646091668153197,-1.0306701134001208,-0.9919301587756489,1.4128124215220779,1.5027204476258755,-1.0028039309991141,1.7279038324066063,-0.5738091541336192,1.0959875190286648,-1.0959875190286648,-0.5784279906300535,1.731127539482183,-0.5765804684883443,-0.5767344287272242,1
-0.4400359548576657,-1.518200800427985,1.03290776479748,1.9429670556885639,0.8077365626180215,0.646091668153197,0.9702425509371355,0.2788159359365476,1.4128124215220779,1.0556467627279216,-1.0028039309991141,1.7279038324066063,-0.5738091541336192,-0.9124191495230389,0.9124191495230393,1.7288236672481017,-0.5776581893550843,-0.5765804684883443,-0.5767344287272242,0
-0.05720525355093678,0.1981638321954454,-1.0417596792253108,1.0000138707875457,-0.9115834940401767,0.646091668153197,-1.0306701134001208,0.5189971617884236,-0.721130416342303,1.4584557263488505,-1.0028039309991141,1.7279038324066063,-0.5738091541336192,1.0959875190286648,-1.0959875190286648,-0.5784279906300535,1.731127539482183,-0.5765804684883443,-0.5767344287272242,1
-1.1746570303381456,-0.18325053060976135,0.6871298574603482,1.313037890863306,4.246376675934418,0.646091668153197,0.9702425509371355,0.3060523278387933,-0.009816137054176019,1.2459850642191297,-1.0028039309991141,1.7279038324066063,-0.5738091541336192,1.0959875190286648,-1.0959875190286648,1.7288236672481017,-0.5776581893550843,-0.5765804684883443,-0.5767344287272242,1
1.7327869444507957,0.38887101359804876,1.7244635794717436,0.461830928820438,-0.9115834940401767,0.646091668153197,0.9702425509371355,-0.3677538890137894,0.7014981422339509,-0.8610156685672673,-1.0028039309991141,1.7279038324066063,-0.5738091541336192,-0.9124191495230389,0.9124191495230393,1.7288236672481017,-0.5776581893550843,-0.5765804684883443,-0.5767344287272242,0
-0.10893913210590014,-0.6600184841162697,0.3413519501232164,0.6794446084178385,0.8077365626180215,0.646091668153197,0.9702425509371355,-1.4077879382420904,-0.721130416342303,1.161882093792782,-1.0028039309991141,-0.5787359118286177,1.7427397119690018,1.0959875190286648,-1.0959875190286648,-0.5784279906300535,-0.5776581893550843,1.7343632929879855,-0.5767344287272242,0
-1.1125763760721894,0.1981638321954454,-0.35020386455104724,-1.2258476714090278,-0.9115834940401767,-1.5477679860172513,-1.0306701134001208,1.6486845517241264,1.4128124215220779,-1.219559910911171,-1.0028039309991141,-0.5787359118286177,1.7427397119690018,1.0959875190286648,-1.0959875190286648,-0.5784279906300535,-0.5776581893550843,1.7343632929879855,-0.5767344287272242,0
0.6877625976405357,3.5355395067410043,1.378685672134612,0.9937411809345252,-0.9115834940401767,0.646091668153197,0.9702425509371355,-0.5510591711550956,-0.721130416342303,1.1220438446434593,0.9972039090469852,-0.5787359118286177,-0.5738091541336192,1.0959875190286648,-1.0959875190286648,-0.5784279906300535,1.731127539482183,-0.5765804684883443,-0.5767344287272242,0
-1.2988183388700576,1.1516997392084622,1.7244635794717436,-1.2258476714090278,2.52705661927622,0.646091668153197,-1.0306701134001208,1.2338384643223423,-0.721130416342303,-1.6135159302766948,0.9972039090469852,-0.5787359118286177,-0.5738091541336192,-0.9124191495230389,0.9124191495230393,-0.5784279906300535,-0.5776581893550843,1.7343632929879855,-0.5767344287272242,1
-0.1606730106608635,-0.27860412131106305,1.378685672134612,0.07606402882363689,0.8077365626180215,0.646091668153197,-1.0306701134001208,1.6804876430079512,-0.009816137054176019,1.0290879299617066,-1.0028039309991141,1.7279038324066063,-0.5738091541336192,1.0959875190286648,-1.0959875190286648,-0.5784279906300535,1.731127539482183,-0.5765804684883443,-0.5767344287272242,0
0.7705368033284771,0.0074566507928420294,-0.35020386455104724,1.3489466281919682,0.8077365626180215,0.646091668153197,-1.0306701134001208,-0.7381055229215371,-1.43244469563043,-0.15720660026256741,0.9972039090469852,-0.5787359118286177,-0.5738091541336192,-0.9124191495230389,0.9124191495230393,-0.5784279906300535,1.731127539482183,-0.5765804684883443,-0.5767344287272242,0
1.4016901216990303,-0.4693113027136664,1.378685672134612,-1.2258476714090278,0.8077365626180215,0.646091668153197,-1.0306701134001208,0.2946406221950676,0.7014981422339509,-0.5954273409051164,-1.0028039309991141,-0.5787359118286177,1.7427397119690018,1.0959875190286648,-1.0959875190286648,-0.5784279906300535,-0.5776581893550843,-0.5765804684883443,1.733900301750437,0
0.7498432519064918,0.2935174228967471,-1.0417596792253108,0.3623703776702073,-0.9115834940401767,0.646091668153197,0.9702425509371355,-1.4359438605049253,-0.009816137054176019,-0.4493537606909334,0.9972039090469852,-0.5787359118286177,-0.5738091541336192,-0.9124191495230389,0.9124191495230393,1.7288236672481017,-0.5776581893550843,-0.5765804684883443,-0.5767344287272242,0
0.09799638211395333,-0.5646648934149681,-1.0417596792253108,0.06372940559868187,-0.9115834940401767,-1.5477679860172513,-1.0306701134001208,0.8752251014927354,-0.721130416342303,0.20133764208133628,-1.0028039309991141,-0.5787359118286177,1.7427397119690018,-0.9124191495230389,0.9124191495230393,1.7288236672481017,-0.5776581893550843,-0.5765804684883443,-0.5767344287272242,0
0.9567787661263453,-0.6600184841162697,1.378685672134612,-1.2258476714090278,0.8077365626180215,0.646091668153197,-1.0306701134001208,1.3070014678218413,0.7014981422339509,-1.073486330696988,0.9972039090469852,-0.5787359118286177,-0.5738091541336192,-0.9124191495230389,0.9124191495230393,1.7288236672481017,-0.5776581893550843,-0.5765804684883443,-0.5767344287272242,0
-0.7297456747654606,-0.3739577120123647,1.7244635794717436,0.9583493178655593,0.8077365626180215,0.646091668153197,0.9702425509371355,-1.309231255251685,-0.009816137054176019,0.5111906910205123,-1.0028039309991141,1.7279038324066063,-0.5738091541336192,-0.9124191495230389,0.9124191495230393,-0.5784279906300535,1.731127539482183,-0.5765804684883443,-0.5767344287272242,0
0.10834315782494601,-0.18325053060976135,0.6871298574603482,0.5356607672621796,0.8077365626180215,0.646091668153197,-1.0306701134001208,0.25992087381249773,-0.721130416342303,-1.3080893534652211,-1.0028039309991141,1.7279038324066063,-0.5738091541336192,-0.9124191495230389,0.9124191495230393,-0.5784279906300535,-0.5776581893550843,-0.5765804684883443,1.733900301750437,1
-1.2884715631590649,1.0563461485071606,-0.004425957213915414,0.7652519860998519,-0.9115834940401767,-1.5477679860172513,0.9702425509371355,1.0323263767073665,1.4128124215220779,-0.13064776749635232,-1.0028039309991141,1.7279038324066063,-0.5738091541336192,-0.9124191495230389,0.9124191495230393,-0.5784279906300535,-0.5776581893550843,-0.5765804684883443,1.733900301750437,1
1.5775853087859057,-1.0414328469214764,-0.695981771888179,-1.2258476714090278,0.8077365626180215,0.646091668153197,-1.0306701134001208,1.0357542704286777,1.4128124215220779,-0.16163307239026992,0.9972039090469852,-0.5787359118286177,-0.5738091541336192,-0.9124191495230389,0.9124191495230393,1.7288236672481017,-0.5776581893550843,-0.5765804684883443,-0.5767344287272242,0
-0.8952940861413433,1.3424069206110656,-1.0417596792253108,-0.49705849120131634,-0.9115834940401767,0.646091668153197,0.9702425509371355,-1.0265514854138742,1.4128124215220779,-1.4187511566577842,0.9972039090469852,-0.5787359118286177,-0.5738091541336192,1.0959875190286648,-1.0959875190286648,-0.5784279906300535,-0.5776581893550843,1.7343632929879855,-0.5767344287272242,1
0.7291497004845064,2.868064371831893,-1.0417596792253108,0.5118786212858878,-0.9115834940401767,0.646091668153197,0.9702425509371355,1.3620475669816396,-1.43244469563043,-1.5338394319780495,0.9972039090469852,-0.5787359118286177,-0.5738091541336192,-0.9124191495230389,0.9124191495230393,-0.5784279906300535,-0.5776581893550843,1.7343632929879855,-0.5767344287272242,0
-0.2537939920597976,0.48422460429935044,1.7244635794717436,-1.2258476714090278,0.8077365626180215,-1.5477679860172513,-1.0306701134001208,1.1163324655254918,0.7014981422339509,0.09067583888877341,0.9972039090469852,-0.5787359118286177,-0.5738091541336192,-0.9124191495230389,0.9124191495230393,-0.5784279906300535,1.731127539482183,-0.5765804684883443,-0.5767344287272242,0
0.24285124206785078,-0.27860412131106305,0.3413519501232164,0.3890861256463378,-0.9115834940401767,0.646091668153197,-1.0306701134001208,1.4270565202412095,-0.009816137054176019,-0.927412750482805,-1.0028039309991141,1.7279038324066063,-0.5738091541336192,1.0959875190286648,-1.0959875190286648,-0.5784279906300535,-0.5776581893550843,1.7343632929879855,-0.5767344287272242,0
-0.09859235639490747,-0.3739577120123647,-1.0417596792253108,0.4363487874107825,-0.9115834940401767,-1.5477679860172513,0.9702425509371355,1.6062910373028276,-0.721130416342303,-1.5028541270841318,-1.0028039309991141,1.7279038324066063,-0.5738091541336192,-0.9124191495230389,0.9124191495230393,-0.5784279906300535,-0.5776581893550843,1.7343632929879855,-0.5767344287272242,1
-0.46072950627965104,-0.27860412131106305,-1.7333154938995745,0.28316168123477137,-0.9115834940401767,-1.5477679860172513,0.9702425509371355,0.34861521112756805,-0.009816137054176019,1.462882198476553,-1.0028039309991141,-0.5787359118286177,1.7427397119690018,-0.9124191495230389,0.9124191495230393,1.7288236672481017,-0.5776581893550843,-0.5765804684883443,-0.5767344287272242,0
0.1497302606689167,0.5795781950006521,-0.004425957213915414,1.2655287321650897,0.8077365626180215,0.646091668153197,-1.0306701134001208,-0.8384678797516472,0.7014981422339509,-0.4227949279247183,-1.0028039309991141,1.7279038324066063,-0.5738091541336192,1.0959875190286648,-1.0959875190286648,-0.5784279906300535,-0.5776581893550843,1.7343632929879855,-0.5767344287272242,1
1.3809965702770448,-1.0414328469214764,-1.0417596792253108,0.5364941769212246,0.8077365626180215,0.646091668153197,0.9702425509371355,1.230091482436946,-0.721130416342303,0.8431761005982009,-1.0028039309991141,1.7279038324066063,-0.5738091541336192,-0.9124191495230389,0.9124191495230393,1.7288236672481017,-0.5776581893550843,-0.5765804684883443,-0.5767344287272242,0
-0.6159311419445411,0.48422460429935044,1.7244635794717436,0.5945430829267716,-0.9115834940401767,0.646091668153197,-1.0306701134001208,-1.7059449621030849,1.4128124215220779,0.17035233718741868,-1.0028039309991141,1.7279038324066063,-0.5738091541336192,1.0959875190286648,-1.0959875190286648,-0.5784279906300535,1.731127539482183,-0.5765804684883443,-0.5767344287272242,0
0.8326174575944332,-0.5646648934149681,-0.35020386455104724,-1.2258476714090278,0.8077365626180215,0.646091668153197,0.9702425509371355,-0.4372486828013696,-0.009816137054176019,-0.9893833602706402,0.9972039090469852,-0.5787359118286177,-0.5738091541336192,-0.9124191495230389,0.9124191495230393,-0.5784279906300535,1.731127539482183,-0.5765804684883443,-0.5767344287272242,0
-1.0608424975172261,0.6749317857019538,-1.3875375865624426,-1.2258476714090278,-0.9115834940401767,0.646091668153197,0.9702425509371355,0.0761433064103442,0.7014981422339509,1.042367346344814,0.9972039090469852,-0.5787359118286177,-0.5738091541336192,1.0959875190286648,-1.0959875190286648,-0.5784279906300535,-0.5776581893550843,-0.5765804684883443,1.733900301750437,1
-1.764423245864728,0.2935174228967471,-1.3875375865624426,1.2128405735202614,0.8077365626180215,0.646091668153197,-1.0306701134001208,0.02936411210545661,-0.009816137054176019,-1.254971687932791,0.9972039090469852,-0.5787359118286177,-0.5738091541336192,1.0959875190286648,-1.0959875190286648,1.7288236672481017,-0.5776581893550843,-0.5765804684883443,-0.5767344287272242,0
0.49117385913167494,1.1516997392084622,-1.0417596792253108,0.5534656030011473,-0.9115834940401767,0.646091668153197,-1.0306701134001208,-0.23788083287104303,0.7014981422339509,0.6395583827238852,-1.0028039309991141,1.7279038324066063,-0.5738091541336192,1.0959875190286648,-1.0959875190286648,1.7288236672481017,-0.5776581893550843,-0.5765804684883443,-0.5767344287272242,0
-2.209334601437413,0.38887101359804876,0.3413519501232164,-1.2258476714090278,-0.9115834940401767,0.646091668153197,-1.0306701134001208,0.8388580930674536,-1.43244469563043,0.3783965271894369,0.9972039090469852,-0.5787359118286177,-0.5738091541336192,1.0959875190286648,-1.0959875190286648,1.7288236672481017,-0.5776581893550843,-0.5765804684883443,-0.5767344287272242,1
-0.1710197863718562,-0.3739577120123647,0.3413519501232164,0.6376084051603065,-0.9115834940401767,0.646091668153197,-1.0306701134001208,0.5194911833002303,-1.43244469563043,1.6930587491170839,-1.0028039309991141,1.7279038324066063,-0.5738091541336192,-0.9124191495230389,0.9124191495230393,-0.5784279906300535,-0.5776581893550843,-0.5765804684883443,1.733900301750437,0
-0.4503827305686584,-1.0414328469214764,-1.3875375865624426,0.9528149969162354,0.8077365626180215,0.646091668153197,0.9702425509371355,0.1820611012056777,-0.721130416342303,-0.15720660026256741,-1.0028039309991141,-0.5787359118286177,1.7427397119690018,-0.9124191495230389,0.9124191495230393,-0.5784279906300535,-0.5776581893550843,-0.5765804684883443,1.733900301750437,0
0.2842383449118215,2.0098820555201775,-1.0417596792253108,-1.2258476714090278,0.8077365626180215,0.646091668153197,0.9702425509371355,-0.9784561176408892,0.7014981422339509,-0.9406921668659125,0.9972039090469852,-0.5787359118286177,-0.5738091541336192,1.0959875190286648,-1.0959875190286648,-0.5784279906300535,-0.5776581893550843,-0.5765804684883443,1.733900301750437,0
0.7808835790394698,-1.23214002832408,-1.3875375865624426,0.06882474403721266,-0.9115834940401767,0.646091668153197,0.9702425509371355,-1.4061509377098314,-0.721130416342303,-0.6618244228206541,-1.0028039309991141,-0.5787359118286177,1.7427397119690018,1.0959875190286648,-1.0959875190286648,-0.5784279906300535,-0.5776581893550843,-0.5765804684883443,1.733900301750437,0
-1.8989313301076327,1.1516997392084622,1.7244635794717436,0.6094920481437157,0.8077365626180215,0.646091668153197,-1.0306701134001208,1.351028678865253,-0.721130416342303,0.32970533378470923,-1.0028039309991141,1.7279038324066063,-0.5738091541336192,-0.9124191495230389,0.9124191495230393,-0.5784279906300535,-0.5776581893550843,-0.5765804684883443,1.733900301750437,1
0.01522217642601194,0.10281024149414371,1.03290776479748,0.12669286425518217,0.8077365626180215,-1.5477679860172513,0.9702425509371355,0.13539006648556443,0.7014981422339509,-1.3302217141037338,0.9972039090469852,-0.5787359118286177,-0.5738091541336192,1.0959875190286648,-1.0959875190286648,-0.5784279906300535,-0.5776581893550843,-0.5765804684883443,1.733900301750437,0
-1.7437296944427425,-0.3739577120123647,-0.004425957213915414,1.1431681671084484,0.8077365626180215,-1.5477679860172513,-1.0306701134001208,0.15544862665097245,-0.721130416342303,1.4982939754981732,0.9972039090469852,-0.5787359118286177,-0.5738091541336192,1.0959875190286648,-1.0959875190286648,-0.5784279906300535,-0.5776581893550843,-0.5765804684883443,1.733900301750437,0
0.7912303547504624,-1.0414328469214764,-0.004425957213915414,-1.2258476714090278,0.8077365626180215,-1.5477679860172513,0.9702425509371355,-1.3987218349119022,-0.009816137054176019,-1.1310304683571206,0.9972039090469852,-0.5787359118286177,-0.5738091541336192,-0.9124191495230389,0.9124191495230393,-0.5784279906300535,1.731127539482183,-0.5765804684883443,-0.5767344287272242,0
0.12903670924693136,-1.4228472097266833,0.6871298574603482,-1.2258476714090278,0.8077365626180215,0.646091668153197,0.9702425509371355,1.1515097185182566,0.7014981422339509,1.4894410312427682,0.9972039090469852,-0.5787359118286177,-0.5738091541336192,-0.9124191495230389,0.9124191495230393,-0.5784279906300535,-0.5776581893550843,1.7343632929879855,-0.5767344287272242,0
0.07730283069196799,-0.7553720748175714,-1.0417596792253108,0.009564348875372905,0.8077365626180215,-1.5477679860172513,-1.0306701134001208,-1.5060258808484264,0.7014981422339509,0.05969053399485581,-1.0028039309991141,1.7279038324066063,-0.5738091541336192,-0.9124191495230389,0.9124191495230393,-0.5784279906300535,-0.5776581893550843,1.7343632929879855,-0.5767344287272242,0
-1.2884715631590649,0.38887101359804876,-0.695981771888179,-1.2258476714090278,0.8077365626180215,0.646091668153197,-1.0306701134001208,-1.1891476848710576,1.4128124215220779,1.6930587491170839,-1.0028039309991141,-0.5787359118286177,1.7427397119690018,1.0959875190286648,-1.0959875190286648,-0.5784279906300535,-0.5776581893550843,1.7343632929879855,-0.5767344287272242,0
0.3463189991777775,0.10281024149414371,-1.0417596792253108,-0.09928584425270628,-0.9115834940401767,0.646091668153197,0.9702425509371355,0.2674184892734511,1.4128124215220779,-0.6706773670760591,-1.0028039309991141,-0.5787359118286177,1.7427397119690018,-0.9124191495230389,0.9124191495230393,1.7288236672481017,-0.5776581893550843,-0.5765804684883443,-0.5767344287272242,1
1.6707062901848397,0.48422460429935044,1.03290776479748,-1.2258476714090278,2.52705661927622,0.646091668153197,-1.0306701134001208,-0.576678559875965,-0.721130416342303,0.9095731825137386,-1.0028039309991141,-0.5787359118286177,1.7427397119690018,1.0959875190286648,-1.0959875190286648,-0.5784279906300535,-0.5776581893550843,1.7343632929879855,-0.5767344287272242,1
-0.13997945923887817,0.1981638321954454,1.378685672134612,-1.2258476714090278,0.8077365626180215,0.646091668153197,-1.0306701134001208,0.7892366665871063,1.4128124215220779,0.07739642250566588,0.9972039090469852,-0.5787359118286177,-0.5738091541336192,1.0959875190286648,-1.0959875190286648,-0.5784279906300535,1.731127539482183,-0.5765804684883443,-0.5767344287272242,0
-0.5124633848346144,0.10281024149414371,-0.695981771888179,0.2495336014923037,-0.9115834940401767,-1.5477679860172513,0.9702425509371355,1.1226648440450102,1.4128124215220779,-0.28114781983823783,0.9972039090469852,-0.5787359118286177,-0.5738091541336192,1.0959875190286648,-1.0959875190286648,-0.5784279906300535,1.731127539482183,-0.5765804684883443,-0.5767344287272242,1
0.7394964761954991,0.10281024149414371,0.3413519501232164,-1.2258476714090278,0.8077365626180215,0.646091668153197,0.9702425509371355,0.20523976977881078,-0.721130416342303,1.060073234855624,0.9972039090469852,-0.5787359118286177,-0.5738091541336192,-0.9124191495230389,0.9124191495230393,-0.5784279906300535,1.731127539482183,-0.5765804684883443,-0.5767344287272242,0
1.474117551675979,-0.3739577120123647,-1.0417596792253108,-1.2258476714090278,0.8077365626180215,0.646091668153197,0.9702425509371355,-0.35449425425849385,0.7014981422339509,-1.1487363568679307,0.9972039090469852,-0.5787359118286177,-0.5738091541336192,-0.9124191495230389,0.9124191495230393,1.7288236672481017,-0.5776581893550843,-0.5765804684883443,-0.5767344287272242,0
-0.8952940861413433,0.1981638321954454,1.378685672134612,0.4333227089930076,0.8077365626180215,0.646091668153197,0.9702425509371355,-1.143362098070029,-1.43244469563043,-0.033265380686896995,-1.0028039309991141,1.7279038324066063,-0.5738091541336192,-0.9124191495230389,0.9124191495230393,-0.5784279906300535,1.731127539482183,-0.5765804684883443,-0.5767344287272242,0
-1.2884715631590649,-0.8507256655188732,1.03290776479748,-1.2258476714090278,-0.9115834940401767,0.646091668153197,-1.0306701134001208,-1.110100591291828,-0.009816137054176019,-1.4984276549564295,-1.0028039309991141,-0.5787359118286177,1.7427397119690018,-0.9124191495230389,0.9124191495230393,1.7288236672481017,-0.5776581893550843,-0.5765804684883443,-0.5767344287272242,0
-1.3091651145810503,-0.9460792562201749,-0.695981771888179,1.3230307932174328,-0.9115834940401767,0.646091668153197,-1.0306701134001208,-1.6934266204505108,0.7014981422339509,-0.11736835111324478,-1.0028039309991141,-0.5787359118286177,1.7427397119690018,-0.9124191495230389,0.9124191495230393,-0.5784279906300535,1.731127539482183,-0.5765804684883443,-0.5767344287272242,1
-1.4229796474019698,0.1981638321954454,1.378685672134612,0.49121727394054293,0.8077365626180215,0.646091668153197,0.9702425509371355,1.0512753447337955,-1.43244469563043,-0.13507423962405485,-1.0028039309991141,-0.5787359118286177,1.7427397119690018,1.0959875190286648,-1.0959875190286648,1.7288236672481017,-0.5776581893550843,-0.5765804684883443,-0.5767344287272242,0
1.4120368974100228,4.3937218230527195,1.7244635794717436,-1.2258476714090278,0.8077365626180215,0.646091668153197,0.9702425509371355,0.2860094177740763,-0.721130416342303,-0.28557429196594036,0.9972039090469852,-0.5787359118286177,-0.5738091541336192,1.0959875190286648,-1.0959875190286648,-0.5784279906300535,1.731127539482183,-0.5765804684883443,-0.5767344287272242,0
-0.42968917914667304,0.8656389671045572,-1.3875375865624426,0.5053889243793394,2.52705661927622,0.646091668153197,0.9702425509371355,1.4682300223686555,1.4128124215220779,-0.21032426579499758,0.9972039090469852,-0.5787359118286177,-0.5738091541336192,-0.9124191495230389,0.9124191495230393,-0.5784279906300535,-0.5776581893550843,1.7343632929879855,-0.5767344287272242,1
-1.9403184329516034,0.1981638321954454,1.03290776479748,0.7479149816675671,0.8077365626180215,0.646091668153197,-1.0306701134001208,-0.5210146295188951,1.4128124215220779,-0.3696772623922881,-1.0028039309991141,1.7279038324066063,-0.5738091541336192,1.0959875190286648,-1.0959875190286648,-0.5784279906300535,-0.5776581893550843,-0.5765804684883443,1.733900301750437,0
0.8946981118603892,-1.6135543911292867,1.7244635794717436,0.5618682956173807,0.8077365626180215,-1.5477679860172513,-1.0306701134001208,0.10846580714709676,-0.721130416342303,-1.5426923762334546,-1.0028039309991141,1.7279038324066063,-0.5738091541336192,1.0959875190286648,-1.0959875190286648,-0.5784279906300535,-0.5776581893550843,1.7343632929879855,-0.5767344287272242,0
2.063883767202561,-0.18325053060976135,0.3413519501232164,-1.2258476714090278,0.8077365626180215,0.646091668153197,-1.0306701134001208,0.15999585035169214,-1.43244469563043,0.5908671893191576,0.9972039090469852,-0.5787359118286177,-0.5738091541336192,-0.9124191495230389,0.9124191495230393,1.7288236672481017,-0.5776581893550843,-0.5765804684883443,-0.5767344287272242,0
-1.567834507355867,-1.0414328469214764,-0.35020386455104724,1.046677920037272,-0.9115834940401767,0.646091668153197,0.9702425509371355,-1.3578780282390095,-0.721130416342303,0.3916759435725444,0.9972039090469852,-0.5787359118286177,-0.5738091541336192,1.0959875190286648,-1.0959875190286648,-0.5784279906300535,-0.5776581893550843,1.7343632929879855,-0.5767344287272242,0
-0.9573747404072994,-0.3739577120123647,-1.3875375865624426,-1.2258476714090278,0.8077365626180215,-1.5477679860172513,-1.0306701134001208,0.20166598234105987,0.7014981422339509,1.188440926558997,0.9972039090469852,-0.5787359118286177,-0.5738091541336192,-0.9124191495230389,0.9124191495230393,1.7288236672481017,-0.5776581893550843,-0.5765804684883443,-0.5767344287272242,0
-0.036511702128951426,1.1516997392084622,-0.35020386455104724,0.8762159946112285,-0.9115834940401767,0.646091668153197,-1.0306701134001208,-1.2208227931092335,-0.009816137054176019,-0.334265485370668,-1.0028039309991141,1.7279038324066063,-0.5738091541336192,-0.9124191495230389,0.9124191495230393,-0.5784279906300535,1.731127539482183,-0.5765804684883443,-0.5767344287272242,0
0.4083996534437335,-0.3739577120123647,1.378685672134612,0.5041878528437848,0.8077365626180215,-1.5477679860172513,-1.0306701134001208,-0.8974771060763823,1.4128124215220779,-0.6087067572882239,0.9972039090469852,-0.5787359118286177,-0.5738091541336192,1.0959875190286648,-1.0959875190286648,-0.5784279906300535,1.731127539482183,-0.5765804684883443,-0.5767344287272242,0
0.4187464291547262,0.48422460429935044,0.3413519501232164,0.9228443034082692,0.8077365626180215,0.646091668153197,0.9702425509371355,1.6951175310237316,0.7014981422339509,-1.2018540224003609,0.9972039090469852,-0.5787359118286177,-0.5738091541336192,1.0959875190286648,-1.0959875190286648,-0.5784279906300535,-0.5776581893550843,1.7343632929879855,-0.5767344287272242,0
-0.9573747404072994,-0.08789693990845966,1.03290776479748,0.5852303710712963,-0.9115834940401767,0.646091668153197,0.9702425509371355,0.917828848933314,-0.721130416342303,0.7856319629380683,0.9972039090469852,-0.5787359118286177,-0.5738091541336192,-0.9124191495230389,0.9124191495230393,-0.5784279906300535,1.731127539482183,-0.5765804684883443,-0.5767344287272242,0
-0.19171333779384153,-0.18325053060976135,-1.3875375865624426,0.9892122405219683,-0.9115834940401767,0.646091668153197,-1.0306701134001208,-0.6835986566755412,-0.009816137054176019,-1.347927602614544,-1.0028039309991141,-0.5787359118286177,1.7427397119690018,-0.9124191495230389,0.9124191495230393,1.7288236672481017,-0.5776581893550843,-0.5765804684883443,-0.5767344287272242,1
-0.29518109490376826,0.2935174228967471,1.378685672134612,0.6295507761971354,-0.9115834940401767,-1.5477679860172513,-1.0306701134001208,-0.48575112708232326,-0.009816137054176019,-0.5467361475003887,-1.0028039309991141,1.7279038324066063,-0.5738091541336192,-0.9124191495230389,0.9124191495230393,-0.5784279906300535,-0.5776581893550843,1.7343632929879855,-0.5767344287272242,1
-0.5538504876785851,0.10281024149414371,1.03290776479748,0.40880716251675603,-0.9115834940401767,-1.5477679860172513,0.9702425509371355,-0.09244201269120604,1.4128124215220779,0.32970533378470923,-1.0028039309991141,-0.5787359118286177,1.7427397119690018,1.0959875190286648,-1.0959875190286648,-0.5784279906300535,-0.5776581893550843,-0.5765804684883443,1.733900301750437,0
-0.6262779176555339,0.1981638321954454,-1.3875375865624426,0.20194831402715552,-0.9115834940401767,0.646091668153197,-1.0306701134001208,-1.3144392609815723,-0.009816137054176019,-0.4139419836693133,0.9972039090469852,-0.5787359118286177,-0.5738091541336192,-0.9124191495230389,0.9124191495230393,-0.5784279906300535,1.731127539482183,-0.5765804684883443,-0.5767344287272242,0
-0.29518109490376826,-0.7553720748175714,0.6871298574603482,-1.2258476714090278,-0.9115834940401767,0.646091668153197,-1.0306701134001208,-1.124746129408299,-0.721130416342303,1.644367555712356,0.9972039090469852,-0.5787359118286177,-0.5738091541336192,-0.9124191495230389,0.9124191495230393,-0.5784279906300535,-0.5776581893550843,1.7343632929879855,-0.5767344287272242,0
-1.0918828246502041,-0.18325053060976135,1.03290776479748,0.6133284571838237,-0.9115834940401767,0.646091668153197,-1.0306701134001208,0.6253119474712807,1.4128124215220779,1.555838113158306,-1.0028039309991141,1.7279038324066063,-0.5738091541336192,1.0959875190286648,-1.0959875190286648,-0.5784279906300535,1.731127539482183,-0.5765804684883443,-0.5767344287272242,1
0.17042381209090204,0.38887101359804876,1.03290776479748,1.8229485320449277,-0.9115834940401767,0.646091668153197,-1.0306701134001208,-0.044901875712729654,-0.009816137054176019,0.3252788616570067,0.9972039090469852,-0.5787359118286177,-0.5738091541336192,-0.9124191495230389,0.9124191495230393,1.7288236672481017,-0.5776581893550843,-0.5765804684883443,-0.5767344287272242,1
-0.750439226187446,-0.4693113027136664,-0.35020386455104724,1.5806771455159732,-0.9115834940401767,0.646091668153197,0.9702425509371355,-0.43875822195800235,-0.721130416342303,-1.3080893534652211,0.9972039090469852,-0.5787359118286177,-0.5738091541336192,-0.9124191495230389,0.9124191495230393,-0.5784279906300535,-0.5776581893550843,-0.5765804684883443,1.733900301750437,0
0.7601900276174844,-0.6600184841162697,0.3413519501232164,-1.2258476714090278,0.8077365626180215,0.646091668153197,0.9702425509371355,0.8683467083491152,0.7014981422339509,-0.5600155638834963,0.9972039090469852,-0.5787359118286177,-0.5738091541336192,1.0959875190286648,-1.0959875190286648,-0.5784279906300535,-0.5776581893550843,1.7343632929879855,-0.5767344287272242,0
0.44978675628770426,-0.8507256655188732,1.7244635794717436,1.093019023044119,-0.9115834940401767,0.646091668153197,0.9702425509371355,-1.1874035680940702,1.4128124215220779,-0.8610156685672673,0.9972039090469852,-0.5787359118286177,-0.5738091541336192,-0.9124191495230389,0.9124191495230393,1.7288236672481017,-0.5776581893550843,-0.5765804684883443,-0.5767344287272242,0
-2.085173292905501,1.247053329909764,0.3413519501232164,-1.2258476714090278,0.8077365626180215,-1.5477679860172513,0.9702425509371355,0.40919379477157647,-0.009816137054176019,1.7196175818832988,0.9972039090469852,-0.5787359118286177,-0.5738091541336192,-0.9124191495230389,0.9124191495230393,-0.5784279906300535,-0.5776581893550843,1.7343632929879855,-0.5767344287272242,0
1.3913433459880375,-0.6600184841162697,-0.695981771888179,0.7694156687022232,0.8077365626180215,-1.5477679860172513,0.9702425509371355,-0.8260896934452597,-1.43244469563043,1.0290879299617066,-1.0028039309991141,1.7279038324066063,-0.5738091541336192,1.0959875190286648,-1.0959875190286648,1.7288236672481017,-0.5776581893550843,-0.5765804684883443,-0.5767344287272242,1
-1.2677780117370796,-0.27860412131106305,-1.3875375865624426,1.2895815760094829,-0.9115834940401767,0.646091668153197,0.9702425509371355,0.8663554938712205,-0.721130416342303,0.4624994976157847,0.9972039090469852,-0.5787359118286177,-0.5738091541336192,1.0959875190286648,-1.0959875190286648,-0.5784279906300535,1.731127539482183,-0.5765804684883443,-0.5767344287272242,1
0.32562544775579216,0.1981638321954454,0.3413519501232164,-1.2258476714090278,0.8077365626180215,-1.5477679860172513,0.9702425509371355,0.5924058718687686,-1.43244469563043,0.9715437923015738,0.9972039090469852,-0.5787359118286177,-0.5738091541336192,-0.9124191495230389,0.9124191495230393,1.7288236672481017,-0.5776581893550843,-0.5765804684883443,-0.5767344287272242,1
-1.3608989931360136,-0.08789693990845966,0.6871298574603482,0.782806798941106,-0.9115834940401767,0.646091668153197,-1.0306701134001208,1.5325870619894497,0.7014981422339509,-0.2722948755828328,0.9972039090469852,-0.5787359118286177,-0.5738091541336192,1.0959875190286648,-1.0959875190286648,-0.5784279906300535,-0.5776581893550843,1.7343632929879855,-0.5767344287272242,0
0.2635447934898361,-1.1367864376227783,-0.35020386455104724,-1.2258476714090278,-0.9115834940401767,-1.5477679860172513,0.9702425509371355,0.13677197037656327,-1.43244469563043,-0.5157508426064711,-1.0028039309991141,-0.5787359118286177,1.7427397119690018,-0.9124191495230389,0.9124191495230393,-0.5784279906300535,-0.5776581893550843,1.7343632929879855,-0.5767344287272242,0
-0.367608524880717,-0.6600184841162697,-0.35020386455104724,-1.2258476714090278,0.8077365626180215,0.646091668153197,0.9702425509371355,-1.632211773268417,0.7014981422339509,-1.383339379636164,0.9972039090469852,-0.5787359118286177,-0.5738091541336192,-0.9124191495230389,0.9124191495230393,-0.5784279906300535,1.731127539482183,-0.5765804684883443,-0.5767344287272242,0
-1.4022860959799843,0.1981638321954454,1.03290776479748,-1.2258476714090278,0.8077365626180215,0.646091668153197,0.9702425509371355,1.4774373243850767,1.4128124215220779,-0.26344193132742777,0.9972039090469852,-0.5787359118286177,-0.5738091541336192,-0.9124191495230389,0.9124191495230393,1.7288236672481017,-0.5776581893550843,-0.5765804684883443,-0.5767344287272242,0
-0.6159311419445411,0.0074566507928420294,1.03290776479748,-1.2258476714090278,0.8077365626180215,-1.5477679860172513,-1.0306701134001208,-1.0033105642179931,-1.43244469563043,-1.347927602614544,-1.0028039309991141,-0.5787359118286177,1.7427397119690018,-0.9124191495230389,0.9124191495230393,-0.5784279906300535,1.731127539482183,-0.5765804684883443,-0.5767344287272242,0
0.6049883919525944,0.38887101359804876,1.03290776479748,-1.2258476714090278,0.8077365626180215,-1.5477679860172513,-1.0306701134001208,1.181502267042162,0.7014981422339509,1.1353232610265669,0.9972039090469852,-0.5787359118286177,-0.5738091541336192,1.0959875190286648,-1.0959875190286648,-0.5784279906300535,1.731127539482183,-0.5765804684883443,-0.5767344287272242,1
-0.8952940861413433,0.2935174228967471,0.6871298574603482,0.374049652415194,-0.9115834940401767,0.646091668153197,0.9702425509371355,-1.1019208053307628,-1.43244469563043,-0.19261837728418754,0.9972039090469852,-0.5787359118286177,-0.5738091541336192,-0.9124191495230389,0.9124191495230393,-0.5784279906300535,1.731127539482183,-0.5765804684883443,-0.5767344287272242,0
0.004875400715019266,0.2935174228967471,-1.0417596792253108,1.0683667653295665,0.8077365626180215,0.646091668153197,-1.0306701134001208,-0.9820991133016953,0.7014981422339509,-1.4098982124023791,-1.0028039309991141,-0.5787359118286177,1.7427397119690018,-0.9124191495230389,0.9124191495230393,-0.5784279906300535,-0.5776581893550843,-0.5765804684883443,1.733900301750437,0
-0.4400359548576657,-0.5646648934149681,-1.3875375865624426,0.4213010952034593,0.8077365626180215,0.646091668153197,-1.0306701134001208,-0.5109698732255078,0.7014981422339509,-1.3523540747422464,-1.0028039309991141,1.7279038324066063,-0.5738091541336192,-0.9124191495230389,0.9124191495230393,1.7288236672481017,-0.5776581893550843,-0.5765804684883443,-0.5767344287272242,0
0.615335167663587,-0.4693113027136664,1.03290776479748,1.1434927160622113,0.8077365626180215,-1.5477679860172513,0.9702425509371355,-1.7133149422984042,1.4128124215220779,1.3699262837948,-1.0028039309991141,1.7279038324066063,-0.5738091541336192,-0.9124191495230389,0.9124191495230393,-0.5784279906300535,1.731127539482183,-0.5765804684883443,-0.5767344287272242,0
0.5636012891086236,0.8656389671045572,1.378685672134612,0.603953880688273,-0.9115834940401767,-1.5477679860172513,-1.0306701134001208,1.2725785496823743,0.7014981422339509,1.1486026774096745,-1.0028039309991141,1.7279038324066063,-0.5738091541336192,-0.9124191495230389,0.9124191495230393,1.7288236672481017,-0.5776581893550843,-0.5765804684883443,-0.5767344287272242,1
-2.5093910970562003,4.298368232351418,1.03290776479748,0.18250871318775322,-0.9115834940401767,-1.5477679860172513,-1.0306701134001208,1.537088204838135,-0.721130416342303,0.006572868462425636,0.9972039090469852,-0.5787359118286177,-0.5738091541336192,1.0959875190286648,-1.0959875190286648,1.7288236672481017,-0.5776581893550843,-0.5765804684883443,-0.5767344287272242,1
-0.3158746463257536,0.1981638321954454,-1.7333154938995745,0.34360872353422056,-0.9115834940401767,0.646091668153197,-1.0306701134001208,-0.26239862839328665,-0.009816137054176019,1.015808513578599,0.9972039090469852,-0.5787359118286177,-0.5738091541336192,-0.9124191495230389,0.9124191495230393,-0.5784279906300535,1.731127539482183,-0.5765804684883443,-0.5767344287272242,0
-0.812519880453402,-1.23214002832408,-0.004425957213915414,-1.2258476714090278,0.8077365626180215,0.646091668153197,-1.0306701134001208,0.33545417200662464,-0.721130416342303,-0.46263317707404095,-1.0028039309991141,-0.5787359118286177,1.7427397119690018,1.0959875190286648,-1.0959875190286648,-0.5784279906300535,-0.5776581893550843,-0.5765804684883443,1.733900301750437,0
0.5325609619756456,-0.08789693990845966,-1.0417596792253108,-1.2258476714090278,-0.9115834940401767,0.646091668153197,0.9702425509371355,1.074612253213914,-0.721130416342303,-1.073486330696988,-1.0028039309991141,-0.5787359118286177,1.7427397119690018,1.0959875190286648,-1.0959875190286648,-0.5784279906300535,1.731127539482183,-0.5765804684883443,-0.5767344287272242,0
2.063883767202561,3.058771553234496,1.7244635794717436,-0.1102304363290272,-0.9115834940401767,0.646091668153197,-1.0306701134001208,-0.03820085037693867,-0.721130416342303,0.7944849071934733,-1.0028039309991141,-0.5787359118286177,1.7427397119690018,-0.9124191495230389,0.9124191495230393,-0.5784279906300535,-0.5776581893550843,-0.5765804684883443,1.733900301750437,1
-0.2434472163488049,-1.7089079818305883,0.6871298574603482,0.3607242333225052,-0.9115834940401767,0.646091668153197,0.9702425509371355,1.2009956846826242,0.7014981422339509,-0.6662508949483567,0.9972039090469852,-0.5787359118286177,-0.5738091541336192,1.0959875190286648,-1.0959875190286648,1.7288236672481017,-0.5776581893550843,-0.5765804684883443,-0.5767344287272242,0
0.5636012891086236,-0.18325053060976135,1.7244635794717436,-1.2258476714090278,0.8077365626180215,0.646091668153197,0.9702425509371355,-1.498144316250525,-0.009816137054176019,1.4363233657103378,0.9972039090469852,-0.5787359118286177,-0.5738091541336192,1.0959875190286648,-1.0959875190286648,-0.5784279906300535,1.731127539482183,-0.5765804684883443,-0.5767344287272242,1
0.4187464291547262,-0.9460792562201749,1.378685672134612,-1.2258476714090278,0.8077365626180215,-1.5477679860172513,-1.0306701134001208,1.7310000818876285,0.7014981422339509,0.5377495237867274,0.9972039090469852,-0.5787359118286177,-0.5738091541336192,1.0959875190286648,-1.0959875190286648,-0.5784279906300535,1.731127539482183,-0.5765804684883443,-0.5767344287272242,0
1.0085126446813086,2.0098820555201775,-0.695981771888179,-1.2258476714090278,0.8077365626180215,0.646091668153197,0.9702425509371355,-0.38074729816733344,-1.43244469563043,-0.4493537606909334,-1.0028039309991141,-0.5787359118286177,1.7427397119690018,-0.9124191495230389,0.9124191495230393,1.7288236672481017,-0.5776581893550843,-0.5765804684883443,-0.5767344287272242,0
-0.398648852013695,2.200589236922781,1.03290776479748,1.0298930495041048,-0.9115834940401767,0.646091668153197,-1.0306701134001208,1.623222359570196,1.4128124215220779,-0.6706773670760591,-1.0028039309991141,1.7279038324066063,-0.5738091541336192,1.0959875190286648,-1.0959875190286648,-0.5784279906300535,1.731127539482183,-0.5765804684883443,-0.5767344287272242,1
-0.41934240343568036,0.6749317857019538,-0.004425957213915414,0.6475064270301727,-0.9115834940401767,-1.5477679860172513,-1.0306701134001208,0.13708097292020308,-1.43244469563043,-0.6839567834591667,-1.0028039309991141,-0.5787359118286177,1.7427397119690018,1.0959875190286648,-1.0959875190286648,-0.5784279906300535,1.731127539482183,-0.5765804684883443,-0.5767344287272242,0
-0.23310044063781224,-0.7553720748175714,0.3413519501232164,1.5860084029964494,-0.9115834940401767,0.646091668153197,-1.0306701134001208,0.22739474787675706,-0.721130416342303,-0.21032426579499758,0.9972039090469852,-0.5787359118286177,-0.5738091541336192,1.0959875190286648,-1.0959875190286648,-0.5784279906300535,1.731127539482183,-0.5765804684883443,-0.5767344287272242,1
0.33597222346678485,-0.08789693990845966,-0.004425957213915414,0.8194768239390882,-0.9115834940401767,0.646091668153197,-1.0306701134001208,0.4130901481735661,0.7014981422339509,0.8830143497475236,0.9972039090469852,-0.5787359118286177,-0.5738091541336192,1.0959875190286648,-1.0959875190286648,-0.5784279906300535,-0.5776581893550843,1.7343632929879855,-0.5767344287272242,0
-1.1953505817601309,-0.08789693990845966,-1.0417596792253108,0.6857423005606299,-0.9115834940401767,-1.5477679860172513,-1.0306701134001208,1.6659766957574214,1.4128124215220779,-1.1531628289956333,0.9972039090469852,-0.5787359118286177,-0.5738091541336192,-0.9124191495230389,0.9124191495230393,-0.5784279906300535,-0.5776581893550843,-0.5765804684883443,1.733900301750437,1
-1.412632871690977,0.5795781950006521,-0.695981771888179,0.5216237445375367,-0.9115834940401767,-1.5477679860172513,0.9702425509371355,0.9619068358589666,-0.721130416342303,0.697102520384018,-1.0028039309991141,1.7279038324066063,-0.5738091541336192,1.0959875190286648,-1.0959875190286648,1.7288236672481017,-0.5776581893550843,-0.5765804684883443,-0.5767344287272242,1
-1.9713587600845814,0.6749317857019538,-0.35020386455104724,0.8185698498505236,0.8077365626180215,0.646091668153197,0.9702425509371355,0.4671078618279701,1.4128124215220779,-1.4143246845300816,-1.0028039309991141,1.7279038324066063,-0.5738091541336192,-0.9124191495230389,0.9124191495230393,-0.5784279906300535,-0.5776581893550843,-0.5765804684883443,1.733900301750437,0
-0.5745440391005705,-0.3739577120123647,1.03290776479748,-1.2258476714090278,-0.9115834940401767,0.646091668153197,-1.0306701134001208,-0.0012946090378546688,-1.43244469563043,0.17035233718741868,-1.0028039309991141,-0.5787359118286177,1.7427397119690018,-0.9124191495230389,0.9124191495230393,-0.5784279906300535,-0.5776581893550843,-0.5765804684883443,1.733900301750437,1
1.1016336260802426,-0.5646648934149681,-0.004425957213915414,0.012298092828129055,-0.9115834940401767,-1.5477679860172513,0.9702425509371355,1.637163817045588,-0.009816137054176019,-0.10851540685783975,-1.0028039309991141,-0.5787359118286177,1.7427397119690018,-0.9124191495230389,0.9124191495230393,-0.5784279906300535,-0.5776581893550843,-0.5765804684883443,1.733900301750437,0
0.24285124206785078,-1.7089079818305883,1.378685672134612,0.6998157048223118,0.8077365626180215,0.646091668153197,0.9702425509371355,-1.1498687143772388,-0.009816137054176019,-0.4050890394139082,0.9972039090469852,-0.5787359118286177,-0.5738091541336192,1.0959875190286648,-1.0959875190286648,1.7288236672481017,-0.5776581893550843,-0.5765804684883443,-0.5767344287272242,0
0.3773593263107555,-0.3739577120123647,-1.3875375865624426,0.5491890895526282,0.8077365626180215,0.646091668153197,0.9702425509371355,-0.907167126754111,1.4128124215220779,-0.34311842962607303,0.9972039090469852,-0.5787359118286177,-0.5738091541336192,1.0959875190286648,-1.0959875190286648,-0.5784279906300535,1.731127539482183,-0.5765804684883443,-0.5767344287272242,0
-1.0918828246502041,1.533114102013669,-0.004425957213915414,-1.2258476714090278,-0.9115834940401767,-1.5477679860172513,-1.0306701134001208,-1.5659746348846333,1.4128124215220779,-0.3652507902645856,0.9972039090469852,-0.5787359118286177,-0.5738091541336192,1.0959875190286648,-1.0959875190286648,1.7288236672481017,-0.5776581893550843,-0.5765804684883443,-0.5767344287272242,1
0.12903670924693136,-0.18325053060976135,0.6871298574603482,1.076059136482552,0.8077365626180215,-1.5477679860172513,0.9702425509371355,1.3284641897992304,-0.009816137054176019,-1.1708687175064434,-1.0028039309991141,1.7279038324066063,-0.5738091541336192,-0.9124191495230389,0.9124191495230393,-0.5784279906300535,-0.5776581893550843,-0.5765804684883443,1.733900301750437,0
0.9464319904153525,0.38887101359804876,0.3413519501232164,0.3298667598830974,-0.9115834940401767,-1.5477679860172513,0.9702425509371355,-0.6811308096866077,1.4128124215220779,-1.0247951372922603,-1.0028039309991141,1.7279038324066063,-0.5738091541336192,1.0959875190286648,-1.0959875190286648,-0.5784279906300535,1.731127539482183,-0.5765804684883443,-0.5767344287272242,1
0.615335167663587,-0.8507256655188732,0.3413519501232164,-1.2258476714090278,0.8077365626180215,0.646091668153197,0.9702425509371355,-1.58412179608567,-0.721130416342303,1.006955569323194,0.9972039090469852,-0.5787359118286177,-0.5738091541336192,-0.9124191495230389,0.9124191495230393,-0.5784279906300535,-0.5776581893550843,1.7343632929879855,-0.5767344287272242,0
0.49117385913167494,0.10281024149414371,1.03290776479748,1.190673319029458,-0.9115834940401767,0.646091668153197,-1.0306701134001208,0.2546163591283503,-0.009816137054176019,1.6576469720954636,-1.0028039309991141,1.7279038324066063,-0.5738091541336192,1.0959875190286648,-1.0959875190286648,-0.5784279906300535,1.731127539482183,-0.5765804684883443,-0.5767344287272242,0
0.9360852147043599,0.0074566507928420294,0.6871298574603482,1.0762474550112786,0.8077365626180215,-1.5477679860172513,0.9702425509371355,1.2891756553549896,0.7014981422339509,-0.7503538653747044,-1.0028039309991141,-0.5787359118286177,1.7427397119690018,-0.9124191495230389,0.9124191495230393,-0.5784279906300535,-0.5776581893550843,1.7343632929879855,-0.5767344287272242,0
-0.13997945923887817,-0.8507256655188732,-1.3875375865624426,0.7324331150820992,-0.9115834940401767,0.646091668153197,-1.0306701134001208,0.04305899354996467,-0.721130416342303,0.7767790186826632,-1.0028039309991141,1.7279038324066063,-0.5738091541336192,-0.9124191495230389,0.9124191495230393,-0.5784279906300535,1.731127539482183,-0.5765804684883443,-0.5767344287272242,1
1.0602465232362719,-0.08789693990845966,-1.3875375865624426,0.6543713185543798,-0.9115834940401767,0.646091668153197,-1.0306701134001208,0.3813597429129494,1.4128124215220779,0.17035233718741868,-1.0028039309991141,1.7279038324066063,-0.5738091541336192,1.0959875190286648,-1.0959875190286648,1.7288236672481017,-0.5776581893550843,-0.5765804684883443,-0.5767344287272242,1
-0.5435037119675924,0.6749317857019538,0.6871298574603482,0.8860290728043073,-0.9115834940401767,-1.5477679860172513,-1.0306701134001208,1.4761521033383456,-0.721130416342303,1.3477939231562877,-1.0028039309991141,1.7279038324066063,-0.5738091541336192,1.0959875190286648,-1.0959875190286648,-0.5784279906300535,1.731127539482183,-0.5765804684883443,-0.5767344287272242,1
-1.319511890292043,0.0074566507928420294,-0.695981771888179,-1.2258476714090278,0.8077365626180215,0.646091668153197,-1.0306701134001208,-1.623501622783941,-1.43244469563043,1.3300880346454775,0.9972039090469852,-0.5787359118286177,-0.5738091541336192,-0.9124191495230389,0.9124191495230393,-0.5784279906300535,-0.5776581893550843,1.7343632929879855,-0.5767344287272242,0
0.025568952137004615,-0.08789693990845966,1.378685672134612,1.1713580885545591,-0.9115834940401767,0.646091668153197,-1.0306701134001208,0.3180959497704125,-1.43244469563043,1.28139684124075,-1.0028039309991141,-0.5787359118286177,1.7427397119690018,1.0959875190286648,-1.0959875190286648,-0.5784279906300535,-0.5776581893550843,-0.5765804684883443,1.733900301750437,0
0.2842383449118215,-1.0414328469214764,-0.35020386455104724,-1.2258476714090278,0.8077365626180215,0.646091668153197,0.9702425509371355,0.7709053558679417,1.4128124215220779,0.732514297405638,0.9972039090469852,-0.5787359118286177,-0.5738091541336192,1.0959875190286648,-1.0959875190286648,-0.5784279906300535,-0.5776581893550843,1.7343632929879855,-0.5767344287272242,1
-0.5331569362565998,-1.3274936190253817,-0.695981771888179,-1.2258476714090278,0.8077365626180215,0.646091668153197,0.9702425509371355,0.35994849237783216,-1.43244469563043,-0.5246037868618761,-1.0028039309991141,-0.5787359118286177,1.7427397119690018,-0.9124191495230389,0.9124191495230393,-0.5784279906300535,-0.5776581893550843,1.7343632929879855,-0.5767344287272242,0
1.0085126446813086,0.0074566507928420294,1.378685672134612,0.9036031181761548,-0.9115834940401767,0.646091668153197,0.9702425509371355,-0.7034513310718612,-0.721130416342303,0.6616907433623979,0.9972039090469852,-0.5787359118286177,-0.5738091541336192,1.0959875190286648,-1.0959875190286648,1.7288236672481017,-0.5776581893550843,-0.5765804684883443,-0.5767344287272242,1
-0.06755202926192945,0.10281024149414371,1.7244635794717436,1.0048208815382644,-0.9115834940401767,0.646091668153197,0.9702425509371355,-1.3933905411665728,-0.009816137054176019,1.290249785496155,0.9972039090469852,-0.5787359118286177,-0.5738091541336192,1.0959875190286648,-1.0959875190286648,-0.5784279906300535,-0.5776581893550843,1.7343632929879855,-0.5767344287272242,0
0.553254513397631,-0.27860412131106305,1.03290776479748,0.8159633611418602,-0.9115834940401767,0.646091668153197,-1.0306701134001208,0.8910993464034425,-1.43244469563043,-0.22803015430580764,-1.0028039309991141,-0.5787359118286177,1.7427397119690018,-0.9124191495230389,0.9124191495230393,1.7288236672481017,-0.5776581893550843,-0.5765804684883443,-0.5767344287272242,0
-1.350552217425021,0.9609925578058589,-0.004425957213915414,0.7166000945422143,-0.9115834940401767,0.646091668153197,-1.0306701134001208,-0.4784220110388077,0.7014981422339509,-0.46263317707404095,0.9972039090469852,-0.5787359118286177,-0.5738091541336192,-0.9124191495230389,0.9124191495230393,-0.5784279906300535,-0.5776581893550843,1.7343632929879855,-0.5767344287272242,1
-0.09859235639490747,0.2935174228967471,0.6871298574603482,0.7845470224176274,0.8077365626180215,-1.5477679860172513,-1.0306701134001208,1.113562745483233,-0.009816137054176019,-0.2457360428166177,0.9972039090469852,-0.5787359118286177,-0.5738091541336192,1.0959875190286648,-1.0959875190286648,-0.5784279906300535,-0.5776581893550843,1.7343632929879855,-0.5767344287272242,0
-1.6816490401767865,-1.6135543911292867,0.3413519501232164,-1.2258476714090278,0.8077365626180215,0.646091668153197,0.9702425509371355,-0.5859458539450341,0.7014981422339509,0.9715437923015738,0.9972039090469852,-0.5787359118286177,-0.5738091541336192,1.0959875190286648,-1.0959875190286648,-0.5784279906300535,-0.5776581893550843,-0.5765804684883443,1.733900301750437,0
-1.3919393202689916,-1.1367864376227783,-1.3875375865624426,-1.2258476714090278,-0.9115834940401767,-1.5477679860172513,0.9702425509371355,0.21250941543970128,-0.009816137054176019,0.1393670322935011,-1.0028039309991141,-0.5787359118286177,1.7427397119690018,1.0959875190286648,-1.0959875190286648,-0.5784279906300535,-0.5776581893550843,1.7343632929879855,-0.5767344287272242,0
0.025568952137004615,-0.7553720748175714,0.6871298574603482,0.4181336576858232,-0.9115834940401767,0.646091668153197,0.9702425509371355,-1.5484331325803313,1.4128124215220779,-1.4320305730408918,0.9972039090469852,-0.5787359118286177,-0.5738091541336192,1.0959875190286648,-1.0959875190286648,-0.5784279906300535,1.731127539482183,-0.5765804684883443,-0.5767344287272242,0
0.4083996534437335,0.38887101359804876,-1.0417596792253108,1.4430310459570048,-0.9115834940401767,-1.5477679860172513,-1.0306701134001208,0.3400306092286337,0.7014981422339509,1.006955569323194,-1.0028039309991141,1.7279038324066063,-0.5738091541336192,-0.9124191495230389,0.9124191495230393,1.7288236672481017,-0.5776581893550843,-0.5765804684883443,-0.5767344287272242,1
-0.46072950627965104,1.3424069206110656,-1.3875375865624426,0.5263970983597173,-0.9115834940401767,0.646091668153197,0.9702425509371355,-0.4213394859991194,1.4128124215220779,-0.10851540685783975,-1.0028039309991141,-0.5787359118286177,1.7427397119690018,1.0959875190286648,-1.0959875190286648,1.7288236672481017,-0.5776581893550843,-0.5765804684883443,-0.5767344287272242,0
-0.21240688921582687,0.2935174228967471,0.3413519501232164,-1.2258476714090278,0.8077365626180215,0.646091668153197,-1.0306701134001208,1.0886851715351085,-1.43244469563043,1.6797793327339763,0.9972039090469852,-0.5787359118286177,-0.5738091541336192,-0.9124191495230389,0.9124191495230393,-0.5784279906300535,1.731127539482183,-0.5765804684883443,-0.5767344287272242,0
-0.21240688921582687,-0.18325053060976135,0.3413519501232164,-1.2258476714090278,0.8077365626180215,0.646091668153197,0.9702425509371355,-0.303309208829127,-0.009816137054176019,1.608955778690736,0.9972039090469852,-0.5787359118286177,-0.5738091541336192,-0.9124191495230389,0.9124191495230393,-0.5784279906300535,1.731127539482183,-0.5765804684883443,-0.5767344287272242,0
0.35666577488877016,-0.3739577120123647,-0.35020386455104724,0.9850681109923671,-0.9115834940401767,0.646091668153197,-1.0306701134001208,0.23561052906941113,-1.43244469563043,-0.8964274455888874,-1.0028039309991141,-0.5787359118286177,1.7427397119690018,-0.9124191495230389,0.9124191495230393,-0.5784279906300535,-0.5776581893550843,1.7343632929879855,-0.5767344287272242,0
-1.3091651145810503,-1.0414328469214764,-1.3875375865624426,0.27392589950166957,-0.9115834940401767,0.646091668153197,0.9702425509371355,-0.8419653294760286,1.4128124215220779,0.6085730778299676,0.9972039090469852,-0.5787359118286177,-0.5738091541336192,-0.9124191495230389,0.9124191495230393,-0.5784279906300535,-0.5776581893550843,1.7343632929879855,-0.5767344287272242,0
0.584294840530609,0.48422460429935044,-0.695981771888179,-1.2258476714090278,0.8077365626180215,0.646091668153197,0.9702425509371355,0.6083849724541047,-0.721130416342303,0.3341318059124117,-1.0028039309991141,-0.5787359118286177,1.7427397119690018,-0.9124191495230389,0.9124191495230393,1.7288236672481017,-0.5776581893550843,-0.5765804684883443,-0.5767344287272242,0
-0.9470279646963067,-0.7553720748175714,-1.3875375865624426,1.0048543781957144,-0.9115834940401767,-1.5477679860172513,0.9702425509371355,0.7524276297623133,-1.43244469563043,-0.34311842962607303,-1.0028039309991141,-0.5787359118286177,1.7427397119690018,1.0959875190286648,-1.0959875190286648,1.7288236672481017,-0.5776581893550843,-0.5765804684883443,-0.5767344287272242,0
0.47048030770968957,-0.8507256655188732,-0.35020386455104724,0.6016866858734938,-0.9115834940401767,0.646091668153197,0.9702425509371355,1.6280681524140947,-0.721130416342303,-0.04211832494230203,-1.0028039309991141,1.7279038324066063,-0.5738091541336192,-0.9124191495230389,0.9124191495230393,-0.5784279906300535,1.731127539482183,-0.5765804684883443,-0.5767344287272242,0
0.36701255059976284,-0.18325053060976135,1.378685672134612,0.9307700292657874,-0.9115834940401767,0.646091668153197,-1.0306701134001208,-1.2605956112248515,-1.43244469563043,0.04641111761174827,0.9972039090469852,-0.5787359118286177,-0.5738091541336192,-0.9124191495230389,0.9124191495230393,1.7288236672481017,-0.5776581893550843,-0.5765804684883443,-0.5767344287272242,0
1.474117551675979,2.2959428276240823,1.378685672134612,0.6376358115164021,-0.9115834940401767,0.646091668153197,0.9702425509371355,1.4633367575526612,-0.009816137054176019,-1.6400747630429098,0.9972039090469852,-0.5787359118286177,-0.5738091541336192,1.0959875190286648,-1.0959875190286648,1.7288236672481017,-0.5776581893550843,-0.5765804684883443,-0.5767344287272242,0
0.36701255059976284,0.48422460429935044,0.6871298574603482,-0.3434973123052646,-0.9115834940401767,0.646091668153197,-1.0306701134001208,1.4201066583044348,-0.009816137054176019,-0.49361848196795854,0.9972039090469852,-0.5787359118286177,-0.5738091541336192,1.0959875190286648,-1.0959875190286648,1.7288236672481017,-0.5776581893550843,-0.5765804684883443,-0.5767344287272242,0
0.8015771304614552,-0.3739577120123647,1.03290776479748,0.7917241220217998,0.8077365626180215,0.646091668153197,-1.0306701134001208,-0.7952202176126456,1.4128124215220779,-1.4762952943179168,-1.0028039309991141,1.7279038324066063,-0.5738091541336192,1.0959875190286648,-1.0959875190286648,-0.5784279906300535,-0.5776581893550843,1.7343632929879855,-0.5767344287272242,1
-1.505753853089911,-0.3739577120123647,1.03290776479748,0.648243674036251,-0.9115834940401767,0.646091668153197,-1.0306701134001208,-0.15645579343684804,0.7014981422339509,0.28544061250768404,-1.0028039309991141,-0.5787359118286177,1.7427397119690018,-0.9124191495230389,0.9124191495230393,-0.5784279906300535,-0.5776581893550843,1.7343632929879855,-0.5767344287272242,0
-0.6262779176555339,-0.27860412131106305,0.3413519501232164,0.2541066164541369,0.8077365626180215,0.646091668153197,0.9702425509371355,1.296825424572659,1.4128124215220779,0.723661353150233,-1.0028039309991141,1.7279038324066063,-0.5738091541336192,-0.9124191495230389,0.9124191495230393,-0.5784279906300535,-0.5776581893550843,1.7343632929879855,-0.5767344287272242,0
-2.281762031414362,2.0098820555201775,0.6871298574603482,-0.04085100546658612,-0.9115834940401767,0.646091668153197,-1.0306701134001208,1.075464140361517,0.7014981422339509,-0.12622129536864982,0.9972039090469852,-0.5787359118286177,-0.5738091541336192,1.0959875190286648,-1.0959875190286648,-0.5784279906300535,-0.5776581893550843,1.7343632929879855,-0.5767344287272242,1
-0.13997945923887817,1.1516997392084622,-1.3875375865624426,0.45191543740194956,-0.9115834940401767,0.646091668153197,-1.0306701134001208,-0.7794320482557375,-0.009816137054176019,-1.347927602614544,-1.0028039309991141,1.7279038324066063,-0.5738091541336192,-0.9124191495230389,0.9124191495230393,-0.5784279906300535,1.731127539482183,-0.5765804684883443,-0.5767344287272242,1
2.063883767202561,-0.27860412131106305,-1.3875375865624426,0.4422087792114872,0.8077365626180215,-1.5477679860172513,0.9702425509371355,-0.5476881394662945,-1.43244469563043,-0.9672509996321276,0.9972039090469852,-0.5787359118286177,-0.5738091541336192,-0.9124191495230389,0.9124191495230393,1.7288236672481017,-0.5776581893550843,-0.5765804684883443,-0.5767344287272242,0
1.3706497945660523,0.1981638321954454,-0.004425957213915414,0.483291227540848,-0.9115834940401767,0.646091668153197,-1.0306701134001208,1.3364441761414763,1.4128124215220779,-0.480339065584851,-1.0028039309991141,1.7279038324066063,-0.5738091541336192,1.0959875190286648,-1.0959875190286648,-0.5784279906300535,-0.5776581893550843,1.7343632929879855,-0.5767344287272242,0
-0.84356020758638,0.1981638321954454,-1.0417596792253108,-1.2258476714090278,0.8077365626180215,0.646091668153197,-1.0306701134001208,0.5943965646766401,1.4128124215220779,1.7019116933724887,-1.0028039309991141,-0.5787359118286177,1.7427397119690018,-0.9124191495230389,0.9124191495230393,-0.5784279906300535,-0.5776581893550843,-0.5765804684883443,1.733900301750437,0
-0.9884150675402774,-0.5646648934149681,-1.3875375865624426,-0.3269722412061958,0.8077365626180215,-1.5477679860172513,-1.0306701134001208,1.3686515616931476,1.4128124215220779,-0.5555890917557937,-1.0028039309991141,-0.5787359118286177,1.7427397119690018,-0.9124191495230389,0.9124191495230393,-0.5784279906300535,-0.5776581893550843,1.7343632929879855,-0.5767344287272242,0
1.0602465232362719,-0.6600184841162697,0.3413519501232164,1.6226364369693027,-0.9115834940401767,0.646091668153197,0.9702425509371355,1.070324995074669,-0.009816137054176019,1.6842058048616788,0.9972039090469852,-0.5787359118286177,-0.5738091541336192,-0.9124191495230389,0.9124191495230393,-0.5784279906300535,-0.5776581893550843,-0.5765804684883443,1.733900301750437,0
2.032843440069583,0.1981638321954454,-0.695981771888179,0.40160121411669364,4.246376675934418,0.646091668153197,-1.0306701134001208,-1.461807564686579,0.7014981422339509,1.4053380608164203,-1.0028039309991141,1.7279038324066063,-0.5738091541336192,1.0959875190286648,-1.0959875190286648,-0.5784279906300535,-0.5776581893550843,1.7343632929879855,-0.5767344287272242,1
0.5118674105536603,4.107661050948814,-1.0417596792253108,-1.2258476714090278,0.8077365626180215,-1.5477679860172513,0.9702425509371355,1.425291536663301,-0.721130416342303,-0.015559492176086938,0.9972039090469852,-0.5787359118286177,-0.5738091541336192,1.0959875190286648,-1.0959875190286648,-0.5784279906300535,1.731127539482183,-0.5765804684883443,-0.5767344287272242,0
0.025568952137004615,-0.4693113027136664,-0.004425957213915414,0.6787939077994302,-0.9115834940401767,0.646091668153197,0.9702425509371355,-0.8219799770038522,-0.721130416342303,-1.091192219207798,0.9972039090469852,-0.5787359118286177,-0.5738091541336192,-0.9124191495230389,0.9124191495230393,-0.5784279906300535,1.731127539482183,-0.5765804684883443,-0.5767344287272242,0
1.1430207289242134,-0.18325053060976135,0.6871298574603482,0.9014332079119606,-0.9115834940401767,0.646091668153197,-1.0306701134001208,1.7250370457444135,-0.721130416342303,0.18805822569822875,-1.0028039309991141,-0.5787359118286177,1.7427397119690018,-0.9124191495230389,0.9124191495230393,-0.5784279906300535,-0.5776581893550843,1.7343632929879855,-0.5767344287272242,0
-0.336568197747739,1.6284676927149706,0.6871298574603482,-1.2258476714090278,-0.9115834940401767,0.646091668153197,0.9702425509371355,0.7357291462152229,1.4128124215220779,-0.7193685604807868,0.9972039090469852,-0.5787359118286177,-0.5738091541336192,-0.9124191495230389,0.9124191495230393,1.7288236672481017,-0.5776581893550843,-0.5765804684883443,-0.5767344287272242,1
0.5946416162416017,-0.18325053060976135,1.03290776479748,1.2321679845978695,-0.9115834940401767,0.646091668153197,0.9702425509371355,-1.2724905571999081,-0.721130416342303,0.3341318059124117,-1.0028039309991141,1.7279038324066063,-0.5738091541336192,-0.9124191495230389,0.9124191495230393,1.7288236672481017,-0.5776581893550843,-0.5765804684883443,-0.5767344287272242,0
0.5946416162416017,1.9145284648188758,-1.0417596792253108,-1.2258476714090278,-0.9115834940401767,0.646091668153197,-1.0306701134001208,1.3838665895847562,0.7014981422339509,-0.8211774194179446,0.9972039090469852,-0.5787359118286177,-0.5738091541336192,1.0959875190286648,-1.0959875190286648,-0.5784279906300535,-0.5776581893550843,-0.5765804684883443,1.733900301750437,1
-0.19171333779384153,-0.08789693990845966,0.3413519501232164,0.16161529330658206,0.8077365626180215,0.646091668153197,-1.0306701134001208,-0.03476634883533565,1.4128124215220779,-0.7592068096301094,-1.0028039309991141,1.7279038324066063,-0.5738091541336192,1.0959875190286648,-1.0959875190286648,-0.5784279906300535,-0.5776581893550843,-0.5765804684883443,1.733900301750437,0
-0.22275366492681956,-0.18325053060976135,1.7244635794717436,0.36959091073930306,2.52705661927622,-1.5477679860172513,0.9702425509371355,-1.3033628152726453,-1.43244469563043,1.2017203429421046,0.9972039090469852,-0.5787359118286177,-0.5738091541336192,1.0959875190286648,-1.0959875190286648,-0.5784279906300535,-0.5776581893550843,1.7343632929879855,-0.5767344287272242,1
-0.9780682918292848,-0.7553720748175714,-1.3875375865624426,0.8362612136589906,0.8077365626180215,0.646091668153197,-1.0306701134001208,0.43460416770321947,0.7014981422339509,1.1928673986866996,-1.0028039309991141,1.7279038324066063,-0.5738091541336192,1.0959875190286648,-1.0959875190286648,-0.5784279906300535,-0.5776581893550843,1.7343632929879855,-0.5767344287272242,0
-0.22275366492681956,-0.3739577120123647,0.6871298574603482,1.287960914764817,0.8077365626180215,0.646091668153197,-1.0306701134001208,-1.18707665487964,0.7014981422339509,1.0202349857063016,-1.0028039309991141,1.7279038324066063,-0.5738091541336192,-0.9124191495230389,0.9124191495230393,-0.5784279906300535,-0.5776581893550843,-0.5765804684883443,1.733900301750437,0
0.5118674105536603,-0.08789693990845966,1.03290776479748,0.9347877049067376,-0.9115834940401767,0.646091668153197,-1.0306701134001208,-1.7178679043693772,-1.43244469563043,1.3123821461346674,0.9972039090469852,-0.5787359118286177,-0.5738091541336192,-0.9124191495230389,0.9124191495230393,1.7288236672481017,-0.5776581893550843,-0.5765804684883443,-0.5767344287272242,0
1.1326739532132206,1.7238212834162723,-1.3875375865624426,-1.2258476714090278,0.8077365626180215,0.646091668153197,0.9702425509371355,-1.303984993720109,-0.721130416342303,0.3562641665509243,-1.0028039309991141,-0.5787359118286177,1.7427397119690018,1.0959875190286648,-1.0959875190286648,-0.5784279906300535,-0.5776581893550843,1.7343632929879855,-0.5767344287272242,0
-0.3262214220367463,0.5795781950006521,-1.7333154938995745,-1.2258476714090278,0.8077365626180215,-1.5477679860172513,-1.0306701134001208,0.23571068971383224,0.7014981422339509,-1.2903834649544113,-1.0028039309991141,-0.5787359118286177,1.7427397119690018,1.0959875190286648,-1.0959875190286648,-0.5784279906300535,-0.5776581893550843,-0.5765804684883443,1.733900301750437,0
0.8222706818834405,2.200589236922781,-1.0417596792253108,-1.2258476714090278,0.8077365626180215,0.646091668153197,0.9702425509371355,1.5024046255771621,0.7014981422339509,-0.055397741325409575,-1.0028039309991141,-0.5787359118286177,1.7427397119690018,-0.9124191495230389,0.9124191495230393,-0.5784279906300535,1.731127539482183,-0.5765804684883443,-0.5767344287272242,0
-1.319511890292043,-1.23214002832408,-0.35020386455104724,-1.2258476714090278,0.8077365626180215,0.646091668153197,-1.0306701134001208,1.4849958013487163,-0.009816137054176019,-0.019985964303789454,0.9972039090469852,-0.5787359118286177,-0.5738091541336192,1.0959875190286648,-1.0959875190286648,1.7288236672481017,-0.5776581893550843,-0.5765804684883443,-0.5767344287272242,0
0.20146413922388007,-0.3739577120123647,-0.695981771888179,0.43239746400037943,0.8077365626180215,0.646091668153197,0.9702425509371355,1.2961208222615572,-0.009816137054176019,0.28544061250768404,0.9972039090469852,-0.5787359118286177,-0.5738091541336192,1.0959875190286648,-1.0959875190286648,-0.5784279906300535,-0.5776581893550843,-0.5765804684883443,1.733900301750437,0
-1.1539634789161601,0.0074566507928420294,-0.695981771888179,1.0043835017383538,0.8077365626180215,0.646091668153197,-1.0306701134001208,0.827231111594225,-1.43244469563043,-0.3829566787753957,0.9972039090469852,-0.5787359118286177,-0.5738091541336192,-0.9124191495230389,0.9124191495230393,-0.5784279906300535,-0.5776581893550843,-0.5765804684883443,1.733900301750437,0
-0.3572617491697243,-0.18325053060976135,0.3413519501232164,-1.2258476714090278,0.8077365626180215,0.646091668153197,-1.0306701134001208,-0.24080392390007174,-0.721130416342303,1.0777791233664342,0.9972039090469852,-0.5787359118286177,-0.5738091541336192,1.0959875190286648,-1.0959875190286648,-0.5784279906300535,-0.5776581893550843,1.7343632929879855,-0.5767344287272242,0
0.3049318963338068,-0.18325053060976135,1.7244635794717436,0.7584090517147388,-0.9115834940401767,0.646091668153197,-1.0306701134001208,-0.31845172458753507,0.7014981422339509,1.7284705261387039,0.9972039090469852,-0.5787359118286177,-0.5738091541336192,1.0959875190286648,-1.0959875190286648,-0.5784279906300535,1.731127539482183,-0.5765804684883443,-0.5767344287272242,1
-1.1643102546271529,0.2935174228967471,-1.3875375865624426,0.35360178615943544,0.8077365626180215,-1.5477679860172513,0.9702425509371355,-0.10507286117874616,1.4128124215220779,1.427470421454933,-1.0028039309991141,1.7279038324066063,-0.5738091541336192,1.0959875190286648,-1.0959875190286648,1.7288236672481017,-0.5776581893550843,-0.5765804684883443,-0.5767344287272242,0
-0.2848343191927756,0.38887101359804876,-1.3875375865624426,-1.2258476714090278,0.8077365626180215,0.646091668153197,0.9702425509371355,0.804920501939409,-0.721130416342303,-0.4360743443078258,0.9972039090469852,-0.5787359118286177,-0.5738091541336192,-0.9124191495230389,0.9124191495230393,-0.5784279906300535,-0.5776581893550843,-0.5765804684883443,1.733900301750437,0
1.2568352617451328,-0.27860412131106305,-0.695981771888179,0.5696666059597183,-0.9115834940401767,0.646091668153197,0.9702425509371355,1.5103757435290164,-0.721130416342303,0.7502201859164481,-1.0028039309991141,-0.5787359118286177,1.7427397119690018,-0.9124191495230389,0.9124191495230393,-0.5784279906300535,-0.5776581893550843,-0.5765804684883443,1.733900301750437,0
-0.13997945923887817,0.38887101359804876,-0.695981771888179,1.5339600465360268,-0.9115834940401767,0.646091668153197,0.9702425509371355,0.08137565674130633,0.7014981422339509,-0.25016251494432024,-1.0028039309991141,-0.5787359118286177,1.7427397119690018,-0.9124191495230389,0.9124191495230393,-0.5784279906300535,1.731127539482183,-0.5765804684883443,-0.5767344287272242,0
-0.6055843662335485,-0.9460792562201749,0.6871298574603482,-1.2258476714090278,0.8077365626180215,0.646091668153197,0.9702425509371355,-0.15465029348715117,1.4128124215220779,0.07739642250566588,0.9972039090469852,-0.5787359118286177,-0.5738091541336192,-0.9124191495230389,0.9124191495230393,-0.5784279906300535,1.731127539482183,-0.5765804684883443,-0.5767344287272242,0
0.5325609619756456,-0.18325053060976135,1.7244635794717436,1.1866457065810343,-0.9115834940401767,0.646091668153197,0.9702425509371355,-0.09323547279623011,0.7014981422339509,-0.29000076409364284,0.9972039090469852,-0.5787359118286177,-0.5738091541336192,-0.9124191495230389,0.9124191495230393,1.7288236672481017,-0.5776581893550843,-0.5765804684883443,-0.5767344287272242,0
-0.18136656208284888,-0.9460792562201749,1.7244635794717436,0.860982548212591,-0.9115834940401767,0.646091668153197,-1.0306701134001208,1.4704944180486086,1.4128124215220779,1.5514116410306034,0.9972039090469852,-0.5787359118286177,-0.5738091541336192,-0.9124191495230389,0.9124191495230393,-0.5784279906300535,1.731127539482183,-0.5765804684883443,-0.5767344287272242,0
1.2568352617451328,-1.518200800427985,-1.0417596792253108,-1.2258476714090278,0.8077365626180215,0.646091668153197,-1.0306701134001208,-1.421134344111216,-0.009816137054176019,-0.8831480292057798,0.9972039090469852,-0.5787359118286177,-0.5738091541336192,-0.9124191495230389,0.9124191495230393,-0.5784279906300535,1.731127539482183,-0.5765804684883443,-0.5767344287272242,0
-0.7918263290314166,-0.27860412131106305,-0.35020386455104724,0.023745936121642452,-0.9115834940401767,0.646091668153197,-1.0306701134001208,1.1646580636686399,-1.43244469563043,1.427470421454933,-1.0028039309991141,-0.5787359118286177,1.7427397119690018,-0.9124191495230389,0.9124191495230393,1.7288236672481017,-0.5776581893550843,-0.5765804684883443,-0.5767344287272242,1
1.277528813167118,-1.0414328469214764,-1.3875375865624426,-0.0836914673632672,0.8077365626180215,-1.5477679860172513,0.9702425509371355,-0.5448090426092077,1.4128124215220779,-0.644118534309844,0.9972039090469852,-0.5787359118286177,-0.5738091541336192,1.0959875190286648,-1.0959875190286648,-0.5784279906300535,1.731127539482183,-0.5765804684883443,-0.5767344287272242,0
-0.5745440391005705,0.0074566507928420294,1.378685672134612,0.9606091402102777,-0.9115834940401767,0.646091668153197,0.9702425509371355,0.8984474164577949,-1.43244469563043,-1.0070892487814502,0.9972039090469852,-0.5787359118286177,-0.5738091541336192,1.0959875190286648,-1.0959875190286648,-0.5784279906300535,-0.5776581893550843,1.7343632929879855,-0.5767344287272242,0
1.887988580115686,-0.8507256655188732,-1.3875375865624426,-1.2258476714090278,0.8077365626180215,0.646091668153197,-1.0306701134001208,0.7263451719510036,1.4128124215220779,-1.0026627766537477,0.9972039090469852,-0.5787359118286177,-0.5738091541336192,-0.9124191495230389,0.9124191495230393,1.7288236672481017,-0.5776581893550843,-0.5765804684883443,-0.5767344287272242,0
-1.7126893673097645,0.1981638321954454,-1.0417596792253108,0.38094627761488004,0.8077365626180215,0.646091668153197,0.9702425509371355,-1.5195129637337617,1.4128124215220779,1.0733526512387317,0.9972039090469852,-0.5787359118286177,-0.5738091541336192,-0.9124191495230389,0.9124191495230393,-0.5784279906300535,-0.5776581893550843,1.7343632929879855,-0.5767344287272242,0
-0.41934240343568036,-0.5646648934149681,-0.35020386455104724,0.5624909487953405,-0.9115834940401767,-1.5477679860172513,-1.0306701134001208,0.2408886124723918,0.7014981422339509,0.3783965271894369,0.9972039090469852,-0.5787359118286177,-0.5738091541336192,-0.9124191495230389,0.9124191495230393,1.7288236672481017,-0.5776581893550843,-0.5765804684883443,-0.5767344287272242,0
0.6877625976405357,0.0074566507928420294,0.3413519501232164,-1.2258476714090278,0.8077365626180215,0.646091668153197,-1.0306701134001208,-0.11849960423141806,-0.009816137054176019,1.6886322769893813,-1.0028039309991141,-0.5787359118286177,1.7427397119690018,1.0959875190286648,-1.0959875190286648,1.7288236672481017,-0.5776581893550843,-0.5765804684883443,-0.5767344287272242,0
0.615335167663587,3.440185916039703,-0.004425957213915414,-1.2258476714090278,0.8077365626180215,0.646091668153197,0.9702425509371355,-1.5774145107096027,-1.43244469563043,1.1087644282603517,-1.0028039309991141,-0.5787359118286177,1.7427397119690018,1.0959875190286648,-1.0959875190286648,-0.5784279906300535,1.731127539482183,-0.5765804684883443,-0.5767344287272242,0
1.3189159160110888,-0.7553720748175714,1.378685672134612,1.6954972764113163,0.8077365626180215,0.646091668153197,-1.0306701134001208,1.5744173466758866,0.7014981422339509,0.48905833038199975,-1.0028039309991141,1.7279038324066063,-0.5738091541336192,-0.9124191495230389,0.9124191495230393,-0.5784279906300535,1.731127539482183,-0.5765804684883443,-0.5767344287272242,0
-0.7711327776094312,-0.27860412131106305,1.03290776479748,1.4392657972800924,-0.9115834940401767,0.646091668153197,0.9702425509371355,-1.3352038145781437,1.4128124215220779,1.1176173725157568,-1.0028039309991141,1.7279038324066063,-0.5738091541336192,1.0959875190286648,-1.0959875190286648,-0.5784279906300535,-0.5776581893550843,1.7343632929879855,-0.5767344287272242,0
0.7498432519064918,0.9609925578058589,-0.35020386455104724,-1.2258476714090278,0.8077365626180215,-1.5477679860172513,0.9702425509371355,-0.17594173380697983,-1.43244469563043,1.2371321199637249,0.9972039090469852,-0.5787359118286177,-0.5738091541336192,1.0959875190286648,-1.0959875190286648,-0.5784279906300535,-0.5776581893550843,1.7343632929879855,-0.5767344287272242,0
-0.6573182447885119,0.2935174228967471,-0.004425957213915414,0.7011530067829026,-0.9115834940401767,0.646091668153197,-1.0306701134001208,1.6484788398450458,0.7014981422339509,0.5731613008083475,-1.0028039309991141,-0.5787359118286177,1.7427397119690018,-0.9124191495230389,0.9124191495230393,-0.5784279906300535,-0.5776581893550843,1.7343632929879855,-0.5767344287272242,0
-0.1710197863718562,0.8656389671045572,-1.0417596792253108,0.4930227277499935,-0.9115834940401767,0.646091668153197,0.9702425509371355,0.06297965893928573,1.4128124215220779,0.29872002889079163,-1.0028039309991141,1.7279038324066063,-0.5738091541336192,-0.9124191495230389,0.9124191495230393,-0.5784279906300535,1.731127539482183,-0.5765804684883443,-0.5767344287272242,1
0.17042381209090204,0.1981638321954454,0.3413519501232164,-1.2258476714090278,0.8077365626180215,-1.5477679860172513,-1.0306701134001208,1.1666546687367718,-0.721130416342303,-1.365633491125354,0.9972039090469852,-0.5787359118286177,-0.5738091541336192,-0.9124191495230389,0.9124191495230393,-0.5784279906300535,-0.5776581893550843,1.7343632929879855,-0.5767344287272242,0
0.10834315782494601,-0.7553720748175714,-0.695981771888179,0.9212127437295999,-0.9115834940401767,0.646091668153197,0.9702425509371355,1.1493583513432928,-0.721130416342303,-0.4360743443078258,0.9972039090469852,-0.5787359118286177,-0.5738091541336192,1.0959875190286648,-1.0959875190286648,-0.5784279906300535,-0.5776581893550843,1.7343632929879855,-0.5767344287272242,0
-2.271415255703369,0.5795781950006521,-0.004425957213915414,0.11441209211588854,0.8077365626180215,-1.5477679860172513,-1.0306701134001208,-1.0988217376139664,-0.721130416342303,1.024661457834004,-1.0028039309991141,1.7279038324066063,-0.5738091541336192,-0.9124191495230389,0.9124191495230393,1.7288236672481017,-0.5776581893550843,-0.5765804684883443,-0.5767344287272242,0
0.2325044663568581,-0.08789693990845966,-1.0417596792253108,1.4997532278937877,0.8077365626180215,-1.5477679860172513,-1.0306701134001208,0.6053302466892654,1.4128124215220779,1.5381322246474958,0.9972039090469852,-0.5787359118286177,-0.5738091541336192,1.0959875190286648,-1.0959875190286648,-0.5784279906300535,-0.5776581893550843,1.7343632929879855,-0.5767344287272242,1
-0.5848908148115631,-0.8507256655188732,1.7244635794717436,-1.2258476714090278,0.8077365626180215,0.646091668153197,0.9702425509371355,0.4170138023067607,-0.721130416342303,0.6661172154901004,0.9972039090469852,-0.5787359118286177,-0.5738091541336192,1.0959875190286648,-1.0959875190286648,1.7288236672481017,-0.5776581893550843,-0.5765804684883443,-0.5767344287272242,0
0.01522217642601194,-0.08789693990845966,0.3413519501232164,0.746798372995535,0.8077365626180215,0.646091668153197,0.9702425509371355,1.5401043270212702,1.4128124215220779,-1.3346481862314363,-1.0028039309991141,-0.5787359118286177,1.7427397119690018,1.0959875190286648,-1.0959875190286648,-0.5784279906300535,-0.5776581893550843,1.7343632929879855,-0.5767344287272242,0
0.44978675628770426,-0.7553720748175714,0.3413519501232164,0.5219500564732705,0.8077365626180215,0.646091668153197,0.9702425509371355,-1.4022717994186016,0.7014981422339509,1.7019116933724887,-1.0028039309991141,1.7279038324066063,-0.5738091541336192,-0.9124191495230389,0.9124191495230393,1.7288236672481017,-0.5776581893550843,-0.5765804684883443,-0.5767344287272242,1
0.05660927926998263,-0.18325053060976135,0.6871298574603482,0.5738578551892735,-0.9115834940401767,0.646091668153197,-1.0306701134001208,0.9227947997725165,1.4128124215220779,0.5111906910205123,0.9972039090469852,-0.5787359118286177,-0.5738091541336192,-0.9124191495230389,0.9124191495230393,-0.5784279906300535,-0.5776581893550843,-0.5765804684883443,1.733900301750437,0
-2.240374928570391,1.533114102013669,1.03290776479748,0.5265431053211385,0.8077365626180215,0.646091668153197,-1.0306701134001208,-0.064067336798715,-0.009816137054176019,0.09952878314417844,-1.0028039309991141,1.7279038324066063,-0.5738091541336192,-0.9124191495230389,0.9124191495230393,-0.5784279906300535,1.731127539482183,-0.5765804684883443,-0.5767344287272242,1
0.7498432519064918,-0.18325053060976135,-0.695981771888179,0.2913029717060236,0.8077365626180215,0.646091668153197,-1.0306701134001208,0.3677671087929547,-0.721130416342303,-1.4497364615517017,-1.0028039309991141,1.7279038324066063,-0.5738091541336192,-0.9124191495230389,0.9124191495230393,-0.5784279906300535,-0.5776581893550843,-0.5765804684883443,1.733900301750437,0
1.9707627858036272,-1.1367864376227783,1.03290776479748,-1.2258476714090278,-0.9115834940401767,0.646091668153197,-1.0306701134001208,1.2490950519257855,-0.009816137054176019,0.39610241570024696,0.9972039090469852,-0.5787359118286177,-0.5738091541336192,-0.9124191495230389,0.9124191495230393,-0.5784279906300535,-0.5776581893550843,-0.5765804684883443,1.733900301750437,0
0.7601900276174844,-0.4693113027136664,0.3413519501232164,0.6691287598208316,0.8077365626180215,-1.5477679860172513,-1.0306701134001208,0.9919901549668794,1.4128124215220779,0.05083758973945078,-1.0028039309991141,1.7279038324066063,-0.5738091541336192,-0.9124191495230389,0.9124191495230393,1.7288236672481017,-0.5776581893550843,-0.5765804684883443,-0.5767344287272242,0
1.0602465232362719,1.7238212834162723,0.6871298574603482,-1.2258476714090278,-0.9115834940401767,0.646091668153197,-1.0306701134001208,1.0326430304113436,-0.721130416342303,0.17920528144282372,0.9972039090469852,-0.5787359118286177,-0.5738091541336192,-0.9124191495230389,0.9124191495230393,1.7288236672481017,-0.5776581893550843,-0.5765804684883443,-0.5767344287272242,1
-0.036511702128951426,-0.5646648934149681,-0.35020386455104724,-1.2258476714090278,-0.9115834940401767,0.646091668153197,-1.0306701134001208,0.908276201361649,1.4128124215220779,-0.2147507379227001,0.9972039090469852,-0.5787359118286177,-0.5738091541336192,1.0959875190286648,-1.0959875190286648,-0.5784279906300535,1.731127539482183,-0.5765804684883443,-0.5767344287272242,0
1.7224401687398032,0.48422460429935044,1.03290776479748,-1.2258476714090278,-0.9115834940401767,-1.5477679860172513,-1.0306701134001208,-0.6014564948496915,1.4128124215220779,0.32970533378470923,0.9972039090469852,-0.5787359118286177,-0.5738091541336192,-0.9124191495230389,0.9124191495230393,1.7288236672481017,-0.5776581893550843,-0.5765804684883443,-0.5767344287272242,1
0.49117385913167494,1.7238212834162723,1.378685672134612,0.5589239554546277,0.8077365626180215,0.646091668153197,-1.0306701134001208,0.09780913191669864,1.4128124215220779,-0.17491248877337748,0.9972039090469852,-0.5787359118286177,-0.5738091541336192,1.0959875190286648,-1.0959875190286648,-0.5784279906300535,1.731127539482183,-0.5765804684883443,-0.5767344287272242,0
1.567238533074913,-0.7553720748175714,-1.3875375865624426,0.7777608239977649,-0.9115834940401767,0.646091668153197,0.9702425509371355,1.5227174129337917,-0.721130416342303,-0.12179482324094729,-1.0028039309991141,1.7279038324066063,-0.5738091541336192,-0.9124191495230389,0.9124191495230393,1.7288236672481017,-0.5776581893550843,-0.5765804684883443,-0.5767344287272242,0
0.3152786720447995,-0.08789693990845966,-1.0417596792253108,0.3738411397293446,0.8077365626180215,0.646091668153197,-1.0306701134001208,-1.3312799865549412,-1.43244469563043,-0.17048601664567495,-1.0028039309991141,-0.5787359118286177,1.7427397119690018,-0.9124191495230389,0.9124191495230393,1.7288236672481017,-0.5776581893550843,-0.5765804684883443,-0.5767344287272242,0
-1.2263909088931089,2.5820035997279875,-0.695981771888179,-1.2258476714090278,-0.9115834940401767,0.646091668153197,0.9702425509371355,0.2632134811078373,-1.43244469563043,1.5425586967751983,-1.0028039309991141,-0.5787359118286177,1.7427397119690018,1.0959875190286648,-1.0959875190286648,1.7288236672481017,-0.5776581893550843,-0.5765804684883443,-0.5767344287272242,0
2.063883767202561,2.5820035997279875,-1.7333154938995745,0.8115283395870343,-0.9115834940401767,-1.5477679860172513,0.9702425509371355,0.32759834312985925,-1.43244469563043,0.04641111761174827,-1.0028039309991141,1.7279038324066063,-0.5738091541336192,1.0959875190286648,-1.0959875190286648,-0.5784279906300535,-0.5776581893550843,1.7343632929879855,-0.5767344287272242,1
0.584294840530609,0.2935174228967471,1.7244635794717436,-1.2258476714090278,0.8077365626180215,0.646091668153197,0.9702425509371355,0.919080856988579,0.7014981422339509,1.0556467627279216,0.9972039090469852,-0.5787359118286177,-0.5738091541336192,1.0959875190286648,-1.0959875190286648,-0.5784279906300535,-0.5776581893550843,-0.5765804684883443,1.733900301750437,0
0.09799638211395333,-0.5646648934149681,-1.7333154938995745,-0.05933987821032407,-0.9115834940401767,-1.5477679860172513,-1.0306701134001208,1.407843934963144,-1.43244469563043,-0.23688309856121267,0.9972039090469852,-0.5787359118286177,-0.5738091541336192,-0.9124191495230389,0.9124191495230393,-0.5784279906300535,-0.5776581893550843,1.7343632929879855,-0.5767344287272242,0
-1.0918828246502041,3.344832325338401,-0.695981771888179,-1.2258476714090278,0.8077365626180215,0.646091668153197,0.9702425509371355,1.064841373682616,-0.721130416342303,-0.8123244751625396,-1.0028039309991141,-0.5787359118286177,1.7427397119690018,1.0959875190286648,-1.0959875190286648,-0.5784279906300535,-0.5776581893550843,-0.5765804684883443,1.733900301750437,0
1.1326739532132206,-0.9460792562201749,-0.004425957213915414,0.4346768394178676,0.8077365626180215,-1.5477679860172513,0.9702425509371355,-0.23919613688910207,-0.721130416342303,-0.08195657409162466,-1.0028039309991141,1.7279038324066063,-0.5738091541336192,-0.9124191495230389,0.9124191495230393,-0.5784279906300535,1.731127539482183,-0.5765804684883443,-0.5767344287272242,0
0.9981658689703159,2.105235646221479,0.6871298574603482,1.2739506573119166,-0.9115834940401767,-1.5477679860172513,0.9702425509371355,0.825351882281274,1.4128124215220779,-0.35197137388147803,0.9972039090469852,-0.5787359118286177,-0.5738091541336192,-0.9124191495230389,0.9124191495230393,-0.5784279906300535,1.731127539482183,-0.5765804684883443,-0.5767344287272242,0
-0.3469149734587316,3.344832325338401,1.7244635794717436,-1.2258476714090278,0.8077365626180215,0.646091668153197,0.9702425509371355,-0.8023330144866125,-0.009816137054176019,1.5514116410306034,0.9972039090469852,-0.5787359118286177,-0.5738091541336192,-0.9124191495230389,0.9124191495230393,-0.5784279906300535,-0.5776581893550843,-0.5765804684883443,1.733900301750437,0
-0.40899562772468767,-1.23214002832408,-1.0417596792253108,0.49720964966016507,0.8077365626180215,0.646091668153197,0.9702425509371355,0.36015072645675883,0.7014981422339509,0.5023377467651073,0.9972039090469852,-0.5787359118286177,-0.5738091541336192,1.0959875190286648,-1.0959875190286648,1.7288236672481017,-0.5776581893550843,-0.5765804684883443,-0.5767344287272242,0
-0.12963268352788548,-0.4693113027136664,0.6871298574603482,-1.2258476714090278,0.8077365626180215,0.646091668153197,0.9702425509371355,1.7194163990263116,0.7014981422339509,-0.13064776749635232,0.9972039090469852,-0.5787359118286177,-0.5738091541336192,1.0959875190286648,-1.0959875190286648,-0.5784279906300535,-0.5776581893550843,-0.5765804684883443,1.733900301750437,0
1.0602465232362719,0.6749317857019538,1.03290776479748,-1.2258476714090278,2.52705661927622,0.646091668153197,-1.0306701134001208,-0.162453259801583,-0.721130416342303,-0.4847655377125535,0.9972039090469852,-0.5787359118286177,-0.5738091541336192,-0.9124191495230389,0.9124191495230393,-0.5784279906300535,-0.5776581893550843,1.7343632929879855,-0.5767344287272242,1
-1.3091651145810503,-0.27860412131106305,1.7244635794717436,-1.2258476714090278,0.8077365626180215,0.646091668153197,-1.0306701134001208,0.16561858374988617,-0.721130416342303,-1.0247951372922603,0.9972039090469852,-0.5787359118286177,-0.5738091541336192,1.0959875190286648,-1.0959875190286648,-0.5784279906300535,1.731127539482183,-0.5765804684883443,-0.5767344287272242,0
2.0535369914915687,0.1981638321954454,1.378685672134612,0.6247269369821474,-0.9115834940401767,0.646091668153197,-1.0306701134001208,0.05363220157667814,-0.009816137054176019,0.07296995037796336,0.9972039090469852,-0.5787359118286177,-0.5738091541336192,1.0959875190286648,-1.0959875190286648,-0.5784279906300535,1.731127539482183,-0.5765804684883443,-0.5767344287272242,0
0.18077058780189473,-0.18325053060976135,1.7244635794717436,1.225631488533544,0.8077365626180215,0.646091668153197,0.9702425509371355,1.0345650366661832,-0.721130416342303,0.6041466057022651,-1.0028039309991141,1.7279038324066063,-0.5738091541336192,-0.9124191495230389,0.9124191495230393,-0.5784279906300535,-0.5776581893550843,-0.5765804684883443,1.733900301750437,0
-0.7711327776094312,-0.5646648934149681,-0.695981771888179,-1.2258476714090278,0.8077365626180215,-1.5477679860172513,0.9702425509371355,1.565389325257379,1.4128124215220779,-1.2062804945280634,-1.0028039309991141,-0.5787359118286177,1.7427397119690018,-0.9124191495230389,0.9124191495230393,-0.5784279906300535,-0.5776581893550843,1.7343632929879855,-0.5767344287272242,0
-0.005471374995973408,0.8656389671045572,0.6871298574603482,0.9896154825800755,-0.9115834940401767,0.646091668153197,-1.0306701134001208,-0.7389535844889715,0.7014981422339509,0.7812054908103657,-1.0028039309991141,1.7279038324066063,-0.5738091541336192,1.0959875190286648,-1.0959875190286648,1.7288236672481017,-0.5776581893550843,-0.5765804684883443,-0.5767344287272242,0
1.856948252982708,0.10281024149414371,-0.35020386455104724,-1.2258476714090278,0.8077365626180215,-1.5477679860172513,0.9702425509371355,-0.32113519518598643,1.4128124215220779,-0.28114781983823783,-1.0028039309991141,-0.5787359118286177,1.7427397119690018,-0.9124191495230389,0.9124191495230393,1.7288236672481017,-0.5776581893550843,-0.5765804684883443,-0.5767344287272242,0
0.8429642333054258,2.200589236922781,-1.0417596792253108,-1.2258476714090278,0.8077365626180215,0.646091668153197,0.9702425509371355,-1.2981127281609004,-0.009816137054176019,0.7679260744272581,0.9972039090469852,-0.5787359118286177,-0.5738091541336192,-0.9124191495230389,0.9124191495230393,-0.5784279906300535,-0.5776581893550843,1.7343632929879855,-0.5767344287272242,0
1.277528813167118,-0.27860412131106305,0.6871298574603482,0.43597423387747714,-0.9115834940401767,-1.5477679860172513,0.9702425509371355,0.32833042006217406,-1.43244469563043,-1.4674423500625118,0.9972039090469852,-0.5787359118286177,-0.5738091541336192,-0.9124191495230389,0.9124191495230393,-0.5784279906300535,-0.5776581893550843,-0.5765804684883443,1.733900301750437,0
-0.06755202926192945,0.10281024149414371,1.03290776479748,0.2676094556415495,-0.9115834940401767,0.646091668153197,-1.0306701134001208,-0.4557265827970053,-0.009816137054176019,0.04641111761174827,0.9972039090469852,-0.5787359118286177,-0.5738091541336192,-0.9124191495230389,0.9124191495230393,-0.5784279906300535,1.731127539482183,-0.5765804684883443,-0.5767344287272242,0
-0.026164926417958756,0.2935174228967471,1.03290776479748,0.7291480385856671,0.8077365626180215,0.646091668153197,-1.0306701134001208,-1.6704434042460052,-1.43244469563043,-1.631221818787505,-1.0028039309991141,1.7279038324066063,-0.5738091541336192,1.0959875190286648,-1.0959875190286648,-0.5784279906300535,1.731127539482183,-0.5765804684883443,-0.5767344287272242,0
1.8155611501387372,1.6284676927149706,1.03290776479748,1.5709805844040727,0.8077365626180215,-1.5477679860172513,0.9702425509371355,1.0731201030580486,-0.009816137054176019,0.8918672940029286,-1.0028039309991141,-0.5787359118286177,1.7427397119690018,1.0959875190286648,-1.0959875190286648,1.7288236672481017,-0.5776581893550843,-0.5765804684883443,-0.5767344287272242,1
2.063883767202561,-1.0414328469214764,-1.0417596792253108,0.394496557044423,0.8077365626180215,0.646091668153197,0.9702425509371355,-1.1259887474031496,-1.43244469563043,0.4624994976157847,-1.0028039309991141,1.7279038324066063,-0.5738091541336192,-0.9124191495230389,0.9124191495230393,-0.5784279906300535,-0.5776581893550843,1.7343632929879855,-0.5767344287272242,0
-0.967721516118292,0.0074566507928420294,1.03290776479748,1.1173157994848715,-0.9115834940401767,0.646091668153197,-1.0306701134001208,1.353810223428034,-0.721130416342303,0.7634996022995557,0.9972039090469852,-0.5787359118286177,-0.5738091541336192,-0.9124191495230389,0.9124191495230393,-0.5784279906300535,1.731127539482183,-0.5765804684883443,-0.5767344287272242,0
-1.2574312360260869,-0.3739577120123647,-0.004425957213915414,-1.2258476714090278,0.8077365626180215,0.646091668153197,-1.0306701134001208,-0.7576777127354761,0.7014981422339509,-1.4276041009131892,-1.0028039309991141,-0.5787359118286177,1.7427397119690018,1.0959875190286648,-1.0959875190286648,1.7288236672481017,-0.5776581893550843,-0.5765804684883443,-0.5767344287272242,0
-0.99876184325127,-0.08789693990845966,-0.35020386455104724,0.980348768526936,0.8077365626180215,0.646091668153197,0.9702425509371355,1.2613882060184198,-0.721130416342303,-1.2416922715496834,0.9972039090469852,-0.5787359118286177,-0.5738091541336192,1.0959875190286648,-1.0959875190286648,-0.5784279906300535,-0.5776581893550843,1.7343632929879855,-0.5767344287272242,0
0.07730283069196799,-0.7553720748175714,-1.0417596792253108,-0.639785023987606,-0.9115834940401767,0.646091668153197,-1.0306701134001208,0.061813378657804646,0.7014981422339509,1.5337057525197932,-1.0028039309991141,-0.5787359118286177,1.7427397119690018,1.0959875190286648,-1.0959875190286648,-0.5784279906300535,-0.5776581893550843,1.7343632929879855,-0.5767344287272242,1
-1.3608989931360136,0.8656389671045572,1.7244635794717436,-0.08657698803662253,-0.9115834940401767,0.646091668153197,-1.0306701134001208,0.658499898776235,-0.721130416342303,0.9626908480461688,0.9972039090469852,-0.5787359118286177,-0.5738091541336192,-0.9124191495230389,0.9124191495230393,-0.5784279906300535,-0.5776581893550843,-0.5765804684883443,1.733900301750437,0
-0.84356020758638,-0.6600184841162697,1.03290776479748,1.103378946190402,-0.9115834940401767,0.646091668153197,0.9702425509371355,0.5555509280819488,-0.721130416342303,-1.0070892487814502,-1.0028039309991141,1.7279038324066063,-0.5738091541336192,1.0959875190286648,-1.0959875190286648,-0.5784279906300535,-0.5776581893550843,1.7343632929879855,-0.5767344287272242,0
0.8636577847274112,1.4377605113123673,-0.695981771888179,-1.2258476714090278,-0.9115834940401767,0.646091668153197,-1.0306701134001208,0.5341083773454499,0.7014981422339509,-0.4493537606909334,0.9972039090469852,-0.5787359118286177,-0.5738091541336192,1.0959875190286648,-1.0959875190286648,-0.5784279906300535,-0.5776581893550843,-0.5765804684883443,1.733900301750437,1
2.063883767202561,-0.18325053060976135,-1.0417596792253108,-1.2258476714090278,0.8077365626180215,0.646091668153197,-1.0306701134001208,0.3456889900784013,-0.721130416342303,-1.4807217664456194,-1.0028039309991141,-0.5787359118286177,1.7427397119690018,-0.9124191495230389,0.9124191495230393,1.7288236672481017,-0.5776581893550843,-0.5765804684883443,-0.5767344287272242,0
-0.6469714690775192,0.1981638321954454,-1.0417596792253108,0.8791762016117208,0.8077365626180215,-1.5477679860172513,0.9702425509371355,-1.6181386810572145,-0.721130416342303,-1.3302217141037338,-1.0028039309991141,1.7279038324066063,-0.5738091541336192,-0.9124191495230389,0.9124191495230393,-0.5784279906300535,-0.5776581893550843,1.7343632929879855,-0.5767344287272242,0
-1.3712457688470063,-0.08789693990845966,-0.695981771888179,0.2319430481983634,-0.9115834940401767,-1.5477679860172513,0.9702425509371355,1.0818453819731924,0.7014981422339509,1.060073234855624,0.9972039090469852,-0.5787359118286177,-0.5738091541336192,-0.9124191495230389,0.9124191495230393,-0.5784279906300535,-0.5776581893550843,1.7343632929879855,-0.5767344287272242,0
-1.6919958158877793,0.10281024149414371,0.3413519501232164,0.9553415103518479,-0.9115834940401767,-1.5477679860172513,0.9702425509371355,1.622710079607583,-0.721130416342303,0.31199944527389917,-1.0028039309991141,-0.5787359118286177,1.7427397119690018,1.0959875190286648,-1.0959875190286648,-0.5784279906300535,-0.5776581893550843,-0.5765804684883443,1.733900301750437,0
1.0395529718142866,1.0563461485071606,-1.0417596792253108,0.3269930992702747,-0.9115834940401767,0.646091668153197,-1.0306701134001208,-0.39792971760578516,-0.721130416342303,0.6616907433623979,-1.0028039309991141,1.7279038324066063,-0.5738091541336192,-0.9124191495230389,0.9124191495230393,1.7288236672481017,-0.5776581893550843,-0.5765804684883443,-0.5767344287272242,1
-0.4710762819906437,-0.9460792562201749,-0.695981771888179,0.6462119174501524,-0.9115834940401767,-1.5477679860172513,-1.0306701134001208,-1.6693004252255528,1.4128124215220779,1.0822055954941368,-1.0028039309991141,-0.5787359118286177,1.7427397119690018,1.0959875190286648,-1.0959875190286648,-0.5784279906300535,-0.5776581893550843,1.7343632929879855,-0.5767344287272242,0
0.33597222346678485,-0.08789693990845966,0.6871298574603482,0.5266546539985799,0.8077365626180215,0.646091668153197,-1.0306701134001208,0.04478850356630709,0.7014981422339509,-0.015559492176086938,0.9972039090469852,-0.5787359118286177,-0.5738091541336192,-0.9124191495230389,0.9124191495230393,1.7288236672481017,-0.5776581893550843,-0.5765804684883443,-0.5767344287272242,0
-1.702342591598772,-1.4228472097266833,-1.3875375865624426,-1.2258476714090278,-0.9115834940401767,0.646091668153197,-1.0306701134001208,-0.022387988638940724,1.4128124215220779,1.462882198476553,-1.0028039309991141,-0.5787359118286177,1.7427397119690018,-0.9124191495230389,0.9124191495230393,1.7288236672481017,-0.5776581893550843,-0.5765804684883443,-0.5767344287272242,0
-0.6262779176555339,-1.6135543911292867,0.6871298574603482,0.7817978924403968,-0.9115834940401767,0.646091668153197,0.9702425509371355,1.063560673776084,1.4128124215220779,1.0822055954941368,-1.0028039309991141,-0.5787359118286177,1.7427397119690018,-0.9124191495230389,0.9124191495230393,-0.5784279906300535,-0.5776581893550843,1.7343632929879855,-0.5767344287272242,0
-0.4400359548576657,-1.0414328469214764,-0.35020386455104724,0.3236485622000917,-0.9115834940401767,0.646091668153197,0.9702425509371355,-0.8860876583536391,-0.009816137054176019,1.6886322769893813,-1.0028039309991141,1.7279038324066063,-0.5738091541336192,-0.9124191495230389,0.9124191495230393,-0.5784279906300535,-0.5776581893550843,1.7343632929879855,-0.5767344287272242,0
0.49117385913167494,1.247053329909764,1.7244635794717436,0.49393146482052913,2.52705661927622,0.646091668153197,-1.0306701134001208,-1.239556137526145,0.7014981422339509,-1.126603996229418,-1.0028039309991141,1.7279038324066063,-0.5738091541336192,-0.9124191495230389,0.9124191495230393,-0.5784279906300535,-0.5776581893550843,1.7343632929879855,-0.5767344287272242,1
0.08764960640296066,-0.3739577120123647,0.3413519501232164,-1.2258476714090278,0.8077365626180215,0.646091668153197,0.9702425509371355,-0.7166203691331576,-1.43244469563043,0.45807302548808215,0.9972039090469852,-0.5787359118286177,-0.5738091541336192,-0.9124191495230389,0.9124191495230393,-0.5784279906300535,1.731127539482183,-0.5765804684883443,-0.5767344287272242,0
-0.38830207630270236,-0.4693113027136664,-0.004425957213915414,1.0835657534442242,-0.9115834940401767,0.646091668153197,-1.0306701134001208,-0.9664803128122633,0.7014981422339509,1.3079556740069649,0.9972039090469852,-0.5787359118286177,-0.5738091541336192,-0.9124191495230389,0.9124191495230393,1.7288236672481017,-0.5776581893550843,-0.5765804684883443,-0.5767344287272242,0
-0.5745440391005705,-1.3274936190253817,0.6871298574603482,0.48216676558549026,0.8077365626180215,-1.5477679860172513,0.9702425509371355,1.3378323400727519,-0.009816137054176019,-0.4449272885632309,-1.0028039309991141,1.7279038324066063,-0.5738091541336192,1.0959875190286648,-1.0959875190286648,-0.5784279906300535,1.731127539482183,-0.5765804684883443,-0.5767344287272242,0
0.6670690462185503,-0.3739577120123647,-0.35020386455104724,-0.5820406330497869,0.8077365626180215,0.646091668153197,0.9702425509371355,1.7348524411176762,1.4128124215220779,-0.5423096753726862,-1.0028039309991141,-0.5787359118286177,1.7427397119690018,1.0959875190286648,-1.0959875190286648,-0.5784279906300535,1.731127539482183,-0.5765804684883443,-0.5767344287272242,0
0.32562544775579216,2.105235646221479,1.7244635794717436,-0.04483887068511679,-0.9115834940401767,0.646091668153197,0.9702425509371355,1.2528964613835838,-0.721130416342303,-0.015559492176086938,0.9972039090469852,-0.5787359118286177,-0.5738091541336192,-0.9124191495230389,0.9124191495230393,-0.5784279906300535,-0.5776581893550843,-0.5765804684883443,1.733900301750437,0
-0.026164926417958756,-0.4693113027136664,-1.7333154938995745,-1.2258476714090278,-0.9115834940401767,0.646091668153197,0.9702425509371355,1.1796971148724806,-1.43244469563043,-0.7149420883530843,0.9972039090469852,-0.5787359118286177,-0.5738091541336192,-0.9124191495230389,0.9124191495230393,-0.5784279906300535,-0.5776581893550843,1.7343632929879855,-0.5767344287272242,0
0.1497302606689167,0.0074566507928420294,1.7244635794717436,-0.4834147737273075,-0.9115834940401767,0.646091668153197,-1.0306701134001208,0.6385550626758468,-0.721130416342303,-0.6087067572882239,0.9972039090469852,-0.5787359118286177,-0.5738091541336192,-0.9124191495230389,0.9124191495230393,-0.5784279906300535,1.731127539482183,-0.5765804684883443,-0.5767344287272242,0
