0,1,2,3,4,5,6,7,8,9,10,11,12,13,14,15,16,17,18,Exited
-0.5124633848346144,-1.4228472097266833,0.6871298574603482,-1.2258476714090278,0.8077365626180215,-1.5477679860172513,-1.0306701134001208,0.7750308963000478,0.7014981422339509,-1.3789129075084614,-1.0028039309991141,-0.5787359118286177,1.7427397119690018,-0.9124191495230389,0.9124191495230393,-0.5784279906300535,-0.5776581893550843,-0.5765804684883443,1.733900301750437,0
0.05660927926998263,-0.5646648934149681,-0.35020386455104724,-1.2258476714090278,0.8077365626180215,0.646091668153197,-1.0306701134001208,0.2889314654630587,0.7014981422339509,1.7151911097555963,-1.0028039309991141,-0.5787359118286177,1.7427397119690018,-0.9124191495230389,0.9124191495230393,-0.5784279906300535,-0.5776581893550843,-0.5765804684883443,1.733900301750437,0
0.32562544775579216,0.48422460429935044,-0.695981771888179,0.6217942966088386,-0.9115834940401767,-1.5477679860172513,-1.0306701134001208,-1.3271953102746388,-1.43244469563043,-0.08195657409162466,0.9972039090469852,-0.5787359118286177,-0.5738091541336192,-0.9124191495230389,0.9124191495230393,-0.5784279906300535,-0.5776581893550843,1.7343632929879855,-0.5767344287272242,0
2.063883767202561,0.48422460429935044,1.03290776479748,-1.2258476714090278,0.8077365626180215,0.646091668153197,0.9702425509371355,1.452452460302216,-1.43244469563043,0.7812054908103657,-1.0028039309991141,-0.5787359118286177,1.7427397119690018,-0.9124191495230389,0.9124191495230393,-0.5784279906300535,1.731127539482183,-0.5765804684883443,-0.5767344287272242,0
0.5739480648196164,0.48422460429935044,-1.0417596792253108,1.7541076120391004,0.8077365626180215,0.646091668153197,-1.0306701134001208,-0.6029954214176215,1.4128124215220779,-0.31213312473215543,-1.0028039309991141,1.7279038324066063,-0.5738091541336192,1.0959875190286648,-1.0959875190286648,-0.5784279906300535,1.731127539482183,-0.5765804684883443,-0.5767344287272242,0
-0.30552787061476094,-0.5646648934149681,-0.35020386455104724,-1.2258476714090278,0.8077365626180215,0.646091668153197,0.9702425509371355,-1.039705916714526,0.7014981422339509,1.3610733395393952,-1.0028039309991141,-0.5787359118286177,1.7427397119690018,-0.9124191495230389,0.9124191495230393,-0.5784279906300535,-0.5776581893550843,-0.5765804684883443,1.733900301750437,0
-0.7607860018984386,0.1981638321954454,-0.35020386455104724,0.20081519743303086,-0.9115834940401767,-1.5477679860172513,0.9702425509371355,0.6109971481494092,0.7014981422339509,0.49791127463740475,-1.0028039309991141,-0.5787359118286177,1.7427397119690018,-0.9124191495230389,0.9124191495230393,1.7288236672481017,-0.5776581893550843,-0.5765804684883443,-0.5767344287272242,0
0.2945851206228141,0.0074566507928420294,-1.7333154938995745,0.16600431705907226,-0.9115834940401767,-1.5477679860172513,0.9702425509371355,1.038824820184215,1.4128124215220779,1.7417499425218115,0.9972039090469852,-0.5787359118286177,-0.5738091541336192,-0.9124191495230389,0.9124191495230393,-0.5784279906300535,-0.5776581893550843,1.7343632929879855,-0.5767344287272242,0
-0.5538504876785851,-0.3739577120123647,-1.7333154938995745,0.8177848420601386,-0.9115834940401767,0.646091668153197,0.9702425509371355,0.9610222573899204,0.7014981422339509,1.1574556216650795,-1.0028039309991141,-0.5787359118286177,1.7427397119690018,-0.9124191495230389,0.9124191495230393,-0.5784279906300535,-0.5776581893550843,-0.5765804684883443,1.733900301750437,0
-0.8332134318753873,-0.4693113027136664,1.7244635794717436,-1.2258476714090278,0.8077365626180215,-1.5477679860172513,0.9702425509371355,1.448449512325521,0.7014981422339509,-0.17048601664567495,-1.0028039309991141,-0.5787359118286177,1.7427397119690018,-0.9124191495230389,0.9124191495230393,-0.5784279906300535,-0.5776581893550843,-0.5765804684883443,1.733900301750437,0
-0.13997945923887817,0.6749317857019538,-1.0417596792253108,1.0740555876079905,-0.9115834940401767,0.646091668153197,-1.0306701134001208,1.1634323130045334,-0.721130416342303,-1.038074553675368,-1.0028039309991141,1.7279038324066063,-0.5738091541336192,1.0959875190286648,-1.0959875190286648,1.7288236672481017,-0.5776581893550843,-0.5765804684883443,-0.5767344287272242,1
0.6567222705075577,-1.7089079818305883,0.3413519501232164,0.1589349196262227,0.8077365626180215,-1.5477679860172513,-1.0306701134001208,-1.2652176076288717,0.7014981422339509,1.3433674510285851,-1.0028039309991141,1.7279038324066063,-0.5738091541336192,-0.9124191495230389,0.9124191495230393,-0.5784279906300535,1.731127539482183,-0.5765804684883443,-0.5767344287272242,0
0.3773593263107555,-0.5646648934149681,1.378685672134612,0.953236509878406,0.8077365626180215,0.646091668153197,-1.0306701134001208,0.3766061117731187,-1.43244469563043,-0.5024714262233636,-1.0028039309991141,1.7279038324066063,-0.5738091541336192,-0.9124191495230389,0.9124191495230393,-0.5784279906300535,-0.5776581893550843,1.7343632929879855,-0.5767344287272242,0
0.9257384389933673,0.10281024149414371,-1.0417596792253108,0.7341903272939779,0.8077365626180215,0.646091668153197,0.9702425509371355,-1.2046647597059994,-0.721130416342303,-1.2771040485713037,-1.0028039309991141,1.7279038324066063,-0.5738091541336192,1.0959875190286648,-1.0959875190286648,-0.5784279906300535,1.731127539482183,-0.5765804684883443,-0.5767344287272242,0
-0.9470279646963067,0.10281024149414371,0.6871298574603482,1.0896010818155046,-0.9115834940401767,0.646091668153197,0.9702425509371355,-1.4115050110461662,-0.009816137054176019,-1.5559717926165622,-1.0028039309991141,-0.5787359118286177,1.7427397119690018,1.0959875190286648,-1.0959875190286648,-0.5784279906300535,-0.5776581893550843,-0.5765804684883443,1.733900301750437,0
-0.5435037119675924,0.8656389671045572,0.3413519501232164,0.7083443705139316,-0.9115834940401767,0.646091668153197,-1.0306701134001208,-1.2077481773221048,-0.721130416342303,0.3031465010184941,0.9972039090469852,-0.5787359118286177,-0.5738091541336192,-0.9124191495230389,0.9124191495230393,-0.5784279906300535,1.731127539482183,-0.5765804684883443,-0.5767344287272242,1
-1.3091651145810503,-1.0414328469214764,0.6871298574603482,-1.2258476714090278,0.8077365626180215,-1.5477679860172513,0.9702425509371355,0.8174652748731499,-1.43244469563043,1.6664999163508687,0.9972039090469852,-0.5787359118286177,-0.5738091541336192,1.0959875190286648,-1.0959875190286648,-0.5784279906300535,-0.5776581893550843,1.7343632929879855,-0.5767344287272242,0
0.10834315782494601,0.1981638321954454,-1.3875375865624426,-1.2258476714090278,0.8077365626180215,-1.5477679860172513,0.9702425509371355,0.5427183671855048,-1.43244469563043,0.28544061250768404,0.9972039090469852,-0.5787359118286177,-0.5738091541336192,1.0959875190286648,-1.0959875190286648,-0.5784279906300535,-0.5776581893550843,1.7343632929879855,-0.5767344287272242,0
-1.1953505817601309,1.3424069206110656,-0.004425957213915414,1.0438561872570515,0.8077365626180215,0.646091668153197,0.9702425509371355,-0.4208414650171362,-1.43244469563043,-0.13064776749635232,-1.0028039309991141,1.7279038324066063,-0.5738091541336192,1.0959875190286648,-1.0959875190286648,-0.5784279906300535,-0.5776581893550843,1.7343632929879855,-0.5767344287272242,0
-0.5435037119675924,-0.4693113027136664,-0.35020386455104724,-1.2258476714090278,0.8077365626180215,-1.5477679860172513,-1.0306701134001208,-0.6815789242363879,0.7014981422339509,-1.6267953466598024,0.9972039090469852,-0.5787359118286177,-0.5738091541336192,1.0959875190286648,-1.0959875190286648,-0.5784279906300535,-0.5776581893550843,-0.5765804684883443,1.733900301750437,0
0.6567222705075577,0.6749317857019538,-1.3875375865624426,-1.2258476714090278,-0.9115834940401767,0.646091668153197,-1.0306701134001208,0.9055765589924837,-0.721130416342303,0.6218524942130752,0.9972039090469852,-0.5787359118286177,-0.5738091541336192,-0.9124191495230389,0.9124191495230393,-0.5784279906300535,-0.5776581893550843,1.7343632929879855,-0.5767344287272242,1
-0.005471374995973408,2.0098820555201775,1.03290776479748,-1.2258476714090278,0.8077365626180215,0.646091668153197,0.9702425509371355,0.04930686152575255,-0.009816137054176019,-1.5515453204888596,0.9972039090469852,-0.5787359118286177,-0.5738091541336192,-0.9124191495230389,0.9124191495230393,-0.5784279906300535,1.731127539482183,-0.5765804684883443,-0.5767344287272242,0
1.2361417103231473,-0.8507256655188732,1.03290776479748,-1.2258476714090278,0.8077365626180215,-1.5477679860172513,0.9702425509371355,-0.8564150674438568,-0.009816137054176019,-0.04211832494230203,-1.0028039309991141,-0.5787359118286177,1.7427397119690018,-0.9124191495230389,0.9124191495230393,-0.5784279906300535,1.731127539482183,-0.5765804684883443,-0.5767344287272242,0
1.5568917573639203,1.8191748741175742,-1.3875375865624426,0.055593564344431065,0.8077365626180215,0.646091668153197,0.9702425509371355,-1.2103796548082613,-1.43244469563043,0.6793966318732079,-1.0028039309991141,-0.5787359118286177,1.7427397119690018,-0.9124191495230389,0.9124191495230393,-0.5784279906300535,1.731127539482183,-0.5765804684883443,-0.5767344287272242,0
0.18077058780189473,-1.0414328469214764,-1.3875375865624426,0.7697038361189468,-0.9115834940401767,-1.5477679860172513,-1.0306701134001208,0.2463663216041841,-1.43244469563043,-0.34311842962607303,-1.0028039309991141,1.7279038324066063,-0.5738091541336192,1.0959875190286648,-1.0959875190286648,1.7288236672481017,-0.5776581893550843,-0.5765804684883443,-0.5767344287272242,0
-0.4400359548576657,1.6284676927149706,1.7244635794717436,0.8457394855486571,0.8077365626180215,0.646091668153197,-1.0306701134001208,0.7373249348156631,-0.721130416342303,-1.4408835172962966,0.9972039090469852,-0.5787359118286177,-0.5738091541336192,1.0959875190286648,-1.0959875190286648,-0.5784279906300535,-0.5776581893550843,1.7343632929879855,-0.5767344287272242,1
-0.005471374995973408,-1.3274936190253817,-1.0417596792253108,0.606546906625521,-0.9115834940401767,0.646091668153197,0.9702425509371355,-1.30009159644825,-1.43244469563043,1.1928673986866996,-1.0028039309991141,1.7279038324066063,-0.5738091541336192,1.0959875190286648,-1.0959875190286648,1.7288236672481017,-0.5776581893550843,-0.5765804684883443,-0.5767344287272242,0
0.7188029247735137,2.0098820555201775,1.378685672134612,0.632024720715793,0.8077365626180215,-1.5477679860172513,-1.0306701134001208,0.9992039819353056,-1.43244469563043,-1.4718688221902143,-1.0028039309991141,1.7279038324066063,-0.5738091541336192,-0.9124191495230389,0.9124191495230393,-0.5784279906300535,-0.5776581893550843,1.7343632929879855,-0.5767344287272242,1
-2.1265603957494714,2.105235646221479,-1.0417596792253108,0.980368962684059,-0.9115834940401767,-1.5477679860172513,0.9702425509371355,-1.2203670273991156,-0.009816137054176019,-1.2018540224003609,-1.0028039309991141,1.7279038324066063,-0.5738091541336192,1.0959875190286648,-1.0959875190286648,-0.5784279906300535,-0.5776581893550843,1.7343632929879855,-0.5767344287272242,0
0.7498432519064918,-0.8507256655188732,-0.695981771888179,0.7634297038261321,-0.9115834940401767,0.646091668153197,-1.0306701134001208,1.0799974528616227,0.7014981422339509,1.4982939754981732,0.9972039090469852,-0.5787359118286177,-0.5738091541336192,-0.9124191495230389,0.9124191495230393,-0.5784279906300535,-0.5776581893550843,1.7343632929879855,-0.5767344287272242,0
-0.5331569362565998,-1.0414328469214764,-0.35020386455104724,0.8069312839619595,0.8077365626180215,0.646091668153197,-1.0306701134001208,-0.6824687194056646,1.4128124215220779,-1.5692512089996695,-1.0028039309991141,-0.5787359118286177,1.7427397119690018,1.0959875190286648,-1.0959875190286648,-0.5784279906300535,-0.5776581893550843,1.7343632929879855,-0.5767344287272242,1
-0.8642537590083653,0.10281024149414371,1.03290776479748,-0.7666767732520395,-0.9115834940401767,0.646091668153197,0.9702425509371355,-0.08606894390989143,-0.721130416342303,-0.5246037868618761,-1.0028039309991141,-0.5787359118286177,1.7427397119690018,-0.9124191495230389,0.9124191495230393,-0.5784279906300535,-0.5776581893550843,-0.5765804684883443,1.733900301750437,0
0.47048030770968957,0.38887101359804876,-0.35020386455104724,-1.2258476714090278,0.8077365626180215,0.646091668153197,0.9702425509371355,-0.5857288392154548,0.7014981422339509,0.3164259174016017,-1.0028039309991141,-0.5787359118286177,1.7427397119690018,1.0959875190286648,-1.0959875190286648,1.7288236672481017,-0.5776581893550843,-0.5765804684883443,-0.5767344287272242,0
-1.4022860959799843,0.8656389671045572,-0.004425957213915414,0.8478669239744578,-0.9115834940401767,-1.5477679860172513,0.9702425509371355,0.8323361744395686,-0.009816137054176019,-1.494001182828727,0.9972039090469852,-0.5787359118286177,-0.5738091541336192,-0.9124191495230389,0.9124191495230393,-0.5784279906300535,-0.5776581893550843,-0.5765804684883443,1.733900301750437,1
-0.09859235639490747,-0.18325053060976135,0.6871298574603482,-1.2258476714090278,0.8077365626180215,0.646091668153197,-1.0306701134001208,-0.4319765116586498,-0.721130416342303,-0.40066256728620575,0.9972039090469852,-0.5787359118286177,-0.5738091541336192,-0.9124191495230389,0.9124191495230393,-0.5784279906300535,-0.5776581893550843,1.7343632929879855,-0.5767344287272242,0
0.8015771304614552,2.868064371831893,-1.3875375865624426,-1.2258476714090278,0.8077365626180215,0.646091668153197,0.9702425509371355,0.5514855535924984,0.7014981422339509,-1.175295189634146,0.9972039090469852,-0.5787359118286177,-0.5738091541336192,1.0959875190286648,-1.0959875190286648,-0.5784279906300535,-0.5776581893550843,1.7343632929879855,-0.5767344287272242,0
-1.350552217425021,-0.8507256655188732,-0.35020386455104724,1.1016569936179443,0.8077365626180215,-1.5477679860172513,-1.0306701134001208,0.7837347867442471,-0.009816137054176019,0.7634996022995557,-1.0028039309991141,-0.5787359118286177,1.7427397119690018,1.0959875190286648,-1.0959875190286648,-0.5784279906300535,1.731127539482183,-0.5765804684883443,-0.5767344287272242,0
-1.3402054417140283,3.630893097442306,0.3413519501232164,-1.2258476714090278,0.8077365626180215,0.646091668153197,0.9702425509371355,-0.8874674755645457,0.7014981422339509,-1.064633386441583,0.9972039090469852,-0.5787359118286177,-0.5738091541336192,1.0959875190286648,-1.0959875190286648,1.7288236672481017,-0.5776581893550843,-0.5765804684883443,-0.5767344287272242,0
0.5946416162416017,0.7702853764032556,-1.7333154938995745,0.8030099312450643,0.8077365626180215,-1.5477679860172513,0.9702425509371355,0.5675740309926627,1.4128124215220779,1.1043379561326494,0.9972039090469852,-0.5787359118286177,-0.5738091541336192,1.0959875190286648,-1.0959875190286648,-0.5784279906300535,1.731127539482183,-0.5765804684883443,-0.5767344287272242,1
0.8740045604384039,3.2494787346370995,1.378685672134612,-1.2258476714090278,-0.9115834940401767,0.646091668153197,0.9702425509371355,0.24680365497348866,-1.43244469563043,-0.945118638993615,0.9972039090469852,-0.5787359118286177,-0.5738091541336192,-0.9124191495230389,0.9124191495230393,-0.5784279906300535,-0.5776581893550843,-0.5765804684883443,1.733900301750437,0
0.035915727847997285,0.7702853764032556,1.7244635794717436,-1.2258476714090278,0.8077365626180215,0.646091668153197,-1.0306701134001208,1.224042022959916,-1.43244469563043,-0.09966246260243472,0.9972039090469852,-0.5787359118286177,-0.5738091541336192,-0.9124191495230389,0.9124191495230393,-0.5784279906300535,-0.5776581893550843,1.7343632929879855,-0.5767344287272242,0
1.122327177502228,-0.3739577120123647,0.6871298574603482,1.1451454315245333,-0.9115834940401767,0.646091668153197,0.9702425509371355,0.11642736114852877,0.7014981422339509,-1.3036628813375188,-1.0028039309991141,-0.5787359118286177,1.7427397119690018,1.0959875190286648,-1.0959875190286648,-0.5784279906300535,-0.5776581893550843,-0.5765804684883443,1.733900301750437,0
0.7084561490625211,1.0563461485071606,-1.0417596792253108,-1.2258476714090278,0.8077365626180215,-1.5477679860172513,-1.0306701134001208,-1.5531526812786576,0.7014981422339509,1.4318968935826355,-1.0028039309991141,-0.5787359118286177,1.7427397119690018,-0.9124191495230389,0.9124191495230393,-0.5784279906300535,-0.5776581893550843,1.7343632929879855,-0.5767344287272242,0
0.35666577488877016,0.10281024149414371,0.6871298574603482,-1.2258476714090278,-0.9115834940401767,0.646091668153197,-1.0306701134001208,-0.47363290633741106,0.7014981422339509,1.197293870814402,0.9972039090469852,-0.5787359118286177,-0.5738091541336192,1.0959875190286648,-1.0959875190286648,-0.5784279906300535,-0.5776581893550843,-0.5765804684883443,1.733900301750437,1
-0.6987053476324826,-1.23214002832408,1.7244635794717436,-0.05850422475604314,0.8077365626180215,0.646091668153197,-1.0306701134001208,-0.05735048747222571,-0.009816137054176019,-0.5378832032449837,-1.0028039309991141,1.7279038324066063,-0.5738091541336192,1.0959875190286648,-1.0959875190286648,1.7288236672481017,-0.5776581893550843,-0.5765804684883443,-0.5767344287272242,0
-0.9263344132743214,-0.5646648934149681,0.3413519501232164,-1.2258476714090278,0.8077365626180215,-1.5477679860172513,-1.0306701134001208,1.2796591769049215,-0.009816137054176019,-1.71089831708615,0.9972039090469852,-0.5787359118286177,-0.5738091541336192,-0.9124191495230389,0.9124191495230393,1.7288236672481017,-0.5776581893550843,-0.5765804684883443,-0.5767344287272242,0
1.122327177502228,-0.5646648934149681,-1.0417596792253108,-1.2258476714090278,0.8077365626180215,0.646091668153197,-1.0306701134001208,-0.7565321253649085,-1.43244469563043,-0.790192114524027,0.9972039090469852,-0.5787359118286177,-0.5738091541336192,1.0959875190286648,-1.0959875190286648,-0.5784279906300535,-0.5776581893550843,-0.5765804684883443,1.733900301750437,0
-0.8539069832973727,0.6749317857019538,-0.695981771888179,-1.2258476714090278,0.8077365626180215,0.646091668153197,0.9702425509371355,-1.2297087463914698,1.4128124215220779,-0.7105156162253817,-1.0028039309991141,-0.5787359118286177,1.7427397119690018,1.0959875190286648,-1.0959875190286648,1.7288236672481017,-0.5776581893550843,-0.5765804684883443,-0.5767344287272242,0
0.18077058780189473,-0.4693113027136664,-0.004425957213915414,0.06020552518071566,0.8077365626180215,-1.5477679860172513,-1.0306701134001208,-0.7531049272036281,-0.009816137054176019,1.1751615101758894,-1.0028039309991141,1.7279038324066063,-0.5738091541336192,-0.9124191495230389,0.9124191495230393,-0.5784279906300535,1.731127539482183,-0.5765804684883443,-0.5767344287272242,0
0.3773593263107555,-0.3739577120123647,-1.3875375865624426,0.7798046009154846,0.8077365626180215,0.646091668153197,0.9702425509371355,0.8424419661256499,-0.009816137054176019,-1.3612070189976515,-1.0028039309991141,1.7279038324066063,-0.5738091541336192,-0.9124191495230389,0.9124191495230393,-0.5784279906300535,-0.5776581893550843,-0.5765804684883443,1.733900301750437,0
-0.7607860018984386,-0.7553720748175714,0.3413519501232164,-1.2258476714090278,-0.9115834940401767,0.646091668153197,0.9702425509371355,1.6746478948801782,0.7014981422339509,-0.6573979506929516,-1.0028039309991141,-0.5787359118286177,1.7427397119690018,-0.9124191495230389,0.9124191495230393,-0.5784279906300535,1.731127539482183,-0.5765804684883443,-0.5767344287272242,0
0.8326174575944332,-0.8507256655188732,-0.004425957213915414,-1.2258476714090278,0.8077365626180215,0.646091668153197,-1.0306701134001208,1.5552457994396323,0.7014981422339509,-0.8344568358010521,0.9972039090469852,-0.5787359118286177,-0.5738091541336192,1.0959875190286648,-1.0959875190286648,-0.5784279906300535,-0.5776581893550843,-0.5765804684883443,1.733900301750437,0
-0.11928590781689281,-0.08789693990845966,-0.35020386455104724,0.08117811897949616,0.8077365626180215,-1.5477679860172513,0.9702425509371355,0.3283831087344998,0.7014981422339509,1.1220438446434593,0.9972039090469852,-0.5787359118286177,-0.5738091541336192,1.0959875190286648,-1.0959875190286648,-0.5784279906300535,1.731127539482183,-0.5765804684883443,-0.5767344287272242,0
0.2635447934898361,-0.6600184841162697,-0.004425957213915414,-1.2258476714090278,0.8077365626180215,0.646091668153197,0.9702425509371355,-0.4282011857020026,1.4128124215220779,1.1308967888988644,0.9972039090469852,-0.5787359118286177,-0.5738091541336192,1.0959875190286648,-1.0959875190286648,1.7288236672481017,-0.5776581893550843,-0.5765804684883443,-0.5767344287272242,0
0.12903670924693136,-0.4693113027136664,0.6871298574603482,-1.2258476714090278,0.8077365626180215,0.646091668153197,0.9702425509371355,1.3969801567336042,-0.009816137054176019,1.3522203952839902,0.9972039090469852,-0.5787359118286177,-0.5738091541336192,-0.9124191495230389,0.9124191495230393,-0.5784279906300535,-0.5776581893550843,-0.5765804684883443,1.733900301750437,0
0.5636012891086236,-0.5646648934149681,0.6871298574603482,-0.12921053995833678,-0.9115834940401767,0.646091668153197,0.9702425509371355,-0.6124004363727698,-1.43244469563043,0.2367494191029564,-1.0028039309991141,-0.5787359118286177,1.7427397119690018,-0.9124191495230389,0.9124191495230393,1.7288236672481017,-0.5776581893550843,-0.5765804684883443,-0.5767344287272242,0
0.17042381209090204,0.8656389671045572,-1.0417596792253108,-1.2258476714090278,0.8077365626180215,0.646091668153197,0.9702425509371355,0.8436821496603932,-1.43244469563043,0.8431761005982009,0.9972039090469852,-0.5787359118286177,-0.5738091541336192,1.0959875190286648,-1.0959875190286648,-0.5784279906300535,-0.5776581893550843,-0.5765804684883443,1.733900301750437,0
-1.4333264231129623,0.1981638321954454,1.03290776479748,1.1004916625350758,-0.9115834940401767,0.646091668153197,-1.0306701134001208,-0.612456602845249,0.7014981422339509,-1.1000451634632031,0.9972039090469852,-0.5787359118286177,-0.5738091541336192,1.0959875190286648,-1.0959875190286648,-0.5784279906300535,-0.5776581893550843,-0.5765804684883443,1.733900301750437,1
0.035915727847997285,0.2935174228967471,0.6871298574603482,0.36505267460362617,-0.9115834940401767,0.646091668153197,0.9702425509371355,-0.5648354331231958,-0.009816137054176019,1.3477939231562877,0.9972039090469852,-0.5787359118286177,-0.5738091541336192,-0.9124191495230389,0.9124191495230393,-0.5784279906300535,-0.5776581893550843,-0.5765804684883443,1.733900301750437,0
1.1119804017912354,-1.518200800427985,-0.004425957213915414,0.7413052417158986,-0.9115834940401767,0.646091668153197,-1.0306701134001208,0.041222367288893697,1.4128124215220779,-0.2678684034551303,-1.0028039309991141,1.7279038324066063,-0.5738091541336192,1.0959875190286648,-1.0959875190286648,-0.5784279906300535,1.731127539482183,-0.5765804684883443,-0.5767344287272242,1
0.2635447934898361,0.8656389671045572,-0.695981771888179,0.0674989815949779,-0.9115834940401767,-1.5477679860172513,-1.0306701134001208,0.02273820725298165,-0.009816137054176019,1.1043379561326494,-1.0028039309991141,1.7279038324066063,-0.5738091541336192,-0.9124191495230389,0.9124191495230393,-0.5784279906300535,-0.5776581893550843,-0.5765804684883443,1.733900301750437,0
-0.9780682918292848,-0.5646648934149681,-0.695981771888179,0.7649333671763554,0.8077365626180215,0.646091668153197,-1.0306701134001208,-0.6514387430959655,-0.721130416342303,-0.3077066526044529,-1.0028039309991141,1.7279038324066063,-0.5738091541336192,-0.9124191495230389,0.9124191495230393,-0.5784279906300535,1.731127539482183,-0.5765804684883443,-0.5767344287272242,0
0.04626250355898996,1.1516997392084622,-0.695981771888179,-1.2258476714090278,0.8077365626180215,-1.5477679860172513,0.9702425509371355,-1.4657053092086298,-1.43244469563043,0.09952878314417844,0.9972039090469852,-0.5787359118286177,-0.5738091541336192,1.0959875190286648,-1.0959875190286648,-0.5784279906300535,-0.5776581893550843,-0.5765804684883443,1.733900301750437,0
-0.38830207630270236,-1.8996151632331917,-0.004425957213915414,-1.2258476714090278,-0.9115834940401767,0.646091668153197,0.9702425509371355,1.3357032308187704,-1.43244469563043,-1.2372657994219811,-1.0028039309991141,-0.5787359118286177,1.7427397119690018,-0.9124191495230389,0.9124191495230393,-0.5784279906300535,-0.5776581893550843,-0.5765804684883443,1.733900301750437,0
-0.5331569362565998,-1.0414328469214764,0.6871298574603482,0.6926969438942726,-0.9115834940401767,-1.5477679860172513,-1.0306701134001208,-1.1980990207961801,-1.43244469563043,-1.4984276549564295,0.9972039090469852,-0.5787359118286177,-0.5738091541336192,-0.9124191495230389,0.9124191495230393,-0.5784279906300535,-0.5776581893550843,1.7343632929879855,-0.5767344287272242,0
1.5775853087859057,-0.6600184841162697,1.378685672134612,1.8533259935749433,-0.9115834940401767,0.646091668153197,0.9702425509371355,-0.7966386384052563,-1.43244469563043,-0.37853020664769316,0.9972039090469852,-0.5787359118286177,-0.5738091541336192,1.0959875190286648,-1.0959875190286648,-0.5784279906300535,-0.5776581893550843,-0.5765804684883443,1.733900301750437,1
-2.2921088071253544,-1.4228472097266833,-0.35020386455104724,0.30861577520397826,-0.9115834940401767,0.646091668153197,-1.0306701134001208,-0.9376060509277202,-0.721130416342303,-1.126603996229418,0.9972039090469852,-0.5787359118286177,-0.5738091541336192,-0.9124191495230389,0.9124191495230393,-0.5784279906300535,1.731127539482183,-0.5765804684883443,-0.5767344287272242,0
-0.398648852013695,0.2935174228967471,1.7244635794717436,-0.01584086241190918,-0.9115834940401767,-1.5477679860172513,-1.0306701134001208,0.8623647181950631,-0.721130416342303,-1.6223688745320999,0.9972039090469852,-0.5787359118286177,-0.5738091541336192,1.0959875190286648,-1.0959875190286648,1.7288236672481017,-0.5776581893550843,-0.5765804684883443,-0.5767344287272242,0
-1.3091651145810503,-0.9460792562201749,1.378685672134612,1.0866653962915187,0.8077365626180215,0.646091668153197,-1.0306701134001208,-1.182920509806183,-0.009816137054176019,-1.3080893534652211,-1.0028039309991141,1.7279038324066063,-0.5738091541336192,-0.9124191495230389,0.9124191495230393,-0.5784279906300535,-0.5776581893550843,1.7343632929879855,-0.5767344287272242,0
-0.15032623494987085,0.0074566507928420294,-0.695981771888179,0.6707385226314949,-0.9115834940401767,0.646091668153197,-1.0306701134001208,1.4711360721769318,-0.009816137054176019,-1.1398834126125257,0.9972039090469852,-0.5787359118286177,-0.5738091541336192,1.0959875190286648,-1.0959875190286648,-0.5784279906300535,1.731127539482183,-0.5765804684883443,-0.5767344287272242,0
0.24285124206785078,-1.1367864376227783,-0.35020386455104724,0.04260727887453808,-0.9115834940401767,-1.5477679860172513,0.9702425509371355,-0.8580847592975588,-1.43244469563043,0.5023377467651073,0.9972039090469852,-0.5787359118286177,-0.5738091541336192,1.0959875190286648,-1.0959875190286648,-0.5784279906300535,-0.5776581893550843,1.7343632929879855,-0.5767344287272242,0
1.9397224586706492,-0.7553720748175714,-1.0417596792253108,-1.2258476714090278,0.8077365626180215,0.646091668153197,-1.0306701134001208,-1.5974802003653252,-1.43244469563043,0.7812054908103657,0.9972039090469852,-0.5787359118286177,-0.5738091541336192,-0.9124191495230389,0.9124191495230393,-0.5784279906300535,1.731127539482183,-0.5765804684883443,-0.5767344287272242,0
-0.7607860018984386,-0.8507256655188732,1.03290776479748,0.25621273882519674,0.8077365626180215,-1.5477679860172513,0.9702425509371355,0.458102272220453,0.7014981422339509,-0.16605954451797245,0.9972039090469852,-0.5787359118286177,-0.5738091541336192,1.0959875190286648,-1.0959875190286648,-0.5784279906300535,-0.5776581893550843,-0.5765804684883443,1.733900301750437,0
-0.367608524880717,0.5795781950006521,-0.004425957213915414,-1.2258476714090278,0.8077365626180215,0.646091668153197,0.9702425509371355,1.126744651405098,0.7014981422339509,-0.3077066526044529,0.9972039090469852,-0.5787359118286177,-0.5738091541336192,-0.9124191495230389,0.9124191495230393,1.7288236672481017,-0.5776581893550843,-0.5765804684883443,-0.5767344287272242,0
0.08764960640296066,0.0074566507928420294,-1.3875375865624426,0.44901901829459145,-0.9115834940401767,0.646091668153197,-1.0306701134001208,-1.381339615854631,1.4128124215220779,1.591249890179926,-1.0028039309991141,1.7279038324066063,-0.5738091541336192,1.0959875190286648,-1.0959875190286648,1.7288236672481017,-0.5776581893550843,-0.5765804684883443,-0.5767344287272242,0
0.2842383449118215,-0.7553720748175714,-1.0417596792253108,-1.2258476714090278,0.8077365626180215,0.646091668153197,0.9702425509371355,-0.7179389770613626,-1.43244469563043,1.2459850642191297,0.9972039090469852,-0.5787359118286177,-0.5738091541336192,-0.9124191495230389,0.9124191495230393,1.7288236672481017,-0.5776581893550843,-0.5765804684883443,-0.5767344287272242,0
-0.42968917914667304,-0.18325053060976135,0.3413519501232164,-1.2258476714090278,0.8077365626180215,-1.5477679860172513,0.9702425509371355,-1.3573770511268957,-1.43244469563043,-0.5511626196280912,0.9972039090469852,-0.5787359118286177,-0.5738091541336192,-0.9124191495230389,0.9124191495230393,-0.5784279906300535,1.731127539482183,-0.5765804684883443,-0.5767344287272242,0
-0.367608524880717,0.1981638321954454,-0.35020386455104724,0.8638600553315324,-0.9115834940401767,-1.5477679860172513,0.9702425509371355,0.5316114907252345,-0.721130416342303,-0.7016626719699768,0.9972039090469852,-0.5787359118286177,-0.5738091541336192,-0.9124191495230389,0.9124191495230393,-0.5784279906300535,-0.5776581893550843,-0.5765804684883443,1.733900301750437,0
0.05660927926998263,0.7702853764032556,-1.3875375865624426,-1.2258476714090278,0.8077365626180215,0.646091668153197,0.9702425509371355,1.7018908946027156,1.4128124215220779,-0.9052803898442924,-1.0028039309991141,-0.5787359118286177,1.7427397119690018,-0.9124191495230389,0.9124191495230393,-0.5784279906300535,-0.5776581893550843,-0.5765804684883443,1.733900301750437,0
1.4534240002539935,1.247053329909764,0.6871298574603482,-1.2258476714090278,-0.9115834940401767,0.646091668153197,0.9702425509371355,0.394595728627201,-0.721130416342303,-0.6928097277145717,0.9972039090469852,-0.5787359118286177,-0.5738091541336192,1.0959875190286648,-1.0959875190286648,1.7288236672481017,-0.5776581893550843,-0.5765804684883443,-0.5767344287272242,0
0.4601335319986969,0.2935174228967471,0.6871298574603482,0.7207028741310402,-0.9115834940401767,-1.5477679860172513,-1.0306701134001208,-0.9340606075612203,-0.721130416342303,-0.188191905156485,0.9972039090469852,-0.5787359118286177,-0.5738091541336192,1.0959875190286648,-1.0959875190286648,-0.5784279906300535,1.731127539482183,-0.5765804684883443,-0.5767344287272242,0
-0.6573182447885119,-0.4693113027136664,-1.3875375865624426,-1.2258476714090278,0.8077365626180215,0.646091668153197,0.9702425509371355,-0.03751781042678852,0.7014981422339509,0.6307054384684803,-1.0028039309991141,-0.5787359118286177,1.7427397119690018,1.0959875190286648,-1.0959875190286648,1.7288236672481017,-0.5776581893550843,-0.5765804684883443,-0.5767344287272242,0
-0.3572617491697243,-0.27860412131106305,1.7244635794717436,0.02826606162434388,-0.9115834940401767,0.646091668153197,-1.0306701134001208,0.6406919969801739,0.7014981422339509,0.8077643235765808,-1.0028039309991141,1.7279038324066063,-0.5738091541336192,1.0959875190286648,-1.0959875190286648,-0.5784279906300535,-0.5776581893550843,-0.5765804684883443,1.733900301750437,0
-0.18136656208284888,2.105235646221479,-0.695981771888179,1.2936375564405318,-0.9115834940401767,-1.5477679860172513,0.9702425509371355,-0.8646091123855513,-1.43244469563043,-1.1664422453787409,0.9972039090469852,-0.5787359118286177,-0.5738091541336192,-0.9124191495230389,0.9124191495230393,-0.5784279906300535,-0.5776581893550843,1.7343632929879855,-0.5767344287272242,0
0.2325044663568581,-0.18325053060976135,-1.7333154938995745,-1.2258476714090278,0.8077365626180215,-1.5477679860172513,-1.0306701134001208,-0.3084666125667807,-1.43244469563043,-0.019985964303789454,-1.0028039309991141,-0.5787359118286177,1.7427397119690018,1.0959875190286648,-1.0959875190286648,-0.5784279906300535,-0.5776581893550843,1.7343632929879855,-0.5767344287272242,0
0.5015206348426676,-0.4693113027136664,1.03290776479748,-1.2258476714090278,-0.9115834940401767,0.646091668153197,0.9702425509371355,-0.41002881044985295,-0.721130416342303,-0.9008539177165898,-1.0028039309991141,-0.5787359118286177,1.7427397119690018,-0.9124191495230389,0.9124191495230393,-0.5784279906300535,-0.5776581893550843,1.7343632929879855,-0.5767344287272242,0
-0.005471374995973408,-0.7553720748175714,-1.3875375865624426,1.3475628476157764,0.8077365626180215,-1.5477679860172513,-1.0306701134001208,-1.2696827552459686,-1.43244469563043,-0.8964274455888874,0.9972039090469852,-0.5787359118286177,-0.5738091541336192,1.0959875190286648,-1.0959875190286648,1.7288236672481017,-0.5776581893550843,-0.5765804684883443,-0.5767344287272242,0
-1.0504957218062334,-0.7553720748175714,-0.35020386455104724,-1.2258476714090278,0.8077365626180215,-1.5477679860172513,0.9702425509371355,-1.2938353817520933,-1.43244469563043,-0.7946185866517296,0.9972039090469852,-0.5787359118286177,-0.5738091541336192,-0.9124191495230389,0.9124191495230393,-0.5784279906300535,-0.5776581893550843,1.7343632929879855,-0.5767344287272242,0
1.474117551675979,-0.08789693990845966,1.378685672134612,-1.2258476714090278,0.8077365626180215,0.646091668153197,-1.0306701134001208,-0.20632431761810202,-1.43244469563043,0.36954358293403183,-1.0028039309991141,-0.5787359118286177,1.7427397119690018,-0.9124191495230389,0.9124191495230393,-0.5784279906300535,-0.5776581893550843,-0.5765804684883443,1.733900301750437,0
1.24648848603414,1.7238212834162723,-0.35020386455104724,-1.2258476714090278,-0.9115834940401767,-1.5477679860172513,-1.0306701134001208,-0.24715977757062635,0.7014981422339509,0.20133764208133628,0.9972039090469852,-0.5787359118286177,-0.5738091541336192,1.0959875190286648,-1.0959875190286648,-0.5784279906300535,-0.5776581893550843,-0.5765804684883443,1.733900301750437,1
-0.21240688921582687,-1.23214002832408,-0.004425957213915414,-1.2258476714090278,0.8077365626180215,0.646091668153197,-1.0306701134001208,1.4349775578708535,1.4128124215220779,-0.7503538653747044,0.9972039090469852,-0.5787359118286177,-0.5738091541336192,1.0959875190286648,-1.0959875190286648,1.7288236672481017,-0.5776581893550843,-0.5765804684883443,-0.5767344287272242,0
0.7705368033284771,-0.6600184841162697,-1.7333154938995745,-1.2258476714090278,0.8077365626180215,0.646091668153197,0.9702425509371355,0.6683453771208259,-0.721130416342303,0.9582643759184664,-1.0028039309991141,-0.5787359118286177,1.7427397119690018,1.0959875190286648,-1.0959875190286648,-0.5784279906300535,-0.5776581893550843,1.7343632929879855,-0.5767344287272242,0
-0.036511702128951426,0.2935174228967471,1.378685672134612,-1.2258476714090278,0.8077365626180215,0.646091668153197,0.9702425509371355,-0.8473211417124403,-1.43244469563043,-1.1000451634632031,0.9972039090469852,-0.5787359118286177,-0.5738091541336192,1.0959875190286648,-1.0959875190286648,1.7288236672481017,-0.5776581893550843,-0.5765804684883443,-0.5767344287272242,0
0.5739480648196164,-0.8507256655188732,0.3413519501232164,0.17828220431877678,0.8077365626180215,-1.5477679860172513,-1.0306701134001208,0.6535535975078994,0.7014981422339509,0.16149939293201365,-1.0028039309991141,-0.5787359118286177,1.7427397119690018,-0.9124191495230389,0.9124191495230393,-0.5784279906300535,-0.5776581893550843,-0.5765804684883443,1.733900301750437,1
0.4187464291547262,-1.1367864376227783,-0.695981771888179,1.3442383444316282,0.8077365626180215,0.646091668153197,-1.0306701134001208,0.7351631342402386,-0.009816137054176019,-0.35197137388147803,-1.0028039309991141,1.7279038324066063,-0.5738091541336192,-0.9124191495230389,0.9124191495230393,-0.5784279906300535,1.731127539482183,-0.5765804684883443,-0.5767344287272242,0
-0.06755202926192945,-0.18325053060976135,1.378685672134612,-1.2258476714090278,0.8077365626180215,0.646091668153197,0.9702425509371355,-0.0634242915503303,-0.721130416342303,-0.13064776749635232,-1.0028039309991141,-0.5787359118286177,1.7427397119690018,-0.9124191495230389,0.9124191495230393,1.7288236672481017,-0.5776581893550843,-0.5765804684883443,-0.5767344287272242,0
1.7120933930288105,-1.3274936190253817,-1.0417596792253108,1.1839138858813378,0.8077365626180215,0.646091668153197,0.9702425509371355,-1.1184500939003847,1.4128124215220779,-0.9052803898442924,-1.0028039309991141,1.7279038324066063,-0.5738091541336192,1.0959875190286648,-1.0959875190286648,-0.5784279906300535,1.731127539482183,-0.5765804684883443,-0.5767344287272242,0
-0.13997945923887817,-0.5646648934149681,-1.0417596792253108,1.1098122276738767,-0.9115834940401767,-1.5477679860172513,0.9702425509371355,0.1587474939865881,0.7014981422339509,0.5067642188928098,0.9972039090469852,-0.5787359118286177,-0.5738091541336192,-0.9124191495230389,0.9124191495230393,-0.5784279906300535,-0.5776581893550843,-0.5765804684883443,1.733900301750437,0
2.063883767202561,-0.4693113027136664,-1.0417596792253108,-1.2258476714090278,0.8077365626180215,-1.5477679860172513,-1.0306701134001208,-0.8376490317055022,0.7014981422339509,-0.4449272885632309,0.9972039090469852,-0.5787359118286177,-0.5738091541336192,1.0959875190286648,-1.0959875190286648,1.7288236672481017,-0.5776581893550843,-0.5765804684883443,-0.5767344287272242,0
-0.8539069832973727,-1.0414328469214764,-0.004425957213915414,1.0997762123970036,0.8077365626180215,0.646091668153197,-1.0306701134001208,1.4850010180489464,1.4128124215220779,1.6310881393292485,0.9972039090469852,-0.5787359118286177,-0.5738091541336192,-0.9124191495230389,0.9124191495230393,-0.5784279906300535,1.731127539482183,-0.5765804684883443,-0.5767344287272242,0
0.0669560549809753,-1.1367864376227783,1.03290776479748,-1.2258476714090278,0.8077365626180215,-1.5477679860172513,-1.0306701134001208,-1.6279930277921966,-0.721130416342303,-1.117751051974013,-1.0028039309991141,-0.5787359118286177,1.7427397119690018,1.0959875190286648,-1.0959875190286648,-0.5784279906300535,1.731127539482183,-0.5765804684883443,-0.5767344287272242,0
-0.8642537590083653,0.6749317857019538,-1.3875375865624426,-0.13218164539283248,0.8077365626180215,0.646091668153197,0.9702425509371355,0.1648884196076558,-0.009816137054176019,-1.4408835172962966,-1.0028039309991141,1.7279038324066063,-0.5738091541336192,1.0959875190286648,-1.0959875190286648,-0.5784279906300535,-0.5776581893550843,1.7343632929879855,-0.5767344287272242,0
0.6256819433745797,0.1981638321954454,-0.695981771888179,1.1101821333456223,-0.9115834940401767,0.646091668153197,0.9702425509371355,0.02373303198689447,-0.009816137054176019,-1.6046629860212898,0.9972039090469852,-0.5787359118286177,-0.5738091541336192,1.0959875190286648,-1.0959875190286648,-0.5784279906300535,-0.5776581893550843,1.7343632929879855,-0.5767344287272242,0
-0.5331569362565998,1.8191748741175742,-0.35020386455104724,-1.2258476714090278,-0.9115834940401767,-1.5477679860172513,-1.0306701134001208,1.3270748086379016,-0.721130416342303,0.9361320152799537,0.9972039090469852,-0.5787359118286177,-0.5738091541336192,-0.9124191495230389,0.9124191495230393,-0.5784279906300535,1.731127539482183,-0.5765804684883443,-0.5767344287272242,1
1.2361417103231473,-0.8507256655188732,1.03290776479748,-1.2258476714090278,0.8077365626180215,0.646091668153197,-1.0306701134001208,0.008117013737585294,1.4128124215220779,-0.8388833079287547,0.9972039090469852,-0.5787359118286177,-0.5738091541336192,1.0959875190286648,-1.0959875190286648,-0.5784279906300535,-0.5776581893550843,-0.5765804684883443,1.733900301750437,0
-1.8471974515526692,-0.7553720748175714,-0.35020386455104724,-0.28565066841312436,0.8077365626180215,-1.5477679860172513,0.9702425509371355,-0.465472943837221,-1.43244469563043,-0.7503538653747044,0.9972039090469852,-0.5787359118286177,-0.5738091541336192,-0.9124191495230389,0.9124191495230393,-0.5784279906300535,1.731127539482183,-0.5765804684883443,-0.5767344287272242,0
1.474117551675979,-1.3274936190253817,-0.695981771888179,0.39150509718171617,-0.9115834940401767,-1.5477679860172513,-1.0306701134001208,-1.5564984989163457,1.4128124215220779,0.8254702120873909,-1.0028039309991141,-0.5787359118286177,1.7427397119690018,-0.9124191495230389,0.9124191495230393,-0.5784279906300535,-0.5776581893550843,-0.5765804684883443,1.733900301750437,0
-0.7400924504764532,-1.0414328469214764,-0.35020386455104724,-1.2258476714090278,0.8077365626180215,0.646091668153197,0.9702425509371355,1.336091701095918,-0.009816137054176019,0.07296995037796336,0.9972039090469852,-0.5787359118286177,-0.5738091541336192,-0.9124191495230389,0.9124191495230393,1.7288236672481017,-0.5776581893550843,-0.5765804684883443,-0.5767344287272242,0
0.025568952137004615,1.533114102013669,-1.0417596792253108,-0.09972162134173392,-0.9115834940401767,-1.5477679860172513,0.9702425509371355,-0.6563048810707626,-1.43244469563043,0.16592586505971615,-1.0028039309991141,-0.5787359118286177,1.7427397119690018,-0.9124191495230389,0.9124191495230393,-0.5784279906300535,1.731127539482183,-0.5765804684883443,-0.5767344287272242,0
-0.30552787061476094,-0.6600184841162697,-1.3875375865624426,-1.2258476714090278,0.8077365626180215,0.646091668153197,0.9702425509371355,1.1944370752631195,1.4128124215220779,0.7723525465549607,0.9972039090469852,-0.5787359118286177,-0.5738091541336192,-0.9124191495230389,0.9124191495230393,-0.5784279906300535,1.731127539482183,-0.5765804684883443,-0.5767344287272242,0
0.8015771304614552,0.38887101359804876,-0.004425957213915414,-1.2258476714090278,-0.9115834940401767,0.646091668153197,0.9702425509371355,0.3477440221891127,1.4128124215220779,1.4053380608164203,-1.0028039309991141,-0.5787359118286177,1.7427397119690018,1.0959875190286648,-1.0959875190286648,-0.5784279906300535,1.731127539482183,-0.5765804684883443,-0.5767344287272242,0
1.443077224543001,-0.9460792562201749,-0.695981771888179,-0.48767173410305664,0.8077365626180215,0.646091668153197,0.9702425509371355,1.5595746172907112,-0.009816137054176019,-1.3036628813375188,-1.0028039309991141,-0.5787359118286177,1.7427397119690018,-0.9124191495230389,0.9124191495230393,-0.5784279906300535,-0.5776581893550843,-0.5765804684883443,1.733900301750437,0
-1.1953505817601309,-0.08789693990845966,1.03290776479748,0.1521963217195787,-0.9115834940401767,0.646091668153197,-1.0306701134001208,-1.5798235828759417,-0.009816137054176019,0.7413672416610431,0.9972039090469852,-0.5787359118286177,-0.5738091541336192,-0.9124191495230389,0.9124191495230393,1.7288236672481017,-0.5776581893550843,-0.5765804684883443,-0.5767344287272242,0
1.3706497945660523,0.48422460429935044,-0.695981771888179,0.08535750814851886,-0.9115834940401767,0.646091668153197,-1.0306701134001208,1.1150399410984384,1.4128124215220779,0.01985228484553318,-1.0028039309991141,-0.5787359118286177,1.7427397119690018,1.0959875190286648,-1.0959875190286648,1.7288236672481017,-0.5776581893550843,-0.5765804684883443,-0.5767344287272242,1
-0.0882455806839148,-1.23214002832408,-1.7333154938995745,-1.2258476714090278,-0.9115834940401767,-1.5477679860172513,-1.0306701134001208,-0.9149667891583971,1.4128124215220779,0.041984645484045756,0.9972039090469852,-0.5787359118286177,-0.5738091541336192,-0.9124191495230389,0.9124191495230393,-0.5784279906300535,-0.5776581893550843,-0.5765804684883443,1.733900301750437,0
-1.7747700215757207,-1.518200800427985,1.378685672134612,0.7547104758105498,-0.9115834940401767,-1.5477679860172513,0.9702425509371355,-0.08593574416401178,-0.009816137054176019,0.7989113793211757,-1.0028039309991141,1.7279038324066063,-0.5738091541336192,1.0959875190286648,-1.0959875190286648,-0.5784279906300535,1.731127539482183,-0.5765804684883443,-0.5767344287272242,0
-0.30552787061476094,1.3424069206110656,1.378685672134612,1.5066436025210306,-0.9115834940401767,0.646091668153197,-1.0306701134001208,-1.1216282815706735,-0.009816137054176019,0.7546466580441507,-1.0028039309991141,-0.5787359118286177,1.7427397119690018,-0.9124191495230389,0.9124191495230393,-0.5784279906300535,-0.5776581893550843,1.7343632929879855,-0.5767344287272242,1
0.6463754947965651,-0.08789693990845966,0.3413519501232164,0.6490160204106622,0.8077365626180215,-1.5477679860172513,0.9702425509371355,-0.41823780993220766,-0.009816137054176019,-0.4582067049463384,-1.0028039309991141,-0.5787359118286177,1.7427397119690018,-0.9124191495230389,0.9124191495230393,-0.5784279906300535,1.731127539482183,-0.5765804684883443,-0.5767344287272242,0
0.8843513361493965,-0.9460792562201749,-0.35020386455104724,-1.2258476714090278,0.8077365626180215,-1.5477679860172513,-1.0306701134001208,-0.8413707995397853,-0.721130416342303,-1.6223688745320999,0.9972039090469852,-0.5787359118286177,-0.5738091541336192,-0.9124191495230389,0.9124191495230393,1.7288236672481017,-0.5776581893550843,-0.5765804684883443,-0.5767344287272242,0
0.9360852147043599,0.48422460429935044,0.6871298574603482,-1.2258476714090278,0.8077365626180215,0.646091668153197,0.9702425509371355,1.572739829771839,0.7014981422339509,1.0467938184725165,0.9972039090469852,-0.5787359118286177,-0.5738091541336192,1.0959875190286648,-1.0959875190286648,-0.5784279906300535,-0.5776581893550843,1.7343632929879855,-0.5767344287272242,0
0.11868993353593868,-1.6135543911292867,-1.0417596792253108,0.7993789897401288,0.8077365626180215,0.646091668153197,0.9702425509371355,-0.047079674168860025,1.4128124215220779,1.5823969459245208,0.9972039090469852,-0.5787359118286177,-0.5738091541336192,1.0959875190286648,-1.0959875190286648,-0.5784279906300535,-0.5776581893550843,-0.5765804684883443,1.733900301750437,0
1.0602465232362719,-0.7553720748175714,0.3413519501232164,0.48258266905957137,-0.9115834940401767,-1.5477679860172513,-1.0306701134001208,-0.15275315350340912,1.4128124215220779,-0.4582067049463384,0.9972039090469852,-0.5787359118286177,-0.5738091541336192,1.0959875190286648,-1.0959875190286648,-0.5784279906300535,1.731127539482183,-0.5765804684883443,-0.5767344287272242,0
1.1119804017912354,1.6284676927149706,-1.3875375865624426,-1.2258476714090278,0.8077365626180215,0.646091668153197,0.9702425509371355,-1.5553915151274822,0.7014981422339509,-0.8787215570780773,-1.0028039309991141,-0.5787359118286177,1.7427397119690018,-0.9124191495230389,0.9124191495230393,-0.5784279906300535,-0.5776581893550843,1.7343632929879855,-0.5767344287272242,0
0.12903670924693136,-0.27860412131106305,1.7244635794717436,-1.2258476714090278,0.8077365626180215,0.646091668153197,-1.0306701134001208,0.6305131714908685,1.4128124215220779,1.0290879299617066,0.9972039090469852,-0.5787359118286177,-0.5738091541336192,-0.9124191495230389,0.9124191495230393,-0.5784279906300535,-0.5776581893550843,1.7343632929879855,-0.5767344287272242,0
1.2982223645891036,-0.9460792562201749,-0.004425957213915414,-1.2258476714090278,0.8077365626180215,0.646091668153197,0.9702425509371355,0.7514004614869728,-1.43244469563043,-0.11736835111324478,0.9972039090469852,-0.5787359118286177,-0.5738091541336192,1.0959875190286648,-1.0959875190286648,-0.5784279906300535,1.731127539482183,-0.5765804684883443,-0.5767344287272242,0
-1.9817055357955742,0.2935174228967471,0.3413519501232164,0.8518145611498307,0.8077365626180215,0.646091668153197,0.9702425509371355,1.3492609130472217,-0.009816137054176019,-1.2416922715496834,-1.0028039309991141,-0.5787359118286177,1.7427397119690018,1.0959875190286648,-1.0959875190286648,-0.5784279906300535,-0.5776581893550843,1.7343632929879855,-0.5767344287272242,1
0.04626250355898996,-0.18325053060976135,0.6871298574603482,0.5668299679682878,0.8077365626180215,0.646091668153197,-1.0306701134001208,-1.5576912104789935,-0.009816137054176019,-1.2992364092098163,0.9972039090469852,-0.5787359118286177,-0.5738091541336192,1.0959875190286648,-1.0959875190286648,-0.5784279906300535,-0.5776581893550843,-0.5765804684883443,1.733900301750437,0
-0.5124633848346144,0.38887101359804876,1.03290776479748,-1.2258476714090278,2.52705661927622,-1.5477679860172513,0.9702425509371355,0.1882517593689404,0.7014981422339509,-1.1664422453787409,0.9972039090469852,-0.5787359118286177,-0.5738091541336192,1.0959875190286648,-1.0959875190286648,-0.5784279906300535,-0.5776581893550843,-0.5765804684883443,1.733900301750437,1
-0.5538504876785851,-0.5646648934149681,1.378685672134612,-1.2258476714090278,0.8077365626180215,0.646091668153197,-1.0306701134001208,-0.8818904752383705,-0.721130416342303,-1.3700599632530566,0.9972039090469852,-0.5787359118286177,-0.5738091541336192,-0.9124191495230389,0.9124191495230393,-0.5784279906300535,-0.5776581893550843,1.7343632929879855,-0.5767344287272242,0
0.4290932048657189,1.3424069206110656,0.6871298574603482,1.193075622371655,0.8077365626180215,-1.5477679860172513,-1.0306701134001208,0.3430319507611165,-0.721130416342303,-1.1044716355909057,-1.0028039309991141,1.7279038324066063,-0.5738091541336192,-0.9124191495230389,0.9124191495230393,-0.5784279906300535,-0.5776581893550843,-0.5765804684883443,1.733900301750437,0
1.0085126446813086,-0.4693113027136664,1.03290776479748,-1.2258476714090278,0.8077365626180215,0.646091668153197,-1.0306701134001208,-0.808696519317505,0.7014981422339509,1.4407498378380403,0.9972039090469852,-0.5787359118286177,-0.5738091541336192,1.0959875190286648,-1.0959875190286648,-0.5784279906300535,1.731127539482183,-0.5765804684883443,-0.5767344287272242,0
-0.5331569362565998,0.10281024149414371,1.7244635794717436,0.9771790872140642,0.8077365626180215,0.646091668153197,0.9702425509371355,-1.4950563774942198,-0.721130416342303,0.07296995037796336,-1.0028039309991141,1.7279038324066063,-0.5738091541336192,-0.9124191495230389,0.9124191495230393,-0.5784279906300535,-0.5776581893550843,-0.5765804684883443,1.733900301750437,0
1.0705932989472646,0.7702853764032556,-1.3875375865624426,1.7474001067235827,-0.9115834940401767,0.646091668153197,-1.0306701134001208,-1.26333542218579,0.7014981422339509,-0.5954273409051164,0.9972039090469852,-0.5787359118286177,-0.5738091541336192,1.0959875190286648,-1.0959875190286648,1.7288236672481017,-0.5776581893550843,-0.5765804684883443,-0.5767344287272242,0
-0.22275366492681956,-0.4693113027136664,1.03290776479748,-1.2258476714090278,0.8077365626180215,0.646091668153197,0.9702425509371355,1.3998976832823873,-0.009816137054176019,1.0113820414508965,-1.0028039309991141,-0.5787359118286177,1.7427397119690018,-0.9124191495230389,0.9124191495230393,-0.5784279906300535,-0.5776581893550843,-0.5765804684883443,1.733900301750437,0
-1.8161571244196912,0.10281024149414371,0.6871298574603482,1.3516011982271146,-0.9115834940401767,-1.5477679860172513,0.9702425509371355,1.209437870665272,1.4128124215220779,-1.7153247892138526,0.9972039090469852,-0.5787359118286177,-0.5738091541336192,-0.9124191495230389,0.9124191495230393,-0.5784279906300535,1.731127539482183,-0.5765804684883443,-0.5767344287272242,1
-0.5641972633895778,0.0074566507928420294,1.7244635794717436,0.16123913706239382,-0.9115834940401767,-1.5477679860172513,0.9702425509371355,0.5508616362449583,-0.009816137054176019,1.2548380084745347,0.9972039090469852,-0.5787359118286177,-0.5738091541336192,1.0959875190286648,-1.0959875190286648,1.7288236672481017,-0.5776581893550843,-0.5765804684883443,-0.5767344287272242,0
0.9464319904153525,2.0098820555201775,-0.35020386455104724,-1.2258476714090278,-0.9115834940401767,0.646091668153197,0.9702425509371355,-1.5116011422745248,-1.43244469563043,-1.1000451634632031,0.9972039090469852,-0.5787359118286177,-0.5738091541336192,1.0959875190286648,-1.0959875190286648,1.7288236672481017,-0.5776581893550843,-0.5765804684883443,-0.5767344287272242,1
0.3877061020217482,0.5795781950006521,1.378685672134612,0.4313532978602488,-0.9115834940401767,-1.5477679860172513,-1.0306701134001208,0.5178564433380708,-1.43244469563043,0.11280819952728599,-1.0028039309991141,1.7279038324066063,-0.5738091541336192,-0.9124191495230389,0.9124191495230393,-0.5784279906300535,-0.5776581893550843,1.7343632929879855,-0.5767344287272242,0
0.8119239061724478,0.5795781950006521,0.6871298574603482,0.23407866044966633,0.8077365626180215,0.646091668153197,-1.0306701134001208,-0.5035353798373409,-1.43244469563043,0.11280819952728599,-1.0028039309991141,-0.5787359118286177,1.7427397119690018,1.0959875190286648,-1.0959875190286648,-0.5784279906300535,-0.5776581893550843,1.7343632929879855,-0.5767344287272242,0
1.7327869444507957,0.9609925578058589,-1.0417596792253108,-1.2258476714090278,-0.9115834940401767,-1.5477679860172513,0.9702425509371355,1.6034154182458946,0.7014981422339509,-0.2767213477105353,0.9972039090469852,-0.5787359118286177,-0.5738091541336192,1.0959875190286648,-1.0959875190286648,-0.5784279906300535,1.731127539482183,-0.5765804684883443,-0.5767344287272242,1
1.536198205941935,2.9634179625331942,1.03290776479748,-0.0972707558597884,-0.9115834940401767,0.646091668153197,0.9702425509371355,-1.1060573008333525,0.7014981422339509,1.555838113158306,0.9972039090469852,-0.5787359118286177,-0.5738091541336192,-0.9124191495230389,0.9124191495230393,-0.5784279906300535,-0.5776581893550843,1.7343632929879855,-0.5767344287272242,0
0.08764960640296066,-0.6600184841162697,-1.0417596792253108,1.2677173941466124,-0.9115834940401767,-1.5477679860172513,0.9702425509371355,0.9315746801500706,1.4128124215220779,-1.2992364092098163,0.9972039090469852,-0.5787359118286177,-0.5738091541336192,1.0959875190286648,-1.0959875190286648,-0.5784279906300535,-0.5776581893550843,1.7343632929879855,-0.5767344287272242,0
-0.5641972633895778,-0.8507256655188732,0.3413519501232164,0.7189759531548459,4.246376675934418,0.646091668153197,-1.0306701134001208,-1.0114919151891273,-0.721130416342303,-1.2815305206990062,-1.0028039309991141,-0.5787359118286177,1.7427397119690018,-0.9124191495230389,0.9124191495230393,-0.5784279906300535,-0.5776581893550843,-0.5765804684883443,1.733900301750437,1
0.7808835790394698,-0.4693113027136664,-0.695981771888179,-1.2258476714090278,0.8077365626180215,0.646091668153197,-1.0306701134001208,1.6727909234882092,-0.009816137054176019,-0.2767213477105353,0.9972039090469852,-0.5787359118286177,-0.5738091541336192,-0.9124191495230389,0.9124191495230393,-0.5784279906300535,-0.5776581893550843,1.7343632929879855,-0.5767344287272242,0
-0.13997945923887817,0.1981638321954454,-1.0417596792253108,-1.2258476714090278,0.8077365626180215,-1.5477679860172513,0.9702425509371355,0.04217145895078773,0.7014981422339509,-1.246118743677386,0.9972039090469852,-0.5787359118286177,-0.5738091541336192,-0.9124191495230389,0.9124191495230393,-0.5784279906300535,1.731127539482183,-0.5765804684883443,-0.5767344287272242,0
-1.4850603016679258,-0.5646648934149681,0.6871298574603482,-1.2258476714090278,0.8077365626180215,0.646091668153197,0.9702425509371355,-0.2552571396680533,-0.721130416342303,0.3031465010184941,0.9972039090469852,-0.5787359118286177,-0.5738091541336192,-0.9124191495230389,0.9124191495230393,-0.5784279906300535,-0.5776581893550843,1.7343632929879855,-0.5767344287272242,0
0.6360287190855723,-1.1367864376227783,1.7244635794717436,-1.2258476714090278,-0.9115834940401767,0.646091668153197,-1.0306701134001208,-0.09642826722716374,-0.009816137054176019,-0.8698686128226722,-1.0028039309991141,-0.5787359118286177,1.7427397119690018,-0.9124191495230389,0.9124191495230393,-0.5784279906300535,1.731127539482183,-0.5765804684883443,-0.5767344287272242,0
-0.7400924504764532,0.10281024149414371,1.7244635794717436,-0.49807509071426304,0.8077365626180215,0.646091668153197,-1.0306701134001208,-1.4147226717481975,1.4128124215220779,0.39610241570024696,-1.0028039309991141,1.7279038324066063,-0.5738091541336192,-0.9124191495230389,0.9124191495230393,-0.5784279906300535,-0.5776581893550843,1.7343632929879855,-0.5767344287272242,0
-0.5435037119675924,-1.80426157253189,1.03290776479748,1.6637413232510223,0.8077365626180215,0.646091668153197,0.9702425509371355,-1.2265773351332456,-1.43244469563043,0.25445530761376645,-1.0028039309991141,1.7279038324066063,-0.5738091541336192,-0.9124191495230389,0.9124191495230393,-0.5784279906300535,-0.5776581893550843,-0.5765804684883443,1.733900301750437,0
1.6396659630518617,-1.4228472097266833,0.6871298574603482,0.5300560873051017,-0.9115834940401767,0.646091668153197,-1.0306701134001208,1.4506754783137779,1.4128124215220779,-0.5467361475003887,0.9972039090469852,-0.5787359118286177,-0.5738091541336192,-0.9124191495230389,0.9124191495230393,-0.5784279906300535,1.731127539482183,-0.5765804684883443,-0.5767344287272242,0
-0.8642537590083653,-0.08789693990845966,-1.3875375865624426,0.7916071241273569,0.8077365626180215,0.646091668153197,0.9702425509371355,0.1347913631891371,1.4128124215220779,-0.4227949279247183,0.9972039090469852,-0.5787359118286177,-0.5738091541336192,1.0959875190286648,-1.0959875190286648,1.7288236672481017,-0.5776581893550843,-0.5765804684883443,-0.5767344287272242,0
-1.671302264465794,-0.7553720748175714,0.6871298574603482,1.008252445809382,-0.9115834940401767,-1.5477679860172513,0.9702425509371355,-1.6340339666588508,0.7014981422339509,-1.1443098847402282,0.9972039090469852,-0.5787359118286177,-0.5738091541336192,1.0959875190286648,-1.0959875190286648,-0.5784279906300535,-0.5776581893550843,1.7343632929879855,-0.5767344287272242,0
0.8636577847274112,-0.9460792562201749,-1.7333154938995745,1.0178619797203483,-0.9115834940401767,0.646091668153197,-1.0306701134001208,-1.431906308416703,-0.721130416342303,1.5868234180522234,0.9972039090469852,-0.5787359118286177,-0.5738091541336192,1.0959875190286648,-1.0959875190286648,-0.5784279906300535,1.731127539482183,-0.5765804684883443,-0.5767344287272242,0
-0.5021166091236218,0.9609925578058589,-1.7333154938995745,1.8482917184210466,-0.9115834940401767,-1.5477679860172513,-1.0306701134001208,-0.04260374537128747,-0.721130416342303,-0.30328018047675037,0.9972039090469852,-0.5787359118286177,-0.5738091541336192,-0.9124191495230389,0.9124191495230393,1.7288236672481017,-0.5776581893550843,-0.5765804684883443,-0.5767344287272242,0
0.7291497004845064,0.10281024149414371,0.3413519501232164,0.3812847701533231,-0.9115834940401767,0.646091668153197,-1.0306701134001208,0.6690285909609839,1.4128124215220779,1.2504115363468322,-1.0028039309991141,1.7279038324066063,-0.5738091541336192,-0.9124191495230389,0.9124191495230393,-0.5784279906300535,1.731127539482183,-0.5765804684883443,-0.5767344287272242,1
0.09799638211395333,0.1981638321954454,-0.695981771888179,-1.2258476714090278,0.8077365626180215,0.646091668153197,0.9702425509371355,0.14912198650170724,0.7014981422339509,-1.5117070713395369,0.9972039090469852,-0.5787359118286177,-0.5738091541336192,-0.9124191495230389,0.9124191495230393,1.7288236672481017,-0.5776581893550843,-0.5765804684883443,-0.5767344287272242,0
0.553254513397631,0.1981638321954454,-0.35020386455104724,0.5215367173366019,0.8077365626180215,0.646091668153197,0.9702425509371355,-0.990705973121612,-0.721130416342303,-1.1575893011233358,-1.0028039309991141,1.7279038324066063,-0.5738091541336192,-0.9124191495230389,0.9124191495230393,1.7288236672481017,-0.5776581893550843,-0.5765804684883443,-0.5767344287272242,0
-0.99876184325127,-0.3739577120123647,0.3413519501232164,0.6606581122631684,0.8077365626180215,-1.5477679860172513,-1.0306701134001208,-0.08369482363509506,-0.721130416342303,0.16149939293201365,0.9972039090469852,-0.5787359118286177,-0.5738091541336192,1.0959875190286648,-1.0959875190286648,1.7288236672481017,-0.5776581893550843,-0.5765804684883443,-0.5767344287272242,1
0.09799638211395333,-0.7553720748175714,1.378685672134612,0.7805820759647206,0.8077365626180215,0.646091668153197,0.9702425509371355,0.6918073125164625,1.4128124215220779,0.024278756973235695,-1.0028039309991141,1.7279038324066063,-0.5738091541336192,-0.9124191495230389,0.9124191495230393,-0.5784279906300535,1.731127539482183,-0.5765804684883443,-0.5767344287272242,0
1.3189159160110888,0.48422460429935044,1.03290776479748,0.7593283666771008,-0.9115834940401767,0.646091668153197,-1.0306701134001208,0.7721533644530301,-1.43244469563043,0.989249680812384,0.9972039090469852,-0.5787359118286177,-0.5738091541336192,-0.9124191495230389,0.9124191495230393,1.7288236672481017,-0.5776581893550843,-0.5765804684883443,-0.5767344287272242,0
1.2568352617451328,0.2935174228967471,-1.7333154938995745,0.40858342407752024,-0.9115834940401767,0.646091668153197,-1.0306701134001208,-0.15931384960300593,0.7014981422339509,0.024278756973235695,-1.0028039309991141,1.7279038324066063,-0.5738091541336192,1.0959875190286648,-1.0959875190286648,-0.5784279906300535,1.731127539482183,-0.5765804684883443,-0.5767344287272242,0
-1.4333264231129623,1.1516997392084622,0.3413519501232164,1.0973348029092662,-0.9115834940401767,0.646091668153197,0.9702425509371355,1.1293274396891053,-0.721130416342303,-1.1841481338895508,0.9972039090469852,-0.5787359118286177,-0.5738091541336192,-0.9124191495230389,0.9124191495230393,-0.5784279906300535,-0.5776581893550843,1.7343632929879855,-0.5767344287272242,0
1.1119804017912354,-1.23214002832408,-0.35020386455104724,1.2702104109247754,-0.9115834940401767,0.646091668153197,-1.0306701134001208,1.242648949341247,1.4128124215220779,0.6661172154901004,0.9972039090469852,-0.5787359118286177,-0.5738091541336192,-0.9124191495230389,0.9124191495230393,-0.5784279906300535,-0.5776581893550843,-0.5765804684883443,1.733900301750437,0
-0.005471374995973408,0.5795781950006521,1.378685672134612,1.216158185047614,2.52705661927622,0.646091668153197,-1.0306701134001208,0.8824043243496342,-0.009816137054176019,0.6793966318732079,-1.0028039309991141,1.7279038324066063,-0.5738091541336192,1.0959875190286648,-1.0959875190286648,-0.5784279906300535,-0.5776581893550843,1.7343632929879855,-0.5767344287272242,1
1.3189159160110888,0.1981638321954454,0.6871298574603482,1.013240562889855,-0.9115834940401767,0.646091668153197,-1.0306701134001208,-0.6390988125912668,-1.43244469563043,-0.8388833079287547,-1.0028039309991141,1.7279038324066063,-0.5738091541336192,-0.9124191495230389,0.9124191495230393,-0.5784279906300535,1.731127539482183,-0.5765804684883443,-0.5767344287272242,0
-0.7090521233434752,-0.8507256655188732,-1.0417596792253108,-1.2258476714090278,0.8077365626180215,0.646091668153197,0.9702425509371355,0.5553996437752713,-0.721130416342303,-1.4630158779348093,0.9972039090469852,-0.5787359118286177,-0.5738091541336192,-0.9124191495230389,0.9124191495230393,-0.5784279906300535,1.731127539482183,-0.5765804684883443,-0.5767344287272242,0
-0.2537939920597976,-1.1367864376227783,-0.35020386455104724,0.6186246152959666,0.8077365626180215,-1.5477679860172513,0.9702425509371355,-1.2725759371936767,-0.009816137054176019,-1.5426923762334546,-1.0028039309991141,1.7279038324066063,-0.5738091541336192,-0.9124191495230389,0.9124191495230393,-0.5784279906300535,1.731127539482183,-0.5765804684883443,-0.5767344287272242,0
0.48082708342068226,3.5355395067410043,0.6871298574603482,-1.2258476714090278,0.8077365626180215,-1.5477679860172513,0.9702425509371355,1.5420950198291419,-0.009816137054176019,0.55988188442524,0.9972039090469852,-0.5787359118286177,-0.5738091541336192,1.0959875190286648,-1.0959875190286648,1.7288236672481017,-0.5776581893550843,-0.5765804684883443,-0.5767344287272242,0
1.3189159160110888,-0.5646648934149681,-0.35020386455104724,0.5541828161211909,0.8077365626180215,0.646091668153197,-1.0306701134001208,-0.2875026071314054,1.4128124215220779,-0.2767213477105353,-1.0028039309991141,1.7279038324066063,-0.5738091541336192,1.0959875190286648,-1.0959875190286648,-0.5784279906300535,1.731127539482183,-0.5765804684883443,-0.5767344287272242,0
1.6500127387628545,-0.6600184841162697,1.378685672134612,0.7115049163747716,0.8077365626180215,-1.5477679860172513,0.9702425509371355,-0.36853639404833005,-0.721130416342303,-0.12622129536864982,0.9972039090469852,-0.5787359118286177,-0.5738091541336192,-0.9124191495230389,0.9124191495230393,-0.5784279906300535,-0.5776581893550843,1.7343632929879855,-0.5767344287272242,0
0.5636012891086236,0.10281024149414371,-0.004425957213915414,2.0391172075104147,-0.9115834940401767,0.646091668153197,-1.0306701134001208,1.3891801465493028,-0.721130416342303,0.860881989109011,-1.0028039309991141,-0.5787359118286177,1.7427397119690018,1.0959875190286648,-1.0959875190286648,1.7288236672481017,-0.5776581893550843,-0.5765804684883443,-0.5767344287272242,1
1.8362547015607225,-0.4693113027136664,1.378685672134612,-1.2258476714090278,0.8077365626180215,0.646091668153197,0.9702425509371355,-0.3171103370683247,1.4128124215220779,0.7059554646394229,-1.0028039309991141,-0.5787359118286177,1.7427397119690018,-0.9124191495230389,0.9124191495230393,-0.5784279906300535,-0.5776581893550843,-0.5765804684883443,1.733900301750437,0
0.2325044663568581,0.10281024149414371,-1.3875375865624426,0.7235170741701117,-0.9115834940401767,0.646091668153197,0.9702425509371355,-1.6838054602158217,-0.009816137054176019,-1.2992364092098163,-1.0028039309991141,-0.5787359118286177,1.7427397119690018,-0.9124191495230389,0.9124191495230393,1.7288236672481017,-0.5776581893550843,-0.5765804684883443,-0.5767344287272242,0
1.82590792584973,0.7702853764032556,1.03290776479748,1.0660529316280987,0.8077365626180215,0.646091668153197,-1.0306701134001208,0.1545405730308899,0.7014981422339509,-1.5117070713395369,-1.0028039309991141,1.7279038324066063,-0.5738091541336192,1.0959875190286648,-1.0959875190286648,-0.5784279906300535,-0.5776581893550843,-0.5765804684883443,1.733900301750437,0
0.4187464291547262,-1.4228472097266833,0.3413519501232164,-1.2258476714090278,0.8077365626180215,0.646091668153197,0.9702425509371355,-0.12657523007788554,-0.009816137054176019,-0.06867715770851711,0.9972039090469852,-0.5787359118286177,-0.5738091541336192,-0.9124191495230389,0.9124191495230393,-0.5784279906300535,1.731127539482183,-0.5765804684883443,-0.5767344287272242,0
0.35666577488877016,-0.08789693990845966,-0.35020386455104724,-1.2258476714090278,0.8077365626180215,0.646091668153197,0.9702425509371355,-1.1164665305828279,0.7014981422339509,1.591249890179926,-1.0028039309991141,-0.5787359118286177,1.7427397119690018,-0.9124191495230389,0.9124191495230393,1.7288236672481017,-0.5776581893550843,-0.5765804684883443,-0.5767344287272242,0
0.7601900276174844,-0.9460792562201749,-0.35020386455104724,-1.2258476714090278,-0.9115834940401767,0.646091668153197,-1.0306701134001208,-1.584268211472133,1.4128124215220779,1.2149997593252122,0.9972039090469852,-0.5787359118286177,-0.5738091541336192,-0.9124191495230389,0.9124191495230393,-0.5784279906300535,1.731127539482183,-0.5765804684883443,-0.5767344287272242,0
2.063883767202561,-0.9460792562201749,1.7244635794717436,-1.2258476714090278,0.8077365626180215,0.646091668153197,0.9702425509371355,1.7334300208548892,1.4128124215220779,-1.2018540224003609,0.9972039090469852,-0.5787359118286177,-0.5738091541336192,1.0959875190286648,-1.0959875190286648,-0.5784279906300535,-0.5776581893550843,1.7343632929879855,-0.5767344287272242,0
-1.0711892732282189,0.9609925578058589,1.03290776479748,0.7220504334412807,0.8077365626180215,0.646091668153197,-1.0306701134001208,-0.9315077283585333,-0.721130416342303,-1.6799130121922325,-1.0028039309991141,1.7279038324066063,-0.5738091541336192,-0.9124191495230389,0.9124191495230393,1.7288236672481017,-0.5776581893550843,-0.5765804684883443,-0.5767344287272242,1
-1.1746570303381456,0.1981638321954454,-1.7333154938995745,-1.2258476714090278,0.8077365626180215,-1.5477679860172513,0.9702425509371355,1.3071703150192944,1.4128124215220779,1.1486026774096745,0.9972039090469852,-0.5787359118286177,-0.5738091541336192,1.0959875190286648,-1.0959875190286648,-0.5784279906300535,-0.5776581893550843,-0.5765804684883443,1.733900301750437,0
-1.6609554887548013,-0.18325053060976135,-0.695981771888179,0.6407580525871438,-0.9115834940401767,-1.5477679860172513,0.9702425509371355,-1.3155556348308501,1.4128124215220779,0.17035233718741868,0.9972039090469852,-0.5787359118286177,-0.5738091541336192,1.0959875190286648,-1.0959875190286648,-0.5784279906300535,-0.5776581893550843,-0.5765804684883443,1.733900301750437,0
-0.4710762819906437,1.247053329909764,-1.3875375865624426,-0.21053433394577611,-0.9115834940401767,0.646091668153197,-1.0306701134001208,0.15297451962176253,-0.721130416342303,-0.7503538653747044,0.9972039090469852,-0.5787359118286177,-0.5738091541336192,-0.9124191495230389,0.9124191495230393,1.7288236672481017,-0.5776581893550843,-0.5765804684883443,-0.5767344287272242,0
0.32562544775579216,1.8191748741175742,-0.35020386455104724,-1.2258476714090278,-0.9115834940401767,0.646091668153197,-1.0306701134001208,1.320621054893026,-0.721130416342303,-0.49361848196795854,-1.0028039309991141,-0.5787359118286177,1.7427397119690018,1.0959875190286648,-1.0959875190286648,-0.5784279906300535,-0.5776581893550843,-0.5765804684883443,1.733900301750437,0
-0.8642537590083653,-1.23214002832408,-1.0417596792253108,-1.2258476714090278,0.8077365626180215,0.646091668153197,0.9702425509371355,-0.37279739479641544,-0.721130416342303,-0.9716774717598301,0.9972039090469852,-0.5787359118286177,-0.5738091541336192,1.0959875190286648,-1.0959875190286648,-0.5784279906300535,-0.5776581893550843,1.7343632929879855,-0.5767344287272242,0
0.7291497004845064,-0.18325053060976135,-0.695981771888179,0.5006027488700965,-0.9115834940401767,0.646091668153197,0.9702425509371355,1.0172718492928423,-1.43244469563043,-0.5688685081389013,-1.0028039309991141,1.7279038324066063,-0.5738091541336192,-0.9124191495230389,0.9124191495230393,-0.5784279906300535,-0.5776581893550843,1.7343632929879855,-0.5767344287272242,0
-0.20206011350483422,-0.18325053060976135,-1.0417596792253108,0.7262817504429053,0.8077365626180215,-1.5477679860172513,0.9702425509371355,-1.3379726651703638,-0.009816137054176019,-0.9318392226105074,-1.0028039309991141,1.7279038324066063,-0.5738091541336192,1.0959875190286648,-1.0959875190286648,-0.5784279906300535,1.731127539482183,-0.5765804684883443,-0.5767344287272242,0
0.2325044663568581,0.7702853764032556,-1.3875375865624426,-1.2258476714090278,0.8077365626180215,-1.5477679860172513,-1.0306701134001208,0.15079602560560132,1.4128124215220779,-0.9938098323983428,0.9972039090469852,-0.5787359118286177,-0.5738091541336192,-0.9124191495230389,0.9124191495230393,-0.5784279906300535,-0.5776581893550843,-0.5765804684883443,1.733900301750437,0
0.24285124206785078,-1.0414328469214764,-0.004425957213915414,-1.2258476714090278,-0.9115834940401767,0.646091668153197,0.9702425509371355,0.901359030746317,-0.009816137054176019,-1.0159421930368553,0.9972039090469852,-0.5787359118286177,-0.5738091541336192,-0.9124191495230389,0.9124191495230393,-0.5784279906300535,1.731127539482183,-0.5765804684883443,-0.5767344287272242,0
0.9050448875713819,-0.27860412131106305,-0.004425957213915414,-1.2258476714090278,0.8077365626180215,0.646091668153197,0.9702425509371355,-0.05579991027378122,-1.43244469563043,1.1043379561326494,-1.0028039309991141,-0.5787359118286177,1.7427397119690018,-0.9124191495230389,0.9124191495230393,-0.5784279906300535,1.731127539482183,-0.5765804684883443,-0.5767344287272242,0
-0.1710197863718562,0.6749317857019538,-0.004425957213915414,0.7557818880356876,-0.9115834940401767,0.646091668153197,0.9702425509371355,-0.8757984127094598,-1.43244469563043,0.6395583827238852,-1.0028039309991141,1.7279038324066063,-0.5738091541336192,1.0959875190286648,-1.0959875190286648,-0.5784279906300535,-0.5776581893550843,1.7343632929879855,-0.5767344287272242,1
0.5429077376866382,-0.7553720748175714,0.3413519501232164,-1.2258476714090278,0.8077365626180215,0.646091668153197,0.9702425509371355,-0.5638044392676864,-0.009816137054176019,1.6310881393292485,-1.0028039309991141,-0.5787359118286177,1.7427397119690018,-0.9124191495230389,0.9124191495230393,-0.5784279906300535,-0.5776581893550843,1.7343632929879855,-0.5767344287272242,0
1.1016336260802426,1.533114102013669,1.378685672134612,0.6540379546907618,4.246376675934418,0.646091668153197,-1.0306701134001208,-0.10264326999150118,-0.721130416342303,1.3787792280502051,-1.0028039309991141,-0.5787359118286177,1.7427397119690018,1.0959875190286648,-1.0959875190286648,1.7288236672481017,-0.5776581893550843,-0.5765804684883443,-0.5767344287272242,1
-0.9159876375633287,1.7238212834162723,-0.695981771888179,-1.2258476714090278,2.52705661927622,0.646091668153197,-1.0306701134001208,-1.6264848797556253,-0.721130416342303,-0.15720660026256741,0.9972039090469852,-0.5787359118286177,-0.5738091541336192,1.0959875190286648,-1.0959875190286648,-0.5784279906300535,-0.5776581893550843,-0.5765804684883443,1.733900301750437,1
0.35666577488877016,-0.08789693990845966,-0.35020386455104724,0.5659520029467016,0.8077365626180215,0.646091668153197,0.9702425509371355,0.03641987305690619,-0.721130416342303,-0.8433097800564572,-1.0028039309991141,1.7279038324066063,-0.5738091541336192,-0.9124191495230389,0.9124191495230393,-0.5784279906300535,-0.5776581893550843,-0.5765804684883443,1.733900301750437,0
0.3980528777327409,0.10281024149414371,-1.0417596792253108,-1.2258476714090278,0.8077365626180215,0.646091668153197,0.9702425509371355,1.1246958793346629,0.7014981422339509,-0.5157508426064711,-1.0028039309991141,-0.5787359118286177,1.7427397119690018,-0.9124191495230389,0.9124191495230393,-0.5784279906300535,1.731127539482183,-0.5765804684883443,-0.5767344287272242,0
0.6360287190855723,-0.3739577120123647,0.6871298574603482,0.7713902085098068,-0.9115834940401767,0.646091668153197,0.9702425509371355,-0.5350468575782936,-0.009816137054176019,0.6085730778299676,0.9972039090469852,-0.5787359118286177,-0.5738091541336192,-0.9124191495230389,0.9124191495230393,-0.5784279906300535,-0.5776581893550843,1.7343632929879855,-0.5767344287272242,0
-0.3158746463257536,0.1981638321954454,-0.695981771888179,-1.2258476714090278,0.8077365626180215,0.646091668153197,0.9702425509371355,0.6471980916173603,-0.721130416342303,0.5244701074036199,0.9972039090469852,-0.5787359118286177,-0.5738091541336192,-0.9124191495230389,0.9124191495230393,-0.5784279906300535,-0.5776581893550843,1.7343632929879855,-0.5767344287272242,0
0.5325609619756456,0.10281024149414371,0.6871298574603482,1.1066880633500757,-0.9115834940401767,-1.5477679860172513,0.9702425509371355,0.6128579451215466,-0.009816137054176019,0.4802053861265947,0.9972039090469852,-0.5787359118286177,-0.5738091541336192,-0.9124191495230389,0.9124191495230393,1.7288236672481017,-0.5776581893550843,-0.5765804684883443,-0.5767344287272242,0
0.9567787661263453,0.10281024149414371,1.03290776479748,-0.13351061325683275,-0.9115834940401767,0.646091668153197,-1.0306701134001208,-0.09065911844250706,-1.43244469563043,-0.8565891964395648,0.9972039090469852,-0.5787359118286177,-0.5738091541336192,-0.9124191495230389,0.9124191495230393,-0.5784279906300535,1.731127539482183,-0.5765804684883443,-0.5767344287272242,0
0.522214186264653,-0.5646648934149681,0.6871298574603482,0.7594314209868637,-0.9115834940401767,0.646091668153197,-1.0306701134001208,-0.03991697086268999,-1.43244469563043,1.4850145591150656,-1.0028039309991141,-0.5787359118286177,1.7427397119690018,1.0959875190286648,-1.0959875190286648,-0.5784279906300535,1.731127539482183,-0.5765804684883443,-0.5767344287272242,0
0.3049318963338068,-0.5646648934149681,-1.0417596792253108,0.5113843452496388,-0.9115834940401767,-1.5477679860172513,0.9702425509371355,-1.061295404507511,-0.009816137054176019,-0.8034715309071345,0.9972039090469852,-0.5787359118286177,-0.5738091541336192,-0.9124191495230389,0.9124191495230393,-0.5784279906300535,1.731127539482183,-0.5765804684883443,-0.5767344287272242,0
-0.19171333779384153,0.48422460429935044,-0.695981771888179,0.5013097046404903,-0.9115834940401767,0.646091668153197,-1.0306701134001208,1.4881068674760425,0.7014981422339509,-0.10851540685783975,0.9972039090469852,-0.5787359118286177,-0.5738091541336192,-0.9124191495230389,0.9124191495230393,-0.5784279906300535,1.731127539482183,-0.5765804684883443,-0.5767344287272242,0
0.04626250355898996,0.7702853764032556,1.7244635794717436,-1.2258476714090278,0.8077365626180215,0.646091668153197,-1.0306701134001208,1.1770332938448964,-0.721130416342303,1.6930587491170839,0.9972039090469852,-0.5787359118286177,-0.5738091541336192,1.0959875190286648,-1.0959875190286648,-0.5784279906300535,-0.5776581893550843,-0.5765804684883443,1.733900301750437,0
0.0669560549809753,3.440185916039703,0.6871298574603482,0.7979586673558099,-0.9115834940401767,-1.5477679860172513,0.9702425509371355,-0.14635695735107362,-1.43244469563043,-0.23245662643351017,-1.0028039309991141,-0.5787359118286177,1.7427397119690018,-0.9124191495230389,0.9124191495230393,-0.5784279906300535,1.731127539482183,-0.5765804684883443,-0.5767344287272242,0
-1.0815360489392114,0.7702853764032556,1.03290776479748,-1.2258476714090278,-0.9115834940401767,0.646091668153197,0.9702425509371355,-0.585700321254196,-0.009816137054176019,-0.7724862260132169,0.9972039090469852,-0.5787359118286177,-0.5738091541336192,1.0959875190286648,-1.0959875190286648,-0.5784279906300535,-0.5776581893550843,-0.5765804684883443,1.733900301750437,1
0.7291497004845064,-0.6600184841162697,1.7244635794717436,-1.2258476714090278,-0.9115834940401767,0.646091668153197,-1.0306701134001208,0.626520830804642,1.4128124215220779,-0.12179482324094729,-1.0028039309991141,-0.5787359118286177,1.7427397119690018,1.0959875190286648,-1.0959875190286648,-0.5784279906300535,-0.5776581893550843,-0.5765804684883443,1.733900301750437,1
-1.0711892732282189,-0.8507256655188732,1.378685672134612,-0.06560663803307792,-0.9115834940401767,0.646091668153197,-1.0306701134001208,-0.4001748114948862,-0.009816137054176019,0.8874408218752261,-1.0028039309991141,1.7279038324066063,-0.5738091541336192,1.0959875190286648,-1.0959875190286648,-0.5784279906300535,-0.5776581893550843,1.7343632929879855,-0.5767344287272242,0
0.13938348495792402,-0.7553720748175714,0.6871298574603482,0.44351739264727613,-0.9115834940401767,0.646091668153197,-1.0306701134001208,0.5926103665177953,-0.721130416342303,1.5248528082643882,0.9972039090469852,-0.5787359118286177,-0.5738091541336192,1.0959875190286648,-1.0959875190286648,-0.5784279906300535,-0.5776581893550843,1.7343632929879855,-0.5767344287272242,0
1.8362547015607225,-0.18325053060976135,-0.35020386455104724,-1.2258476714090278,0.8077365626180215,0.646091668153197,-1.0306701134001208,-0.0912016552664552,0.7014981422339509,0.20133764208133628,0.9972039090469852,-0.5787359118286177,-0.5738091541336192,-0.9124191495230389,0.9124191495230393,-0.5784279906300535,-0.5776581893550843,1.7343632929879855,-0.5767344287272242,0
0.4290932048657189,-1.1367864376227783,-1.3875375865624426,0.7863162549611271,-0.9115834940401767,-1.5477679860172513,-1.0306701134001208,-1.6030881531128667,0.7014981422339509,1.2548380084745347,0.9972039090469852,-0.5787359118286177,-0.5738091541336192,-0.9124191495230389,0.9124191495230393,-0.5784279906300535,-0.5776581893550843,-0.5765804684883443,1.733900301750437,0
1.3189159160110888,0.10281024149414371,1.03290776479748,0.4456421064645763,0.8077365626180215,0.646091668153197,0.9702425509371355,0.30286196786796715,1.4128124215220779,1.7328969982664064,-1.0028039309991141,-0.5787359118286177,1.7427397119690018,-0.9124191495230389,0.9124191495230393,-0.5784279906300535,1.731127539482183,-0.5765804684883443,-0.5767344287272242,0
0.6567222705075577,1.1516997392084622,-0.35020386455104724,0.1894881985400789,2.52705661927622,-1.5477679860172513,-1.0306701134001208,-1.6385257194471219,-0.009816137054176019,0.5820142450637525,0.9972039090469852,-0.5787359118286177,-0.5738091541336192,1.0959875190286648,-1.0959875190286648,-0.5784279906300535,1.731127539482183,-0.5765804684883443,-0.5767344287272242,1
0.33597222346678485,-0.3739577120123647,-1.3875375865624426,0.8956815593669315,0.8077365626180215,-1.5477679860172513,-1.0306701134001208,1.4960336434759396,-1.43244469563043,-0.4537802328186359,-1.0028039309991141,1.7279038324066063,-0.5738091541336192,1.0959875190286648,-1.0959875190286648,-0.5784279906300535,1.731127539482183,-0.5765804684883443,-0.5767344287272242,0
-0.6573182447885119,0.9609925578058589,0.6871298574603482,1.2646685572343024,0.8077365626180215,0.646091668153197,-1.0306701134001208,-1.509052958102045,-1.43244469563043,-1.2771040485713037,-1.0028039309991141,1.7279038324066063,-0.5738091541336192,1.0959875190286648,-1.0959875190286648,1.7288236672481017,-0.5776581893550843,-0.5765804684883443,-0.5767344287272242,1
0.1497302606689167,-1.0414328469214764,1.03290776479748,0.9746780568814878,-0.9115834940401767,0.646091668153197,-1.0306701134001208,-0.17241907003148538,0.7014981422339509,0.1393670322935011,0.9972039090469852,-0.5787359118286177,-0.5738091541336192,-0.9124191495230389,0.9124191495230393,-0.5784279906300535,1.731127539482183,-0.5765804684883443,-0.5767344287272242,0
-1.1953505817601309,-0.5646648934149681,-1.0417596792253108,0.9064040157148994,-0.9115834940401767,0.646091668153197,0.9702425509371355,0.17753370096583304,0.7014981422339509,-1.2593981600604935,0.9972039090469852,-0.5787359118286177,-0.5738091541336192,-0.9124191495230389,0.9124191495230393,1.7288236672481017,-0.5776581893550843,-0.5765804684883443,-0.5767344287272242,0
-0.2848343191927756,1.0563461485071606,-1.0417596792253108,0.17038132047994164,-0.9115834940401767,0.646091668153197,0.9702425509371355,0.074631332793604,1.4128124215220779,1.608955778690736,-1.0028039309991141,-0.5787359118286177,1.7427397119690018,1.0959875190286648,-1.0959875190286648,-0.5784279906300535,-0.5776581893550843,-0.5765804684883443,1.733900301750437,0
0.17042381209090204,-1.1367864376227783,-0.695981771888179,0.4748930225150864,0.8077365626180215,0.646091668153197,-1.0306701134001208,-1.6765697231064278,-1.43244469563043,0.33855827804011424,-1.0028039309991141,1.7279038324066063,-0.5738091541336192,1.0959875190286648,-1.0959875190286648,1.7288236672481017,-0.5776581893550843,-0.5765804684883443,-0.5767344287272242,0
0.4290932048657189,-0.4693113027136664,0.6871298574603482,-1.2258476714090278,0.8077365626180215,0.646091668153197,-1.0306701134001208,1.6516834587965015,-1.43244469563043,-0.7946185866517296,0.9972039090469852,-0.5787359118286177,-0.5738091541336192,1.0959875190286648,-1.0959875190286648,1.7288236672481017,-0.5776581893550843,-0.5765804684883443,-0.5767344287272242,0
1.5155046545199495,0.5795781950006521,1.03290776479748,-1.2258476714090278,-0.9115834940401767,-1.5477679860172513,-1.0306701134001208,0.4350689756937368,-0.721130416342303,-0.6662508949483567,0.9972039090469852,-0.5787359118286177,-0.5738091541336192,-0.9124191495230389,0.9124191495230393,1.7288236672481017,-0.5776581893550843,-0.5765804684883443,-0.5767344287272242,0
0.4290932048657189,-0.27860412131106305,-0.35020386455104724,-1.2258476714090278,-0.9115834940401767,0.646091668153197,-1.0306701134001208,1.4865969805393946,-1.43244469563043,-1.4320305730408918,0.9972039090469852,-0.5787359118286177,-0.5738091541336192,1.0959875190286648,-1.0959875190286648,-0.5784279906300535,-0.5776581893550843,1.7343632929879855,-0.5767344287272242,1
-0.6262779176555339,-0.08789693990845966,1.378685672134612,-1.2258476714090278,0.8077365626180215,0.646091668153197,0.9702425509371355,0.8461473882992115,-0.009816137054176019,-0.13950071175175735,-1.0028039309991141,-0.5787359118286177,1.7427397119690018,1.0959875190286648,-1.0959875190286648,-0.5784279906300535,-0.5776581893550843,-0.5765804684883443,1.733900301750437,0
0.615335167663587,0.7702853764032556,-0.004425957213915414,1.3164226559766468,-0.9115834940401767,-1.5477679860172513,-1.0306701134001208,-0.2884896068149726,-0.721130416342303,0.5023377467651073,0.9972039090469852,-0.5787359118286177,-0.5738091541336192,-0.9124191495230389,0.9124191495230393,-0.5784279906300535,-0.5776581893550843,1.7343632929879855,-0.5767344287272242,1
-1.2988183388700576,0.7702853764032556,-1.3875375865624426,0.6667564271721422,-0.9115834940401767,0.646091668153197,-1.0306701134001208,-0.20813694705811367,-0.009816137054176019,-1.3125158255929237,-1.0028039309991141,1.7279038324066063,-0.5738091541336192,1.0959875190286648,-1.0959875190286648,1.7288236672481017,-0.5776581893550843,-0.5765804684883443,-0.5767344287272242,1
1.3706497945660523,0.10281024149414371,0.3413519501232164,-1.2258476714090278,0.8077365626180215,0.646091668153197,-1.0306701134001208,0.1678440280681198,-1.43244469563043,-0.9938098323983428,0.9972039090469852,-0.5787359118286177,-0.5738091541336192,-0.9124191495230389,0.9124191495230393,-0.5784279906300535,1.731127539482183,-0.5765804684883443,-0.5767344287272242,0
0.04626250355898996,-0.4693113027136664,0.6871298574603482,0.6658055388053897,-0.9115834940401767,0.646091668153197,-1.0306701134001208,-0.8496947403172137,-0.721130416342303,-0.14835365600716238,-1.0028039309991141,1.7279038324066063,-0.5738091541336192,-0.9124191495230389,0.9124191495230393,-0.5784279906300535,-0.5776581893550843,-0.5765804684883443,1.733900301750437,1
-0.5228101605456071,-0.9460792562201749,0.3413519501232164,-0.03294835864577969,0.8077365626180215,0.646091668153197,0.9702425509371355,-0.07023660649103365,-0.721130416342303,-1.064633386441583,-1.0028039309991141,1.7279038324066063,-0.5738091541336192,1.0959875190286648,-1.0959875190286648,1.7288236672481017,-0.5776581893550843,-0.5765804684883443,-0.5767344287272242,0
-0.750439226187446,1.9145284648188758,1.7244635794717436,1.7546599062093065,-0.9115834940401767,-1.5477679860172513,-1.0306701134001208,-1.576222842487001,-0.721130416342303,-0.8167509472902421,0.9972039090469852,-0.5787359118286177,-0.5738091541336192,-0.9124191495230389,0.9124191495230393,-0.5784279906300535,1.731127539482183,-0.5765804684883443,-0.5767344287272242,1
-0.026164926417958756,0.38887101359804876,-1.3875375865624426,0.5044931692669542,-0.9115834940401767,-1.5477679860172513,-1.0306701134001208,1.5015162215279465,-0.721130416342303,-0.635265590054439,-1.0028039309991141,1.7279038324066063,-0.5738091541336192,1.0959875190286648,-1.0959875190286648,-0.5784279906300535,-0.5776581893550843,1.7343632929879855,-0.5767344287272242,1
1.0602465232362719,1.1516997392084622,-0.35020386455104724,0.053303450764028246,0.8077365626180215,-1.5477679860172513,0.9702425509371355,-0.5534913706924557,-1.43244469563043,1.5469851689029008,-1.0028039309991141,-0.5787359118286177,1.7427397119690018,-0.9124191495230389,0.9124191495230393,1.7288236672481017,-0.5776581893550843,-0.5765804684883443,-0.5767344287272242,1
0.4394399805767116,0.6749317857019538,-1.0417596792253108,0.45320690183129286,-0.9115834940401767,0.646091668153197,0.9702425509371355,-0.6559463198749352,1.4128124215220779,1.1751615101758894,-1.0028039309991141,1.7279038324066063,-0.5738091541336192,-0.9124191495230389,0.9124191495230393,-0.5784279906300535,1.731127539482183,-0.5765804684883443,-0.5767344287272242,0
2.063883767202561,0.2935174228967471,-0.695981771888179,-1.2258476714090278,0.8077365626180215,0.646091668153197,0.9702425509371355,1.3353566680334727,-0.721130416342303,0.12166114378269102,0.9972039090469852,-0.5787359118286177,-0.5738091541336192,1.0959875190286648,-1.0959875190286648,-0.5784279906300535,1.731127539482183,-0.5765804684883443,-0.5767344287272242,0
-1.9506652086625962,-0.4693113027136664,-1.3875375865624426,0.29164002180467197,0.8077365626180215,0.646091668153197,-1.0306701134001208,0.667528267974758,1.4128124215220779,0.6218524942130752,-1.0028039309991141,1.7279038324066063,-0.5738091541336192,-0.9124191495230389,0.9124191495230393,-0.5784279906300535,-0.5776581893550843,1.7343632929879855,-0.5767344287272242,0
1.339609467433074,3.5355395067410043,1.7244635794717436,0.7184630856723566,-0.9115834940401767,-1.5477679860172513,0.9702425509371355,-0.6124042619529386,-0.009816137054176019,1.33451450677318,0.9972039090469852,-0.5787359118286177,-0.5738091541336192,-0.9124191495230389,0.9124191495230393,1.7288236672481017,-0.5776581893550843,-0.5765804684883443,-0.5767344287272242,0
0.9671255418373379,-0.3739577120123647,0.6871298574603482,-1.2258476714090278,0.8077365626180215,0.646091668153197,0.9702425509371355,-0.9921057876834014,1.4128124215220779,0.7856319629380683,-1.0028039309991141,-0.5787359118286177,1.7427397119690018,-0.9124191495230389,0.9124191495230393,-0.5784279906300535,-0.5776581893550843,-0.5765804684883443,1.733900301750437,0
-0.6987053476324826,0.48422460429935044,1.03290776479748,-1.2258476714090278,0.8077365626180215,0.646091668153197,0.9702425509371355,-1.263460796881324,0.7014981422339509,1.0202349857063016,0.9972039090469852,-0.5787359118286177,-0.5738091541336192,1.0959875190286648,-1.0959875190286648,1.7288236672481017,-0.5776581893550843,-0.5765804684883443,-0.5767344287272242,0
1.7741740472947665,-0.18325053060976135,-0.695981771888179,0.46602201777890495,-0.9115834940401767,0.646091668153197,-1.0306701134001208,1.4351957898304863,1.4128124215220779,-0.635265590054439,0.9972039090469852,-0.5787359118286177,-0.5738091541336192,-0.9124191495230389,0.9124191495230393,1.7288236672481017,-0.5776581893550843,-0.5765804684883443,-0.5767344287272242,0
-0.21240688921582687,-1.0414328469214764,1.03290776479748,0.47984940592008024,-0.9115834940401767,0.646091668153197,0.9702425509371355,-1.3866928197409276,1.4128124215220779,-1.5072805992118343,-1.0028039309991141,1.7279038324066063,-0.5738091541336192,1.0959875190286648,-1.0959875190286648,1.7288236672481017,-0.5776581893550843,-0.5765804684883443,-0.5767344287272242,0
-0.46072950627965104,-0.3739577120123647,-1.0417596792253108,0.8923633067552262,-0.9115834940401767,-1.5477679860172513,0.9702425509371355,1.125509162900562,-0.009816137054176019,-1.219559910911171,0.9972039090469852,-0.5787359118286177,-0.5738091541336192,-0.9124191495230389,0.9124191495230393,-0.5784279906300535,1.731127539482183,-0.5765804684883443,-0.5767344287272242,0
-1.2367376846041016,2.9634179625331942,-1.3875375865624426,-1.2258476714090278,0.8077365626180215,-1.5477679860172513,-1.0306701134001208,-0.010208210831311168,-0.721130416342303,1.6620734442231662,-1.0028039309991141,-0.5787359118286177,1.7427397119690018,-0.9124191495230389,0.9124191495230393,-0.5784279906300535,-0.5776581893550843,1.7343632929879855,-0.5767344287272242,0
2.063883767202561,-0.7553720748175714,-0.35020386455104724,1.4133789713725353,-0.9115834940401767,-1.5477679860172513,0.9702425509371355,-0.6634623676767023,-1.43244469563043,-0.38738315090309816,-1.0028039309991141,1.7279038324066063,-0.5738091541336192,1.0959875190286648,-1.0959875190286648,-0.5784279906300535,-0.5776581893550843,1.7343632929879855,-0.5767344287272242,0
1.2878755888781108,1.247053329909764,1.03290776479748,0.535893961695624,-0.9115834940401767,0.646091668153197,0.9702425509371355,-0.056808472318300315,0.7014981422339509,-1.1487363568679307,0.9972039090469852,-0.5787359118286177,-0.5738091541336192,-0.9124191495230389,0.9124191495230393,-0.5784279906300535,-0.5776581893550843,-0.5765804684883443,1.733900301750437,1
-0.5848908148115631,-0.27860412131106305,0.3413519501232164,1.2404062390775297,-0.9115834940401767,-1.5477679860172513,-1.0306701134001208,0.6145530249163694,0.7014981422339509,0.4403671369772721,0.9972039090469852,-0.5787359118286177,-0.5738091541336192,-0.9124191495230389,0.9124191495230393,-0.5784279906300535,-0.5776581893550843,1.7343632929879855,-0.5767344287272242,0
-0.1710197863718562,1.6284676927149706,-0.695981771888179,0.6373236034364369,-0.9115834940401767,-1.5477679860172513,0.9702425509371355,-1.0026560422291018,0.7014981422339509,1.5823969459245208,-1.0028039309991141,1.7279038324066063,-0.5738091541336192,1.0959875190286648,-1.0959875190286648,-0.5784279906300535,1.731127539482183,-0.5765804684883443,-0.5767344287272242,1
0.48082708342068226,-1.3274936190253817,-1.3875375865624426,-1.2258476714090278,0.8077365626180215,-1.5477679860172513,-1.0306701134001208,-0.21365725924178647,-0.721130416342303,1.0822055954941368,0.9972039090469852,-0.5787359118286177,-0.5738091541336192,1.0959875190286648,-1.0959875190286648,-0.5784279906300535,-0.5776581893550843,1.7343632929879855,-0.5767344287272242,0
-0.6469714690775192,-1.4228472097266833,-1.7333154938995745,-1.2258476714090278,0.8077365626180215,0.646091668153197,0.9702425509371355,0.7041821949127041,-0.009816137054176019,0.4802053861265947,0.9972039090469852,-0.5787359118286177,-0.5738091541336192,1.0959875190286648,-1.0959875190286648,-0.5784279906300535,-0.5776581893550843,1.7343632929879855,-0.5767344287272242,0
-1.7126893673097645,-1.7089079818305883,-0.004425957213915414,0.5877354081810798,-0.9115834940401767,0.646091668153197,0.9702425509371355,-0.7990026730596075,0.7014981422339509,0.697102520384018,-1.0028039309991141,-0.5787359118286177,1.7427397119690018,1.0959875190286648,-1.0959875190286648,-0.5784279906300535,1.731127539482183,-0.5765804684883443,-0.5767344287272242,0
-0.015818150706966082,0.0074566507928420294,-0.695981771888179,0.586760799693262,-0.9115834940401767,0.646091668153197,0.9702425509371355,-0.6912997234454752,1.4128124215220779,1.5027204476258755,0.9972039090469852,-0.5787359118286177,-0.5738091541336192,-0.9124191495230389,0.9124191495230393,-0.5784279906300535,-0.5776581893550843,1.7343632929879855,-0.5767344287272242,0
-2.147253947171457,0.48422460429935044,-1.0417596792253108,-1.2258476714090278,-0.9115834940401767,0.646091668153197,-1.0306701134001208,1.0272632213538733,-0.009816137054176019,-1.1310304683571206,0.9972039090469852,-0.5787359118286177,-0.5738091541336192,-0.9124191495230389,0.9124191495230393,-0.5784279906300535,-0.5776581893550843,1.7343632929879855,-0.5767344287272242,0
-0.5124633848346144,0.1981638321954454,-1.3875375865624426,0.7610516014182648,-0.9115834940401767,-1.5477679860172513,0.9702425509371355,1.2646107356406655,-0.009816137054176019,-0.28114781983823783,0.9972039090469852,-0.5787359118286177,-0.5738091541336192,-0.9124191495230389,0.9124191495230393,-0.5784279906300535,1.731127539482183,-0.5765804684883443,-0.5767344287272242,0
1.8672950286937005,-0.6600184841162697,1.378685672134612,0.06053071521883164,-0.9115834940401767,0.646091668153197,-1.0306701134001208,1.6480867178777372,0.7014981422339509,-0.07310362983621962,-1.0028039309991141,1.7279038324066063,-0.5738091541336192,-0.9124191495230389,0.9124191495230393,-0.5784279906300535,1.731127539482183,-0.5765804684883443,-0.5767344287272242,0
0.6049883919525944,2.200589236922781,-0.695981771888179,-1.2258476714090278,0.8077365626180215,0.646091668153197,0.9702425509371355,-0.3111777316764527,0.7014981422339509,-0.2191772100504026,-1.0028039309991141,-0.5787359118286177,1.7427397119690018,-0.9124191495230389,0.9124191495230393,-0.5784279906300535,-0.5776581893550843,-0.5765804684883443,1.733900301750437,0
-1.6609554887548013,-0.3739577120123647,0.6871298574603482,0.5010577584897175,-0.9115834940401767,0.646091668153197,0.9702425509371355,-1.672002328164818,1.4128124215220779,1.5646910574137107,0.9972039090469852,-0.5787359118286177,-0.5738091541336192,1.0959875190286648,-1.0959875190286648,-0.5784279906300535,-0.5776581893550843,1.7343632929879855,-0.5767344287272242,0
-1.1953505817601309,1.8191748741175742,-1.3875375865624426,-1.2258476714090278,0.8077365626180215,0.646091668153197,0.9702425509371355,-1.5356271768550618,0.7014981422339509,1.418617477199528,-1.0028039309991141,-0.5787359118286177,1.7427397119690018,-0.9124191495230389,0.9124191495230393,-0.5784279906300535,-0.5776581893550843,1.7343632929879855,-0.5767344287272242,1
0.1497302606689167,-0.4693113027136664,-0.004425957213915414,-0.13894171962530566,-0.9115834940401767,0.646091668153197,0.9702425509371355,-1.2250318007450238,1.4128124215220779,-1.3125158255929237,0.9972039090469852,-0.5787359118286177,-0.5738091541336192,1.0959875190286648,-1.0959875190286648,-0.5784279906300535,-0.5776581893550843,-0.5765804684883443,1.733900301750437,0
0.12903670924693136,0.6749317857019538,0.3413519501232164,0.30376997884989604,-0.9115834940401767,0.646091668153197,0.9702425509371355,-1.3746293743484332,0.7014981422339509,0.9671173201738713,-1.0028039309991141,1.7279038324066063,-0.5738091541336192,1.0959875190286648,-1.0959875190286648,1.7288236672481017,-0.5776581893550843,-0.5765804684883443,-0.5767344287272242,1
-0.13997945923887817,-1.1367864376227783,1.378685672134612,0.8406915873522566,-0.9115834940401767,0.646091668153197,-1.0306701134001208,-0.9268914703247664,1.4128124215220779,-1.3390746583591389,0.9972039090469852,-0.5787359118286177,-0.5738091541336192,-0.9124191495230389,0.9124191495230393,-0.5784279906300535,1.731127539482183,-0.5765804684883443,-0.5767344287272242,0
-1.1539634789161601,0.0074566507928420294,0.3413519501232164,-1.2258476714090278,0.8077365626180215,0.646091668153197,0.9702425509371355,-0.2316694817968669,1.4128124215220779,-1.2903834649544113,0.9972039090469852,-0.5787359118286177,-0.5738091541336192,-0.9124191495230389,0.9124191495230393,-0.5784279906300535,-0.5776581893550843,1.7343632929879855,-0.5767344287272242,0
-0.8849473104303507,-0.08789693990845966,-1.7333154938995745,0.7366359038300103,-0.9115834940401767,-1.5477679860172513,-1.0306701134001208,-0.5695054231693345,0.7014981422339509,0.20133764208133628,-1.0028039309991141,-0.5787359118286177,1.7427397119690018,-0.9124191495230389,0.9124191495230393,-0.5784279906300535,-0.5776581893550843,1.7343632929879855,-0.5767344287272242,0
-1.919624881529618,-0.5646648934149681,1.03290776479748,-1.2258476714090278,0.8077365626180215,0.646091668153197,-1.0306701134001208,1.3490092942061152,0.7014981422339509,-0.44050081643552835,0.9972039090469852,-0.5787359118286177,-0.5738091541336192,-0.9124191495230389,0.9124191495230393,1.7288236672481017,-0.5776581893550843,-0.5765804684883443,-0.5767344287272242,0
0.7808835790394698,-0.6600184841162697,1.03290776479748,-1.2258476714090278,0.8077365626180215,-1.5477679860172513,-1.0306701134001208,1.4778110140115717,-0.721130416342303,-1.6533541794260174,0.9972039090469852,-0.5787359118286177,-0.5738091541336192,1.0959875190286648,-1.0959875190286648,-0.5784279906300535,-0.5776581893550843,-0.5765804684883443,1.733900301750437,0
1.7845208230057592,-0.08789693990845966,-1.3875375865624426,-1.2258476714090278,0.8077365626180215,0.646091668153197,-1.0306701134001208,0.9827126013873575,-0.721130416342303,0.9671173201738713,0.9972039090469852,-0.5787359118286177,-0.5738091541336192,-0.9124191495230389,0.9124191495230393,-0.5784279906300535,-0.5776581893550843,-0.5765804684883443,1.733900301750437,0
0.584294840530609,0.10281024149414371,-0.004425957213915414,-1.2258476714090278,0.8077365626180215,0.646091668153197,-1.0306701134001208,-1.0266017396260925,-0.721130416342303,0.6926760482563155,0.9972039090469852,-0.5787359118286177,-0.5738091541336192,1.0959875190286648,-1.0959875190286648,1.7288236672481017,-0.5776581893550843,-0.5765804684883443,-0.5767344287272242,0
-0.99876184325127,-0.8507256655188732,1.378685672134612,-1.2258476714090278,0.8077365626180215,0.646091668153197,0.9702425509371355,-1.0393395304683533,1.4128124215220779,-0.4272214000524208,0.9972039090469852,-0.5787359118286177,-0.5738091541336192,1.0959875190286648,-1.0959875190286648,-0.5784279906300535,-0.5776581893550843,1.7343632929879855,-0.5767344287272242,0
-0.84356020758638,-0.8507256655188732,-0.695981771888179,1.0103864553498025,-0.9115834940401767,0.646091668153197,0.9702425509371355,-1.1626263286803744,0.7014981422339509,0.43594066484956956,-1.0028039309991141,-0.5787359118286177,1.7427397119690018,1.0959875190286648,-1.0959875190286648,-0.5784279906300535,-0.5776581893550843,-0.5765804684883443,1.733900301750437,0
0.7601900276174844,-1.0414328469214764,-0.004425957213915414,-1.2258476714090278,-0.9115834940401767,0.646091668153197,-1.0306701134001208,-0.7084028490404268,0.7014981422339509,0.40052888782794943,0.9972039090469852,-0.5787359118286177,-0.5738091541336192,1.0959875190286648,-1.0959875190286648,1.7288236672481017,-0.5776581893550843,-0.5765804684883443,-0.5767344287272242,0
1.4948111030979643,-0.08789693990845966,0.6871298574603482,0.7920169373000836,0.8077365626180215,0.646091668153197,0.9702425509371355,0.46913228929733064,1.4128124215220779,1.3522203952839902,-1.0028039309991141,1.7279038324066063,-0.5738091541336192,-0.9124191495230389,0.9124191495230393,-0.5784279906300535,1.731127539482183,-0.5765804684883443,-0.5767344287272242,0
0.584294840530609,-0.5646648934149681,1.03290776479748,0.9647138430521626,-0.9115834940401767,0.646091668153197,-1.0306701134001208,-0.7964096252651472,0.7014981422339509,1.042367346344814,0.9972039090469852,-0.5787359118286177,-0.5738091541336192,-0.9124191495230389,0.9124191495230393,-0.5784279906300535,-0.5776581893550843,-0.5765804684883443,1.733900301750437,0
-1.350552217425021,-0.4693113027136664,-0.695981771888179,-1.2258476714090278,0.8077365626180215,0.646091668153197,0.9702425509371355,0.08022798269064667,1.4128124215220779,1.153029149537377,0.9972039090469852,-0.5787359118286177,-0.5738091541336192,-0.9124191495230389,0.9124191495230393,1.7288236672481017,-0.5776581893550843,-0.5765804684883443,-0.5767344287272242,0
0.6981093733515285,-1.3274936190253817,-0.35020386455104724,0.5161700399456166,-0.9115834940401767,0.646091668153197,-1.0306701134001208,-0.6444236724063123,-0.721130416342303,0.5156171631482148,0.9972039090469852,-0.5787359118286177,-0.5738091541336192,1.0959875190286648,-1.0959875190286648,1.7288236672481017,-0.5776581893550843,-0.5765804684883443,-0.5767344287272242,0
-0.5641972633895778,2.6773571904292894,0.3413519501232164,-1.2258476714090278,0.8077365626180215,0.646091668153197,0.9702425509371355,0.665311865936923,-0.009816137054176019,0.5333230516590249,-1.0028039309991141,-0.5787359118286177,1.7427397119690018,-0.9124191495230389,0.9124191495230393,-0.5784279906300535,-0.5776581893550843,1.7343632929879855,-0.5767344287272242,0
0.35666577488877016,0.10281024149414371,0.6871298574603482,-1.2258476714090278,0.8077365626180215,0.646091668153197,-1.0306701134001208,0.06622340314246822,-0.721130416342303,1.1131909003880542,0.9972039090469852,-0.5787359118286177,-0.5738091541336192,1.0959875190286648,-1.0959875190286648,-0.5784279906300535,-0.5776581893550843,1.7343632929879855,-0.5767344287272242,0
-0.10893913210590014,3.344832325338401,-1.0417596792253108,0.6461226464539814,-0.9115834940401767,0.646091668153197,0.9702425509371355,-1.1469751846495149,-1.43244469563043,1.507146919753578,-1.0028039309991141,1.7279038324066063,-0.5738091541336192,1.0959875190286648,-1.0959875190286648,-0.5784279906300535,-0.5776581893550843,1.7343632929879855,-0.5767344287272242,0
1.4844643273869715,1.7238212834162723,-0.695981771888179,0.6502289520067495,-0.9115834940401767,0.646091668153197,-1.0306701134001208,-0.11743331070435076,-0.009816137054176019,0.27658766825227904,-1.0028039309991141,1.7279038324066063,-0.5738091541336192,-0.9124191495230389,0.9124191495230393,-0.5784279906300535,1.731127539482183,-0.5765804684883443,-0.5767344287272242,1
-0.29518109490376826,-0.7553720748175714,-1.3875375865624426,0.2116067306200463,-0.9115834940401767,0.646091668153197,0.9702425509371355,0.9079706766181627,-0.721130416342303,-0.08195657409162466,0.9972039090469852,-0.5787359118286177,-0.5738091541336192,1.0959875190286648,-1.0959875190286648,-0.5784279906300535,1.731127539482183,-0.5765804684883443,-0.5767344287272242,0
0.3049318963338068,-0.6600184841162697,-0.004425957213915414,0.26405816886748784,-0.9115834940401767,0.646091668153197,-1.0306701134001208,0.29330653805617957,-1.43244469563043,0.05083758973945078,0.9972039090469852,-0.5787359118286177,-0.5738091541336192,-0.9124191495230389,0.9124191495230393,-0.5784279906300535,1.731127539482183,-0.5765804684883443,-0.5767344287272242,0
0.36701255059976284,0.0074566507928420294,1.7244635794717436,0.9579750848744304,-0.9115834940401767,-1.5477679860172513,-1.0306701134001208,-0.1893789102601124,-0.721130416342303,-1.65778065155372,-1.0028039309991141,-0.5787359118286177,1.7427397119690018,-0.9124191495230389,0.9124191495230393,-0.5784279906300535,-0.5776581893550843,1.7343632929879855,-0.5767344287272242,0
-0.12963268352788548,0.38887101359804876,-0.695981771888179,1.111882128778986,-0.9115834940401767,0.646091668153197,0.9702425509371355,0.7420455268540356,-0.009816137054176019,-0.12622129536864982,0.9972039090469852,-0.5787359118286177,-0.5738091541336192,1.0959875190286648,-1.0959875190286648,-0.5784279906300535,1.731127539482183,-0.5765804684883443,-0.5767344287272242,1
-0.9780682918292848,0.10281024149414371,1.03290776479748,-1.2258476714090278,0.8077365626180215,0.646091668153197,-1.0306701134001208,-0.6603914701411493,-0.721130416342303,-1.1398834126125257,0.9972039090469852,-0.5787359118286177,-0.5738091541336192,1.0959875190286648,-1.0959875190286648,-0.5784279906300535,-0.5776581893550843,1.7343632929879855,-0.5767344287272242,0
0.01522217642601194,-1.1367864376227783,1.7244635794717436,0.49392072665761455,0.8077365626180215,-1.5477679860172513,-1.0306701134001208,-0.9677757933694474,-0.721130416342303,1.6797793327339763,0.9972039090469852,-0.5787359118286177,-0.5738091541336192,-0.9124191495230389,0.9124191495230393,-0.5784279906300535,1.731127539482183,-0.5765804684883443,-0.5767344287272242,0
0.6774158219295431,0.0074566507928420294,1.7244635794717436,0.6220989719476547,-0.9115834940401767,0.646091668153197,-1.0306701134001208,-0.9835712661066778,1.4128124215220779,-0.626412645799034,-1.0028039309991141,1.7279038324066063,-0.5738091541336192,1.0959875190286648,-1.0959875190286648,1.7288236672481017,-0.5776581893550843,-0.5765804684883443,-0.5767344287272242,1
0.615335167663587,-1.4228472097266833,-1.0417596792253108,0.5436643848686011,0.8077365626180215,-1.5477679860172513,-1.0306701134001208,-1.4651591206945203,0.7014981422339509,1.7107646376278938,-1.0028039309991141,1.7279038324066063,-0.5738091541336192,1.0959875190286648,-1.0959875190286648,-0.5784279906300535,-0.5776581893550843,-0.5765804684883443,1.733900301750437,1
-1.1539634789161601,-0.18325053060976135,-1.3875375865624426,0.8724664525009669,0.8077365626180215,-1.5477679860172513,-1.0306701134001208,-1.7024424695684808,-1.43244469563043,-1.2726775764436011,-1.0028039309991141,-0.5787359118286177,1.7427397119690018,1.0959875190286648,-1.0959875190286648,-0.5784279906300535,-0.5776581893550843,1.7343632929879855,-0.5767344287272242,0
-1.567834507355867,-0.3739577120123647,1.7244635794717436,-1.2258476714090278,0.8077365626180215,0.646091668153197,-1.0306701134001208,-1.5540150018267216,-1.43244469563043,-1.6489277072983148,0.9972039090469852,-0.5787359118286177,-0.5738091541336192,-0.9124191495230389,0.9124191495230393,-0.5784279906300535,1.731127539482183,-0.5765804684883443,-0.5767344287272242,0
0.9774723175483306,-1.3274936190253817,-0.004425957213915414,1.3063257376862274,0.8077365626180215,0.646091668153197,-1.0306701134001208,0.7990456280300857,-1.43244469563043,-0.93626569473821,0.9972039090469852,-0.5787359118286177,-0.5738091541336192,-0.9124191495230389,0.9124191495230393,-0.5784279906300535,-0.5776581893550843,-0.5765804684883443,1.733900301750437,0
0.2325044663568581,-0.8507256655188732,-1.3875375865624426,-0.19854605654258964,-0.9115834940401767,0.646091668153197,0.9702425509371355,-0.38789452526282014,1.4128124215220779,1.4584557263488505,0.9972039090469852,-0.5787359118286177,-0.5738091541336192,-0.9124191495230389,0.9124191495230393,1.7288236672481017,-0.5776581893550843,-0.5765804684883443,-0.5767344287272242,0
-0.9884150675402774,2.200589236922781,1.7244635794717436,0.6144272757650568,-0.9115834940401767,-1.5477679860172513,0.9702425509371355,-1.5936278411352778,-0.009816137054176019,-1.3966187960192715,-1.0028039309991141,1.7279038324066063,-0.5738091541336192,1.0959875190286648,-1.0959875190286648,-0.5784279906300535,1.731127539482183,-0.5765804684883443,-0.5767344287272242,0
0.3980528777327409,-0.9460792562201749,-1.3875375865624426,0.017163442254980964,0.8077365626180215,0.646091668153197,0.9702425509371355,0.39834757943281196,-0.721130416342303,0.38282299931713937,0.9972039090469852,-0.5787359118286177,-0.5738091541336192,1.0959875190286648,-1.0959875190286648,-0.5784279906300535,-0.5776581893550843,-0.5765804684883443,1.733900301750437,0
1.1119804017912354,0.10281024149414371,-0.004425957213915414,0.2726841191096925,0.8077365626180215,-1.5477679860172513,-1.0306701134001208,0.40218272355209966,-1.43244469563043,0.8254702120873909,-1.0028039309991141,-0.5787359118286177,1.7427397119690018,1.0959875190286648,-1.0959875190286648,1.7288236672481017,-0.5776581893550843,-0.5765804684883443,-0.5767344287272242,0
-0.7090521233434752,0.10281024149414371,1.378685672134612,-1.2258476714090278,2.52705661927622,0.646091668153197,0.9702425509371355,-0.6805322802801879,-0.721130416342303,0.17035233718741868,0.9972039090469852,-0.5787359118286177,-0.5738091541336192,1.0959875190286648,-1.0959875190286648,-0.5784279906300535,-0.5776581893550843,-0.5765804684883443,1.733900301750437,0
-0.09859235639490747,1.0563461485071606,0.3413519501232164,1.2357676732405911,0.8077365626180215,0.646091668153197,0.9702425509371355,0.5359383957862291,0.7014981422339509,0.21904353059214635,0.9972039090469852,-0.5787359118286177,-0.5738091541336192,-0.9124191495230389,0.9124191495230393,-0.5784279906300535,-0.5776581893550843,-0.5765804684883443,1.733900301750437,0
-1.1125763760721894,-0.6600184841162697,0.6871298574603482,1.1342540494495204,-0.9115834940401767,0.646091668153197,-1.0306701134001208,0.22052226699339783,-0.009816137054176019,1.4407498378380403,0.9972039090469852,-0.5787359118286177,-0.5738091541336192,1.0959875190286648,-1.0959875190286648,1.7288236672481017,-0.5776581893550843,-0.5765804684883443,-0.5767344287272242,0
-0.18136656208284888,-0.9460792562201749,0.3413519501232164,0.6559328397674714,-0.9115834940401767,-1.5477679860172513,-1.0306701134001208,-1.212905407169751,0.7014981422339509,-1.175295189634146,-1.0028039309991141,1.7279038324066063,-0.5738091541336192,-0.9124191495230389,0.9124191495230393,-0.5784279906300535,-0.5776581893550843,-0.5765804684883443,1.733900301750437,0
0.9671255418373379,0.38887101359804876,1.7244635794717436,1.1434742848870594,-0.9115834940401767,-1.5477679860172513,0.9702425509371355,-1.3190623007256386,-0.009816137054176019,1.6620734442231662,0.9972039090469852,-0.5787359118286177,-0.5738091541336192,1.0959875190286648,-1.0959875190286648,-0.5784279906300535,-0.5776581893550843,-0.5765804684883443,1.733900301750437,0
-0.21240688921582687,-0.9460792562201749,0.3413519501232164,0.8793834321288645,-0.9115834940401767,-1.5477679860172513,0.9702425509371355,-1.5783288243699616,0.7014981422339509,1.060073234855624,-1.0028039309991141,1.7279038324066063,-0.5738091541336192,-0.9124191495230389,0.9124191495230393,-0.5784279906300535,-0.5776581893550843,-0.5765804684883443,1.733900301750437,1
-0.40899562772468767,-0.5646648934149681,0.6871298574603482,-1.2258476714090278,0.8077365626180215,0.646091668153197,0.9702425509371355,-1.6756101980440734,-1.43244469563043,1.635514611456951,-1.0028039309991141,-0.5787359118286177,1.7427397119690018,1.0959875190286648,-1.0959875190286648,1.7288236672481017,-0.5776581893550843,-0.5765804684883443,-0.5767344287272242,0
-1.505753853089911,-1.3274936190253817,-0.004425957213915414,0.6055516231673155,0.8077365626180215,0.646091668153197,0.9702425509371355,0.46320872618585784,-0.721130416342303,1.4894410312427682,-1.0028039309991141,1.7279038324066063,-0.5738091541336192,1.0959875190286648,-1.0959875190286648,-0.5784279906300535,-0.5776581893550843,-0.5765804684883443,1.733900301750437,0
-0.6159311419445411,0.0074566507928420294,-0.35020386455104724,1.1862424645229275,-0.9115834940401767,0.646091668153197,-1.0306701134001208,-1.4808723434581201,-1.43244469563043,0.55988188442524,0.9972039090469852,-0.5787359118286177,-0.5738091541336192,1.0959875190286648,-1.0959875190286648,1.7288236672481017,-0.5776581893550843,-0.5765804684883443,-0.5767344287272242,0
1.3603030188550596,0.2935174228967471,0.6871298574603482,0.8004337337720855,-0.9115834940401767,0.646091668153197,-1.0306701134001208,-1.0478636186446164,-1.43244469563043,-1.0602069143138804,-1.0028039309991141,1.7279038324066063,-0.5738091541336192,-0.9124191495230389,0.9124191495230393,-0.5784279906300535,1.731127539482183,-0.5765804684883443,-0.5767344287272242,0
1.2568352617451328,0.2935174228967471,-0.695981771888179,-0.022607507759001822,0.8077365626180215,0.646091668153197,-1.0306701134001208,-0.12523071253853688,-0.721130416342303,-1.1841481338895508,-1.0028039309991141,1.7279038324066063,-0.5738091541336192,-0.9124191495230389,0.9124191495230393,-0.5784279906300535,1.731127539482183,-0.5765804684883443,-0.5767344287272242,1
0.18077058780189473,1.3424069206110656,1.7244635794717436,0.540981446850829,-0.9115834940401767,-1.5477679860172513,-1.0306701134001208,1.458768840941028,0.7014981422339509,0.3341318059124117,0.9972039090469852,-0.5787359118286177,-0.5738091541336192,1.0959875190286648,-1.0959875190286648,-0.5784279906300535,-0.5776581893550843,-0.5765804684883443,1.733900301750437,1
1.567238533074913,0.1981638321954454,-0.004425957213915414,-1.2258476714090278,0.8077365626180215,0.646091668153197,0.9702425509371355,0.6005475759181526,-0.721130416342303,-1.1398834126125257,-1.0028039309991141,-0.5787359118286177,1.7427397119690018,-0.9124191495230389,0.9124191495230393,-0.5784279906300535,-0.5776581893550843,1.7343632929879855,-0.5767344287272242,0
1.8983353558266787,0.9609925578058589,-1.0417596792253108,0.8800272410904766,-0.9115834940401767,-1.5477679860172513,-1.0306701134001208,1.6393570917124016,-0.721130416342303,-0.17491248877337748,0.9972039090469852,-0.5787359118286177,-0.5738091541336192,1.0959875190286648,-1.0959875190286648,-0.5784279906300535,1.731127539482183,-0.5765804684883443,-0.5767344287272242,1
-1.319511890292043,0.0074566507928420294,-1.3875375865624426,1.0805031332183215,-0.9115834940401767,0.646091668153197,0.9702425509371355,0.3238094537526133,-1.43244469563043,0.5554554122975375,-1.0028039309991141,1.7279038324066063,-0.5738091541336192,1.0959875190286648,-1.0959875190286648,-0.5784279906300535,-0.5776581893550843,-0.5765804684883443,1.733900301750437,1
-0.19171333779384153,0.10281024149414371,-0.695981771888179,0.5329771881600545,-0.9115834940401767,0.646091668153197,-1.0306701134001208,0.7269732626587281,0.7014981422339509,-1.1974275502726583,-1.0028039309991141,-0.5787359118286177,1.7427397119690018,1.0959875190286648,-1.0959875190286648,-0.5784279906300535,-0.5776581893550843,1.7343632929879855,-0.5767344287272242,0
-0.036511702128951426,-0.5646648934149681,-0.695981771888179,1.4756891650732147,0.8077365626180215,-1.5477679860172513,-1.0306701134001208,-0.17076137658831284,-0.721130416342303,-1.684339484319935,-1.0028039309991141,1.7279038324066063,-0.5738091541336192,1.0959875190286648,-1.0959875190286648,1.7288236672481017,-0.5776581893550843,-0.5765804684883443,-0.5767344287272242,0
-0.026164926417958756,0.5795781950006521,-0.004425957213915414,0.6795600036013986,-0.9115834940401767,-1.5477679860172513,-1.0306701134001208,-0.8425586421822182,0.7014981422339509,0.010999340590128151,-1.0028039309991141,1.7279038324066063,-0.5738091541336192,1.0959875190286648,-1.0959875190286648,-0.5784279906300535,-0.5776581893550843,-0.5765804684883443,1.733900301750437,0
-0.09859235639490747,-0.6600184841162697,-0.004425957213915414,0.7446520225813175,-0.9115834940401767,0.646091668153197,0.9702425509371355,-0.01626532146867904,-1.43244469563043,1.6399410835846535,-1.0028039309991141,1.7279038324066063,-0.5738091541336192,-0.9124191495230389,0.9124191495230393,-0.5784279906300535,-0.5776581893550843,-0.5765804684883443,1.733900301750437,0
1.6086256359188837,-0.27860412131106305,1.03290776479748,1.4664368754180206,0.8077365626180215,0.646091668153197,0.9702425509371355,0.11518543871370891,-0.009816137054176019,-0.480339065584851,-1.0028039309991141,1.7279038324066063,-0.5738091541336192,-0.9124191495230389,0.9124191495230393,-0.5784279906300535,-0.5776581893550843,1.7343632929879855,-0.5767344287272242,0
1.5568917573639203,0.2935174228967471,-0.35020386455104724,1.0491630835321095,-0.9115834940401767,0.646091668153197,0.9702425509371355,-1.5561755851720922,-0.009816137054176019,0.3562641665509243,-1.0028039309991141,-0.5787359118286177,1.7427397119690018,-0.9124191495230389,0.9124191495230393,-0.5784279906300535,-0.5776581893550843,-0.5765804684883443,1.733900301750437,0
0.2221576906458654,0.38887101359804876,-0.35020386455104724,0.25825539384529844,0.8077365626180215,0.646091668153197,0.9702425509371355,1.1693501377457531,0.7014981422339509,-1.4718688221902143,0.9972039090469852,-0.5787359118286177,-0.5738091541336192,1.0959875190286648,-1.0959875190286648,-0.5784279906300535,1.731127539482183,-0.5765804684883443,-0.5767344287272242,0
-1.4333264231129623,0.6749317857019538,-0.695981771888179,-1.2258476714090278,0.8077365626180215,0.646091668153197,0.9702425509371355,-0.7595880683598014,0.7014981422339509,0.27658766825227904,-1.0028039309991141,-0.5787359118286177,1.7427397119690018,1.0959875190286648,-1.0959875190286648,-0.5784279906300535,-0.5776581893550843,1.7343632929879855,-0.5767344287272242,0
-0.15032623494987085,0.2935174228967471,-1.0417596792253108,-1.2258476714090278,0.8077365626180215,0.646091668153197,0.9702425509371355,-0.7758878221192913,0.7014981422339509,1.7019116933724887,0.9972039090469852,-0.5787359118286177,-0.5738091541336192,-0.9124191495230389,0.9124191495230393,-0.5784279906300535,-0.5776581893550843,1.7343632929879855,-0.5767344287272242,0
0.7705368033284771,-0.3739577120123647,0.6871298574603482,-0.009137684415774458,-0.9115834940401767,0.646091668153197,-1.0306701134001208,0.87670455767804,-1.43244469563043,1.5779704737968183,0.9972039090469852,-0.5787359118286177,-0.5738091541336192,-0.9124191495230389,0.9124191495230393,-0.5784279906300535,-0.5776581893550843,-0.5765804684883443,1.733900301750437,0
-0.1710197863718562,0.5795781950006521,1.378685672134612,-1.2258476714090278,0.8077365626180215,-1.5477679860172513,-1.0306701134001208,-1.43402602761027,-0.009816137054176019,-1.356780546869949,0.9972039090469852,-0.5787359118286177,-0.5738091541336192,-0.9124191495230389,0.9124191495230393,-0.5784279906300535,1.731127539482183,-0.5765804684883443,-0.5767344287272242,0
-0.05720525355093678,0.48422460429935044,1.03290776479748,0.5973285944410414,0.8077365626180215,0.646091668153197,-1.0306701134001208,0.8636502870218095,1.4128124215220779,-0.5423096753726862,-1.0028039309991141,-0.5787359118286177,1.7427397119690018,-0.9124191495230389,0.9124191495230393,1.7288236672481017,-0.5776581893550843,-0.5765804684883443,-0.5767344287272242,1
1.8776418044046932,-0.4693113027136664,0.3413519501232164,0.9889405810273375,0.8077365626180215,-1.5477679860172513,0.9702425509371355,0.807214111140652,-0.721130416342303,-0.807898003034837,-1.0028039309991141,-0.5787359118286177,1.7427397119690018,1.0959875190286648,-1.0959875190286648,-0.5784279906300535,-0.5776581893550843,1.7343632929879855,-0.5767344287272242,0
1.629319187340869,0.5795781950006521,0.6871298574603482,0.6753929553061733,0.8077365626180215,0.646091668153197,-1.0306701134001208,0.8180172017575125,-1.43244469563043,-0.21032426579499758,0.9972039090469852,-0.5787359118286177,-0.5738091541336192,-0.9124191495230389,0.9124191495230393,-0.5784279906300535,-0.5776581893550843,-0.5765804684883443,1.733900301750437,0
-0.9884150675402774,0.10281024149414371,1.7244635794717436,-0.5362208918931081,-0.9115834940401767,0.646091668153197,-1.0306701134001208,1.2246024704546545,-0.721130416342303,1.7284705261387039,0.9972039090469852,-0.5787359118286177,-0.5738091541336192,-0.9124191495230389,0.9124191495230393,-0.5784279906300535,1.731127539482183,-0.5765804684883443,-0.5767344287272242,0
0.16007703637990936,0.1981638321954454,1.7244635794717436,1.0365723471080859,-0.9115834940401767,0.646091668153197,-1.0306701134001208,-0.8552216603211783,-0.721130416342303,-0.4272214000524208,0.9972039090469852,-0.5787359118286177,-0.5738091541336192,1.0959875190286648,-1.0959875190286648,-0.5784279906300535,-0.5776581893550843,-0.5765804684883443,1.733900301750437,0
0.35666577488877016,-0.8507256655188732,-0.695981771888179,0.22519563538186405,-0.9115834940401767,-1.5477679860172513,0.9702425509371355,-0.6435210093764677,0.7014981422339509,-1.1487363568679307,-1.0028039309991141,1.7279038324066063,-0.5738091541336192,-0.9124191495230389,0.9124191495230393,-0.5784279906300535,-0.5776581893550843,-0.5765804684883443,1.733900301750437,0
-1.0918828246502041,-1.518200800427985,-1.0417596792253108,-1.2258476714090278,0.8077365626180215,0.646091668153197,-1.0306701134001208,1.556713431104415,1.4128124215220779,-1.2593981600604935,0.9972039090469852,-0.5787359118286177,-0.5738091541336192,-0.9124191495230389,0.9124191495230393,-0.5784279906300535,-0.5776581893550843,-0.5765804684883443,1.733900301750437,0
0.04626250355898996,-0.27860412131106305,-1.0417596792253108,1.1325348214855635,-0.9115834940401767,0.646091668153197,0.9702425509371355,-0.21342181217139367,1.4128124215220779,0.3252788616570067,0.9972039090469852,-0.5787359118286177,-0.5738091541336192,1.0959875190286648,-1.0959875190286648,-0.5784279906300535,1.731127539482183,-0.5765804684883443,-0.5767344287272242,0
1.4844643273869715,-0.7553720748175714,-1.7333154938995745,1.0961653047781024,0.8077365626180215,-1.5477679860172513,0.9702425509371355,1.3137946548617006,-0.009816137054176019,-0.28557429196594036,-1.0028039309991141,-0.5787359118286177,1.7427397119690018,-0.9124191495230389,0.9124191495230393,-0.5784279906300535,-0.5776581893550843,1.7343632929879855,-0.5767344287272242,0
-0.0882455806839148,0.10281024149414371,1.03290776479748,0.5246304301536301,-0.9115834940401767,0.646091668153197,-1.0306701134001208,-0.8218516461781874,1.4128124215220779,-0.3829566787753957,0.9972039090469852,-0.5787359118286177,-0.5738091541336192,-0.9124191495230389,0.9124191495230393,-0.5784279906300535,-0.5776581893550843,-0.5765804684883443,1.733900301750437,0
-0.27448754348178295,-0.27860412131106305,-1.7333154938995745,-1.2258476714090278,0.8077365626180215,0.646091668153197,-1.0306701134001208,0.20024582264837218,-0.009816137054176019,-1.1221775241017156,-1.0028039309991141,-0.5787359118286177,1.7427397119690018,1.0959875190286648,-1.0959875190286648,-0.5784279906300535,1.731127539482183,-0.5765804684883443,-0.5767344287272242,0
2.063883767202561,-0.3739577120123647,0.6871298574603482,0.542740902857944,-0.9115834940401767,-1.5477679860172513,-1.0306701134001208,0.45673184506996084,-0.721130416342303,-0.7149420883530843,-1.0028039309991141,-0.5787359118286177,1.7427397119690018,-0.9124191495230389,0.9124191495230393,-0.5784279906300535,-0.5776581893550843,1.7343632929879855,-0.5767344287272242,0
-0.42968917914667304,-0.5646648934149681,0.3413519501232164,0.28273071227839214,-0.9115834940401767,-1.5477679860172513,-1.0306701134001208,-0.11080410194172967,-1.43244469563043,1.7417499425218115,-1.0028039309991141,1.7279038324066063,-0.5738091541336192,-0.9124191495230389,0.9124191495230393,-0.5784279906300535,-0.5776581893550843,1.7343632929879855,-0.5767344287272242,0
1.3189159160110888,-1.4228472097266833,-0.35020386455104724,-1.2258476714090278,0.8077365626180215,0.646091668153197,0.9702425509371355,1.0906200456505164,-0.009816137054176019,1.4982939754981732,0.9972039090469852,-0.5787359118286177,-0.5738091541336192,-0.9124191495230389,0.9124191495230393,1.7288236672481017,-0.5776581893550843,-0.5765804684883443,-0.5767344287272242,0
-0.3779553005917097,0.6749317857019538,-0.35020386455104724,-1.2258476714090278,-0.9115834940401767,0.646091668153197,-1.0306701134001208,-0.4470828582954613,1.4128124215220779,-0.7149420883530843,0.9972039090469852,-0.5787359118286177,-0.5738091541336192,-0.9124191495230389,0.9124191495230393,1.7288236672481017,-0.5776581893550843,-0.5765804684883443,-0.5767344287272242,1
1.9397224586706492,0.0074566507928420294,-0.004425957213915414,1.4464150097149047,0.8077365626180215,0.646091668153197,-1.0306701134001208,-1.4921640649965497,-0.721130416342303,1.3743527559225026,-1.0028039309991141,-0.5787359118286177,1.7427397119690018,1.0959875190286648,-1.0959875190286648,1.7288236672481017,-0.5776581893550843,-0.5765804684883443,-0.5767344287272242,0
0.2842383449118215,-0.08789693990845966,-0.695981771888179,-1.2258476714090278,0.8077365626180215,0.646091668153197,-1.0306701134001208,-0.5830295446263046,-1.43244469563043,-1.219559910911171,0.9972039090469852,-0.5787359118286177,-0.5738091541336192,-0.9124191495230389,0.9124191495230393,-0.5784279906300535,-0.5776581893550843,-0.5765804684883443,1.733900301750437,0
-0.026164926417958756,0.10281024149414371,-0.004425957213915414,1.0175252501638763,-0.9115834940401767,0.646091668153197,0.9702425509371355,-1.7288593178645508,-0.721130416342303,-0.12179482324094729,-1.0028039309991141,1.7279038324066063,-0.5738091541336192,1.0959875190286648,-1.0959875190286648,-0.5784279906300535,1.731127539482183,-0.5765804684883443,-0.5767344287272242,1
-0.6780117962104972,0.48422460429935044,-0.35020386455104724,-1.2258476714090278,0.8077365626180215,-1.5477679860172513,0.9702425509371355,0.028487010906740568,0.7014981422339509,0.6882495761286129,-1.0028039309991141,-0.5787359118286177,1.7427397119690018,1.0959875190286648,-1.0959875190286648,1.7288236672481017,-0.5776581893550843,-0.5765804684883443,-0.5767344287272242,0
1.443077224543001,-0.18325053060976135,0.3413519501232164,-1.2258476714090278,0.8077365626180215,0.646091668153197,0.9702425509371355,0.3372382834853772,0.7014981422339509,-0.8565891964395648,-1.0028039309991141,-0.5787359118286177,1.7427397119690018,-0.9124191495230389,0.9124191495230393,-0.5784279906300535,1.731127539482183,-0.5765804684883443,-0.5767344287272242,0
-1.1022296003611969,-0.5646648934149681,0.3413519501232164,-1.2258476714090278,0.8077365626180215,0.646091668153197,0.9702425509371355,0.4177324897084842,0.7014981422339509,0.04641111761174827,0.9972039090469852,-0.5787359118286177,-0.5738091541336192,1.0959875190286648,-1.0959875190286648,-0.5784279906300535,-0.5776581893550843,-0.5765804684883443,1.733900301750437,0
0.25319801777884343,0.0074566507928420294,0.3413519501232164,-1.2258476714090278,0.8077365626180215,-1.5477679860172513,-1.0306701134001208,-0.28989359473694637,0.7014981422339509,-1.0602069143138804,0.9972039090469852,-0.5787359118286177,-0.5738091541336192,1.0959875190286648,-1.0959875190286648,1.7288236672481017,-0.5776581893550843,-0.5765804684883443,-0.5767344287272242,0
0.18077058780189473,0.6749317857019538,-1.7333154938995745,-1.2258476714090278,0.8077365626180215,-1.5477679860172513,-1.0306701134001208,-1.229440955779649,-1.43244469563043,-0.8300303636733497,0.9972039090469852,-0.5787359118286177,-0.5738091541336192,-0.9124191495230389,0.9124191495230393,-0.5784279906300535,-0.5776581893550843,1.7343632929879855,-0.5767344287272242,0
-0.6573182447885119,0.6749317857019538,0.3413519501232164,0.19768478253678692,-0.9115834940401767,-1.5477679860172513,-1.0306701134001208,-0.5193381559548935,0.7014981422339509,-0.44050081643552835,0.9972039090469852,-0.5787359118286177,-0.5738091541336192,1.0959875190286648,-1.0959875190286648,-0.5784279906300535,1.731127539482183,-0.5765804684883443,-0.5767344287272242,0
-0.2848343191927756,0.48422460429935044,0.3413519501232164,-1.2258476714090278,0.8077365626180215,-1.5477679860172513,-1.0306701134001208,1.1663183654619271,-0.721130416342303,-0.3829566787753957,0.9972039090469852,-0.5787359118286177,-0.5738091541336192,1.0959875190286648,-1.0959875190286648,1.7288236672481017,-0.5776581893550843,-0.5765804684883443,-0.5767344287272242,0
1.443077224543001,0.6749317857019538,-1.0417596792253108,0.8795594097837933,0.8077365626180215,0.646091668153197,0.9702425509371355,1.3946055147887848,1.4128124215220779,-1.6135159302766948,-1.0028039309991141,-0.5787359118286177,1.7427397119690018,-0.9124191495230389,0.9124191495230393,-0.5784279906300535,1.731127539482183,-0.5765804684883443,-0.5767344287272242,0
0.522214186264653,0.0074566507928420294,1.378685672134612,-1.2258476714090278,0.8077365626180215,0.646091668153197,0.9702425509371355,0.17308385566941184,-1.43244469563043,0.38282299931713937,-1.0028039309991141,-0.5787359118286177,1.7427397119690018,1.0959875190286648,-1.0959875190286648,-0.5784279906300535,1.731127539482183,-0.5765804684883443,-0.5767344287272242,0
0.17042381209090204,0.48422460429935044,-1.0417596792253108,0.742392681049864,-0.9115834940401767,-1.5477679860172513,-1.0306701134001208,-1.4775326119707006,1.4128124215220779,-1.6400747630429098,0.9972039090469852,-0.5787359118286177,-0.5738091541336192,-0.9124191495230389,0.9124191495230393,-0.5784279906300535,-0.5776581893550843,-0.5765804684883443,1.733900301750437,0
-1.9713587600845814,-0.3739577120123647,1.03290776479748,0.42082412844474437,0.8077365626180215,0.646091668153197,0.9702425509371355,1.5519571916144694,1.4128124215220779,-1.064633386441583,-1.0028039309991141,1.7279038324066063,-0.5738091541336192,1.0959875190286648,-1.0959875190286648,1.7288236672481017,-0.5776581893550843,-0.5765804684883443,-0.5767344287272242,0
-1.412632871690977,2.5820035997279875,1.378685672134612,-1.2258476714090278,0.8077365626180215,0.646091668153197,0.9702425509371355,-1.4929488306011902,1.4128124215220779,-0.9893833602706402,-1.0028039309991141,-0.5787359118286177,1.7427397119690018,-0.9124191495230389,0.9124191495230393,-0.5784279906300535,-0.5776581893550843,1.7343632929879855,-0.5767344287272242,0
-0.7711327776094312,0.0074566507928420294,1.378685672134612,0.13196866793911377,-0.9115834940401767,-1.5477679860172513,-1.0306701134001208,1.5819316555775764,1.4128124215220779,0.5200436352759173,0.9972039090469852,-0.5787359118286177,-0.5738091541336192,-0.9124191495230389,0.9124191495230393,-0.5784279906300535,1.731127539482183,-0.5765804684883443,-0.5767344287272242,0
-1.8058103487086987,-0.4693113027136664,1.03290776479748,0.5676728336215412,-0.9115834940401767,-1.5477679860172513,0.9702425509371355,1.6890209473546214,-0.009816137054176019,0.9981026250677889,-1.0028039309991141,1.7279038324066063,-0.5738091541336192,1.0959875190286648,-1.0959875190286648,-0.5784279906300535,-0.5776581893550843,1.7343632929879855,-0.5767344287272242,1
-0.026164926417958756,-0.6600184841162697,-1.7333154938995745,-1.2258476714090278,-0.9115834940401767,-1.5477679860172513,0.9702425509371355,0.2996658695268876,0.7014981422339509,0.29872002889079163,0.9972039090469852,-0.5787359118286177,-0.5738091541336192,-0.9124191495230389,0.9124191495230393,-0.5784279906300535,-0.5776581893550843,-0.5765804684883443,1.733900301750437,0
-0.336568197747739,-0.4693113027136664,-0.004425957213915414,0.9370832677041421,-0.9115834940401767,0.646091668153197,0.9702425509371355,0.9018657462286842,-0.721130416342303,-0.41836845579701576,0.9972039090469852,-0.5787359118286177,-0.5738091541336192,-0.9124191495230389,0.9124191495230393,-0.5784279906300535,-0.5776581893550843,-0.5765804684883443,1.733900301750437,0
-0.5538504876785851,-0.27860412131106305,1.378685672134612,-1.2258476714090278,0.8077365626180215,0.646091668153197,0.9702425509371355,-1.6160320036142233,-0.721130416342303,-1.254971687932791,0.9972039090469852,-0.5787359118286177,-0.5738091541336192,1.0959875190286648,-1.0959875190286648,-0.5784279906300535,-0.5776581893550843,-0.5765804684883443,1.733900301750437,0
2.063883767202561,-0.5646648934149681,-0.695981771888179,-1.2258476714090278,0.8077365626180215,0.646091668153197,0.9702425509371355,-1.5464220946415617,0.7014981422339509,-0.17933896090107998,0.9972039090469852,-0.5787359118286177,-0.5738091541336192,1.0959875190286648,-1.0959875190286648,-0.5784279906300535,-0.5776581893550843,-0.5765804684883443,1.733900301750437,0
1.0705932989472646,2.4866500090266856,-1.3875375865624426,0.9568272233401841,-0.9115834940401767,0.646091668153197,0.9702425509371355,0.37280887567550414,0.7014981422339509,-0.8565891964395648,-1.0028039309991141,1.7279038324066063,-0.5738091541336192,-0.9124191495230389,0.9124191495230393,-0.5784279906300535,-0.5776581893550843,-0.5765804684883443,1.733900301750437,1
2.001803112936605,-0.08789693990845966,0.6871298574603482,0.5612015678901449,-0.9115834940401767,0.646091668153197,0.9702425509371355,0.33461897829975823,1.4128124215220779,1.5735440016691158,0.9972039090469852,-0.5787359118286177,-0.5738091541336192,-0.9124191495230389,0.9124191495230393,-0.5784279906300535,-0.5776581893550843,-0.5765804684883443,1.733900301750437,0
-0.6262779176555339,-0.18325053060976135,0.3413519501232164,1.4972049175901692,-0.9115834940401767,0.646091668153197,0.9702425509371355,0.48977755434863635,-0.009816137054176019,1.6842058048616788,-1.0028039309991141,-0.5787359118286177,1.7427397119690018,-0.9124191495230389,0.9124191495230393,-0.5784279906300535,1.731127539482183,-0.5765804684883443,-0.5767344287272242,0
0.3980528777327409,-0.08789693990845966,0.3413519501232164,0.713769867394315,-0.9115834940401767,0.646091668153197,0.9702425509371355,-1.528633842416368,-0.009816137054176019,1.5027204476258755,-1.0028039309991141,-0.5787359118286177,1.7427397119690018,1.0959875190286648,-1.0959875190286648,-0.5784279906300535,-0.5776581893550843,-0.5765804684883443,1.733900301750437,0
1.443077224543001,-0.18325053060976135,-0.695981771888179,-1.2258476714090278,2.52705661927622,-1.5477679860172513,-1.0306701134001208,-0.02074368472635904,-0.009816137054176019,0.732514297405638,-1.0028039309991141,-0.5787359118286177,1.7427397119690018,1.0959875190286648,-1.0959875190286648,-0.5784279906300535,-0.5776581893550843,1.7343632929879855,-0.5767344287272242,0
-2.364536237102303,-0.5646648934149681,-1.0417596792253108,-1.2258476714090278,0.8077365626180215,0.646091668153197,-1.0306701134001208,0.04460400626816316,0.7014981422339509,-1.2151334387834685,0.9972039090469852,-0.5787359118286177,-0.5738091541336192,1.0959875190286648,-1.0959875190286648,-0.5784279906300535,-0.5776581893550843,-0.5765804684883443,1.733900301750437,0
1.950069234381642,1.1516997392084622,-0.695981771888179,-1.2258476714090278,-0.9115834940401767,0.646091668153197,0.9702425509371355,-0.5388679166069597,1.4128124215220779,0.43151419272186703,0.9972039090469852,-0.5787359118286177,-0.5738091541336192,1.0959875190286648,-1.0959875190286648,-0.5784279906300535,-0.5776581893550843,1.7343632929879855,-0.5767344287272242,1
1.1740610560571914,0.0074566507928420294,-0.004425957213915414,0.07302801359838862,-0.9115834940401767,-1.5477679860172513,0.9702425509371355,0.16893292729618498,0.7014981422339509,-1.6887659564476376,0.9972039090469852,-0.5787359118286177,-0.5738091541336192,1.0959875190286648,-1.0959875190286648,1.7288236672481017,-0.5776581893550843,-0.5765804684883443,-0.5767344287272242,0
-2.3852297885242884,-0.7553720748175714,-1.3875375865624426,0.5111343223519251,0.8077365626180215,0.646091668153197,0.9702425509371355,-1.568237639444525,-0.721130416342303,-0.059824213453112084,-1.0028039309991141,1.7279038324066063,-0.5738091541336192,1.0959875190286648,-1.0959875190286648,1.7288236672481017,-0.5776581893550843,-0.5765804684883443,-0.5767344287272242,0
0.2842383449118215,-0.27860412131106305,-0.695981771888179,1.1100660970777092,0.8077365626180215,-1.5477679860172513,0.9702425509371355,-0.18299314750823728,-1.43244469563043,0.9626908480461688,-1.0028039309991141,1.7279038324066063,-0.5738091541336192,-0.9124191495230389,0.9124191495230393,-0.5784279906300535,-0.5776581893550843,-0.5765804684883443,1.733900301750437,0
0.08764960640296066,-0.5646648934149681,1.03290776479748,0.6238345475626162,-0.9115834940401767,-1.5477679860172513,0.9702425509371355,-1.7137039342455747,-1.43244469563043,-0.05097126919770706,-1.0028039309991141,-0.5787359118286177,1.7427397119690018,1.0959875190286648,-1.0959875190286648,-0.5784279906300535,-0.5776581893550843,-0.5765804684883443,1.733900301750437,0
0.8222706818834405,-0.27860412131106305,1.03290776479748,1.1581733874773783,0.8077365626180215,0.646091668153197,-1.0306701134001208,-0.14362427588045001,-0.009816137054176019,0.3872494714448419,0.9972039090469852,-0.5787359118286177,-0.5738091541336192,1.0959875190286648,-1.0959875190286648,-0.5784279906300535,1.731127539482183,-0.5765804684883443,-0.5767344287272242,0
-0.26414076777079026,0.38887101359804876,1.03290776479748,2.006757192618402,-0.9115834940401767,0.646091668153197,-1.0306701134001208,0.572631274085895,0.7014981422339509,-0.30328018047675037,0.9972039090469852,-0.5787359118286177,-0.5738091541336192,-0.9124191495230389,0.9124191495230393,-0.5784279906300535,1.731127539482183,-0.5765804684883443,-0.5767344287272242,1
-1.5988748344888453,0.1981638321954454,-1.3875375865624426,1.5953089342492153,0.8077365626180215,0.646091668153197,-1.0306701134001208,1.4302060160602323,-1.43244469563043,0.6528377991069928,0.9972039090469852,-0.5787359118286177,-0.5738091541336192,1.0959875190286648,-1.0959875190286648,1.7288236672481017,-0.5776581893550843,-0.5765804684883443,-0.5767344287272242,0
1.887988580115686,-0.18325053060976135,1.03290776479748,1.1978707730618414,0.8077365626180215,0.646091668153197,0.9702425509371355,0.626686547981957,-0.009816137054176019,0.1172346716549885,0.9972039090469852,-0.5787359118286177,-0.5738091541336192,-0.9124191495230389,0.9124191495230393,1.7288236672481017,-0.5776581893550843,-0.5765804684883443,-0.5767344287272242,0
-1.0504957218062334,-0.4693113027136664,0.3413519501232164,2.043961401153614,0.8077365626180215,0.646091668153197,-1.0306701134001208,0.16429319411138193,-1.43244469563043,1.1751615101758894,-1.0028039309991141,1.7279038324066063,-0.5738091541336192,-0.9124191495230389,0.9124191495230393,-0.5784279906300535,1.731127539482183,-0.5765804684883443,-0.5767344287272242,0
-1.826503900130684,1.4377605113123673,-0.695981771888179,-1.2258476714090278,-0.9115834940401767,0.646091668153197,-1.0306701134001208,0.1446578822246565,-0.721130416342303,-0.7946185866517296,0.9972039090469852,-0.5787359118286177,-0.5738091541336192,-0.9124191495230389,0.9124191495230393,-0.5784279906300535,-0.5776581893550843,1.7343632929879855,-0.5767344287272242,1
0.035915727847997285,1.4377605113123673,-0.004425957213915414,-1.2258476714090278,0.8077365626180215,-1.5477679860172513,0.9702425509371355,-0.920768107594474,-0.009816137054176019,0.028705229100938208,-1.0028039309991141,-0.5787359118286177,1.7427397119690018,1.0959875190286648,-1.0959875190286648,-0.5784279906300535,-0.5776581893550843,-0.5765804684883443,1.733900301750437,0
-1.702342591598772,2.200589236922781,1.378685672134612,0.6710710851396715,0.8077365626180215,0.646091668153197,-1.0306701134001208,1.1814885297315556,-0.721130416342303,-1.3612070189976515,-1.0028039309991141,1.7279038324066063,-0.5738091541336192,-0.9124191495230389,0.9124191495230393,-0.5784279906300535,-0.5776581893550843,1.7343632929879855,-0.5767344287272242,1
0.5739480648196164,0.6749317857019538,-1.0417596792253108,0.8201804140166283,0.8077365626180215,0.646091668153197,-1.0306701134001208,0.8706078001189224,-0.721130416342303,-1.2062804945280634,-1.0028039309991141,-0.5787359118286177,1.7427397119690018,1.0959875190286648,-1.0959875190286648,-0.5784279906300535,-0.5776581893550843,1.7343632929879855,-0.5767344287272242,1
0.9050448875713819,1.7238212834162723,1.378685672134612,1.152329102243325,-0.9115834940401767,-1.5477679860172513,-1.0306701134001208,0.9556450566825644,1.4128124215220779,-1.4231776287854867,-1.0028039309991141,1.7279038324066063,-0.5738091541336192,1.0959875190286648,-1.0959875190286648,1.7288236672481017,-0.5776581893550843,-0.5765804684883443,-0.5767344287272242,1
2.063883767202561,0.7702853764032556,0.3413519501232164,-1.2258476714090278,-0.9115834940401767,0.646091668153197,-1.0306701134001208,1.5180733324987965,-0.009816137054176019,-1.436457045168594,0.9972039090469852,-0.5787359118286177,-0.5738091541336192,-0.9124191495230389,0.9124191495230393,1.7288236672481017,-0.5776581893550843,-0.5765804684883443,-0.5767344287272242,1
0.9464319904153525,-0.27860412131106305,-1.0417596792253108,0.8536462994177586,0.8077365626180215,-1.5477679860172513,-1.0306701134001208,-0.9184631955427325,-0.009816137054176019,1.3610733395393952,-1.0028039309991141,1.7279038324066063,-0.5738091541336192,1.0959875190286648,-1.0959875190286648,-0.5784279906300535,1.731127539482183,-0.5765804684883443,-0.5767344287272242,1
0.4290932048657189,-0.7553720748175714,-1.0417596792253108,-1.2258476714090278,0.8077365626180215,0.646091668153197,-1.0306701134001208,-0.14365175050166282,0.7014981422339509,0.5023377467651073,0.9972039090469852,-0.5787359118286177,-0.5738091541336192,1.0959875190286648,-1.0959875190286648,-0.5784279906300535,-0.5776581893550843,-0.5765804684883443,1.733900301750437,1
0.21181091493487275,-0.3739577120123647,-1.3875375865624426,1.095658848139144,-0.9115834940401767,0.646091668153197,0.9702425509371355,1.372375763987538,1.4128124215220779,0.551028940169835,-1.0028039309991141,1.7279038324066063,-0.5738091541336192,-0.9124191495230389,0.9124191495230393,-0.5784279906300535,-0.5776581893550843,1.7343632929879855,-0.5767344287272242,0
1.887988580115686,1.9145284648188758,-1.3875375865624426,0.8713730831367351,-0.9115834940401767,0.646091668153197,0.9702425509371355,-1.2062353342553263,-0.721130416342303,-0.4537802328186359,-1.0028039309991141,1.7279038324066063,-0.5738091541336192,-0.9124191495230389,0.9124191495230393,-0.5784279906300535,-0.5776581893550843,-0.5765804684883443,1.733900301750437,1
0.24285124206785078,-0.18325053060976135,-0.695981771888179,-1.2258476714090278,-0.9115834940401767,0.646091668153197,-1.0306701134001208,1.0078605742974176,-1.43244469563043,0.4846318582542972,0.9972039090469852,-0.5787359118286177,-0.5738091541336192,-0.9124191495230389,0.9124191495230393,-0.5784279906300535,1.731127539482183,-0.5765804684883443,-0.5767344287272242,0
2.063883767202561,-0.9460792562201749,-1.3875375865624426,-1.2258476714090278,0.8077365626180215,-1.5477679860172513,-1.0306701134001208,0.9199937795288765,-0.009816137054176019,-0.024412436431491966,0.9972039090469852,-0.5787359118286177,-0.5738091541336192,-0.9124191495230389,0.9124191495230393,-0.5784279906300535,1.731127539482183,-0.5765804684883443,-0.5767344287272242,0
-0.9884150675402774,1.1516997392084622,-0.004425957213915414,-1.2258476714090278,2.52705661927622,0.646091668153197,-1.0306701134001208,1.5481888212581294,-1.43244469563043,-0.8875745013334824,0.9972039090469852,-0.5787359118286177,-0.5738091541336192,-0.9124191495230389,0.9124191495230393,-0.5784279906300535,-0.5776581893550843,1.7343632929879855,-0.5767344287272242,1
-1.9920523115065667,0.0074566507928420294,1.378685672134612,-1.2258476714090278,0.8077365626180215,0.646091668153197,-1.0306701134001208,0.2826208231944996,0.7014981422339509,-1.1575893011233358,0.9972039090469852,-0.5787359118286177,-0.5738091541336192,1.0959875190286648,-1.0959875190286648,-0.5784279906300535,-0.5776581893550843,1.7343632929879855,-0.5767344287272242,0
-1.7540764701537352,-0.18325053060976135,1.03290776479748,-1.2258476714090278,0.8077365626180215,0.646091668153197,-1.0306701134001208,-0.9715996346382362,1.4128124215220779,-1.5072805992118343,-1.0028039309991141,-0.5787359118286177,1.7427397119690018,1.0959875190286648,-1.0959875190286648,1.7288236672481017,-0.5776581893550843,-0.5765804684883443,-0.5767344287272242,0
-1.3919393202689916,0.5795781950006521,-0.35020386455104724,-1.2258476714090278,-0.9115834940401767,0.646091668153197,-1.0306701134001208,-0.08375429401772011,1.4128124215220779,-1.5559717926165622,0.9972039090469852,-0.5787359118286177,-0.5738091541336192,1.0959875190286648,-1.0959875190286648,-0.5784279906300535,-0.5776581893550843,-0.5765804684883443,1.733900301750437,1
0.7188029247735137,0.6749317857019538,-0.695981771888179,0.3294646397226082,-0.9115834940401767,0.646091668153197,0.9702425509371355,0.5812494367563109,-0.721130416342303,0.896293766130631,-1.0028039309991141,1.7279038324066063,-0.5738091541336192,-0.9124191495230389,0.9124191495230393,-0.5784279906300535,1.731127539482183,-0.5765804684883443,-0.5767344287272242,1
-0.5538504876785851,-1.23214002832408,-0.004425957213915414,-1.2258476714090278,0.8077365626180215,-1.5477679860172513,0.9702425509371355,-0.08574707350568354,-0.009816137054176019,-0.2722948755828328,-1.0028039309991141,-0.5787359118286177,1.7427397119690018,-0.9124191495230389,0.9124191495230393,-0.5784279906300535,1.731127539482183,-0.5765804684883443,-0.5767344287272242,0
1.0498997475252794,0.5795781950006521,-0.695981771888179,0.4638343174239117,0.8077365626180215,-1.5477679860172513,0.9702425509371355,-0.1793986671595729,-0.721130416342303,-1.6046629860212898,-1.0028039309991141,1.7279038324066063,-0.5738091541336192,1.0959875190286648,-1.0959875190286648,-0.5784279906300535,-0.5776581893550843,-0.5765804684883443,1.733900301750437,0
-0.8021731047424093,-0.3739577120123647,1.378685672134612,0.9297750663497585,0.8077365626180215,0.646091668153197,0.9702425509371355,0.34490318113371476,-0.009816137054176019,-0.5644420360111988,-1.0028039309991141,1.7279038324066063,-0.5738091541336192,-0.9124191495230389,0.9124191495230393,-0.5784279906300535,1.731127539482183,-0.5765804684883443,-0.5767344287272242,0
-0.4917698334126291,0.10281024149414371,-0.35020386455104724,0.4222753831491008,0.8077365626180215,0.646091668153197,0.9702425509371355,-1.0652698345229468,-0.009816137054176019,-0.7016626719699768,0.9972039090469852,-0.5787359118286177,-0.5738091541336192,-0.9124191495230389,0.9124191495230393,-0.5784279906300535,1.731127539482183,-0.5765804684883443,-0.5767344287272242,0
-0.7297456747654606,0.5795781950006521,1.03290776479748,0.43682286928990854,-0.9115834940401767,0.646091668153197,-1.0306701134001208,-0.9157310357421318,0.7014981422339509,0.852029044853606,-1.0028039309991141,1.7279038324066063,-0.5738091541336192,-0.9124191495230389,0.9124191495230393,-0.5784279906300535,1.731127539482183,-0.5765804684883443,-0.5767344287272242,1
0.8326174575944332,0.0074566507928420294,-1.0417596792253108,-1.2258476714090278,0.8077365626180215,0.646091668153197,-1.0306701134001208,0.6372528004083637,-0.721130416342303,0.258881779741469,-1.0028039309991141,-0.5787359118286177,1.7427397119690018,1.0959875190286648,-1.0959875190286648,-0.5784279906300535,-0.5776581893550843,-0.5765804684883443,1.733900301750437,0
-0.6262779176555339,2.0098820555201775,0.3413519501232164,1.1421857053373052,-0.9115834940401767,0.646091668153197,-1.0306701134001208,-0.2066543608526707,-0.009816137054176019,-1.4054717402746766,0.9972039090469852,-0.5787359118286177,-0.5738091541336192,1.0959875190286648,-1.0959875190286648,-0.5784279906300535,-0.5776581893550843,-0.5765804684883443,1.733900301750437,1
0.19111736351288738,-0.8507256655188732,0.6871298574603482,0.29879292047451445,-0.9115834940401767,-1.5477679860172513,-1.0306701134001208,-1.3961799107796988,0.7014981422339509,-0.635265590054439,0.9972039090469852,-0.5787359118286177,-0.5738091541336192,-0.9124191495230389,0.9124191495230393,-0.5784279906300535,-0.5776581893550843,1.7343632929879855,-0.5767344287272242,0
0.12903670924693136,0.0074566507928420294,1.03290776479748,-1.2258476714090278,0.8077365626180215,0.646091668153197,0.9702425509371355,0.01875682163723859,1.4128124215220779,-0.7149420883530843,0.9972039090469852,-0.5787359118286177,-0.5738091541336192,1.0959875190286648,-1.0959875190286648,-0.5784279906300535,-0.5776581893550843,-0.5765804684883443,1.733900301750437,0
-0.19171333779384153,0.9609925578058589,-0.004425957213915414,1.4661088005003156,-0.9115834940401767,-1.5477679860172513,-1.0306701134001208,0.6974896901872892,-0.009816137054176019,0.033131701228640724,0.9972039090469852,-0.5787359118286177,-0.5738091541336192,1.0959875190286648,-1.0959875190286648,1.7288236672481017,-0.5776581893550843,-0.5765804684883443,-0.5767344287272242,0
-0.41934240343568036,0.9609925578058589,0.3413519501232164,0.5993568250631982,-0.9115834940401767,0.646091668153197,-1.0306701134001208,1.664537234273882,-1.43244469563043,-0.7326479768638944,-1.0028039309991141,1.7279038324066063,-0.5738091541336192,-0.9124191495230389,0.9124191495230393,-0.5784279906300535,1.731127539482183,-0.5765804684883443,-0.5767344287272242,1
0.17042381209090204,-0.4693113027136664,-0.004425957213915414,-1.2258476714090278,0.8077365626180215,0.646091668153197,0.9702425509371355,0.04900898794260424,0.7014981422339509,1.418617477199528,0.9972039090469852,-0.5787359118286177,-0.5738091541336192,-0.9124191495230389,0.9124191495230393,-0.5784279906300535,-0.5776581893550843,1.7343632929879855,-0.5767344287272242,0
-1.4022860959799843,-0.18325053060976135,-1.7333154938995745,1.9291467194752727,-0.9115834940401767,0.646091668153197,0.9702425509371355,0.5682702865833958,-0.009816137054176019,0.16592586505971615,0.9972039090469852,-0.5787359118286177,-0.5738091541336192,1.0959875190286648,-1.0959875190286648,-0.5784279906300535,-0.5776581893550843,1.7343632929879855,-0.5767344287272242,0
0.9878190932593233,-0.4693113027136664,0.3413519501232164,1.0468925230244763,0.8077365626180215,0.646091668153197,0.9702425509371355,1.4503231771582268,-0.009816137054176019,-1.6400747630429098,-1.0028039309991141,1.7279038324066063,-0.5738091541336192,-0.9124191495230389,0.9124191495230393,-0.5784279906300535,-0.5776581893550843,-0.5765804684883443,1.733900301750437,0
-0.4814230577016364,-1.1367864376227783,1.378685672134612,0.3985443636499694,-0.9115834940401767,-1.5477679860172513,-1.0306701134001208,-1.2144119901962531,-0.721130416342303,0.852029044853606,-1.0028039309991141,-0.5787359118286177,1.7427397119690018,-0.9124191495230389,0.9124191495230393,1.7288236672481017,-0.5776581893550843,-0.5765804684883443,-0.5767344287272242,0
-0.7193988990544679,0.7702853764032556,-1.3875375865624426,0.7446715756540874,-0.9115834940401767,-1.5477679860172513,-1.0306701134001208,1.3939273437588495,-0.721130416342303,1.6664999163508687,0.9972039090469852,-0.5787359118286177,-0.5738091541336192,1.0959875190286648,-1.0959875190286648,1.7288236672481017,-0.5776581893550843,-0.5765804684883443,-0.5767344287272242,1
