0,1,2,3,4,5,6,7,8,9,10,11,12,13,14,15,16,17,18,Exited
-1.3402054417140283,-0.18325053060976135,-1.0417596792253108,-1.2258476714090278,0.8077365626180215,0.646091668153197,0.9702425509371355,-0.23854231046024132,1.4128124215220779,1.4850145591150656,0.9972039090469852,-0.5787359118286177,-0.5738091541336192,-0.9124191495230389,0.9124191495230393,-0.5784279906300535,-0.5776581893550843,-0.5765804684883443,1.733900301750437,0
-1.3402054417140283,-1.6135543911292867,1.7244635794717436,-1.2258476714090278,-0.9115834940401767,0.646091668153197,0.9702425509371355,0.021244318197039605,-0.009816137054176019,1.2194262314529147,-1.0028039309991141,-0.5787359118286177,1.7427397119690018,1.0959875190286648,-1.0959875190286648,-0.5784279906300535,-0.5776581893550843,-0.5765804684883443,1.733900301750437,0
-0.09859235639490747,0.8656389671045572,-0.695981771888179,1.1356094620430865,-0.9115834940401767,0.646091668153197,0.9702425509371355,0.9975786320335608,-0.009816137054176019,0.01985228484553318,0.9972039090469852,-0.5787359118286177,-0.5738091541336192,1.0959875190286648,-1.0959875190286648,1.7288236672481017,-0.5776581893550843,-0.5765804684883443,-0.5767344287272242,1
0.3463189991777775,-1.23214002832408,-0.004425957213915414,0.17009603794280695,-0.9115834940401767,-1.5477679860172513,-1.0306701134001208,0.10443103729899739,1.4128124215220779,1.2725438969853449,0.9972039090469852,-0.5787359118286177,-0.5738091541336192,1.0959875190286648,-1.0959875190286648,-0.5784279906300535,-0.5776581893550843,1.7343632929879855,-0.5767344287272242,0
-0.6883585719214899,-0.27860412131106305,1.378685672134612,-1.2258476714090278,-0.9115834940401767,0.646091668153197,0.9702425509371355,0.09960889349614219,-0.009816137054176019,1.5248528082643882,0.9972039090469852,-0.5787359118286177,-0.5738091541336192,-0.9124191495230389,0.9124191495230393,-0.5784279906300535,-0.5776581893550843,1.7343632929879855,-0.5767344287272242,0
0.7291497004845064,-0.5646648934149681,-0.004425957213915414,-1.2258476714090278,0.8077365626180215,-1.5477679860172513,0.9702425509371355,0.3049449962699143,-1.43244469563043,-1.356780546869949,-1.0028039309991141,-0.5787359118286177,1.7427397119690018,-0.9124191495230389,0.9124191495230393,-0.5784279906300535,-0.5776581893550843,-0.5765804684883443,1.733900301750437,0
-0.8746005347193581,2.4866500090266856,-0.35020386455104724,0.699014669923099,-0.9115834940401767,0.646091668153197,-1.0306701134001208,0.12994661368528426,-0.721130416342303,1.042367346344814,-1.0028039309991141,1.7279038324066063,-0.5738091541336192,-0.9124191495230389,0.9124191495230393,-0.5784279906300535,-0.5776581893550843,1.7343632929879855,-0.5767344287272242,1
-0.9573747404072994,1.6284676927149706,0.6871298574603482,0.717199668683462,0.8077365626180215,0.646091668153197,0.9702425509371355,0.2810559870154261,0.7014981422339509,0.860881989109011,0.9972039090469852,-0.5787359118286177,-0.5738091541336192,1.0959875190286648,-1.0959875190286648,-0.5784279906300535,1.731127539482183,-0.5765804684883443,-0.5767344287272242,0
0.7705368033284771,-0.27860412131106305,-0.35020386455104724,0.6736894339088674,-0.9115834940401767,-1.5477679860172513,-1.0306701134001208,0.5405137896681922,-1.43244469563043,0.25002883548606397,-1.0028039309991141,-0.5787359118286177,1.7427397119690018,1.0959875190286648,-1.0959875190286648,-0.5784279906300535,-0.5776581893550843,1.7343632929879855,-0.5767344287272242,1
0.9360852147043599,-0.08789693990845966,-0.35020386455104724,0.8258759676807598,-0.9115834940401767,0.646091668153197,-1.0306701134001208,-0.7242485759898755,-0.721130416342303,0.8210437399596884,-1.0028039309991141,1.7279038324066063,-0.5738091541336192,-0.9124191495230389,0.9124191495230393,-0.5784279906300535,1.731127539482183,-0.5765804684883443,-0.5767344287272242,0
-0.2434472163488049,1.247053329909764,-1.3875375865624426,-0.006155680547275999,0.8077365626180215,-1.5477679860172513,0.9702425509371355,1.3415285460759065,0.7014981422339509,-1.073486330696988,-1.0028039309991141,1.7279038324066063,-0.5738091541336192,-0.9124191495230389,0.9124191495230393,-0.5784279906300535,-0.5776581893550843,1.7343632929879855,-0.5767344287272242,0
1.09128685036925,-0.6600184841162697,-1.7333154938995745,0.5295720686185025,0.8077365626180215,0.646091668153197,0.9702425509371355,-0.7636193604077474,-0.009816137054176019,-0.40066256728620575,-1.0028039309991141,1.7279038324066063,-0.5738091541336192,-0.9124191495230389,0.9124191495230393,-0.5784279906300535,1.731127539482183,-0.5765804684883443,-0.5767344287272242,0
2.063883767202561,-0.08789693990845966,-0.695981771888179,-1.2258476714090278,0.8077365626180215,-1.5477679860172513,0.9702425509371355,1.378435135195006,-0.721130416342303,0.5421759959144299,-1.0028039309991141,-0.5787359118286177,1.7427397119690018,1.0959875190286648,-1.0959875190286648,1.7288236672481017,-0.5776581893550843,-0.5765804684883443,-0.5767344287272242,0
-0.8849473104303507,-0.08789693990845966,-0.004425957213915414,0.8039076096105089,-0.9115834940401767,0.646091668153197,0.9702425509371355,1.186161302017817,-1.43244469563043,-1.064633386441583,0.9972039090469852,-0.5787359118286177,-0.5738091541336192,1.0959875190286648,-1.0959875190286648,1.7288236672481017,-0.5776581893550843,-0.5765804684883443,-0.5767344287272242,0
-1.3919393202689916,-0.3739577120123647,1.7244635794717436,0.44239148825212393,0.8077365626180215,-1.5477679860172513,-1.0306701134001208,0.3404029077350675,-1.43244469563043,-0.1837654330287825,0.9972039090469852,-0.5787359118286177,-0.5738091541336192,-0.9124191495230389,0.9124191495230393,-0.5784279906300535,1.731127539482183,-0.5765804684883443,-0.5767344287272242,0
0.9153916632823745,-0.9460792562201749,-0.695981771888179,-0.2740621071041029,0.8077365626180215,0.646091668153197,0.9702425509371355,0.09466085332773021,1.4128124215220779,-0.7857656423963245,-1.0028039309991141,1.7279038324066063,-0.5738091541336192,-0.9124191495230389,0.9124191495230393,-0.5784279906300535,-0.5776581893550843,1.7343632929879855,-0.5767344287272242,0
1.3603030188550596,-0.3739577120123647,-0.35020386455104724,-1.2258476714090278,-0.9115834940401767,0.646091668153197,0.9702425509371355,0.33865253091780373,-1.43244469563043,1.653220499967761,0.9972039090469852,-0.5787359118286177,-0.5738091541336192,1.0959875190286648,-1.0959875190286648,-0.5784279906300535,-0.5776581893550843,1.7343632929879855,-0.5767344287272242,0
-1.3919393202689916,0.5795781950006521,1.03290776479748,0.5218171917410882,-0.9115834940401767,-1.5477679860172513,0.9702425509371355,0.27349281502157896,1.4128124215220779,-1.6710600679368275,-1.0028039309991141,-0.5787359118286177,1.7427397119690018,1.0959875190286648,-1.0959875190286648,-0.5784279906300535,1.731127539482183,-0.5765804684883443,-0.5767344287272242,0
-1.4954070773789185,-0.3739577120123647,0.3413519501232164,0.5378864518650945,0.8077365626180215,0.646091668153197,-1.0306701134001208,-1.2828128419455458,-1.43244469563043,-0.002280075792979394,-1.0028039309991141,-0.5787359118286177,1.7427397119690018,-0.9124191495230389,0.9124191495230393,-0.5784279906300535,1.731127539482183,-0.5765804684883443,-0.5767344287272242,0
-0.12963268352788548,0.48422460429935044,1.378685672134612,0.018454586142147875,0.8077365626180215,0.646091668153197,0.9702425509371355,0.19573024692904958,0.7014981422339509,-1.1664422453787409,-1.0028039309991141,-0.5787359118286177,1.7427397119690018,-0.9124191495230389,0.9124191495230393,-0.5784279906300535,-0.5776581893550843,-0.5765804684883443,1.733900301750437,0
-0.9884150675402774,-0.5646648934149681,-0.004425957213915414,0.8150988588916892,-0.9115834940401767,-1.5477679860172513,0.9702425509371355,0.37732497306485,-1.43244469563043,-1.3080893534652211,-1.0028039309991141,-0.5787359118286177,1.7427397119690018,-0.9124191495230389,0.9124191495230393,-0.5784279906300535,-0.5776581893550843,1.7343632929879855,-0.5767344287272242,0
0.5636012891086236,-0.8507256655188732,-1.3875375865624426,-1.2258476714090278,-0.9115834940401767,0.646091668153197,0.9702425509371355,1.412162145523755,1.4128124215220779,-0.23245662643351017,0.9972039090469852,-0.5787359118286177,-0.5738091541336192,-0.9124191495230389,0.9124191495230393,-0.5784279906300535,-0.5776581893550843,-0.5765804684883443,1.733900301750437,0
-0.967721516118292,-0.27860412131106305,-1.3875375865624426,0.5869827751505268,-0.9115834940401767,0.646091668153197,-1.0306701134001208,-0.02916378667803206,-0.009816137054176019,-0.41836845579701576,-1.0028039309991141,-0.5787359118286177,1.7427397119690018,-0.9124191495230389,0.9124191495230393,1.7288236672481017,-0.5776581893550843,-0.5765804684883443,-0.5767344287272242,0
0.9567787661263453,-1.518200800427985,-0.695981771888179,0.5404001436136453,-0.9115834940401767,0.646091668153197,-1.0306701134001208,-0.07836857269998815,-1.43244469563043,-0.5777214523943063,0.9972039090469852,-0.5787359118286177,-0.5738091541336192,-0.9124191495230389,0.9124191495230393,-0.5784279906300535,-0.5776581893550843,1.7343632929879855,-0.5767344287272242,0
-0.19171333779384153,3.058771553234496,-0.695981771888179,0.10627240435551899,-0.9115834940401767,0.646091668153197,0.9702425509371355,-1.2605717882938001,1.4128124215220779,0.5997201335745627,0.9972039090469852,-0.5787359118286177,-0.5738091541336192,-0.9124191495230389,0.9124191495230393,-0.5784279906300535,-0.5776581893550843,1.7343632929879855,-0.5767344287272242,0
2.063883767202561,-0.7553720748175714,-0.35020386455104724,-1.2258476714090278,0.8077365626180215,-1.5477679860172513,-1.0306701134001208,0.9078456497026438,1.4128124215220779,0.32970533378470923,0.9972039090469852,-0.5787359118286177,-0.5738091541336192,-0.9124191495230389,0.9124191495230393,-0.5784279906300535,-0.5776581893550843,-0.5765804684883443,1.733900301750437,0
0.584294840530609,3.2494787346370995,0.3413519501232164,-0.15887223080810323,-0.9115834940401767,0.646091668153197,0.9702425509371355,-0.6489825467375462,-0.009816137054176019,1.2282791757083198,0.9972039090469852,-0.5787359118286177,-0.5738091541336192,-0.9124191495230389,0.9124191495230393,-0.5784279906300535,1.731127539482183,-0.5765804684883443,-0.5767344287272242,0
-0.7193988990544679,-0.08789693990845966,-1.3875375865624426,-1.2258476714090278,0.8077365626180215,0.646091668153197,-1.0306701134001208,-0.9375109330935216,-0.721130416342303,1.5204263361366857,0.9972039090469852,-0.5787359118286177,-0.5738091541336192,-0.9124191495230389,0.9124191495230393,-0.5784279906300535,-0.5776581893550843,1.7343632929879855,-0.5767344287272242,0
0.05660927926998263,0.6749317857019538,-0.004425957213915414,0.5916607676751819,0.8077365626180215,0.646091668153197,0.9702425509371355,0.6739771527994188,0.7014981422339509,-0.0067065479206819085,0.9972039090469852,-0.5787359118286177,-0.5738091541336192,1.0959875190286648,-1.0959875190286648,-0.5784279906300535,-0.5776581893550843,-0.5765804684883443,1.733900301750437,0
0.35666577488877016,1.0563461485071606,0.3413519501232164,0.2845270306358108,0.8077365626180215,0.646091668153197,0.9702425509371355,-0.8594717059987802,0.7014981422339509,1.480588086987363,0.9972039090469852,-0.5787359118286177,-0.5738091541336192,1.0959875190286648,-1.0959875190286648,1.7288236672481017,-0.5776581893550843,-0.5765804684883443,-0.5767344287272242,1
-0.9780682918292848,0.10281024149414371,1.378685672134612,0.8554386109979704,-0.9115834940401767,-1.5477679860172513,-1.0306701134001208,-1.4275900106461765,0.7014981422339509,-1.2151334387834685,0.9972039090469852,-0.5787359118286177,-0.5738091541336192,1.0959875190286648,-1.0959875190286648,1.7288236672481017,-0.5776581893550843,-0.5765804684883443,-0.5767344287272242,0
0.8740045604384039,1.0563461485071606,1.378685672134612,-1.2258476714090278,-0.9115834940401767,-1.5477679860172513,-1.0306701134001208,1.1578833089695941,-0.721130416342303,1.2371321199637249,-1.0028039309991141,-0.5787359118286177,1.7427397119690018,-0.9124191495230389,0.9124191495230393,-0.5784279906300535,-0.5776581893550843,1.7343632929879855,-0.5767344287272242,1
-0.015818150706966082,0.10281024149414371,-0.35020386455104724,0.2967489832857065,-0.9115834940401767,-1.5477679860172513,0.9702425509371355,0.40190762955995685,-0.009816137054176019,1.7107646376278938,-1.0028039309991141,1.7279038324066063,-0.5738091541336192,-0.9124191495230389,0.9124191495230393,-0.5784279906300535,1.731127539482183,-0.5765804684883443,-0.5767344287272242,0
-0.5435037119675924,2.391296418325384,-1.3875375865624426,-1.2258476714090278,0.8077365626180215,0.646091668153197,-1.0306701134001208,1.661433123746863,-1.43244469563043,1.0290879299617066,0.9972039090469852,-0.5787359118286177,-0.5738091541336192,-0.9124191495230389,0.9124191495230393,-0.5784279906300535,-0.5776581893550843,1.7343632929879855,-0.5767344287272242,1
0.5015206348426676,0.0074566507928420294,-1.3875375865624426,-1.2258476714090278,0.8077365626180215,-1.5477679860172513,-1.0306701134001208,-0.10891791702847127,1.4128124215220779,-1.1354569404848232,0.9972039090469852,-0.5787359118286177,-0.5738091541336192,1.0959875190286648,-1.0959875190286648,-0.5784279906300535,1.731127539482183,-0.5765804684883443,-0.5767344287272242,0
1.153367504635206,2.0098820555201775,1.7244635794717436,1.4814635721127791,-0.9115834940401767,0.646091668153197,-1.0306701134001208,-1.193671607310749,0.7014981422339509,1.3389409789008826,-1.0028039309991141,-0.5787359118286177,1.7427397119690018,1.0959875190286648,-1.0959875190286648,-0.5784279906300535,-0.5776581893550843,-0.5765804684883443,1.733900301750437,1
-0.4503827305686584,-0.08789693990845966,-0.695981771888179,0.348106891897828,-0.9115834940401767,0.646091668153197,-1.0306701134001208,1.32552927424968,0.7014981422339509,-1.117751051974013,-1.0028039309991141,1.7279038324066063,-0.5738091541336192,-0.9124191495230389,0.9124191495230393,-0.5784279906300535,-0.5776581893550843,1.7343632929879855,-0.5767344287272242,0
0.5636012891086236,0.2935174228967471,1.03290776479748,1.4456457084911707,0.8077365626180215,0.646091668153197,0.9702425509371355,-0.7786225902700071,0.7014981422339509,-1.4320305730408918,-1.0028039309991141,1.7279038324066063,-0.5738091541336192,-0.9124191495230389,0.9124191495230393,-0.5784279906300535,1.731127539482183,-0.5765804684883443,-0.5767344287272242,0
-2.1369071714604644,0.5795781950006521,-0.35020386455104724,-1.2258476714090278,0.8077365626180215,0.646091668153197,-1.0306701134001208,1.070523577463435,-0.009816137054176019,-0.5511626196280912,0.9972039090469852,-0.5787359118286177,-0.5738091541336192,1.0959875190286648,-1.0959875190286648,1.7288236672481017,-0.5776581893550843,-0.5765804684883443,-0.5767344287272242,1
1.505157878808957,0.5795781950006521,-1.0417596792253108,0.5328105062282456,-0.9115834940401767,0.646091668153197,0.9702425509371355,0.41372762894170506,-0.721130416342303,-1.5028541270841318,0.9972039090469852,-0.5787359118286177,-0.5738091541336192,1.0959875190286648,-1.0959875190286648,1.7288236672481017,-0.5776581893550843,-0.5765804684883443,-0.5767344287272242,0
0.4394399805767116,0.5795781950006521,-0.35020386455104724,-1.2258476714090278,0.8077365626180215,0.646091668153197,0.9702425509371355,-1.2781033788676646,1.4128124215220779,1.290249785496155,-1.0028039309991141,-0.5787359118286177,1.7427397119690018,1.0959875190286648,-1.0959875190286648,-0.5784279906300535,-0.5776581893550843,-0.5765804684883443,1.733900301750437,0
1.474117551675979,-0.27860412131106305,-1.7333154938995745,-1.2258476714090278,-0.9115834940401767,-1.5477679860172513,-1.0306701134001208,0.8503783060759691,-0.721130416342303,1.0644997069833266,-1.0028039309991141,-0.5787359118286177,1.7427397119690018,1.0959875190286648,-1.0959875190286648,-0.5784279906300535,-0.5776581893550843,-0.5765804684883443,1.733900301750437,0
0.6256819433745797,-0.6600184841162697,-0.004425957213915414,-1.2258476714090278,0.8077365626180215,0.646091668153197,0.9702425509371355,0.828238630298698,-0.721130416342303,-0.37853020664769316,-1.0028039309991141,-0.5787359118286177,1.7427397119690018,-0.9124191495230389,0.9124191495230393,1.7288236672481017,-0.5776581893550843,-0.5765804684883443,-0.5767344287272242,0
0.2738915692008288,1.6284676927149706,-1.7333154938995745,0.6968195970980449,-0.9115834940401767,-1.5477679860172513,-1.0306701134001208,1.0126594168392442,-0.721130416342303,-0.3741037345199906,0.9972039090469852,-0.5787359118286177,-0.5738091541336192,1.0959875190286648,-1.0959875190286648,-0.5784279906300535,-0.5776581893550843,-0.5765804684883443,1.733900301750437,1
0.47048030770968957,0.38887101359804876,-0.35020386455104724,0.6027072921636476,-0.9115834940401767,-1.5477679860172513,0.9702425509371355,1.039825035508366,-0.009816137054176019,-0.506897898351066,-1.0028039309991141,1.7279038324066063,-0.5738091541336192,-0.9124191495230389,0.9124191495230393,1.7288236672481017,-0.5776581893550843,-0.5765804684883443,-0.5767344287272242,0
0.49117385913167494,0.0074566507928420294,1.378685672134612,0.9088220256237479,0.8077365626180215,-1.5477679860172513,0.9702425509371355,-0.8138182756035852,-0.721130416342303,-0.790192114524027,-1.0028039309991141,1.7279038324066063,-0.5738091541336192,-0.9124191495230389,0.9124191495230393,1.7288236672481017,-0.5776581893550843,-0.5765804684883443,-0.5767344287272242,0
1.2671820374561256,2.2959428276240823,1.378685672134612,0.5560435634560973,-0.9115834940401767,0.646091668153197,0.9702425509371355,-0.12170943988310384,0.7014981422339509,1.5646910574137107,-1.0028039309991141,-0.5787359118286177,1.7427397119690018,-0.9124191495230389,0.9124191495230393,1.7288236672481017,-0.5776581893550843,-0.5765804684883443,-0.5767344287272242,0
0.6877625976405357,-0.3739577120123647,0.6871298574603482,-0.2887527153267429,0.8077365626180215,0.646091668153197,0.9702425509371355,1.2584272069677178,-0.721130416342303,0.8254702120873909,-1.0028039309991141,1.7279038324066063,-0.5738091541336192,-0.9124191495230389,0.9124191495230393,-0.5784279906300535,1.731127539482183,-0.5765804684883443,-0.5767344287272242,0
-1.1746570303381456,0.0074566507928420294,-0.695981771888179,0.9427701667295063,-0.9115834940401767,0.646091668153197,-1.0306701134001208,-1.1887360872228894,-0.721130416342303,0.6174260220853727,-1.0028039309991141,1.7279038324066063,-0.5738091541336192,-0.9124191495230389,0.9124191495230393,-0.5784279906300535,-0.5776581893550843,1.7343632929879855,-0.5767344287272242,1
-0.3779553005917097,-0.3739577120123647,-1.0417596792253108,0.8141433226633765,-0.9115834940401767,0.646091668153197,0.9702425509371355,-1.196152669940266,-1.43244469563043,0.2721611961245765,-1.0028039309991141,-0.5787359118286177,1.7427397119690018,-0.9124191495230389,0.9124191495230393,-0.5784279906300535,-0.5776581893550843,-0.5765804684883443,1.733900301750437,0
1.691399841606825,0.9609925578058589,1.03290776479748,-1.2258476714090278,0.8077365626180215,-1.5477679860172513,-1.0306701134001208,1.0039070110829031,-0.009816137054176019,-0.2988537083490479,0.9972039090469852,-0.5787359118286177,-0.5738091541336192,-0.9124191495230389,0.9124191495230393,-0.5784279906300535,1.731127539482183,-0.5765804684883443,-0.5767344287272242,0
0.6360287190855723,-0.9460792562201749,-1.0417596792253108,-1.2258476714090278,-0.9115834940401767,0.646091668153197,0.9702425509371355,0.7700677277009675,0.7014981422339509,1.4318968935826355,0.9972039090469852,-0.5787359118286177,-0.5738091541336192,1.0959875190286648,-1.0959875190286648,-0.5784279906300535,1.731127539482183,-0.5765804684883443,-0.5767344287272242,0
0.2325044663568581,0.0074566507928420294,0.6871298574603482,0.09247033904629161,0.8077365626180215,0.646091668153197,-1.0306701134001208,0.16441856880691597,0.7014981422339509,1.6709263884785712,0.9972039090469852,-0.5787359118286177,-0.5738091541336192,-0.9124191495230389,0.9124191495230393,-0.5784279906300535,-0.5776581893550843,1.7343632929879855,-0.5767344287272242,0
-1.0298021703842482,1.4377605113123673,-0.004425957213915414,0.424849016284667,-0.9115834940401767,0.646091668153197,-1.0306701134001208,1.3318221797374563,-0.721130416342303,-1.4054717402746766,-1.0028039309991141,1.7279038324066063,-0.5738091541336192,-0.9124191495230389,0.9124191495230393,1.7288236672481017,-0.5776581893550843,-0.5765804684883443,-0.5767344287272242,1
-0.8021731047424093,0.48422460429935044,1.03290776479748,-1.2258476714090278,0.8077365626180215,-1.5477679860172513,-1.0306701134001208,-0.6549702752618515,-1.43244469563043,-0.26344193132742777,-1.0028039309991141,-0.5787359118286177,1.7427397119690018,-0.9124191495230389,0.9124191495230393,1.7288236672481017,-0.5776581893550843,-0.5765804684883443,-0.5767344287272242,0
0.2842383449118215,-0.08789693990845966,-0.695981771888179,0.7692634111683592,-0.9115834940401767,0.646091668153197,-1.0306701134001208,0.4549496463812924,-1.43244469563043,0.4536465533603796,-1.0028039309991141,-0.5787359118286177,1.7427397119690018,-0.9124191495230389,0.9124191495230393,-0.5784279906300535,-0.5776581893550843,-0.5765804684883443,1.733900301750437,0
0.9567787661263453,1.9145284648188758,-0.004425957213915414,0.5144615501445744,-0.9115834940401767,0.646091668153197,0.9702425509371355,1.6004311179341641,1.4128124215220779,-0.7769126981409195,-1.0028039309991141,1.7279038324066063,-0.5738091541336192,-0.9124191495230389,0.9124191495230393,-0.5784279906300535,-0.5776581893550843,-0.5765804684883443,1.733900301750437,1
-0.7400924504764532,-0.7553720748175714,1.378685672134612,-1.2258476714090278,-0.9115834940401767,-1.5477679860172513,0.9702425509371355,0.6774365206121195,1.4128124215220779,0.7634996022995557,0.9972039090469852,-0.5787359118286177,-0.5738091541336192,-0.9124191495230389,0.9124191495230393,-0.5784279906300535,-0.5776581893550843,-0.5765804684883443,1.733900301750437,0
-1.919624881529618,1.3424069206110656,-1.3875375865624426,0.6563466597174048,-0.9115834940401767,-1.5477679860172513,-1.0306701134001208,-0.4380539674269157,-0.721130416342303,1.5381322246474958,-1.0028039309991141,1.7279038324066063,-0.5738091541336192,-0.9124191495230389,0.9124191495230393,-0.5784279906300535,-0.5776581893550843,-0.5765804684883443,1.733900301750437,1
-0.84356020758638,-0.08789693990845966,0.6871298574603482,-1.2258476714090278,-0.9115834940401767,0.646091668153197,0.9702425509371355,0.14570174394073376,1.4128124215220779,-0.25016251494432024,0.9972039090469852,-0.5787359118286177,-0.5738091541336192,-0.9124191495230389,0.9124191495230393,-0.5784279906300535,-0.5776581893550843,-0.5765804684883443,1.733900301750437,0
0.04626250355898996,-0.4693113027136664,-0.695981771888179,-1.2258476714090278,0.8077365626180215,0.646091668153197,-1.0306701134001208,1.0354894359469873,-1.43244469563043,-0.4360743443078258,0.9972039090469852,-0.5787359118286177,-0.5738091541336192,1.0959875190286648,-1.0959875190286648,1.7288236672481017,-0.5776581893550843,-0.5765804684883443,-0.5767344287272242,0
0.01522217642601194,3.058771553234496,-0.35020386455104724,-1.2258476714090278,-0.9115834940401767,0.646091668153197,0.9702425509371355,0.34807319597364295,-0.009816137054176019,-1.3346481862314363,-1.0028039309991141,-0.5787359118286177,1.7427397119690018,-0.9124191495230389,0.9124191495230393,1.7288236672481017,-0.5776581893550843,-0.5765804684883443,-0.5767344287272242,0
-0.3158746463257536,-1.6135543911292867,-1.7333154938995745,-1.2258476714090278,-0.9115834940401767,0.646091668153197,-1.0306701134001208,-1.1737712870523258,-0.009816137054176019,1.3477939231562877,0.9972039090469852,-0.5787359118286177,-0.5738091541336192,-0.9124191495230389,0.9124191495230393,-0.5784279906300535,1.731127539482183,-0.5765804684883443,-0.5767344287272242,0
1.029206196103294,0.10281024149414371,-0.004425957213915414,1.4713033467424903,2.52705661927622,0.646091668153197,-1.0306701134001208,-1.3848295883086823,0.7014981422339509,-0.3696772623922881,-1.0028039309991141,1.7279038324066063,-0.5738091541336192,-0.9124191495230389,0.9124191495230393,-0.5784279906300535,1.731127539482183,-0.5765804684883443,-0.5767344287272242,1
-0.7918263290314166,-0.4693113027136664,-1.3875375865624426,0.5783622741253237,-0.9115834940401767,-1.5477679860172513,-1.0306701134001208,1.1396118164130695,-0.009816137054176019,0.8033378514488783,0.9972039090469852,-0.5787359118286177,-0.5738091541336192,-0.9124191495230389,0.9124191495230393,-0.5784279906300535,1.731127539482183,-0.5765804684883443,-0.5767344287272242,0
-0.27448754348178295,0.2935174228967471,-0.695981771888179,1.1005732405190092,-0.9115834940401767,0.646091668153197,-1.0306701134001208,-0.48550594217150067,-0.721130416342303,1.0025290971954914,0.9972039090469852,-0.5787359118286177,-0.5738091541336192,-0.9124191495230389,0.9124191495230393,-0.5784279906300535,-0.5776581893550843,1.7343632929879855,-0.5767344287272242,1
0.36701255059976284,-0.9460792562201749,-0.695981771888179,1.7452420565199205,-0.9115834940401767,0.646091668153197,-1.0306701134001208,-0.6157648602412793,-0.009816137054176019,0.4713524418711897,-1.0028039309991141,1.7279038324066063,-0.5738091541336192,-0.9124191495230389,0.9124191495230393,-0.5784279906300535,-0.5776581893550843,-0.5765804684883443,1.733900301750437,0
0.44978675628770426,0.2935174228967471,-0.695981771888179,1.2882319331750949,0.8077365626180215,-1.5477679860172513,-1.0306701134001208,-0.19474793813710736,-0.009816137054176019,-1.2948099370821138,0.9972039090469852,-0.5787359118286177,-0.5738091541336192,-0.9124191495230389,0.9124191495230393,-0.5784279906300535,-0.5776581893550843,1.7343632929879855,-0.5767344287272242,0
-0.3572617491697243,0.1981638321954454,-1.3875375865624426,0.43392885424887473,-0.9115834940401767,0.646091668153197,-1.0306701134001208,-1.7363576288855351,-0.009816137054176019,-1.4054717402746766,-1.0028039309991141,1.7279038324066063,-0.5738091541336192,1.0959875190286648,-1.0959875190286648,-0.5784279906300535,-0.5776581893550843,1.7343632929879855,-0.5767344287272242,1
-1.1539634789161601,0.10281024149414371,0.6871298574603482,0.07446708770003596,-0.9115834940401767,0.646091668153197,-1.0306701134001208,1.168533550269708,1.4128124215220779,-1.6445012351706123,0.9972039090469852,-0.5787359118286177,-0.5738091541336192,1.0959875190286648,-1.0959875190286648,-0.5784279906300535,1.731127539482183,-0.5765804684883443,-0.5767344287272242,0
-0.3158746463257536,2.105235646221479,-0.004425957213915414,-1.2258476714090278,-0.9115834940401767,-1.5477679860172513,-1.0306701134001208,-1.1902548425499289,-0.009816137054176019,-0.09080951834702969,0.9972039090469852,-0.5787359118286177,-0.5738091541336192,-0.9124191495230389,0.9124191495230393,-0.5784279906300535,1.731127539482183,-0.5765804684883443,-0.5767344287272242,1
-0.3779553005917097,-0.18325053060976135,0.3413519501232164,0.3182169750183538,0.8077365626180215,0.646091668153197,0.9702425509371355,0.6831616752248342,-0.721130416342303,0.24560236335836144,-1.0028039309991141,1.7279038324066063,-0.5738091541336192,1.0959875190286648,-1.0959875190286648,1.7288236672481017,-0.5776581893550843,-0.5765804684883443,-0.5767344287272242,1
0.2635447934898361,-0.08789693990845966,1.03290776479748,-1.2258476714090278,0.8077365626180215,0.646091668153197,0.9702425509371355,0.5843163348216872,-0.721130416342303,1.1397497331542694,0.9972039090469852,-0.5787359118286177,-0.5738091541336192,-0.9124191495230389,0.9124191495230393,1.7288236672481017,-0.5776581893550843,-0.5765804684883443,-0.5767344287272242,0
-0.46072950627965104,-0.18325053060976135,1.03290776479748,1.2537476852790463,0.8077365626180215,0.646091668153197,-1.0306701134001208,-0.19112354870712275,1.4128124215220779,-0.13064776749635232,-1.0028039309991141,-0.5787359118286177,1.7427397119690018,-0.9124191495230389,0.9124191495230393,1.7288236672481017,-0.5776581893550843,-0.5765804684883443,-0.5767344287272242,0
0.5636012891086236,0.0074566507928420294,1.03290776479748,1.0836958935679057,-0.9115834940401767,0.646091668153197,0.9702425509371355,-1.5373246911099918,-0.721130416342303,-1.7153247892138526,-1.0028039309991141,-0.5787359118286177,1.7427397119690018,1.0959875190286648,-1.0959875190286648,-0.5784279906300535,1.731127539482183,-0.5765804684883443,-0.5767344287272242,0
1.2257949346121548,-0.9460792562201749,-1.0417596792253108,0.7576275698882959,0.8077365626180215,0.646091668153197,-1.0306701134001208,-0.26461850823127475,-0.721130416342303,-0.4582067049463384,0.9972039090469852,-0.5787359118286177,-0.5738091541336192,-0.9124191495230389,0.9124191495230393,-0.5784279906300535,-0.5776581893550843,-0.5765804684883443,1.733900301750437,0
0.8119239061724478,-0.08789693990845966,0.6871298574603482,-1.2258476714090278,0.8077365626180215,-1.5477679860172513,-1.0306701134001208,-0.9444025418777251,-0.721130416342303,-0.002280075792979394,0.9972039090469852,-0.5787359118286177,-0.5738091541336192,1.0959875190286648,-1.0959875190286648,1.7288236672481017,-0.5776581893550843,-0.5765804684883443,-0.5767344287272242,0
0.2945851206228141,-0.8507256655188732,-0.35020386455104724,0.02346049331341956,-0.9115834940401767,0.646091668153197,0.9702425509371355,0.36623357281526286,0.7014981422339509,0.8166172678319858,-1.0028039309991141,1.7279038324066063,-0.5738091541336192,1.0959875190286648,-1.0959875190286648,-0.5784279906300535,-0.5776581893550843,-0.5765804684883443,1.733900301750437,0
-1.2988183388700576,-0.8507256655188732,-1.7333154938995745,1.306262590877446,0.8077365626180215,0.646091668153197,0.9702425509371355,0.010388712797860697,-0.009816137054176019,-1.6400747630429098,-1.0028039309991141,1.7279038324066063,-0.5738091541336192,1.0959875190286648,-1.0959875190286648,1.7288236672481017,-0.5776581893550843,-0.5765804684883443,-0.5767344287272242,0
-0.6883585719214899,0.9609925578058589,1.03290776479748,1.5422494274928478,-0.9115834940401767,0.646091668153197,-1.0306701134001208,0.23945645436917468,-0.721130416342303,-0.5821479245220088,0.9972039090469852,-0.5787359118286177,-0.5738091541336192,-0.9124191495230389,0.9124191495230393,1.7288236672481017,-0.5776581893550843,-0.5765804684883443,-0.5767344287272242,0
-1.1953505817601309,0.5795781950006521,-1.0417596792253108,-1.2258476714090278,0.8077365626180215,-1.5477679860172513,0.9702425509371355,1.2264690057970455,0.7014981422339509,1.3920586444333127,0.9972039090469852,-0.5787359118286177,-0.5738091541336192,1.0959875190286648,-1.0959875190286648,-0.5784279906300535,1.731127539482183,-0.5765804684883443,-0.5767344287272242,0
-0.18136656208284888,-0.6600184841162697,-0.004425957213915414,1.3920222077751525,0.8077365626180215,0.646091668153197,0.9702425509371355,-0.44646328819811293,-0.721130416342303,-0.35197137388147803,-1.0028039309991141,-0.5787359118286177,1.7427397119690018,-0.9124191495230389,0.9124191495230393,-0.5784279906300535,-0.5776581893550843,1.7343632929879855,-0.5767344287272242,0
-0.5745440391005705,-1.518200800427985,0.6871298574603482,-1.2258476714090278,0.8077365626180215,0.646091668153197,0.9702425509371355,1.1823778032308094,1.4128124215220779,-0.5290302589895787,-1.0028039309991141,-0.5787359118286177,1.7427397119690018,-0.9124191495230389,0.9124191495230393,-0.5784279906300535,-0.5776581893550843,1.7343632929879855,-0.5767344287272242,0
-1.4954070773789185,0.38887101359804876,-1.0417596792253108,-1.2258476714090278,0.8077365626180215,0.646091668153197,-1.0306701134001208,0.09526320831431884,-0.721130416342303,0.06854347825026084,0.9972039090469852,-0.5787359118286177,-0.5738091541336192,-0.9124191495230389,0.9124191495230393,-0.5784279906300535,-0.5776581893550843,1.7343632929879855,-0.5767344287272242,0
-0.9780682918292848,-0.27860412131106305,0.6871298574603482,1.2563040091370787,0.8077365626180215,0.646091668153197,0.9702425509371355,-1.1832449885605059,-0.721130416342303,-0.23245662643351017,0.9972039090469852,-0.5787359118286177,-0.5738091541336192,-0.9124191495230389,0.9124191495230393,-0.5784279906300535,1.731127539482183,-0.5765804684883443,-0.5767344287272242,0
-0.6676650204995045,-0.9460792562201749,-1.0417596792253108,0.8969467393377972,-0.9115834940401767,0.646091668153197,0.9702425509371355,-1.1113938112789121,-0.009816137054176019,-0.8123244751625396,-1.0028039309991141,-0.5787359118286177,1.7427397119690018,-0.9124191495230389,0.9124191495230393,1.7288236672481017,-0.5776581893550843,-0.5765804684883443,-0.5767344287272242,0
0.20146413922388007,1.4377605113123673,-1.0417596792253108,0.304855334659714,-0.9115834940401767,0.646091668153197,0.9702425509371355,-0.6412529620063535,-0.721130416342303,0.1393670322935011,0.9972039090469852,-0.5787359118286177,-0.5738091541336192,1.0959875190286648,-1.0959875190286648,-0.5784279906300535,-0.5776581893550843,-0.5765804684883443,1.733900301750437,0
-0.3469149734587316,-1.4228472097266833,-0.35020386455104724,0.9745972802529956,0.8077365626180215,0.646091668153197,0.9702425509371355,-0.15467724643834094,-1.43244469563043,-0.03769185281459951,0.9972039090469852,-0.5787359118286177,-0.5738091541336192,1.0959875190286648,-1.0959875190286648,-0.5784279906300535,-0.5776581893550843,1.7343632929879855,-0.5767344287272242,0
2.063883767202561,-1.0414328469214764,-0.35020386455104724,-1.2258476714090278,0.8077365626180215,0.646091668153197,0.9702425509371355,-1.5246889737022369,1.4128124215220779,-1.6135159302766948,0.9972039090469852,-0.5787359118286177,-0.5738091541336192,-0.9124191495230389,0.9124191495230393,-0.5784279906300535,1.731127539482183,-0.5765804684883443,-0.5767344287272242,0
1.0498997475252794,-0.27860412131106305,-1.0417596792253108,0.696002374818916,-0.9115834940401767,0.646091668153197,-1.0306701134001208,0.4219385412141442,0.7014981422339509,0.4447936091049746,0.9972039090469852,-0.5787359118286177,-0.5738091541336192,1.0959875190286648,-1.0959875190286648,-0.5784279906300535,-0.5776581893550843,1.7343632929879855,-0.5767344287272242,0
-1.319511890292043,0.5795781950006521,-0.004425957213915414,-1.2258476714090278,0.8077365626180215,0.646091668153197,0.9702425509371355,0.3710458048876802,-0.721130416342303,-0.9761039438875326,0.9972039090469852,-0.5787359118286177,-0.5738091541336192,-0.9124191495230389,0.9124191495230393,-0.5784279906300535,-0.5776581893550843,-0.5765804684883443,1.733900301750437,0
-0.05720525355093678,0.8656389671045572,0.6871298574603482,0.22640616291162696,-0.9115834940401767,0.646091668153197,0.9702425509371355,0.8529111879277734,-0.009816137054176019,0.869734933364416,0.9972039090469852,-0.5787359118286177,-0.5738091541336192,1.0959875190286648,-1.0959875190286648,1.7288236672481017,-0.5776581893550843,-0.5765804684883443,-0.5767344287272242,0
-1.5988748344888453,-0.9460792562201749,-0.35020386455104724,-1.2258476714090278,0.8077365626180215,0.646091668153197,-1.0306701134001208,1.1253578785938845,-0.009816137054176019,0.5023377467651073,0.9972039090469852,-0.5787359118286177,-0.5738091541336192,1.0959875190286648,-1.0959875190286648,1.7288236672481017,-0.5776581893550843,-0.5765804684883443,-0.5767344287272242,0
-0.5641972633895778,-0.6600184841162697,-0.695981771888179,0.3241191181152756,0.8077365626180215,-1.5477679860172513,-1.0306701134001208,-1.013811260111506,-1.43244469563043,0.4536465533603796,-1.0028039309991141,1.7279038324066063,-0.5738091541336192,-0.9124191495230389,0.9124191495230393,-0.5784279906300535,1.731127539482183,-0.5765804684883443,-0.5767344287272242,0
-1.2884715631590649,2.5820035997279875,0.6871298574603482,0.8904455029128929,0.8077365626180215,0.646091668153197,0.9702425509371355,1.0133553246499627,0.7014981422339509,0.8077643235765808,-1.0028039309991141,-0.5787359118286177,1.7427397119690018,-0.9124191495230389,0.9124191495230393,-0.5784279906300535,-0.5776581893550843,1.7343632929879855,-0.5767344287272242,0
-0.13997945923887817,0.38887101359804876,1.03290776479748,-1.2258476714090278,-0.9115834940401767,0.646091668153197,-1.0306701134001208,-1.5290723930157257,1.4128124215220779,-1.2815305206990062,-1.0028039309991141,-0.5787359118286177,1.7427397119690018,-0.9124191495230389,0.9124191495230393,1.7288236672481017,-0.5776581893550843,-0.5765804684883443,-0.5767344287272242,1
-0.3572617491697243,0.48422460429935044,-0.004425957213915414,0.4091799530680906,-0.9115834940401767,-1.5477679860172513,0.9702425509371355,1.3588657276211895,0.7014981422339509,0.989249680812384,0.9972039090469852,-0.5787359118286177,-0.5738091541336192,-0.9124191495230389,0.9124191495230393,-0.5784279906300535,1.731127539482183,-0.5765804684883443,-0.5767344287272242,1
-1.474713525956933,-0.3739577120123647,-1.3875375865624426,0.16680038355454854,-0.9115834940401767,-1.5477679860172513,-1.0306701134001208,-0.7080004675626653,-0.721130416342303,-0.8787215570780773,0.9972039090469852,-0.5787359118286177,-0.5738091541336192,-0.9124191495230389,0.9124191495230393,-0.5784279906300535,-0.5776581893550843,-0.5765804684883443,1.733900301750437,0
-0.4710762819906437,2.200589236922781,-0.35020386455104724,0.554218075760612,0.8077365626180215,-1.5477679860172513,0.9702425509371355,0.4446497934466452,-1.43244469563043,1.1574556216650795,0.9972039090469852,-0.5787359118286177,-0.5738091541336192,1.0959875190286648,-1.0959875190286648,-0.5784279906300535,-0.5776581893550843,1.7343632929879855,-0.5767344287272242,0
-2.77840726554201,-0.27860412131106305,-1.7333154938995745,-1.2258476714090278,-0.9115834940401767,0.646091668153197,0.9702425509371355,1.3815646336631457,0.7014981422339509,0.23232294697525388,-1.0028039309991141,-0.5787359118286177,1.7427397119690018,-0.9124191495230389,0.9124191495230393,-0.5784279906300535,1.731127539482183,-0.5765804684883443,-0.5767344287272242,1
-0.26414076777079026,0.38887101359804876,-0.35020386455104724,0.7350897686413934,-0.9115834940401767,0.646091668153197,-1.0306701134001208,-0.5020837460532639,0.7014981422339509,1.4584557263488505,0.9972039090469852,-0.5787359118286177,-0.5738091541336192,-0.9124191495230389,0.9124191495230393,-0.5784279906300535,1.731127539482183,-0.5765804684883443,-0.5767344287272242,0
-1.9920523115065667,-0.27860412131106305,-0.004425957213915414,-1.2258476714090278,0.8077365626180215,0.646091668153197,-1.0306701134001208,-0.35415238650340336,-0.009816137054176019,-0.790192114524027,-1.0028039309991141,-0.5787359118286177,1.7427397119690018,-0.9124191495230389,0.9124191495230393,-0.5784279906300535,-0.5776581893550843,-0.5765804684883443,1.733900301750437,0
1.567238533074913,-0.5646648934149681,1.03290776479748,-1.2258476714090278,0.8077365626180215,0.646091668153197,-1.0306701134001208,0.758437616207601,-1.43244469563043,1.5469851689029008,0.9972039090469852,-0.5787359118286177,-0.5738091541336192,-0.9124191495230389,0.9124191495230393,-0.5784279906300535,-0.5776581893550843,-0.5765804684883443,1.733900301750437,0
0.24285124206785078,0.38887101359804876,1.03290776479748,0.15180862595703443,0.8077365626180215,0.646091668153197,-1.0306701134001208,-1.5881869966851125,0.7014981422339509,1.0335144020894091,-1.0028039309991141,1.7279038324066063,-0.5738091541336192,-0.9124191495230389,0.9124191495230393,-0.5784279906300535,1.731127539482183,-0.5765804684883443,-0.5767344287272242,0
0.6049883919525944,-0.3739577120123647,-1.3875375865624426,0.5664201547955614,0.8077365626180215,0.646091668153197,-1.0306701134001208,-1.5200692378683163,-0.009816137054176019,0.4846318582542972,-1.0028039309991141,-0.5787359118286177,1.7427397119690018,1.0959875190286648,-1.0959875190286648,1.7288236672481017,-0.5776581893550843,-0.5765804684883443,-0.5767344287272242,0
2.063883767202561,-1.0414328469214764,1.378685672134612,0.3353214261015472,-0.9115834940401767,0.646091668153197,0.9702425509371355,1.317449822823044,-0.009816137054176019,1.5735440016691158,-1.0028039309991141,-0.5787359118286177,1.7427397119690018,-0.9124191495230389,0.9124191495230393,-0.5784279906300535,1.731127539482183,-0.5765804684883443,-0.5767344287272242,0
0.5015206348426676,-1.0414328469214764,0.6871298574603482,-1.2258476714090278,0.8077365626180215,0.646091668153197,0.9702425509371355,-1.3460036012848586,-0.721130416342303,0.1393670322935011,0.9972039090469852,-0.5787359118286177,-0.5738091541336192,-0.9124191495230389,0.9124191495230393,-0.5784279906300535,1.731127539482183,-0.5765804684883443,-0.5767344287272242,0
0.6567222705075577,-0.4693113027136664,1.7244635794717436,-1.2258476714090278,0.8077365626180215,0.646091668153197,0.9702425509371355,-0.34527773607166606,-0.009816137054176019,0.36069063867862683,0.9972039090469852,-0.5787359118286177,-0.5738091541336192,-0.9124191495230389,0.9124191495230393,1.7288236672481017,-0.5776581893550843,-0.5765804684883443,-0.5767344287272242,0
-2.240374928570391,1.8191748741175742,1.378685672134612,0.7903791270489717,0.8077365626180215,0.646091668153197,-1.0306701134001208,-0.6816217011782761,-0.721130416342303,0.36954358293403183,-1.0028039309991141,1.7279038324066063,-0.5738091541336192,1.0959875190286648,-1.0959875190286648,-0.5784279906300535,-0.5776581893550843,1.7343632929879855,-0.5767344287272242,1
-0.367608524880717,-0.6600184841162697,0.6871298574603482,0.25184919817574264,-0.9115834940401767,0.646091668153197,0.9702425509371355,-1.6925533448319634,-0.009816137054176019,0.5067642188928098,0.9972039090469852,-0.5787359118286177,-0.5738091541336192,-0.9124191495230389,0.9124191495230393,-0.5784279906300535,-0.5776581893550843,-0.5765804684883443,1.733900301750437,0
0.5118674105536603,-0.3739577120123647,-0.35020386455104724,0.3104050416335127,0.8077365626180215,0.646091668153197,-1.0306701134001208,1.614449260902941,1.4128124215220779,1.1308967888988644,-1.0028039309991141,1.7279038324066063,-0.5738091541336192,-0.9124191495230389,0.9124191495230393,-0.5784279906300535,1.731127539482183,-0.5765804684883443,-0.5767344287272242,0
-0.21240688921582687,-0.27860412131106305,1.03290776479748,0.8031681188091947,0.8077365626180215,0.646091668153197,0.9702425509371355,0.5967503398205383,-0.721130416342303,1.608955778690736,0.9972039090469852,-0.5787359118286177,-0.5738091541336192,1.0959875190286648,-1.0959875190286648,-0.5784279906300535,-0.5776581893550843,1.7343632929879855,-0.5767344287272242,0
-0.7918263290314166,0.0074566507928420294,-1.0417596792253108,0.737867587143426,0.8077365626180215,0.646091668153197,-1.0306701134001208,-0.202175128144952,-1.43244469563043,0.35183769442322177,0.9972039090469852,-0.5787359118286177,-0.5738091541336192,1.0959875190286648,-1.0959875190286648,-0.5784279906300535,-0.5776581893550843,-0.5765804684883443,1.733900301750437,0
-0.22275366492681956,2.105235646221479,0.3413519501232164,-1.2258476714090278,0.8077365626180215,0.646091668153197,0.9702425509371355,0.5839638597761282,1.4128124215220779,0.869734933364416,0.9972039090469852,-0.5787359118286177,-0.5738091541336192,1.0959875190286648,-1.0959875190286648,-0.5784279906300535,1.731127539482183,-0.5765804684883443,-0.5767344287272242,0
0.21181091493487275,-1.518200800427985,1.378685672134612,0.7606031629132631,-0.9115834940401767,0.646091668153197,0.9702425509371355,1.0340026763813601,-0.721130416342303,1.179587982303592,-1.0028039309991141,1.7279038324066063,-0.5738091541336192,1.0959875190286648,-1.0959875190286648,-0.5784279906300535,-0.5776581893550843,1.7343632929879855,-0.5767344287272242,0
-0.22275366492681956,-0.08789693990845966,1.378685672134612,0.7606940366203169,-0.9115834940401767,0.646091668153197,-1.0306701134001208,-0.41798236551093204,1.4128124215220779,-0.188191905156485,-1.0028039309991141,1.7279038324066063,-0.5738091541336192,1.0959875190286648,-1.0959875190286648,1.7288236672481017,-0.5776581893550843,-0.5765804684883443,-0.5767344287272242,0
0.8533110090164185,-0.7553720748175714,0.3413519501232164,1.303086979534308,0.8077365626180215,-1.5477679860172513,-1.0306701134001208,1.3546826295965428,1.4128124215220779,1.0556467627279216,-1.0028039309991141,1.7279038324066063,-0.5738091541336192,-0.9124191495230389,0.9124191495230393,-0.5784279906300535,-0.5776581893550843,-0.5765804684883443,1.733900301750437,0
-0.84356020758638,-0.3739577120123647,-0.695981771888179,0.6488328305567607,-0.9115834940401767,-1.5477679860172513,-1.0306701134001208,-0.09740309461019371,-1.43244469563043,-0.8565891964395648,-1.0028039309991141,-0.5787359118286177,1.7427397119690018,-0.9124191495230389,0.9124191495230393,-0.5784279906300535,1.731127539482183,-0.5765804684883443,-0.5767344287272242,0
-0.07789880497292212,-0.4693113027136664,0.6871298574603482,1.3453184112955332,-0.9115834940401767,-1.5477679860172513,0.9702425509371355,1.5379331363854312,-0.009816137054176019,0.8830143497475236,-1.0028039309991141,1.7279038324066063,-0.5738091541336192,1.0959875190286648,-1.0959875190286648,-0.5784279906300535,1.731127539482183,-0.5765804684883443,-0.5767344287272242,0
0.4187464291547262,-1.23214002832408,1.378685672134612,0.9638270631207212,-0.9115834940401767,0.646091668153197,-1.0306701134001208,0.9240125514962695,-0.009816137054176019,-0.25016251494432024,0.9972039090469852,-0.5787359118286177,-0.5738091541336192,-0.9124191495230389,0.9124191495230393,-0.5784279906300535,1.731127539482183,-0.5765804684883443,-0.5767344287272242,0
-1.7126893673097645,-1.1367864376227783,-0.695981771888179,-1.2258476714090278,0.8077365626180215,0.646091668153197,-1.0306701134001208,0.7192024659957161,1.4128124215220779,1.3035292018792624,0.9972039090469852,-0.5787359118286177,-0.5738091541336192,1.0959875190286648,-1.0959875190286648,-0.5784279906300535,-0.5776581893550843,-0.5765804684883443,1.733900301750437,0
0.2635447934898361,-0.8507256655188732,-0.004425957213915414,-1.2258476714090278,0.8077365626180215,-1.5477679860172513,-1.0306701134001208,1.3733196389492017,-0.009816137054176019,0.43594066484956956,-1.0028039309991141,-0.5787359118286177,1.7427397119690018,1.0959875190286648,-1.0959875190286648,1.7288236672481017,-0.5776581893550843,-0.5765804684883443,-0.5767344287272242,0
-0.8952940861413433,-0.6600184841162697,1.7244635794717436,1.0159473812997808,0.8077365626180215,0.646091668153197,-1.0306701134001208,-1.4730572048431512,-1.43244469563043,0.57758777293605,-1.0028039309991141,1.7279038324066063,-0.5738091541336192,1.0959875190286648,-1.0959875190286648,-0.5784279906300535,-0.5776581893550843,-0.5765804684883443,1.733900301750437,0
-1.7747700215757207,-1.23214002832408,-1.3875375865624426,-1.2258476714090278,0.8077365626180215,0.646091668153197,0.9702425509371355,-1.4080442521134044,0.7014981422339509,0.28544061250768404,0.9972039090469852,-0.5787359118286177,-0.5738091541336192,1.0959875190286648,-1.0959875190286648,1.7288236672481017,-0.5776581893550843,-0.5765804684883443,-0.5767344287272242,0
1.2257949346121548,-0.7553720748175714,0.3413519501232164,0.6629833252119041,0.8077365626180215,0.646091668153197,-1.0306701134001208,0.8273408361890688,1.4128124215220779,-0.32541254111526297,0.9972039090469852,-0.5787359118286177,-0.5738091541336192,1.0959875190286648,-1.0959875190286648,1.7288236672481017,-0.5776581893550843,-0.5765804684883443,-0.5767344287272242,0
-1.1953505817601309,-1.80426157253189,1.378685672134612,0.9357990154737712,-0.9115834940401767,0.646091668153197,0.9702425509371355,0.32578849592997045,-0.721130416342303,0.14821997654890612,-1.0028039309991141,1.7279038324066063,-0.5738091541336192,-0.9124191495230389,0.9124191495230393,-0.5784279906300535,1.731127539482183,-0.5765804684883443,-0.5767344287272242,0
1.1740610560571914,-0.9460792562201749,-0.004425957213915414,-1.2258476714090278,0.8077365626180215,0.646091668153197,-1.0306701134001208,-0.5950856866384768,0.7014981422339509,-1.4674423500625118,-1.0028039309991141,-0.5787359118286177,1.7427397119690018,-0.9124191495230389,0.9124191495230393,1.7288236672481017,-0.5776581893550843,-0.5765804684883443,-0.5767344287272242,0
0.025568952137004615,1.1516997392084622,-0.695981771888179,-1.2258476714090278,-0.9115834940401767,0.646091668153197,-1.0306701134001208,1.2230798895474462,-0.009816137054176019,-0.7592068096301094,0.9972039090469852,-0.5787359118286177,-0.5738091541336192,-0.9124191495230389,0.9124191495230393,-0.5784279906300535,-0.5776581893550843,-0.5765804684883443,1.733900301750437,1
1.2671820374561256,-0.27860412131106305,-0.35020386455104724,0.47076139413037066,-0.9115834940401767,-1.5477679860172513,0.9702425509371355,-1.6640367746932092,-0.721130416342303,-0.188191905156485,-1.0028039309991141,1.7279038324066063,-0.5738091541336192,1.0959875190286648,-1.0959875190286648,1.7288236672481017,-0.5776581893550843,-0.5765804684883443,-0.5767344287272242,0
0.2842383449118215,-0.4693113027136664,0.3413519501232164,-1.2258476714090278,0.8077365626180215,0.646091668153197,0.9702425509371355,0.4260757322767646,-0.721130416342303,-0.40066256728620575,0.9972039090469852,-0.5787359118286177,-0.5738091541336192,1.0959875190286648,-1.0959875190286648,-0.5784279906300535,1.731127539482183,-0.5765804684883443,-0.5767344287272242,0
0.9153916632823745,0.5795781950006521,0.6871298574603482,0.4201944233389004,-0.9115834940401767,-1.5477679860172513,0.9702425509371355,0.8296761789921533,-0.009816137054176019,0.9759702644292764,-1.0028039309991141,1.7279038324066063,-0.5738091541336192,-0.9124191495230389,0.9124191495230393,-0.5784279906300535,-0.5776581893550843,-0.5765804684883443,1.733900301750437,1
-0.23310044063781224,-0.5646648934149681,0.3413519501232164,-1.2258476714090278,0.8077365626180215,-1.5477679860172513,-1.0306701134001208,1.4631103527626677,-0.009816137054176019,-0.34311842962607303,0.9972039090469852,-0.5787359118286177,-0.5738091541336192,-0.9124191495230389,0.9124191495230393,-0.5784279906300535,-0.5776581893550843,-0.5765804684883443,1.733900301750437,0
-0.99876184325127,-0.08789693990845966,-0.695981771888179,0.9976243891324105,-0.9115834940401767,0.646091668153197,0.9702425509371355,1.6354028329378558,1.4128124215220779,1.3964851165610153,0.9972039090469852,-0.5787359118286177,-0.5738091541336192,1.0959875190286648,-1.0959875190286648,1.7288236672481017,-0.5776581893550843,-0.5765804684883443,-0.5767344287272242,0
0.8636577847274112,-0.18325053060976135,-1.0417596792253108,0.8641661731101431,-0.9115834940401767,-1.5477679860172513,-1.0306701134001208,-1.1397011917384325,-0.721130416342303,-0.763633281757812,-1.0028039309991141,-0.5787359118286177,1.7427397119690018,1.0959875190286648,-1.0959875190286648,1.7288236672481017,-0.5776581893550843,-0.5765804684883443,-0.5767344287272242,0
-0.7918263290314166,-0.4693113027136664,-0.004425957213915414,0.5743885127625615,0.8077365626180215,0.646091668153197,0.9702425509371355,-1.4275814900358004,0.7014981422339509,0.29872002889079163,0.9972039090469852,-0.5787359118286177,-0.5738091541336192,1.0959875190286648,-1.0959875190286648,-0.5784279906300535,1.731127539482183,-0.5765804684883443,-0.5767344287272242,0
1.4223836731210155,0.1981638321954454,0.3413519501232164,-1.2258476714090278,-0.9115834940401767,0.646091668153197,0.9702425509371355,-1.2958086855591973,-0.721130416342303,0.4934848025097023,0.9972039090469852,-0.5787359118286177,-0.5738091541336192,1.0959875190286648,-1.0959875190286648,-0.5784279906300535,-0.5776581893550843,-0.5765804684883443,1.733900301750437,0
1.691399841606825,3.1541251439357976,-1.0417596792253108,-1.2258476714090278,0.8077365626180215,-1.5477679860172513,0.9702425509371355,0.5349341809919019,-1.43244469563043,1.015808513578599,-1.0028039309991141,-0.5787359118286177,1.7427397119690018,1.0959875190286648,-1.0959875190286648,-0.5784279906300535,-0.5776581893550843,-0.5765804684883443,1.733900301750437,0
-0.750439226187446,-0.08789693990845966,0.6871298574603482,0.09253092151766064,-0.9115834940401767,0.646091668153197,-1.0306701134001208,-1.5840209398812182,-1.43244469563043,-1.246118743677386,0.9972039090469852,-0.5787359118286177,-0.5738091541336192,-0.9124191495230389,0.9124191495230393,1.7288236672481017,-0.5776581893550843,-0.5765804684883443,-0.5767344287272242,0
1.1637142803461988,-0.3739577120123647,1.378685672134612,-1.2258476714090278,-0.9115834940401767,0.646091668153197,0.9702425509371355,-1.194925702046106,-0.009816137054176019,-0.7149420883530843,0.9972039090469852,-0.5787359118286177,-0.5738091541336192,-0.9124191495230389,0.9124191495230393,-0.5784279906300535,-0.5776581893550843,-0.5765804684883443,1.733900301750437,0
-0.5228101605456071,-0.18325053060976135,-0.35020386455104724,-1.2258476714090278,2.52705661927622,0.646091668153197,-1.0306701134001208,-1.6133165372543594,-0.009816137054176019,-1.5161335434672394,0.9972039090469852,-0.5787359118286177,-0.5738091541336192,1.0959875190286648,-1.0959875190286648,-0.5784279906300535,-0.5776581893550843,1.7343632929879855,-0.5767344287272242,1
-1.7230361430207572,-0.6600184841162697,-0.695981771888179,-1.2258476714090278,0.8077365626180215,0.646091668153197,0.9702425509371355,0.6834007739853882,0.7014981422339509,0.16592586505971615,0.9972039090469852,-0.5787359118286177,-0.5738091541336192,1.0959875190286648,-1.0959875190286648,1.7288236672481017,-0.5776581893550843,-0.5765804684883443,-0.5767344287272242,0
-0.46072950627965104,-0.6600184841162697,-1.3875375865624426,0.47786364713631724,0.8077365626180215,-1.5477679860172513,0.9702425509371355,-0.7134531365333524,-0.009816137054176019,-0.6087067572882239,-1.0028039309991141,1.7279038324066063,-0.5738091541336192,1.0959875190286648,-1.0959875190286648,-0.5784279906300535,1.731127539482183,-0.5765804684883443,-0.5767344287272242,0
2.063883767202561,-1.6135543911292867,-1.0417596792253108,-1.2258476714090278,0.8077365626180215,0.646091668153197,0.9702425509371355,-1.572065132403475,-1.43244469563043,0.8254702120873909,-1.0028039309991141,-0.5787359118286177,1.7427397119690018,-0.9124191495230389,0.9124191495230393,-0.5784279906300535,1.731127539482183,-0.5765804684883443,-0.5767344287272242,0
1.2257949346121548,0.0074566507928420294,1.03290776479748,-1.2258476714090278,-0.9115834940401767,-1.5477679860172513,0.9702425509371355,-1.3750220179857648,-0.009816137054176019,0.9803967365569789,0.9972039090469852,-0.5787359118286177,-0.5738091541336192,1.0959875190286648,-1.0959875190286648,-0.5784279906300535,1.731127539482183,-0.5765804684883443,-0.5767344287272242,0
-1.505753853089911,0.5795781950006521,1.378685672134612,0.8793980167978974,2.52705661927622,0.646091668153197,-1.0306701134001208,1.657260285232669,-0.721130416342303,0.2411758912306589,-1.0028039309991141,-0.5787359118286177,1.7427397119690018,1.0959875190286648,-1.0959875190286648,-0.5784279906300535,-0.5776581893550843,1.7343632929879855,-0.5767344287272242,1
1.3499562431440668,0.8656389671045572,1.378685672134612,0.1011036617585569,-0.9115834940401767,0.646091668153197,-1.0306701134001208,0.4282987421348907,1.4128124215220779,1.006955569323194,-1.0028039309991141,1.7279038324066063,-0.5738091541336192,1.0959875190286648,-1.0959875190286648,1.7288236672481017,-0.5776581893550843,-0.5765804684883443,-0.5767344287272242,1
-0.036511702128951426,1.247053329909764,0.6871298574603482,0.8578867518714152,-0.9115834940401767,0.646091668153197,0.9702425509371355,1.5774626823803108,0.7014981422339509,-1.3169422977206262,-1.0028039309991141,1.7279038324066063,-0.5738091541336192,-0.9124191495230389,0.9124191495230393,-0.5784279906300535,-0.5776581893550843,-0.5765804684883443,1.733900301750437,1
-1.1229231517831821,-0.7553720748175714,-0.695981771888179,-1.2258476714090278,0.8077365626180215,0.646091668153197,0.9702425509371355,0.263049502830599,-1.43244469563043,1.4982939754981732,0.9972039090469852,-0.5787359118286177,-0.5738091541336192,1.0959875190286648,-1.0959875190286648,1.7288236672481017,-0.5776581893550843,-0.5765804684883443,-0.5767344287272242,0
0.18077058780189473,0.7702853764032556,0.6871298574603482,0.486716380968435,-0.9115834940401767,-1.5477679860172513,0.9702425509371355,1.0062802619076607,-0.009816137054176019,0.09952878314417844,-1.0028039309991141,1.7279038324066063,-0.5738091541336192,-0.9124191495230389,0.9124191495230393,-0.5784279906300535,1.731127539482183,-0.5765804684883443,-0.5767344287272242,1
-1.7230361430207572,0.1981638321954454,-0.004425957213915414,-1.2258476714090278,-0.9115834940401767,0.646091668153197,0.9702425509371355,-0.4490342519615981,1.4128124215220779,0.12166114378269102,0.9972039090469852,-0.5787359118286177,-0.5738091541336192,-0.9124191495230389,0.9124191495230393,-0.5784279906300535,-0.5776581893550843,-0.5765804684883443,1.733900301750437,0
-0.11928590781689281,-0.4693113027136664,0.6871298574603482,1.1772576673140687,0.8077365626180215,-1.5477679860172513,-1.0306701134001208,0.9834970192119823,-0.721130416342303,1.4673086706042555,-1.0028039309991141,-0.5787359118286177,1.7427397119690018,-0.9124191495230389,0.9124191495230393,-0.5784279906300535,1.731127539482183,-0.5765804684883443,-0.5767344287272242,0
-1.040148946095241,-0.27860412131106305,-1.0417596792253108,0.5992750868081764,0.8077365626180215,0.646091668153197,-1.0306701134001208,1.3012479691378753,1.4128124215220779,1.653220499967761,-1.0028039309991141,1.7279038324066063,-0.5738091541336192,-0.9124191495230389,0.9124191495230393,1.7288236672481017,-0.5776581893550843,-0.5765804684883443,-0.5767344287272242,0
-1.536794180222889,-0.8507256655188732,-0.35020386455104724,-1.2258476714090278,0.8077365626180215,0.646091668153197,0.9702425509371355,-0.5882067718248336,0.7014981422339509,-0.9318392226105074,0.9972039090469852,-0.5787359118286177,-0.5738091541336192,-0.9124191495230389,0.9124191495230393,1.7288236672481017,-0.5776581893550843,-0.5765804684883443,-0.5767344287272242,0
0.6256819433745797,-0.27860412131106305,1.378685672134612,0.9809042681189072,-0.9115834940401767,0.646091668153197,0.9702425509371355,-0.9252016072301739,1.4128124215220779,-0.6573979506929516,0.9972039090469852,-0.5787359118286177,-0.5738091541336192,-0.9124191495230389,0.9124191495230393,-0.5784279906300535,-0.5776581893550843,-0.5765804684883443,1.733900301750437,0
2.063883767202561,-0.7553720748175714,-0.35020386455104724,1.1235229384627856,-0.9115834940401767,0.646091668153197,0.9702425509371355,-0.17763594415176412,-0.721130416342303,0.3562641665509243,-1.0028039309991141,1.7279038324066063,-0.5738091541336192,-0.9124191495230389,0.9124191495230393,-0.5784279906300535,1.731127539482183,-0.5765804684883443,-0.5767344287272242,0
1.5879320844968983,-1.4228472097266833,-0.695981771888179,-1.2258476714090278,0.8077365626180215,0.646091668153197,-1.0306701134001208,1.2712244681926033,0.7014981422339509,-1.2018540224003609,0.9972039090469852,-0.5787359118286177,-0.5738091541336192,-0.9124191495230389,0.9124191495230393,-0.5784279906300535,-0.5776581893550843,-0.5765804684883443,1.733900301750437,0
1.598278860207891,0.0074566507928420294,-0.004425957213915414,1.42298674230153,-0.9115834940401767,0.646091668153197,-1.0306701134001208,-1.495113065636722,-0.009816137054176019,-1.2815305206990062,-1.0028039309991141,-0.5787359118286177,1.7427397119690018,1.0959875190286648,-1.0959875190286648,-0.5784279906300535,-0.5776581893550843,-0.5765804684883443,1.733900301750437,1
-2.6438991812991053,-0.4693113027136664,-0.004425957213915414,0.47321161852796295,-0.9115834940401767,0.646091668153197,0.9702425509371355,-1.4383080690492842,-0.009816137054176019,-0.2545889870720227,-1.0028039309991141,1.7279038324066063,-0.5738091541336192,1.0959875190286648,-1.0959875190286648,-0.5784279906300535,1.731127539482183,-0.5765804684883443,-0.5767344287272242,1
0.6256819433745797,-0.6600184841162697,-1.3875375865624426,-1.2258476714090278,0.8077365626180215,0.646091668153197,-1.0306701134001208,0.45382127412148476,0.7014981422339509,-1.3744864353807589,0.9972039090469852,-0.5787359118286177,-0.5738091541336192,1.0959875190286648,-1.0959875190286648,-0.5784279906300535,-0.5776581893550843,-0.5765804684883443,1.733900301750437,0
1.3292626917220816,-0.5646648934149681,-0.695981771888179,-1.2258476714090278,0.8077365626180215,0.646091668153197,-1.0306701134001208,-1.2048066539522626,0.7014981422339509,-0.8787215570780773,-1.0028039309991141,-0.5787359118286177,1.7427397119690018,-0.9124191495230389,0.9124191495230393,1.7288236672481017,-0.5776581893550843,-0.5765804684883443,-0.5767344287272242,0
0.7601900276174844,-1.0414328469214764,-0.004425957213915414,0.33859239874221064,-0.9115834940401767,0.646091668153197,0.9702425509371355,-0.062463027587899025,-0.721130416342303,1.290249785496155,0.9972039090469852,-0.5787359118286177,-0.5738091541336192,-0.9124191495230389,0.9124191495230393,1.7288236672481017,-0.5776581893550843,-0.5765804684883443,-0.5767344287272242,0
0.3463189991777775,1.6284676927149706,1.03290776479748,0.03560054743720522,-0.9115834940401767,0.646091668153197,0.9702425509371355,-0.012031099781775616,0.7014981422339509,1.3123821461346674,-1.0028039309991141,-0.5787359118286177,1.7427397119690018,-0.9124191495230389,0.9124191495230393,-0.5784279906300535,-0.5776581893550843,-0.5765804684883443,1.733900301750437,0
0.11868993353593868,-1.6135543911292867,1.378685672134612,-1.2258476714090278,0.8077365626180215,0.646091668153197,0.9702425509371355,-0.9687862682040509,-1.43244469563043,1.3433674510285851,0.9972039090469852,-0.5787359118286177,-0.5738091541336192,1.0959875190286648,-1.0959875190286648,-0.5784279906300535,-0.5776581893550843,-0.5765804684883443,1.733900301750437,0
-0.6366246933665265,-0.08789693990845966,-0.35020386455104724,-1.2258476714090278,-0.9115834940401767,0.646091668153197,-1.0306701134001208,-0.0801069511067222,1.4128124215220779,-0.7237950326084893,0.9972039090469852,-0.5787359118286177,-0.5738091541336192,-0.9124191495230389,0.9124191495230393,1.7288236672481017,-0.5776581893550843,-0.5765804684883443,-0.5767344287272242,1
0.2842383449118215,-0.6600184841162697,1.378685672134612,-1.2258476714090278,-0.9115834940401767,0.646091668153197,0.9702425509371355,0.836765674605092,0.7014981422339509,1.6664999163508687,0.9972039090469852,-0.5787359118286177,-0.5738091541336192,1.0959875190286648,-1.0959875190286648,-0.5784279906300535,1.731127539482183,-0.5765804684883443,-0.5767344287272242,0
1.153367504635206,-0.3739577120123647,-0.695981771888179,0.6869827987839009,2.52705661927622,0.646091668153197,0.9702425509371355,-0.9212007459335712,1.4128124215220779,-1.5648247368719672,-1.0028039309991141,-0.5787359118286177,1.7427397119690018,1.0959875190286648,-1.0959875190286648,1.7288236672481017,-0.5776581893550843,-0.5765804684883443,-0.5767344287272242,1
-1.412632871690977,0.1981638321954454,0.6871298574603482,-1.2258476714090278,0.8077365626180215,0.646091668153197,0.9702425509371355,-1.6751448683835333,-0.009816137054176019,0.40052888782794943,0.9972039090469852,-0.5787359118286177,-0.5738091541336192,1.0959875190286648,-1.0959875190286648,-0.5784279906300535,-0.5776581893550843,-0.5765804684883443,1.733900301750437,0
-0.5538504876785851,-0.08789693990845966,0.3413519501232164,0.6285316123467763,0.8077365626180215,0.646091668153197,0.9702425509371355,-1.3047174184324388,0.7014981422339509,-0.5334567311172812,-1.0028039309991141,-0.5787359118286177,1.7427397119690018,-0.9124191495230389,0.9124191495230393,1.7288236672481017,-0.5776581893550843,-0.5765804684883443,-0.5767344287272242,0
1.7845208230057592,1.3424069206110656,-0.35020386455104724,0.7768187505408675,-0.9115834940401767,-1.5477679860172513,0.9702425509371355,0.5420040270339732,-1.43244469563043,-1.6135159302766948,-1.0028039309991141,1.7279038324066063,-0.5738091541336192,1.0959875190286648,-1.0959875190286648,1.7288236672481017,-0.5776581893550843,-0.5765804684883443,-0.5767344287272242,1
0.004875400715019266,0.5795781950006521,-1.3875375865624426,-1.2258476714090278,-0.9115834940401767,0.646091668153197,-1.0306701134001208,-0.5625369550017382,-0.009816137054176019,0.09952878314417844,0.9972039090469852,-0.5787359118286177,-0.5738091541336192,-0.9124191495230389,0.9124191495230393,-0.5784279906300535,-0.5776581893550843,-0.5765804684883443,1.733900301750437,1
0.6256819433745797,0.0074566507928420294,-0.695981771888179,1.2176900561093742,-0.9115834940401767,0.646091668153197,-1.0306701134001208,-0.17013867647082617,1.4128124215220779,1.0822055954941368,0.9972039090469852,-0.5787359118286177,-0.5738091541336192,1.0959875190286648,-1.0959875190286648,-0.5784279906300535,-0.5776581893550843,1.7343632929879855,-0.5767344287272242,0
-0.8849473104303507,0.10281024149414371,-1.0417596792253108,-1.2258476714090278,0.8077365626180215,0.646091668153197,0.9702425509371355,0.519337986203468,-0.009816137054176019,-0.3829566787753957,0.9972039090469852,-0.5787359118286177,-0.5738091541336192,1.0959875190286648,-1.0959875190286648,-0.5784279906300535,-0.5776581893550843,-0.5765804684883443,1.733900301750437,0
0.44978675628770426,0.2935174228967471,1.03290776479748,0.9180536403085546,-0.9115834940401767,0.646091668153197,-1.0306701134001208,-1.1074190334834608,-1.43244469563043,-1.6179424024043974,0.9972039090469852,-0.5787359118286177,-0.5738091541336192,-0.9124191495230389,0.9124191495230393,1.7288236672481017,-0.5776581893550843,-0.5765804684883443,-0.5767344287272242,0
-1.3608989931360136,-0.4693113027136664,-0.004425957213915414,-1.2258476714090278,-0.9115834940401767,0.646091668153197,-1.0306701134001208,-0.5496774411541044,-0.721130416342303,0.2721611961245765,0.9972039090469852,-0.5787359118286177,-0.5738091541336192,-0.9124191495230389,0.9124191495230393,-0.5784279906300535,-0.5776581893550843,1.7343632929879855,-0.5767344287272242,0
-0.30552787061476094,0.2935174228967471,1.03290776479748,-0.1250468573559655,-0.9115834940401767,0.646091668153197,0.9702425509371355,-0.4509407820057545,0.7014981422339509,0.15707292080431115,-1.0028039309991141,-0.5787359118286177,1.7427397119690018,-0.9124191495230389,0.9124191495230393,-0.5784279906300535,-0.5776581893550843,-0.5765804684883443,1.733900301750437,0
0.33597222346678485,0.2935174228967471,-0.35020386455104724,1.1507151723843665,-0.9115834940401767,0.646091668153197,0.9702425509371355,-0.9633090807422816,0.7014981422339509,-1.4984276549564295,0.9972039090469852,-0.5787359118286177,-0.5738091541336192,1.0959875190286648,-1.0959875190286648,-0.5784279906300535,-0.5776581893550843,-0.5765804684883443,1.733900301750437,1
0.07730283069196799,-0.7553720748175714,-0.004425957213915414,0.37817967808902714,-0.9115834940401767,-1.5477679860172513,0.9702425509371355,-0.8743252165644313,-0.009816137054176019,1.5956763623076284,0.9972039090469852,-0.5787359118286177,-0.5738091541336192,-0.9124191495230389,0.9124191495230393,-0.5784279906300535,1.731127539482183,-0.5765804684883443,-0.5767344287272242,0
-0.6469714690775192,-0.6600184841162697,-0.695981771888179,0.5228594346281594,-0.9115834940401767,-1.5477679860172513,0.9702425509371355,-1.653629631623826,-0.009816137054176019,-0.7060891440976792,-1.0028039309991141,-0.5787359118286177,1.7427397119690018,-0.9124191495230389,0.9124191495230393,-0.5784279906300535,1.731127539482183,-0.5765804684883443,-0.5767344287272242,0
-0.22275366492681956,0.0074566507928420294,-0.004425957213915414,-1.2258476714090278,0.8077365626180215,-1.5477679860172513,-1.0306701134001208,0.28966423795540414,1.4128124215220779,1.0290879299617066,-1.0028039309991141,-0.5787359118286177,1.7427397119690018,-0.9124191495230389,0.9124191495230393,-0.5784279906300535,1.731127539482183,-0.5765804684883443,-0.5767344287272242,0
0.2325044663568581,-0.27860412131106305,-0.004425957213915414,-0.05445737977702632,0.8077365626180215,-1.5477679860172513,-1.0306701134001208,1.6702486515759907,-0.009816137054176019,-1.2328393272942786,-1.0028039309991141,1.7279038324066063,-0.5738091541336192,-0.9124191495230389,0.9124191495230393,-0.5784279906300535,1.731127539482183,-0.5765804684883443,-0.5767344287272242,0
2.063883767202561,-0.8507256655188732,0.3413519501232164,0.15968611021698112,-0.9115834940401767,0.646091668153197,0.9702425509371355,1.542734587277373,-0.721130416342303,0.6572642712346953,0.9972039090469852,-0.5787359118286177,-0.5738091541336192,-0.9124191495230389,0.9124191495230393,-0.5784279906300535,1.731127539482183,-0.5765804684883443,-0.5767344287272242,0
0.01522217642601194,-0.3739577120123647,0.6871298574603482,0.4412207079522539,0.8077365626180215,0.646091668153197,0.9702425509371355,-0.7804593904210857,-1.43244469563043,1.4141910050718254,-1.0028039309991141,1.7279038324066063,-0.5738091541336192,-0.9124191495230389,0.9124191495230393,-0.5784279906300535,-0.5776581893550843,1.7343632929879855,-0.5767344287272242,0
-0.7400924504764532,1.0563461485071606,-0.004425957213915414,0.6608799274493452,-0.9115834940401767,-1.5477679860172513,0.9702425509371355,1.600768638439063,-1.43244469563043,-0.2678684034551303,-1.0028039309991141,1.7279038324066063,-0.5738091541336192,1.0959875190286648,-1.0959875190286648,-0.5784279906300535,-0.5776581893550843,-0.5765804684883443,1.733900301750437,1
1.0085126446813086,-0.6600184841162697,-0.004425957213915414,1.2541531711323897,0.8077365626180215,0.646091668153197,0.9702425509371355,1.2615353169649133,-0.721130416342303,-0.5334567311172812,0.9972039090469852,-0.5787359118286177,-0.5738091541336192,-0.9124191495230389,0.9124191495230393,-0.5784279906300535,-0.5776581893550843,1.7343632929879855,-0.5767344287272242,0
-0.8642537590083653,0.5795781950006521,-1.3875375865624426,1.2955452632043034,-0.9115834940401767,0.646091668153197,-1.0306701134001208,-0.6589791354988073,0.7014981422339509,0.10395525527188096,-1.0028039309991141,-0.5787359118286177,1.7427397119690018,1.0959875190286648,-1.0959875190286648,-0.5784279906300535,-0.5776581893550843,1.7343632929879855,-0.5767344287272242,0
1.2671820374561256,0.5795781950006521,1.03290776479748,0.32681391619358013,-0.9115834940401767,0.646091668153197,0.9702425509371355,0.2410162477380257,0.7014981422339509,0.6085730778299676,0.9972039090469852,-0.5787359118286177,-0.5738091541336192,-0.9124191495230389,0.9124191495230393,-0.5784279906300535,-0.5776581893550843,-0.5765804684883443,1.733900301750437,0
-0.26414076777079026,-0.27860412131106305,1.03290776479748,0.8567852086816813,0.8077365626180215,-1.5477679860172513,-1.0306701134001208,1.7184603517641104,-1.43244469563043,1.7019116933724887,0.9972039090469852,-0.5787359118286177,-0.5738091541336192,1.0959875190286648,-1.0959875190286648,1.7288236672481017,-0.5776581893550843,-0.5765804684883443,-0.5767344287272242,0
-0.6055843662335485,-0.4693113027136664,1.378685672134612,-1.2258476714090278,0.8077365626180215,0.646091668153197,0.9702425509371355,-1.3846868246123807,0.7014981422339509,0.9139996546414412,0.9972039090469852,-0.5787359118286177,-0.5738091541336192,1.0959875190286648,-1.0959875190286648,1.7288236672481017,-0.5776581893550843,-0.5765804684883443,-0.5767344287272242,0
-1.567834507355867,-0.9460792562201749,0.3413519501232164,1.1469901517506114,-0.9115834940401767,0.646091668153197,-1.0306701134001208,0.322282525595213,0.7014981422339509,0.24560236335836144,-1.0028039309991141,1.7279038324066063,-0.5738091541336192,1.0959875190286648,-1.0959875190286648,-0.5784279906300535,-0.5776581893550843,1.7343632929879855,-0.5767344287272242,0
-0.38830207630270236,-0.6600184841162697,-1.7333154938995745,-1.2258476714090278,0.8077365626180215,-1.5477679860172513,0.9702425509371355,0.4622931952954451,1.4128124215220779,1.5779704737968183,-1.0028039309991141,-0.5787359118286177,1.7427397119690018,1.0959875190286648,-1.0959875190286648,1.7288236672481017,-0.5776581893550843,-0.5765804684883443,-0.5767344287272242,0
1.9086821315376712,-1.80426157253189,-0.35020386455104724,0.767370449344709,-0.9115834940401767,-1.5477679860172513,-1.0306701134001208,1.3929893810574467,-0.009816137054176019,0.9095731825137386,-1.0028039309991141,1.7279038324066063,-0.5738091541336192,-0.9124191495230389,0.9124191495230393,-0.5784279906300535,1.731127539482183,-0.5765804684883443,-0.5767344287272242,1
-0.8746005347193581,-0.27860412131106305,-1.3875375865624426,1.0519396198654356,-0.9115834940401767,0.646091668153197,-1.0306701134001208,-0.3560201390758482,1.4128124215220779,-0.28557429196594036,0.9972039090469852,-0.5787359118286177,-0.5738091541336192,-0.9124191495230389,0.9124191495230393,-0.5784279906300535,1.731127539482183,-0.5765804684883443,-0.5767344287272242,0
1.443077224543001,-0.4693113027136664,-1.0417596792253108,1.4027821675577776,-0.9115834940401767,0.646091668153197,-1.0306701134001208,1.727252404442202,-1.43244469563043,-1.4674423500625118,-1.0028039309991141,1.7279038324066063,-0.5738091541336192,1.0959875190286648,-1.0959875190286648,1.7288236672481017,-0.5776581893550843,-0.5765804684883443,-0.5767344287272242,0
0.7291497004845064,0.2935174228967471,-0.35020386455104724,0.4239303424066582,-0.9115834940401767,-1.5477679860172513,-1.0306701134001208,-1.7198132118852454,-0.721130416342303,0.8166172678319858,0.9972039090469852,-0.5787359118286177,-0.5738091541336192,-0.9124191495230389,0.9124191495230393,1.7288236672481017,-0.5776581893550843,-0.5765804684883443,-0.5767344287272242,0
0.16007703637990936,3.058771553234496,-1.3875375865624426,-0.3761979032598682,0.8077365626180215,0.646091668153197,0.9702425509371355,0.21097031498176372,-1.43244469563043,-0.8300303636733497,-1.0028039309991141,1.7279038324066063,-0.5738091541336192,-0.9124191495230389,0.9124191495230393,-0.5784279906300535,1.731127539482183,-0.5765804684883443,-0.5767344287272242,0
0.16007703637990936,0.10281024149414371,-0.004425957213915414,-1.2258476714090278,0.8077365626180215,0.646091668153197,-1.0306701134001208,0.8309822668398054,-0.721130416342303,0.006572868462425636,0.9972039090469852,-0.5787359118286177,-0.5738091541336192,-0.9124191495230389,0.9124191495230393,-0.5784279906300535,-0.5776581893550843,1.7343632929879855,-0.5767344287272242,0
-0.967721516118292,-1.1367864376227783,-0.695981771888179,0.18035611220109288,-0.9115834940401767,0.646091668153197,0.9702425509371355,0.40005691820826417,-0.721130416342303,-0.5157508426064711,0.9972039090469852,-0.5787359118286177,-0.5738091541336192,1.0959875190286648,-1.0959875190286648,-0.5784279906300535,-0.5776581893550843,-0.5765804684883443,1.733900301750437,0
0.01522217642601194,-0.7553720748175714,-1.3875375865624426,0.9035555176629363,-0.9115834940401767,-1.5477679860172513,-1.0306701134001208,1.0079403898109407,-1.43244469563043,1.3920586444333127,-1.0028039309991141,-0.5787359118286177,1.7427397119690018,-0.9124191495230389,0.9124191495230393,-0.5784279906300535,1.731127539482183,-0.5765804684883443,-0.5767344287272242,0
-0.29518109490376826,-1.1367864376227783,1.378685672134612,1.0153019696272854,-0.9115834940401767,0.646091668153197,0.9702425509371355,0.9154204723270054,-0.721130416342303,1.617808722946141,-1.0028039309991141,-0.5787359118286177,1.7427397119690018,-0.9124191495230389,0.9124191495230393,1.7288236672481017,-0.5776581893550843,-0.5765804684883443,-0.5767344287272242,0
0.4187464291547262,1.8191748741175742,-0.695981771888179,-1.2258476714090278,-0.9115834940401767,-1.5477679860172513,0.9702425509371355,1.6491738782057257,-0.721130416342303,1.6266616672015461,0.9972039090469852,-0.5787359118286177,-0.5738091541336192,-0.9124191495230389,0.9124191495230393,-0.5784279906300535,-0.5776581893550843,1.7343632929879855,-0.5767344287272242,1
-1.381592544557999,0.5795781950006521,-0.35020386455104724,-1.2258476714090278,-0.9115834940401767,-1.5477679860172513,-1.0306701134001208,1.262165320462722,-0.009816137054176019,-1.3744864353807589,0.9972039090469852,-0.5787359118286177,-0.5738091541336192,1.0959875190286648,-1.0959875190286648,-0.5784279906300535,-0.5776581893550843,-0.5765804684883443,1.733900301750437,1
-1.7437296944427425,0.8656389671045572,-1.0417596792253108,-0.11469671074606724,-0.9115834940401767,-1.5477679860172513,-1.0306701134001208,0.0443468229468109,1.4128124215220779,1.3433674510285851,-1.0028039309991141,1.7279038324066063,-0.5738091541336192,1.0959875190286648,-1.0959875190286648,1.7288236672481017,-0.5776581893550843,-0.5765804684883443,-0.5767344287272242,1
1.9293756829596567,0.9609925578058589,1.03290776479748,0.4297906547495393,-0.9115834940401767,0.646091668153197,0.9702425509371355,-0.8540724212604496,-0.009816137054176019,1.737323470394109,0.9972039090469852,-0.5787359118286177,-0.5738091541336192,-0.9124191495230389,0.9124191495230393,-0.5784279906300535,-0.5776581893550843,1.7343632929879855,-0.5767344287272242,0
0.4083996534437335,1.4377605113123673,-1.3875375865624426,1.0825015534180586,-0.9115834940401767,0.646091668153197,0.9702425509371355,0.15025453212169917,1.4128124215220779,-0.5600155638834963,-1.0028039309991141,1.7279038324066063,-0.5738091541336192,1.0959875190286648,-1.0959875190286648,-0.5784279906300535,-0.5776581893550843,-0.5765804684883443,1.733900301750437,1
-0.6676650204995045,-0.4693113027136664,1.378685672134612,-0.03487625956667461,-0.9115834940401767,0.646091668153197,-1.0306701134001208,-1.4790268488066578,1.4128124215220779,-1.5869570975104796,-1.0028039309991141,1.7279038324066063,-0.5738091541336192,-0.9124191495230389,0.9124191495230393,-0.5784279906300535,1.731127539482183,-0.5765804684883443,-0.5767344287272242,0
0.17042381209090204,0.0074566507928420294,-1.0417596792253108,-1.2258476714090278,0.8077365626180215,0.646091668153197,-1.0306701134001208,-1.0323675845006035,1.4128124215220779,-1.3213687698483287,-1.0028039309991141,-0.5787359118286177,1.7427397119690018,1.0959875190286648,-1.0959875190286648,-0.5784279906300535,-0.5776581893550843,1.7343632929879855,-0.5767344287272242,1
-0.6883585719214899,-0.7553720748175714,-0.004425957213915414,-1.2258476714090278,0.8077365626180215,0.646091668153197,-1.0306701134001208,-1.193163152928305,-0.721130416342303,-0.17048601664567495,0.9972039090469852,-0.5787359118286177,-0.5738091541336192,-0.9124191495230389,0.9124191495230393,-0.5784279906300535,-0.5776581893550843,1.7343632929879855,-0.5767344287272242,0
0.11868993353593868,1.4377605113123673,-1.3875375865624426,1.7872031109552207,-0.9115834940401767,-1.5477679860172513,-1.0306701134001208,0.19740811161311256,0.7014981422339509,1.1087644282603517,-1.0028039309991141,-0.5787359118286177,1.7427397119690018,1.0959875190286648,-1.0959875190286648,-0.5784279906300535,-0.5776581893550843,-0.5765804684883443,1.733900301750437,1
-0.036511702128951426,0.1981638321954454,-1.3875375865624426,0.1509875571717866,2.52705661927622,0.646091668153197,-1.0306701134001208,1.5488336054065905,-0.009816137054176019,1.4584557263488505,-1.0028039309991141,1.7279038324066063,-0.5738091541336192,1.0959875190286648,-1.0959875190286648,-0.5784279906300535,-0.5776581893550843,-0.5765804684883443,1.733900301750437,0
0.13938348495792402,-1.23214002832408,0.6871298574603482,0.6372098109637595,0.8077365626180215,0.646091668153197,0.9702425509371355,-0.08599034562642195,-0.721130416342303,1.0202349857063016,-1.0028039309991141,1.7279038324066063,-0.5738091541336192,-0.9124191495230389,0.9124191495230393,-0.5784279906300535,1.731127539482183,-0.5765804684883443,-0.5767344287272242,0
-0.750439226187446,-0.3739577120123647,-1.0417596792253108,-1.2258476714090278,0.8077365626180215,-1.5477679860172513,0.9702425509371355,-1.2815749189809023,-1.43244469563043,-0.12179482324094729,0.9972039090469852,-0.5787359118286177,-0.5738091541336192,1.0959875190286648,-1.0959875190286648,-0.5784279906300535,-0.5776581893550843,-0.5765804684883443,1.733900301750437,0
0.6981093733515285,0.1981638321954454,-1.3875375865624426,-1.2258476714090278,0.8077365626180215,-1.5477679860172513,0.9702425509371355,-1.2621061937215303,0.7014981422339509,1.6620734442231662,0.9972039090469852,-0.5787359118286177,-0.5738091541336192,1.0959875190286648,-1.0959875190286648,-0.5784279906300535,-0.5776581893550843,1.7343632929879855,-0.5767344287272242,1
1.7534804958727812,0.9609925578058589,-1.3875375865624426,-1.2258476714090278,0.8077365626180215,0.646091668153197,0.9702425509371355,0.330339023540836,-1.43244469563043,0.32085238952930417,0.9972039090469852,-0.5787359118286177,-0.5738091541336192,1.0959875190286648,-1.0959875190286648,-0.5784279906300535,-0.5776581893550843,1.7343632929879855,-0.5767344287272242,0
1.3499562431440668,-1.1367864376227783,0.6871298574603482,1.7641465121955628,-0.9115834940401767,0.646091668153197,0.9702425509371355,1.3038455380725351,-0.721130416342303,-0.9008539177165898,0.9972039090469852,-0.5787359118286177,-0.5738091541336192,1.0959875190286648,-1.0959875190286648,-0.5784279906300535,1.731127539482183,-0.5765804684883443,-0.5767344287272242,1
-0.3779553005917097,0.10281024149414371,0.3413519501232164,-1.2258476714090278,-0.9115834940401767,0.646091668153197,0.9702425509371355,-1.386780634194804,0.7014981422339509,-0.7459273932470019,0.9972039090469852,-0.5787359118286177,-0.5738091541336192,-0.9124191495230389,0.9124191495230393,-0.5784279906300535,-0.5776581893550843,1.7343632929879855,-0.5767344287272242,1
0.3877061020217482,-1.23214002832408,-1.3875375865624426,-1.2258476714090278,0.8077365626180215,0.646091668153197,0.9702425509371355,0.07556738270492235,-0.721130416342303,-0.9982363045260452,0.9972039090469852,-0.5787359118286177,-0.5738091541336192,-0.9124191495230389,0.9124191495230393,-0.5784279906300535,-0.5776581893550843,1.7343632929879855,-0.5767344287272242,0
-0.10893913210590014,0.6749317857019538,-0.004425957213915414,0.5047338964415474,0.8077365626180215,0.646091668153197,-1.0306701134001208,0.9700596688688422,-0.009816137054176019,-1.4497364615517017,-1.0028039309991141,1.7279038324066063,-0.5738091541336192,1.0959875190286648,-1.0959875190286648,-0.5784279906300535,-0.5776581893550843,1.7343632929879855,-0.5767344287272242,0
-0.0882455806839148,-0.8507256655188732,-0.004425957213915414,0.8537288390282218,-0.9115834940401767,0.646091668153197,-1.0306701134001208,-1.7303396434998943,-1.43244469563043,-0.4050890394139082,-1.0028039309991141,1.7279038324066063,-0.5738091541336192,1.0959875190286648,-1.0959875190286648,-0.5784279906300535,-0.5776581893550843,-0.5765804684883443,1.733900301750437,0
-0.5538504876785851,0.38887101359804876,0.6871298574603482,0.6834210943891014,0.8077365626180215,0.646091668153197,-1.0306701134001208,-0.7699905163989774,1.4128124215220779,1.6576469720954636,-1.0028039309991141,1.7279038324066063,-0.5738091541336192,1.0959875190286648,-1.0959875190286648,-0.5784279906300535,-0.5776581893550843,-0.5765804684883443,1.733900301750437,0
1.2982223645891036,-0.18325053060976135,-1.3875375865624426,0.2666614521543856,0.8077365626180215,0.646091668153197,0.9702425509371355,1.6691541878676799,-1.43244469563043,-1.65778065155372,-1.0028039309991141,1.7279038324066063,-0.5738091541336192,1.0959875190286648,-1.0959875190286648,1.7288236672481017,-0.5776581893550843,-0.5765804684883443,-0.5767344287272242,0
0.21181091493487275,-0.8507256655188732,-1.0417596792253108,-1.2258476714090278,-0.9115834940401767,-1.5477679860172513,0.9702425509371355,0.034214947759578195,-0.009816137054176019,0.6041466057022651,0.9972039090469852,-0.5787359118286177,-0.5738091541336192,-0.9124191495230389,0.9124191495230393,-0.5784279906300535,-0.5776581893550843,1.7343632929879855,-0.5767344287272242,0
-0.015818150706966082,0.2935174228967471,0.6871298574603482,-1.2258476714090278,0.8077365626180215,-1.5477679860172513,0.9702425509371355,-1.3409741805928543,1.4128124215220779,-1.3789129075084614,0.9972039090469852,-0.5787359118286177,-0.5738091541336192,1.0959875190286648,-1.0959875190286648,-0.5784279906300535,1.731127539482183,-0.5765804684883443,-0.5767344287272242,0
0.3463189991777775,-0.18325053060976135,-0.35020386455104724,0.9935288217425571,0.8077365626180215,0.646091668153197,0.9702425509371355,-0.8298544121114387,-0.009816137054176019,-1.0513539700584753,-1.0028039309991141,1.7279038324066063,-0.5738091541336192,-0.9124191495230389,0.9124191495230393,-0.5784279906300535,-0.5776581893550843,-0.5765804684883443,1.733900301750437,0
-0.06755202926192945,0.8656389671045572,1.03290776479748,-1.2258476714090278,0.8077365626180215,-1.5477679860172513,0.9702425509371355,-0.9585634485428038,0.7014981422339509,1.4318968935826355,0.9972039090469852,-0.5787359118286177,-0.5738091541336192,-0.9124191495230389,0.9124191495230393,1.7288236672481017,-0.5776581893550843,-0.5765804684883443,-0.5767344287272242,1
1.3913433459880375,-1.0414328469214764,1.03290776479748,-1.2258476714090278,0.8077365626180215,0.646091668153197,-1.0306701134001208,-0.3974946448065805,-0.721130416342303,1.462882198476553,0.9972039090469852,-0.5787359118286177,-0.5738091541336192,-0.9124191495230389,0.9124191495230393,-0.5784279906300535,-0.5776581893550843,-0.5765804684883443,1.733900301750437,0
-0.1606730106608635,-0.5646648934149681,-0.004425957213915414,-1.2258476714090278,0.8077365626180215,0.646091668153197,-1.0306701134001208,0.3975033434455466,1.4128124215220779,1.6399410835846535,0.9972039090469852,-0.5787359118286177,-0.5738091541336192,1.0959875190286648,-1.0959875190286648,1.7288236672481017,-0.5776581893550843,-0.5765804684883443,-0.5767344287272242,0
-0.30552787061476094,-0.4693113027136664,-1.0417596792253108,0.23676256009396804,0.8077365626180215,0.646091668153197,-1.0306701134001208,-0.960443895085809,-0.721130416342303,0.002146396334723121,-1.0028039309991141,1.7279038324066063,-0.5738091541336192,1.0959875190286648,-1.0959875190286648,1.7288236672481017,-0.5776581893550843,-0.5765804684883443,-0.5767344287272242,0
-1.6506087130438085,-1.23214002832408,-0.35020386455104724,0.41294247713650234,-0.9115834940401767,0.646091668153197,0.9702425509371355,0.796601430082196,-0.009816137054176019,1.3920586444333127,-1.0028039309991141,1.7279038324066063,-0.5738091541336192,-0.9124191495230389,0.9124191495230393,-0.5784279906300535,-0.5776581893550843,-0.5765804684883443,1.733900301750437,0
0.7498432519064918,0.5795781950006521,-0.35020386455104724,-1.2258476714090278,0.8077365626180215,0.646091668153197,-1.0306701134001208,-1.0933482018423581,1.4128124215220779,0.852029044853606,-1.0028039309991141,-0.5787359118286177,1.7427397119690018,1.0959875190286648,-1.0959875190286648,-0.5784279906300535,-0.5776581893550843,1.7343632929879855,-0.5767344287272242,0
-0.8228666561643946,0.2935174228967471,-0.35020386455104724,0.5183078959921554,2.52705661927622,0.646091668153197,-1.0306701134001208,-0.7743622850819523,-1.43244469563043,1.1486026774096745,0.9972039090469852,-0.5787359118286177,-0.5738091541336192,1.0959875190286648,-1.0959875190286648,1.7288236672481017,-0.5776581893550843,-0.5765804684883443,-0.5767344287272242,1
-1.2367376846041016,-0.18325053060976135,0.6871298574603482,0.7271268598913946,-0.9115834940401767,0.646091668153197,-1.0306701134001208,0.8247796102660132,-1.43244469563043,-0.4050890394139082,0.9972039090469852,-0.5787359118286177,-0.5738091541336192,-0.9124191495230389,0.9124191495230393,-0.5784279906300535,-0.5776581893550843,1.7343632929879855,-0.5767344287272242,0
-3.0163831068948417,0.48422460429935044,0.3413519501232164,0.8376055675474657,-0.9115834940401767,0.646091668153197,-1.0306701134001208,0.8149436958718443,-1.43244469563043,1.6576469720954636,0.9972039090469852,-0.5787359118286177,-0.5738091541336192,1.0959875190286648,-1.0959875190286648,-0.5784279906300535,-0.5776581893550843,1.7343632929879855,-0.5767344287272242,1
-0.26414076777079026,-0.27860412131106305,-0.695981771888179,-1.2258476714090278,0.8077365626180215,0.646091668153197,-1.0306701134001208,-1.0223887325201255,-0.721130416342303,1.0379408742171117,0.9972039090469852,-0.5787359118286177,-0.5738091541336192,1.0959875190286648,-1.0959875190286648,-0.5784279906300535,-0.5776581893550843,1.7343632929879855,-0.5767344287272242,1
0.6256819433745797,0.2935174228967471,-0.695981771888179,1.62099590210969,2.52705661927622,-1.5477679860172513,0.9702425509371355,-1.4554162374544584,-1.43244469563043,0.8033378514488783,-1.0028039309991141,-0.5787359118286177,1.7427397119690018,-0.9124191495230389,0.9124191495230393,-0.5784279906300535,-0.5776581893550843,1.7343632929879855,-0.5767344287272242,1
1.3499562431440668,-0.9460792562201749,1.378685672134612,-1.2258476714090278,0.8077365626180215,-1.5477679860172513,-1.0306701134001208,1.2521325625798647,0.7014981422339509,1.153029149537377,0.9972039090469852,-0.5787359118286177,-0.5738091541336192,-0.9124191495230389,0.9124191495230393,-0.5784279906300535,-0.5776581893550843,-0.5765804684883443,1.733900301750437,0
0.3049318963338068,-1.3274936190253817,-0.35020386455104724,0.7585728487669589,-0.9115834940401767,0.646091668153197,0.9702425509371355,-0.17263608476106457,-0.721130416342303,-0.2678684034551303,0.9972039090469852,-0.5787359118286177,-0.5738091541336192,1.0959875190286648,-1.0959875190286648,-0.5784279906300535,1.731127539482183,-0.5765804684883443,-0.5767344287272242,0
-1.4229796474019698,0.48422460429935044,-1.3875375865624426,-0.2071322595549013,0.8077365626180215,-1.5477679860172513,0.9702425509371355,-0.8252908427499975,0.7014981422339509,-1.666633595809125,0.9972039090469852,-0.5787359118286177,-0.5738091541336192,-0.9124191495230389,0.9124191495230393,-0.5784279906300535,1.731127539482183,-0.5765804684883443,-0.5767344287272242,1
-0.7090521233434752,-0.5646648934149681,0.3413519501232164,-1.2258476714090278,0.8077365626180215,-1.5477679860172513,0.9702425509371355,-0.4715777003366921,0.7014981422339509,-0.5821479245220088,-1.0028039309991141,-0.5787359118286177,1.7427397119690018,-0.9124191495230389,0.9124191495230393,1.7288236672481017,-0.5776581893550843,-0.5765804684883443,-0.5767344287272242,0
0.8119239061724478,-0.6600184841162697,1.378685672134612,-1.2258476714090278,0.8077365626180215,-1.5477679860172513,-1.0306701134001208,0.8818518757952487,0.7014981422339509,-1.436457045168594,0.9972039090469852,-0.5787359118286177,-0.5738091541336192,1.0959875190286648,-1.0959875190286648,-0.5784279906300535,1.731127539482183,-0.5765804684883443,-0.5767344287272242,0
0.13938348495792402,1.3424069206110656,0.6871298574603482,1.7808728837815089,-0.9115834940401767,0.646091668153197,-1.0306701134001208,1.500718588062738,-0.721130416342303,0.46692596974348716,-1.0028039309991141,-0.5787359118286177,1.7427397119690018,1.0959875190286648,-1.0959875190286648,-0.5784279906300535,-0.5776581893550843,-0.5765804684883443,1.733900301750437,1
1.7017466173178177,0.5795781950006521,0.6871298574603482,-1.2258476714090278,-0.9115834940401767,-1.5477679860172513,0.9702425509371355,-0.8208479530538833,1.4128124215220779,0.2633082518691715,0.9972039090469852,-0.5787359118286177,-0.5738091541336192,-0.9124191495230389,0.9124191495230393,-0.5784279906300535,-0.5776581893550843,-0.5765804684883443,1.733900301750437,1
0.4290932048657189,0.10281024149414371,0.3413519501232164,1.3946673218160912,-0.9115834940401767,-1.5477679860172513,-1.0306701134001208,-0.16808468770016083,0.7014981422339509,0.3031465010184941,0.9972039090469852,-0.5787359118286177,-0.5738091541336192,-0.9124191495230389,0.9124191495230393,1.7288236672481017,-0.5776581893550843,-0.5765804684883443,-0.5767344287272242,0
-3.026729882605834,1.247053329909764,1.03290776479748,1.0747213537086966,2.52705661927622,0.646091668153197,-1.0306701134001208,0.7280578146366014,0.7014981422339509,1.635514611456951,-1.0028039309991141,-0.5787359118286177,1.7427397119690018,1.0959875190286648,-1.0959875190286648,-0.5784279906300535,-0.5776581893550843,-0.5765804684883443,1.733900301750437,1
1.4327304488320083,-0.18325053060976135,-0.695981771888179,-1.2258476714090278,-0.9115834940401767,0.646091668153197,-1.0306701134001208,0.37896945086743905,0.7014981422339509,-1.538265904105752,0.9972039090469852,-0.5787359118286177,-0.5738091541336192,-0.9124191495230389,0.9124191495230393,-0.5784279906300535,-0.5776581893550843,-0.5765804684883443,1.733900301750437,1
0.8222706818834405,0.7702853764032556,0.6871298574603482,-1.2258476714090278,-0.9115834940401767,0.646091668153197,-1.0306701134001208,-1.1601416143606964,-0.721130416342303,-0.4537802328186359,0.9972039090469852,-0.5787359118286177,-0.5738091541336192,1.0959875190286648,-1.0959875190286648,-0.5784279906300535,-0.5776581893550843,1.7343632929879855,-0.5767344287272242,1
0.3152786720447995,-0.18325053060976135,1.03290776479748,-0.05299442528322572,0.8077365626180215,0.646091668153197,0.9702425509371355,-1.3006574345332265,0.7014981422339509,-1.6135159302766948,-1.0028039309991141,1.7279038324066063,-0.5738091541336192,-0.9124191495230389,0.9124191495230393,-0.5784279906300535,1.731127539482183,-0.5765804684883443,-0.5767344287272242,0
-0.3572617491697243,-0.27860412131106305,0.3413519501232164,0.8947265039518836,-0.9115834940401767,-1.5477679860172513,-1.0306701134001208,-1.471585921488207,-0.721130416342303,-1.4984276549564295,-1.0028039309991141,-0.5787359118286177,1.7427397119690018,1.0959875190286648,-1.0959875190286648,-0.5784279906300535,-0.5776581893550843,-0.5765804684883443,1.733900301750437,0
0.13938348495792402,-0.7553720748175714,1.378685672134612,0.6095699398926188,0.8077365626180215,-1.5477679860172513,0.9702425509371355,-0.3628774915285395,0.7014981422339509,-0.9185598062274,0.9972039090469852,-0.5787359118286177,-0.5738091541336192,1.0959875190286648,-1.0959875190286648,-0.5784279906300535,-0.5776581893550843,-0.5765804684883443,1.733900301750437,0
1.6086256359188837,-0.8507256655188732,1.03290776479748,1.4679700286484865,-0.9115834940401767,0.646091668153197,-1.0306701134001208,-0.2619110408117641,-1.43244469563043,0.4536465533603796,-1.0028039309991141,1.7279038324066063,-0.5738091541336192,-0.9124191495230389,0.9124191495230393,-0.5784279906300535,-0.5776581893550843,1.7343632929879855,-0.5767344287272242,1
-0.026164926417958756,-1.23214002832408,1.378685672134612,1.3853506031834089,-0.9115834940401767,0.646091668153197,-1.0306701134001208,-0.029943857252465286,1.4128124215220779,1.3964851165610153,0.9972039090469852,-0.5787359118286177,-0.5738091541336192,-0.9124191495230389,0.9124191495230393,-0.5784279906300535,1.731127539482183,-0.5765804684883443,-0.5767344287272242,0
0.10834315782494601,0.2935174228967471,1.378685672134612,-0.018021671110106365,-0.9115834940401767,0.646091668153197,-1.0306701134001208,-1.260391638245848,-0.721130416342303,0.9803967365569789,-1.0028039309991141,-0.5787359118286177,1.7427397119690018,1.0959875190286648,-1.0959875190286648,-0.5784279906300535,-0.5776581893550843,1.7343632929879855,-0.5767344287272242,1
-1.3402054417140283,2.105235646221479,-1.7333154938995745,0.7806495500928857,-0.9115834940401767,0.646091668153197,0.9702425509371355,0.16113152599182215,0.7014981422339509,-1.3036628813375188,-1.0028039309991141,1.7279038324066063,-0.5738091541336192,1.0959875190286648,-1.0959875190286648,-0.5784279906300535,1.731127539482183,-0.5765804684883443,-0.5767344287272242,0
-0.0468584778399441,-1.23214002832408,-0.35020386455104724,1.0155141685481657,-0.9115834940401767,0.646091668153197,-1.0306701134001208,1.1234343073289752,-0.721130416342303,1.3654998116670978,0.9972039090469852,-0.5787359118286177,-0.5738091541336192,-0.9124191495230389,0.9124191495230393,1.7288236672481017,-0.5776581893550843,-0.5765804684883443,-0.5767344287272242,0
0.615335167663587,-0.7553720748175714,-1.3875375865624426,-1.2258476714090278,0.8077365626180215,0.646091668153197,-1.0306701134001208,-1.391275517003213,-0.009816137054176019,-0.15278012813486488,0.9972039090469852,-0.5787359118286177,-0.5738091541336192,1.0959875190286648,-1.0959875190286648,-0.5784279906300535,-0.5776581893550843,1.7343632929879855,-0.5767344287272242,0
0.7912303547504624,1.8191748741175742,-0.004425957213915414,0.4876655063532165,-0.9115834940401767,0.646091668153197,-1.0306701134001208,-1.2904245292515344,-0.721130416342303,-0.2191772100504026,-1.0028039309991141,1.7279038324066063,-0.5738091541336192,-0.9124191495230389,0.9124191495230393,1.7288236672481017,-0.5776581893550843,-0.5765804684883443,-0.5767344287272242,1
-0.7193988990544679,3.058771553234496,-0.35020386455104724,-1.2258476714090278,0.8077365626180215,0.646091668153197,0.9702425509371355,1.6949379026458022,-0.721130416342303,0.6749701597455053,0.9972039090469852,-0.5787359118286177,-0.5738091541336192,-0.9124191495230389,0.9124191495230393,1.7288236672481017,-0.5776581893550843,-0.5765804684883443,-0.5767344287272242,0
-1.2470844603150943,0.8656389671045572,-1.7333154938995745,-1.2258476714090278,-0.9115834940401767,0.646091668153197,-1.0306701134001208,-0.26099411880129014,-0.721130416342303,0.57758777293605,0.9972039090469852,-0.5787359118286177,-0.5738091541336192,1.0959875190286648,-1.0959875190286648,-0.5784279906300535,-0.5776581893550843,1.7343632929879855,-0.5767344287272242,0
-0.967721516118292,-0.4693113027136664,-0.695981771888179,0.10558836735074904,-0.9115834940401767,0.646091668153197,-1.0306701134001208,0.5665854662990262,-0.721130416342303,-0.489192009840256,0.9972039090469852,-0.5787359118286177,-0.5738091541336192,-0.9124191495230389,0.9124191495230393,-0.5784279906300535,1.731127539482183,-0.5765804684883443,-0.5767344287272242,0
-0.19171333779384153,0.1981638321954454,-1.7333154938995745,0.4751808693896336,-0.9115834940401767,-1.5477679860172513,0.9702425509371355,0.09529433462569267,1.4128124215220779,1.2327056478360223,0.9972039090469852,-0.5787359118286177,-0.5738091541336192,-0.9124191495230389,0.9124191495230393,-0.5784279906300535,1.731127539482183,-0.5765804684883443,-0.5767344287272242,0
-0.4710762819906437,-0.6600184841162697,-0.004425957213915414,-1.2258476714090278,0.8077365626180215,0.646091668153197,0.9702425509371355,-1.007778841855228,-0.009816137054176019,0.7015289925117204,0.9972039090469852,-0.5787359118286177,-0.5738091541336192,1.0959875190286648,-1.0959875190286648,-0.5784279906300535,-0.5776581893550843,1.7343632929879855,-0.5767344287272242,0
0.17042381209090204,0.10281024149414371,-1.3875375865624426,1.1221569479773934,-0.9115834940401767,0.646091668153197,-1.0306701134001208,-1.4072457491981576,-0.009816137054176019,-1.666633595809125,-1.0028039309991141,-0.5787359118286177,1.7427397119690018,1.0959875190286648,-1.0959875190286648,1.7288236672481017,-0.5776581893550843,-0.5765804684883443,-0.5767344287272242,0
-0.750439226187446,0.10281024149414371,0.6871298574603482,-1.2258476714090278,0.8077365626180215,-1.5477679860172513,-1.0306701134001208,0.03727315132457074,0.7014981422339509,1.4053380608164203,0.9972039090469852,-0.5787359118286177,-0.5738091541336192,1.0959875190286648,-1.0959875190286648,-0.5784279906300535,1.731127539482183,-0.5765804684883443,-0.5767344287272242,0
0.2842383449118215,0.1981638321954454,-1.3875375865624426,1.0731386767119524,-0.9115834940401767,0.646091668153197,-1.0306701134001208,1.6785957197244397,0.7014981422339509,-0.8831480292057798,0.9972039090469852,-0.5787359118286177,-0.5738091541336192,1.0959875190286648,-1.0959875190286648,-0.5784279906300535,-0.5776581893550843,1.7343632929879855,-0.5767344287272242,1
0.18077058780189473,-0.18325053060976135,0.6871298574603482,0.8359704819048546,-0.9115834940401767,0.646091668153197,-1.0306701134001208,-0.13807909742567945,-0.009816137054176019,0.6484113269792903,0.9972039090469852,-0.5787359118286177,-0.5738091541336192,1.0959875190286648,-1.0959875190286648,-0.5784279906300535,-0.5776581893550843,1.7343632929879855,-0.5767344287272242,0
-0.0468584778399441,-1.3274936190253817,-0.004425957213915414,1.7051399864375556,0.8077365626180215,0.646091668153197,0.9702425509371355,-1.0007830729564269,-1.43244469563043,1.6930587491170839,-1.0028039309991141,-0.5787359118286177,1.7427397119690018,-0.9124191495230389,0.9124191495230393,-0.5784279906300535,1.731127539482183,-0.5765804684883443,-0.5767344287272242,1
0.2945851206228141,-1.4228472097266833,0.3413519501232164,0.6164486147304176,0.8077365626180215,-1.5477679860172513,0.9702425509371355,0.6204049453446799,0.7014981422339509,-0.5998538130328189,0.9972039090469852,-0.5787359118286177,-0.5738091541336192,1.0959875190286648,-1.0959875190286648,-0.5784279906300535,1.731127539482183,-0.5765804684883443,-0.5767344287272242,0
-0.22275366492681956,0.9609925578058589,-0.35020386455104724,-1.2258476714090278,0.8077365626180215,0.646091668153197,0.9702425509371355,1.6736085543043007,1.4128124215220779,1.3920586444333127,0.9972039090469852,-0.5787359118286177,-0.5738091541336192,1.0959875190286648,-1.0959875190286648,-0.5784279906300535,-0.5776581893550843,1.7343632929879855,-0.5767344287272242,0
1.2878755888781108,-0.8507256655188732,-0.004425957213915414,-1.2258476714090278,-0.9115834940401767,0.646091668153197,-1.0306701134001208,1.630920644100007,1.4128124215220779,0.8874408218752261,0.9972039090469852,-0.5787359118286177,-0.5738091541336192,1.0959875190286648,-1.0959875190286648,1.7288236672481017,-0.5776581893550843,-0.5765804684883443,-0.5767344287272242,1
-0.7711327776094312,0.10281024149414371,1.378685672134612,-1.2258476714090278,0.8077365626180215,0.646091668153197,-1.0306701134001208,0.21518801711793797,1.4128124215220779,-1.0956186913355006,0.9972039090469852,-0.5787359118286177,-0.5738091541336192,-0.9124191495230389,0.9124191495230393,-0.5784279906300535,-0.5776581893550843,-0.5765804684883443,1.733900301750437,1
-0.20206011350483422,-0.5646648934149681,0.6871298574603482,-1.2258476714090278,-0.9115834940401767,0.646091668153197,0.9702425509371355,-0.7311591387849158,-0.721130416342303,0.4802053861265947,0.9972039090469852,-0.5787359118286177,-0.5738091541336192,-0.9124191495230389,0.9124191495230393,-0.5784279906300535,-0.5776581893550843,-0.5765804684883443,1.733900301750437,1
1.7017466173178177,-1.3274936190253817,1.03290776479748,0.9404031230267306,-0.9115834940401767,0.646091668153197,0.9702425509371355,0.6256703347771001,-0.009816137054176019,0.7856319629380683,-1.0028039309991141,1.7279038324066063,-0.5738091541336192,1.0959875190286648,-1.0959875190286648,1.7288236672481017,-0.5776581893550843,-0.5765804684883443,-0.5767344287272242,0
-0.46072950627965104,-1.1367864376227783,0.3413519501232164,1.5357887396532772,-0.9115834940401767,-1.5477679860172513,0.9702425509371355,0.19751609730787903,0.7014981422339509,-1.65778065155372,-1.0028039309991141,1.7279038324066063,-0.5738091541336192,1.0959875190286648,-1.0959875190286648,1.7288236672481017,-0.5776581893550843,-0.5765804684883443,-0.5767344287272242,0
-0.8642537590083653,0.38887101359804876,-1.0417596792253108,0.6275845704861422,0.8077365626180215,-1.5477679860172513,-1.0306701134001208,1.295760696055661,-0.721130416342303,0.6528377991069928,-1.0028039309991141,-0.5787359118286177,1.7427397119690018,-0.9124191495230389,0.9124191495230393,1.7288236672481017,-0.5776581893550843,-0.5765804684883443,-0.5767344287272242,0
-1.1746570303381456,-0.18325053060976135,-0.695981771888179,-1.2258476714090278,0.8077365626180215,0.646091668153197,0.9702425509371355,-1.382198110822526,-0.721130416342303,1.0644997069833266,0.9972039090469852,-0.5787359118286177,-0.5738091541336192,-0.9124191495230389,0.9124191495230393,-0.5784279906300535,-0.5776581893550843,-0.5765804684883443,1.733900301750437,0
-0.6469714690775192,0.10281024149414371,1.7244635794717436,0.7861075820041893,-0.9115834940401767,0.646091668153197,-1.0306701134001208,0.3723670211660001,1.4128124215220779,0.860881989109011,-1.0028039309991141,1.7279038324066063,-0.5738091541336192,1.0959875190286648,-1.0959875190286648,-0.5784279906300535,-0.5776581893550843,-0.5765804684883443,1.733900301750437,1
-0.1606730106608635,0.8656389671045572,1.03290776479748,0.8704393437764282,0.8077365626180215,0.646091668153197,0.9702425509371355,-0.9883897582193715,0.7014981422339509,1.2327056478360223,0.9972039090469852,-0.5787359118286177,-0.5738091541336192,1.0959875190286648,-1.0959875190286648,-0.5784279906300535,-0.5776581893550843,-0.5765804684883443,1.733900301750437,0
-1.381592544557999,-1.0414328469214764,-1.0417596792253108,0.6182733010704614,-0.9115834940401767,0.646091668153197,-1.0306701134001208,1.3731396627912578,-0.721130416342303,1.3433674510285851,0.9972039090469852,-0.5787359118286177,-0.5738091541336192,-0.9124191495230389,0.9124191495230393,-0.5784279906300535,1.731127539482183,-0.5765804684883443,-0.5767344287272242,0
0.8222706818834405,-0.4693113027136664,-1.3875375865624426,-1.2258476714090278,0.8077365626180215,0.646091668153197,0.9702425509371355,0.4608393009412685,-0.009816137054176019,1.144176205281972,0.9972039090469852,-0.5787359118286177,-0.5738091541336192,-0.9124191495230389,0.9124191495230393,1.7288236672481017,-0.5776581893550843,-0.5765804684883443,-0.5767344287272242,0
2.063883767202561,-0.08789693990845966,-1.3875375865624426,1.1196232223428082,-0.9115834940401767,-1.5477679860172513,0.9702425509371355,0.06628461242517014,0.7014981422339509,1.6222351950738436,-1.0028039309991141,-0.5787359118286177,1.7427397119690018,-0.9124191495230389,0.9124191495230393,-0.5784279906300535,1.731127539482183,-0.5765804684883443,-0.5767344287272242,0
1.2361417103231473,0.6749317857019538,-0.004425957213915414,1.0466141321441378,0.8077365626180215,-1.5477679860172513,-1.0306701134001208,1.128145683196941,1.4128124215220779,0.8166172678319858,-1.0028039309991141,1.7279038324066063,-0.5738091541336192,1.0959875190286648,-1.0959875190286648,-0.5784279906300535,-0.5776581893550843,1.7343632929879855,-0.5767344287272242,0
1.2568352617451328,-0.8507256655188732,0.3413519501232164,0.37342187056240955,0.8077365626180215,-1.5477679860172513,-1.0306701134001208,1.6893029969470712,-0.009816137054176019,-0.8698686128226722,-1.0028039309991141,1.7279038324066063,-0.5738091541336192,-0.9124191495230389,0.9124191495230393,-0.5784279906300535,-0.5776581893550843,1.7343632929879855,-0.5767344287272242,0
-0.9159876375633287,1.1516997392084622,0.6871298574603482,0.7426338890377223,0.8077365626180215,-1.5477679860172513,-1.0306701134001208,-1.17313206738411,-0.009816137054176019,-0.644118534309844,0.9972039090469852,-0.5787359118286177,-0.5738091541336192,1.0959875190286648,-1.0959875190286648,-0.5784279906300535,1.731127539482183,-0.5765804684883443,-0.5767344287272242,0
0.4290932048657189,-1.0414328469214764,1.378685672134612,0.6804982305521772,-0.9115834940401767,-1.5477679860172513,-1.0306701134001208,-1.4611280025365823,-0.009816137054176019,0.5687348286806451,-1.0028039309991141,-0.5787359118286177,1.7427397119690018,-0.9124191495230389,0.9124191495230393,-0.5784279906300535,-0.5776581893550843,-0.5765804684883443,1.733900301750437,1
-0.0468584778399441,0.6749317857019538,1.03290776479748,-1.2258476714090278,0.8077365626180215,0.646091668153197,-1.0306701134001208,0.5732964033652546,1.4128124215220779,-0.055397741325409575,0.9972039090469852,-0.5787359118286177,-0.5738091541336192,1.0959875190286648,-1.0959875190286648,1.7288236672481017,-0.5776581893550843,-0.5765804684883443,-0.5767344287272242,0
0.3980528777327409,1.533114102013669,-0.35020386455104724,-1.2258476714090278,0.8077365626180215,0.646091668153197,0.9702425509371355,-0.7242169280084785,-0.721130416342303,1.6399410835846535,-1.0028039309991141,-0.5787359118286177,1.7427397119690018,1.0959875190286648,-1.0959875190286648,-0.5784279906300535,-0.5776581893550843,1.7343632929879855,-0.5767344287272242,0
-1.2470844603150943,1.247053329909764,-1.3875375865624426,0.4846179516096124,-0.9115834940401767,-1.5477679860172513,-1.0306701134001208,0.17163222188533486,-0.009816137054176019,-1.4276041009131892,0.9972039090469852,-0.5787359118286177,-0.5738091541336192,-0.9124191495230389,0.9124191495230393,-0.5784279906300535,-0.5776581893550843,1.7343632929879855,-0.5767344287272242,1
1.1947546074791768,-0.18325053060976135,-1.0417596792253108,0.3714160778926118,0.8077365626180215,-1.5477679860172513,0.9702425509371355,0.8278997186737382,-0.721130416342303,-0.480339065584851,-1.0028039309991141,1.7279038324066063,-0.5738091541336192,-0.9124191495230389,0.9124191495230393,-0.5784279906300535,1.731127539482183,-0.5765804684883443,-0.5767344287272242,0
1.7948675987167517,2.0098820555201775,1.03290776479748,0.9257944133302005,2.52705661927622,-1.5477679860172513,-1.0306701134001208,0.9208505355966945,0.7014981422339509,-1.6046629860212898,-1.0028039309991141,1.7279038324066063,-0.5738091541336192,-0.9124191495230389,0.9124191495230393,-0.5784279906300535,1.731127539482183,-0.5765804684883443,-0.5767344287272242,1
-0.781479553320424,-1.0414328469214764,0.6871298574603482,-1.2258476714090278,-0.9115834940401767,0.646091668153197,0.9702425509371355,-1.5549973064800815,-1.43244469563043,0.6351319105961827,-1.0028039309991141,-0.5787359118286177,1.7427397119690018,-0.9124191495230389,0.9124191495230393,-0.5784279906300535,-0.5776581893550843,1.7343632929879855,-0.5767344287272242,0
0.20146413922388007,0.2935174228967471,0.3413519501232164,0.5745356416216008,-0.9115834940401767,0.646091668153197,0.9702425509371355,-0.597892619142378,0.7014981422339509,-0.16605954451797245,0.9972039090469852,-0.5787359118286177,-0.5738091541336192,1.0959875190286648,-1.0959875190286648,-0.5784279906300535,-0.5776581893550843,1.7343632929879855,-0.5767344287272242,0
0.7912303547504624,-1.9949687539344934,-0.35020386455104724,0.9145834507051618,-0.9115834940401767,0.646091668153197,0.9702425509371355,-0.9242050435961843,0.7014981422339509,1.1397497331542694,0.9972039090469852,-0.5787359118286177,-0.5738091541336192,-0.9124191495230389,0.9124191495230393,-0.5784279906300535,-0.5776581893550843,1.7343632929879855,-0.5767344287272242,0
-0.8228666561643946,-0.4693113027136664,-1.3875375865624426,0.36604555399550764,0.8077365626180215,-1.5477679860172513,0.9702425509371355,1.4947917210411195,-0.009816137054176019,1.3964851165610153,0.9972039090469852,-0.5787359118286177,-0.5738091541336192,-0.9124191495230389,0.9124191495230393,1.7288236672481017,-0.5776581893550843,-0.5765804684883443,-0.5767344287272242,0
0.9981658689703159,-0.27860412131106305,1.03290776479748,0.4185865837812967,0.8077365626180215,0.646091668153197,0.9702425509371355,1.401612064868062,-0.009816137054176019,0.6395583827238852,-1.0028039309991141,1.7279038324066063,-0.5738091541336192,-0.9124191495230389,0.9124191495230393,-0.5784279906300535,1.731127539482183,-0.5765804684883443,-0.5767344287272242,0
1.1947546074791768,0.1981638321954454,-1.7333154938995745,-1.2258476714090278,0.8077365626180215,-1.5477679860172513,0.9702425509371355,-1.1443181453322302,0.7014981422339509,0.28101414037998157,-1.0028039309991141,-0.5787359118286177,1.7427397119690018,-0.9124191495230389,0.9124191495230393,-0.5784279906300535,1.731127539482183,-0.5765804684883443,-0.5767344287272242,0
1.2671820374561256,0.1981638321954454,0.6871298574603482,1.8231323629831824,-0.9115834940401767,0.646091668153197,0.9702425509371355,-0.739738350093612,-0.721130416342303,1.1308967888988644,0.9972039090469852,-0.5787359118286177,-0.5738091541336192,1.0959875190286648,-1.0959875190286648,1.7288236672481017,-0.5776581893550843,-0.5765804684883443,-0.5767344287272242,0
0.48082708342068226,-1.3274936190253817,-0.004425957213915414,0.10331011383087887,0.8077365626180215,0.646091668153197,0.9702425509371355,0.4918242397389796,-1.43244469563043,-1.436457045168594,-1.0028039309991141,-0.5787359118286177,1.7427397119690018,1.0959875190286648,-1.0959875190286648,-0.5784279906300535,-0.5776581893550843,1.7343632929879855,-0.5767344287272242,0
-1.1229231517831821,0.2935174228967471,-1.3875375865624426,-1.2258476714090278,-0.9115834940401767,0.646091668153197,0.9702425509371355,1.3592345483274695,-0.721130416342303,-0.028838908559194482,0.9972039090469852,-0.5787359118286177,-0.5738091541336192,1.0959875190286648,-1.0959875190286648,-0.5784279906300535,1.731127539482183,-0.5765804684883443,-0.5767344287272242,1
1.3706497945660523,0.2935174228967471,-1.0417596792253108,1.0132561091854182,-0.9115834940401767,0.646091668153197,-1.0306701134001208,-1.7030790808865817,-0.721130416342303,-0.4670596492017434,-1.0028039309991141,1.7279038324066063,-0.5738091541336192,1.0959875190286648,-1.0959875190286648,-0.5784279906300535,1.731127539482183,-0.5765804684883443,-0.5767344287272242,0
0.0669560549809753,1.0563461485071606,1.378685672134612,-1.2258476714090278,0.8077365626180215,-1.5477679860172513,-1.0306701134001208,-1.09409471164531,0.7014981422339509,1.6133822508184386,0.9972039090469852,-0.5787359118286177,-0.5738091541336192,-0.9124191495230389,0.9124191495230393,-0.5784279906300535,1.731127539482183,-0.5765804684883443,-0.5767344287272242,0
0.8429642333054258,-0.27860412131106305,-0.004425957213915414,-1.2258476714090278,0.8077365626180215,0.646091668153197,-1.0306701134001208,1.0666067050405397,1.4128124215220779,-1.4497364615517017,0.9972039090469852,-0.5787359118286177,-0.5738091541336192,-0.9124191495230389,0.9124191495230393,-0.5784279906300535,-0.5776581893550843,-0.5765804684883443,1.733900301750437,0
-0.41934240343568036,-0.27860412131106305,-0.35020386455104724,0.8487061033926809,0.8077365626180215,0.646091668153197,-1.0306701134001208,0.0443090888151453,0.7014981422339509,1.6310881393292485,0.9972039090469852,-0.5787359118286177,-0.5738091541336192,-0.9124191495230389,0.9124191495230393,-0.5784279906300535,-0.5776581893550843,1.7343632929879855,-0.5767344287272242,0
0.16007703637990936,-0.27860412131106305,0.3413519501232164,-1.2258476714090278,0.8077365626180215,0.646091668153197,-1.0306701134001208,1.332043193937212,-0.009816137054176019,1.6974852212447862,-1.0028039309991141,-0.5787359118286177,1.7427397119690018,1.0959875190286648,-1.0959875190286648,-0.5784279906300535,1.731127539482183,-0.5765804684883443,-0.5767344287272242,0
-0.7607860018984386,0.38887101359804876,-0.695981771888179,-1.2258476714090278,0.8077365626180215,0.646091668153197,0.9702425509371355,0.6072009553918408,-0.721130416342303,-0.3652507902645856,-1.0028039309991141,-0.5787359118286177,1.7427397119690018,-0.9124191495230389,0.9124191495230393,-0.5784279906300535,-0.5776581893550843,1.7343632929879855,-0.5767344287272242,0
-0.3572617491697243,-1.518200800427985,1.03290776479748,-0.054058465038302646,-0.9115834940401767,0.646091668153197,0.9702425509371355,-0.6496042035149868,-1.43244469563043,-0.002280075792979394,0.9972039090469852,-0.5787359118286177,-0.5738091541336192,-0.9124191495230389,0.9124191495230393,-0.5784279906300535,1.731127539482183,-0.5765804684883443,-0.5767344287272242,0
-0.7193988990544679,0.0074566507928420294,-1.3875375865624426,0.7218228484959259,-0.9115834940401767,-1.5477679860172513,-1.0306701134001208,1.0705592249150082,-0.009816137054176019,1.188440926558997,-1.0028039309991141,1.7279038324066063,-0.5738091541336192,-0.9124191495230389,0.9124191495230393,-0.5784279906300535,-0.5776581893550843,-0.5765804684883443,1.733900301750437,1
-0.84356020758638,-1.0414328469214764,-0.695981771888179,0.3773844129489923,-0.9115834940401767,0.646091668153197,-1.0306701134001208,-1.6507557514669695,-0.009816137054176019,0.33855827804011424,-1.0028039309991141,1.7279038324066063,-0.5738091541336192,1.0959875190286648,-1.0959875190286648,1.7288236672481017,-0.5776581893550843,-0.5765804684883443,-0.5767344287272242,1
0.9153916632823745,-1.1367864376227783,0.3413519501232164,-1.2258476714090278,-0.9115834940401767,0.646091668153197,0.9702425509371355,-0.7393430981061652,-0.721130416342303,0.6174260220853727,0.9972039090469852,-0.5787359118286177,-0.5738091541336192,1.0959875190286648,-1.0959875190286648,-0.5784279906300535,-0.5776581893550843,-0.5765804684883443,1.733900301750437,0
0.05660927926998263,0.1981638321954454,0.3413519501232164,0.3957628589129065,0.8077365626180215,0.646091668153197,0.9702425509371355,-1.1278441537850492,-0.721130416342303,-1.6267953466598024,-1.0028039309991141,-0.5787359118286177,1.7427397119690018,1.0959875190286648,-1.0959875190286648,-0.5784279906300535,1.731127539482183,-0.5765804684883443,-0.5767344287272242,0
0.025568952137004615,0.7702853764032556,0.3413519501232164,-1.2258476714090278,-0.9115834940401767,0.646091668153197,-1.0306701134001208,-0.8589176924343255,-0.721130416342303,0.06854347825026084,0.9972039090469852,-0.5787359118286177,-0.5738091541336192,-0.9124191495230389,0.9124191495230393,-0.5784279906300535,-0.5776581893550843,-0.5765804684883443,1.733900301750437,1
0.6567222705075577,2.2959428276240823,-0.35020386455104724,0.987210134087201,-0.9115834940401767,-1.5477679860172513,0.9702425509371355,1.15788661287974,-1.43244469563043,1.4982939754981732,0.9972039090469852,-0.5787359118286177,-0.5738091541336192,-0.9124191495230389,0.9124191495230393,-0.5784279906300535,1.731127539482183,-0.5765804684883443,-0.5767344287272242,0
-0.4400359548576657,-0.18325053060976135,-1.0417596792253108,0.8650652939153821,-0.9115834940401767,0.646091668153197,-1.0306701134001208,-1.35848246990569,1.4128124215220779,0.15707292080431115,-1.0028039309991141,-0.5787359118286177,1.7427397119690018,-0.9124191495230389,0.9124191495230393,-0.5784279906300535,-0.5776581893550843,-0.5765804684883443,1.733900301750437,0
0.04626250355898996,-0.18325053060976135,-0.35020386455104724,0.5189076304044913,-0.9115834940401767,0.646091668153197,-1.0306701134001208,-0.35708591093289244,-1.43244469563043,-0.024412436431491966,-1.0028039309991141,1.7279038324066063,-0.5738091541336192,1.0959875190286648,-1.0959875190286648,-0.5784279906300535,1.731127539482183,-0.5765804684883443,-0.5767344287272242,1
0.7705368033284771,0.5795781950006521,-1.3875375865624426,0.8553576740983901,-0.9115834940401767,-1.5477679860172513,-1.0306701134001208,-1.319331134677505,-0.721130416342303,1.3743527559225026,0.9972039090469852,-0.5787359118286177,-0.5738091541336192,-0.9124191495230389,0.9124191495230393,-0.5784279906300535,-0.5776581893550843,-0.5765804684883443,1.733900301750437,0
-0.5124633848346144,0.48422460429935044,-0.35020386455104724,-1.2258476714090278,0.8077365626180215,0.646091668153197,-1.0306701134001208,-0.7221465935770917,-1.43244469563043,-1.4408835172962966,-1.0028039309991141,-0.5787359118286177,1.7427397119690018,1.0959875190286648,-1.0959875190286648,-0.5784279906300535,1.731127539482183,-0.5765804684883443,-0.5767344287272242,0
-1.8989313301076327,1.7238212834162723,-1.3875375865624426,-1.2258476714090278,0.8077365626180215,0.646091668153197,0.9702425509371355,0.24968049126047556,-1.43244469563043,1.0467938184725165,0.9972039090469852,-0.5787359118286177,-0.5738091541336192,-0.9124191495230389,0.9124191495230393,-0.5784279906300535,1.731127539482183,-0.5765804684883443,-0.5767344287272242,0
-0.9573747404072994,-0.6600184841162697,-0.35020386455104724,0.5088610372357916,-0.9115834940401767,0.646091668153197,0.9702425509371355,0.7597783081667807,0.7014981422339509,0.860881989109011,-1.0028039309991141,1.7279038324066063,-0.5738091541336192,-0.9124191495230389,0.9124191495230393,1.7288236672481017,-0.5776581893550843,-0.5765804684883443,-0.5767344287272242,0
0.3463189991777775,-0.5646648934149681,-0.35020386455104724,1.029176317197326,-0.9115834940401767,0.646091668153197,-1.0306701134001208,0.060299666140987584,1.4128124215220779,1.6842058048616788,0.9972039090469852,-0.5787359118286177,-0.5738091541336192,-0.9124191495230389,0.9124191495230393,-0.5784279906300535,-0.5776581893550843,1.7343632929879855,-0.5767344287272242,0
-1.1022296003611969,-0.18325053060976135,-0.695981771888179,0.12839029535113342,-0.9115834940401767,-1.5477679860172513,-1.0306701134001208,-0.349834523722808,1.4128124215220779,1.471735142731958,0.9972039090469852,-0.5787359118286177,-0.5738091541336192,-0.9124191495230389,0.9124191495230393,-0.5784279906300535,-0.5776581893550843,1.7343632929879855,-0.5767344287272242,0
-0.46072950627965104,3.058771553234496,1.03290776479748,-1.2258476714090278,0.8077365626180215,0.646091668153197,0.9702425509371355,1.2111738146118982,0.7014981422339509,0.9184261267691437,0.9972039090469852,-0.5787359118286177,-0.5738091541336192,1.0959875190286648,-1.0959875190286648,-0.5784279906300535,1.731127539482183,-0.5765804684883443,-0.5767344287272242,0
1.1119804017912354,-0.4693113027136664,-1.3875375865624426,1.2445620683965757,-0.9115834940401767,0.646091668153197,0.9702425509371355,-0.6844545432933211,-1.43244469563043,-0.32541254111526297,0.9972039090469852,-0.5787359118286177,-0.5738091541336192,1.0959875190286648,-1.0959875190286648,-0.5784279906300535,-0.5776581893550843,1.7343632929879855,-0.5767344287272242,0
0.8740045604384039,-0.9460792562201749,1.7244635794717436,-1.2258476714090278,0.8077365626180215,0.646091668153197,0.9702425509371355,-0.08807476514843054,-0.721130416342303,-0.7415009211192993,-1.0028039309991141,-0.5787359118286177,1.7427397119690018,-0.9124191495230389,0.9124191495230393,1.7288236672481017,-0.5776581893550843,-0.5765804684883443,-0.5767344287272242,0
-1.2781247874480723,-0.3739577120123647,1.03290776479748,-1.2258476714090278,-0.9115834940401767,0.646091668153197,-1.0306701134001208,-0.03579890770091407,0.7014981422339509,-1.4585894058071067,-1.0028039309991141,-0.5787359118286177,1.7427397119690018,1.0959875190286648,-1.0959875190286648,-0.5784279906300535,1.731127539482183,-0.5765804684883443,-0.5767344287272242,1
1.9293756829596567,-0.9460792562201749,1.378685672134612,-1.2258476714090278,0.8077365626180215,0.646091668153197,0.9702425509371355,-1.01245683084172,0.7014981422339509,-1.0292216094199629,0.9972039090469852,-0.5787359118286177,-0.5738091541336192,1.0959875190286648,-1.0959875190286648,-0.5784279906300535,-0.5776581893550843,-0.5765804684883443,1.733900301750437,0
1.215448158901162,0.7702853764032556,-0.004425957213915414,0.4498283872903948,-0.9115834940401767,0.646091668153197,-1.0306701134001208,-0.9034135370484232,0.7014981422339509,-1.6002365138935872,-1.0028039309991141,1.7279038324066063,-0.5738091541336192,1.0959875190286648,-1.0959875190286648,-0.5784279906300535,-0.5776581893550843,1.7343632929879855,-0.5767344287272242,1
0.10834315782494601,-0.3739577120123647,1.378685672134612,0.37859397885222557,-0.9115834940401767,0.646091668153197,-1.0306701134001208,-0.2806682081597272,-0.009816137054176019,0.2411758912306589,0.9972039090469852,-0.5787359118286177,-0.5738091541336192,-0.9124191495230389,0.9124191495230393,-0.5784279906300535,1.731127539482183,-0.5765804684883443,-0.5767344287272242,0
-0.2848343191927756,1.0563461485071606,0.6871298574603482,0.8033184530899992,-0.9115834940401767,-1.5477679860172513,0.9702425509371355,-1.7292427453314758,-0.721130416342303,0.30757297314619664,-1.0028039309991141,1.7279038324066063,-0.5738091541336192,-0.9124191495230389,0.9124191495230393,-0.5784279906300535,1.731127539482183,-0.5765804684883443,-0.5767344287272242,1
-0.4503827305686584,-1.7089079818305883,-1.7333154938995745,-1.2258476714090278,0.8077365626180215,0.646091668153197,-1.0306701134001208,0.2785071072829156,-1.43244469563043,-1.2505452158050885,0.9972039090469852,-0.5787359118286177,-0.5738091541336192,1.0959875190286648,-1.0959875190286648,1.7288236672481017,-0.5776581893550843,-0.5765804684883443,-0.5767344287272242,0
-0.40899562772468767,1.8191748741175742,1.03290776479748,-1.2258476714090278,0.8077365626180215,-1.5477679860172513,0.9702425509371355,0.1317293340439754,1.4128124215220779,-1.383339379636164,0.9972039090469852,-0.5787359118286177,-0.5738091541336192,-0.9124191495230389,0.9124191495230393,-0.5784279906300535,-0.5776581893550843,1.7343632929879855,-0.5767344287272242,1
0.8015771304614552,0.6749317857019538,-1.0417596792253108,0.5324146366401992,-0.9115834940401767,0.646091668153197,-1.0306701134001208,-1.3878747501230995,1.4128124215220779,-0.6087067572882239,0.9972039090469852,-0.5787359118286177,-0.5738091541336192,1.0959875190286648,-1.0959875190286648,-0.5784279906300535,-0.5776581893550843,1.7343632929879855,-0.5767344287272242,1
0.6360287190855723,-0.5646648934149681,0.3413519501232164,-1.2258476714090278,0.8077365626180215,0.646091668153197,0.9702425509371355,1.575372524488049,1.4128124215220779,-0.6485450064375465,0.9972039090469852,-0.5787359118286177,-0.5738091541336192,1.0959875190286648,-1.0959875190286648,-0.5784279906300535,1.731127539482183,-0.5765804684883443,-0.5767344287272242,0
0.5636012891086236,0.38887101359804876,0.6871298574603482,0.05591314489445722,-0.9115834940401767,0.646091668153197,0.9702425509371355,0.05248157139588803,-1.43244469563043,-0.5821479245220088,-1.0028039309991141,1.7279038324066063,-0.5738091541336192,1.0959875190286648,-1.0959875190286648,-0.5784279906300535,-0.5776581893550843,-0.5765804684883443,1.733900301750437,0
0.2738915692008288,0.6749317857019538,-1.0417596792253108,-0.31169760513787115,-0.9115834940401767,0.646091668153197,0.9702425509371355,1.0162265964567039,-1.43244469563043,1.1663085659204846,0.9972039090469852,-0.5787359118286177,-0.5738091541336192,-0.9124191495230389,0.9124191495230393,-0.5784279906300535,1.731127539482183,-0.5765804684883443,-0.5767344287272242,0
-0.06755202926192945,1.4377605113123673,0.3413519501232164,-1.2258476714090278,-0.9115834940401767,-1.5477679860172513,0.9702425509371355,-0.2689708012333901,1.4128124215220779,-1.2992364092098163,-1.0028039309991141,-0.5787359118286177,1.7427397119690018,-0.9124191495230389,0.9124191495230393,-0.5784279906300535,1.731127539482183,-0.5765804684883443,-0.5767344287272242,0
-0.29518109490376826,0.1981638321954454,-1.0417596792253108,0.8109904698147737,-0.9115834940401767,0.646091668153197,-1.0306701134001208,0.04021502247442846,-0.721130416342303,0.3031465010184941,0.9972039090469852,-0.5787359118286177,-0.5738091541336192,-0.9124191495230389,0.9124191495230393,-0.5784279906300535,1.731127539482183,-0.5765804684883443,-0.5767344287272242,1
-0.99876184325127,0.10281024149414371,-0.35020386455104724,-1.2258476714090278,-0.9115834940401767,-1.5477679860172513,0.9702425509371355,1.1944469869935572,1.4128124215220779,-0.2767213477105353,0.9972039090469852,-0.5787359118286177,-0.5738091541336192,-0.9124191495230389,0.9124191495230393,-0.5784279906300535,-0.5776581893550843,-0.5765804684883443,1.733900301750437,0
1.0498997475252794,-0.08789693990845966,-0.695981771888179,1.7087526570384277,-0.9115834940401767,0.646091668153197,0.9702425509371355,-0.4961624435118909,-0.009816137054176019,1.0025290971954914,-1.0028039309991141,1.7279038324066063,-0.5738091541336192,-0.9124191495230389,0.9124191495230393,-0.5784279906300535,-0.5776581893550843,-0.5765804684883443,1.733900301750437,0
1.1947546074791768,0.1981638321954454,0.3413519501232164,0.3641771136483642,0.8077365626180215,0.646091668153197,-1.0306701134001208,-0.6553542243987995,0.7014981422339509,-1.6931924285753401,-1.0028039309991141,-0.5787359118286177,1.7427397119690018,-0.9124191495230389,0.9124191495230393,-0.5784279906300535,1.731127539482183,-0.5765804684883443,-0.5767344287272242,0
-0.7400924504764532,0.2935174228967471,-0.695981771888179,0.9788475092430372,0.8077365626180215,0.646091668153197,0.9702425509371355,-0.2550253442878216,-0.721130416342303,1.3389409789008826,-1.0028039309991141,1.7279038324066063,-0.5738091541336192,1.0959875190286648,-1.0959875190286648,-0.5784279906300535,-0.5776581893550843,1.7343632929879855,-0.5767344287272242,0
-0.5538504876785851,0.2935174228967471,-0.35020386455104724,-0.18825072264488252,-0.9115834940401767,0.646091668153197,0.9702425509371355,0.1173910595710675,1.4128124215220779,-1.6046629860212898,0.9972039090469852,-0.5787359118286177,-0.5738091541336192,1.0959875190286648,-1.0959875190286648,-0.5784279906300535,-0.5776581893550843,-0.5765804684883443,1.733900301750437,0
1.4016901216990303,-0.4693113027136664,1.378685672134612,-1.2258476714090278,0.8077365626180215,0.646091668153197,-1.0306701134001208,0.7725402697201085,-1.43244469563043,0.5156171631482148,0.9972039090469852,-0.5787359118286177,-0.5738091541336192,-0.9124191495230389,0.9124191495230393,-0.5784279906300535,1.731127539482183,-0.5765804684883443,-0.5767344287272242,0
2.063883767202561,-1.1367864376227783,0.6871298574603482,-0.5261308652594849,0.8077365626180215,0.646091668153197,0.9702425509371355,-1.6878590101847502,0.7014981422339509,-0.0952359904747322,0.9972039090469852,-0.5787359118286177,-0.5738091541336192,1.0959875190286648,-1.0959875190286648,-0.5784279906300535,-0.5776581893550843,1.7343632929879855,-0.5767344287272242,0
-0.5124633848346144,-1.80426157253189,1.378685672134612,0.7366174726548584,0.8077365626180215,0.646091668153197,-1.0306701134001208,-0.23124484239812287,-0.009816137054176019,-0.0067065479206819085,-1.0028039309991141,-0.5787359118286177,1.7427397119690018,1.0959875190286648,-1.0959875190286648,-0.5784279906300535,-0.5776581893550843,1.7343632929879855,-0.5767344287272242,0
0.0669560549809753,-0.8507256655188732,-1.3875375865624426,1.0141351961046225,0.8077365626180215,0.646091668153197,0.9702425509371355,-1.3349946248989095,1.4128124215220779,0.551028940169835,-1.0028039309991141,1.7279038324066063,-0.5738091541336192,-0.9124191495230389,0.9124191495230393,-0.5784279906300535,-0.5776581893550843,-0.5765804684883443,1.733900301750437,0
-0.84356020758638,-0.4693113027136664,0.3413519501232164,1.0957646270574075,-0.9115834940401767,-1.5477679860172513,-1.0306701134001208,1.6774313522330433,0.7014981422339509,0.40052888782794943,-1.0028039309991141,-0.5787359118286177,1.7427397119690018,1.0959875190286648,-1.0959875190286648,-0.5784279906300535,1.731127539482183,-0.5765804684883443,-0.5767344287272242,0
0.8429642333054258,-0.27860412131106305,0.6871298574603482,-1.2258476714090278,0.8077365626180215,0.646091668153197,0.9702425509371355,-0.6826921680655278,-1.43244469563043,1.188440926558997,0.9972039090469852,-0.5787359118286177,-0.5738091541336192,-0.9124191495230389,0.9124191495230393,-0.5784279906300535,1.731127539482183,-0.5765804684883443,-0.5767344287272242,0
-0.11928590781689281,-1.0414328469214764,1.03290776479748,0.3422561958202434,-0.9115834940401767,0.646091668153197,0.9702425509371355,1.358646626211518,-0.721130416342303,-1.5338394319780495,-1.0028039309991141,-0.5787359118286177,1.7427397119690018,1.0959875190286648,-1.0959875190286648,1.7288236672481017,-0.5776581893550843,-0.5765804684883443,-0.5767344287272242,0
0.9567787661263453,0.38887101359804876,-0.004425957213915414,-1.2258476714090278,0.8077365626180215,-1.5477679860172513,-1.0306701134001208,0.22586486358922628,1.4128124215220779,-0.9052803898442924,0.9972039090469852,-0.5787359118286177,-0.5738091541336192,-0.9124191495230389,0.9124191495230393,-0.5784279906300535,-0.5776581893550843,-0.5765804684883443,1.733900301750437,1
0.025568952137004615,-0.3739577120123647,0.3413519501232164,0.6439222846830144,0.8077365626180215,0.646091668153197,0.9702425509371355,-1.3254944921095628,-0.721130416342303,-1.5249864877226444,-1.0028039309991141,-0.5787359118286177,1.7427397119690018,-0.9124191495230389,0.9124191495230393,1.7288236672481017,-0.5776581893550843,-0.5765804684883443,-0.5767344287272242,0
0.11868993353593868,-0.18325053060976135,-0.35020386455104724,1.2613560743817744,-0.9115834940401767,0.646091668153197,-1.0306701134001208,-0.8896115393591871,-0.721130416342303,0.9803967365569789,-1.0028039309991141,-0.5787359118286177,1.7427397119690018,-0.9124191495230389,0.9124191495230393,-0.5784279906300535,1.731127539482183,-0.5765804684883443,-0.5767344287272242,0
1.277528813167118,0.9609925578058589,-1.3875375865624426,1.062300825180425,-0.9115834940401767,0.646091668153197,0.9702425509371355,-1.597628876321888,-1.43244469563043,-0.15278012813486488,0.9972039090469852,-0.5787359118286177,-0.5738091541336192,-0.9124191495230389,0.9124191495230393,-0.5784279906300535,-0.5776581893550843,-0.5765804684883443,1.733900301750437,0
-0.26414076777079026,-1.6135543911292867,1.378685672134612,-1.2258476714090278,0.8077365626180215,0.646091668153197,-1.0306701134001208,0.9908716944375091,-0.721130416342303,-0.033265380686896995,0.9972039090469852,-0.5787359118286177,-0.5738091541336192,-0.9124191495230389,0.9124191495230393,-0.5784279906300535,-0.5776581893550843,1.7343632929879855,-0.5767344287272242,0
-0.10893913210590014,-0.5646648934149681,-1.3875375865624426,1.4554623126481916,-0.9115834940401767,-1.5477679860172513,0.9702425509371355,0.7875723653236424,-1.43244469563043,1.2636909527299398,0.9972039090469852,-0.5787359118286177,-0.5738091541336192,1.0959875190286648,-1.0959875190286648,-0.5784279906300535,-0.5776581893550843,-0.5765804684883443,1.733900301750437,0
2.063883767202561,0.8656389671045572,-1.0417596792253108,-1.2258476714090278,-0.9115834940401767,0.646091668153197,-1.0306701134001208,1.2056674136288392,-1.43244469563043,0.6838231040009104,-1.0028039309991141,-0.5787359118286177,1.7427397119690018,-0.9124191495230389,0.9124191495230393,-0.5784279906300535,1.731127539482183,-0.5765804684883443,-0.5767344287272242,1
-0.036511702128951426,0.1981638321954454,-0.35020386455104724,1.0009163572856383,-0.9115834940401767,0.646091668153197,0.9702425509371355,0.02655996184167828,1.4128124215220779,1.3787792280502051,0.9972039090469852,-0.5787359118286177,-0.5738091541336192,-0.9124191495230389,0.9124191495230393,1.7288236672481017,-0.5776581893550843,-0.5765804684883443,-0.5767344287272242,1
-0.15032623494987085,-0.18325053060976135,1.378685672134612,1.2919874053156222,-0.9115834940401767,0.646091668153197,0.9702425509371355,0.9293556697621207,-0.009816137054176019,0.1393670322935011,-1.0028039309991141,1.7279038324066063,-0.5738091541336192,1.0959875190286648,-1.0959875190286648,-0.5784279906300535,-0.5776581893550843,-0.5765804684883443,1.733900301750437,0
-0.5228101605456071,0.38887101359804876,1.03290776479748,0.9118386480473145,-0.9115834940401767,0.646091668153197,-1.0306701134001208,1.3439683967736042,-0.721130416342303,-0.7016626719699768,-1.0028039309991141,1.7279038324066063,-0.5738091541336192,-0.9124191495230389,0.9124191495230393,1.7288236672481017,-0.5776581893550843,-0.5765804684883443,-0.5767344287272242,1
0.3152786720447995,-0.08789693990845966,0.3413519501232164,1.6879502711353984,0.8077365626180215,0.646091668153197,0.9702425509371355,-0.7402937547781282,-1.43244469563043,-1.3169422977206262,-1.0028039309991141,1.7279038324066063,-0.5738091541336192,-0.9124191495230389,0.9124191495230393,-0.5784279906300535,-0.5776581893550843,-0.5765804684883443,1.733900301750437,0
-0.398648852013695,0.38887101359804876,-0.35020386455104724,1.0098755111203725,0.8077365626180215,0.646091668153197,0.9702425509371355,-0.3992864074456711,-0.721130416342303,-0.07310362983621962,0.9972039090469852,-0.5787359118286177,-0.5738091541336192,1.0959875190286648,-1.0959875190286648,-0.5784279906300535,1.731127539482183,-0.5765804684883443,-0.5767344287272242,0
0.35666577488877016,0.0074566507928420294,1.378685672134612,-1.2258476714090278,0.8077365626180215,0.646091668153197,0.9702425509371355,-1.4131028863266983,-0.009816137054176019,0.11280819952728599,-1.0028039309991141,-0.5787359118286177,1.7427397119690018,-0.9124191495230389,0.9124191495230393,-0.5784279906300535,1.731127539482183,-0.5765804684883443,-0.5767344287272242,0
0.4083996534437335,-1.23214002832408,1.03290776479748,0.6383972594568104,-0.9115834940401767,0.646091668153197,0.9702425509371355,-0.2927819077644397,-0.721130416342303,0.4713524418711897,-1.0028039309991141,-0.5787359118286177,1.7427397119690018,-0.9124191495230389,0.9124191495230393,-0.5784279906300535,-0.5776581893550843,1.7343632929879855,-0.5767344287272242,0
2.063883767202561,0.9609925578058589,-0.004425957213915414,0.7372563132127341,-0.9115834940401767,-1.5477679860172513,0.9702425509371355,-0.7015079363460774,-0.009816137054176019,1.0866320676218393,0.9972039090469852,-0.5787359118286177,-0.5738091541336192,-0.9124191495230389,0.9124191495230393,1.7288236672481017,-0.5776581893550843,-0.5765804684883443,-0.5767344287272242,0
-0.46072950627965104,-1.518200800427985,1.7244635794717436,-0.09725408766660759,-0.9115834940401767,-1.5477679860172513,0.9702425509371355,-0.15987794878790598,0.7014981422339509,-0.7503538653747044,-1.0028039309991141,-0.5787359118286177,1.7427397119690018,1.0959875190286648,-1.0959875190286648,1.7288236672481017,-0.5776581893550843,-0.5765804684883443,-0.5767344287272242,0
-1.2056973574711236,-0.4693113027136664,0.6871298574603482,0.7222727294407221,0.8077365626180215,0.646091668153197,0.9702425509371355,-0.5201265732496951,-0.009816137054176019,-1.1310304683571206,0.9972039090469852,-0.5787359118286177,-0.5738091541336192,1.0959875190286648,-1.0959875190286648,-0.5784279906300535,-0.5776581893550843,-0.5765804684883443,1.733900301750437,0
0.6256819433745797,0.1981638321954454,-0.695981771888179,-1.2258476714090278,0.8077365626180215,0.646091668153197,0.9702425509371355,1.6286073853278973,0.7014981422339509,1.1928673986866996,0.9972039090469852,-0.5787359118286177,-0.5738091541336192,-0.9124191495230389,0.9124191495230393,-0.5784279906300535,1.731127539482183,-0.5765804684883443,-0.5767344287272242,0
0.3980528777327409,0.10281024149414371,-1.3875375865624426,-1.2258476714090278,0.8077365626180215,0.646091668153197,0.9702425509371355,0.33658845652669317,0.7014981422339509,-0.4670596492017434,0.9972039090469852,-0.5787359118286177,-0.5738091541336192,1.0959875190286648,-1.0959875190286648,-0.5784279906300535,-0.5776581893550843,-0.5765804684883443,1.733900301750437,0
1.308569140300096,-0.8507256655188732,-0.35020386455104724,0.9835102760143059,-0.9115834940401767,0.646091668153197,-1.0306701134001208,-1.6533811428028575,1.4128124215220779,-1.1398834126125257,0.9972039090469852,-0.5787359118286177,-0.5738091541336192,1.0959875190286648,-1.0959875190286648,1.7288236672481017,-0.5776581893550843,-0.5765804684883443,-0.5767344287272242,1
-0.6366246933665265,-0.27860412131106305,1.03290776479748,0.6082220600402016,-0.9115834940401767,0.646091668153197,-1.0306701134001208,-1.2717362223466109,1.4128124215220779,0.36069063867862683,0.9972039090469852,-0.5787359118286177,-0.5738091541336192,-0.9124191495230389,0.9124191495230393,-0.5784279906300535,-0.5776581893550843,-0.5765804684883443,1.733900301750437,0
0.8222706818834405,-0.3739577120123647,-1.7333154938995745,1.2658957529572459,-0.9115834940401767,0.646091668153197,0.9702425509371355,-0.8063620459644587,0.7014981422339509,-0.47148612132944595,0.9972039090469852,-0.5787359118286177,-0.5738091541336192,1.0959875190286648,-1.0959875190286648,-0.5784279906300535,1.731127539482183,-0.5765804684883443,-0.5767344287272242,0
-1.1022296003611969,-1.7089079818305883,1.7244635794717436,1.36294646802413,0.8077365626180215,0.646091668153197,-1.0306701134001208,-1.5793989434771978,-0.721130416342303,-0.6573979506929516,0.9972039090469852,-0.5787359118286177,-0.5738091541336192,1.0959875190286648,-1.0959875190286648,-0.5784279906300535,-0.5776581893550843,1.7343632929879855,-0.5767344287272242,0
0.553254513397631,0.0074566507928420294,-1.3875375865624426,0.7717793467121455,-0.9115834940401767,0.646091668153197,-1.0306701134001208,0.2855426969934745,1.4128124215220779,-0.1837654330287825,-1.0028039309991141,1.7279038324066063,-0.5738091541336192,1.0959875190286648,-1.0959875190286648,1.7288236672481017,-0.5776581893550843,-0.5765804684883443,-0.5767344287272242,1
1.4327304488320083,0.38887101359804876,1.03290776479748,0.6918670601991697,0.8077365626180215,-1.5477679860172513,0.9702425509371355,0.8402712971598338,1.4128124215220779,-0.16163307239026992,-1.0028039309991141,1.7279038324066063,-0.5738091541336192,-0.9124191495230389,0.9124191495230393,-0.5784279906300535,-0.5776581893550843,1.7343632929879855,-0.5767344287272242,1
-0.9470279646963067,2.6773571904292894,1.378685672134612,0.7922754545654759,-0.9115834940401767,0.646091668153197,-1.0306701134001208,1.3184463864570335,-1.43244469563043,0.723661353150233,-1.0028039309991141,-0.5787359118286177,1.7427397119690018,-0.9124191495230389,0.9124191495230393,-0.5784279906300535,-0.5776581893550843,-0.5765804684883443,1.733900301750437,1
-0.5538504876785851,-1.6135543911292867,0.3413519501232164,0.40136241019515967,-0.9115834940401767,0.646091668153197,-1.0306701134001208,-0.5140404229810455,-0.721130416342303,0.8254702120873909,-1.0028039309991141,1.7279038324066063,-0.5738091541336192,1.0959875190286648,-1.0959875190286648,-0.5784279906300535,-0.5776581893550843,-0.5765804684883443,1.733900301750437,1
0.2842383449118215,0.10281024149414371,-1.3875375865624426,-1.2258476714090278,0.8077365626180215,0.646091668153197,0.9702425509371355,1.5172452682822448,-0.009816137054176019,-0.4493537606909334,0.9972039090469852,-0.5787359118286177,-0.5738091541336192,-0.9124191495230389,0.9124191495230393,-0.5784279906300535,-0.5776581893550843,1.7343632929879855,-0.5767344287272242,0
-1.0711892732282189,-0.08789693990845966,-0.004425957213915414,1.459333660785544,-0.9115834940401767,-1.5477679860172513,0.9702425509371355,1.0279872993458345,1.4128124215220779,0.24560236335836144,0.9972039090469852,-0.5787359118286177,-0.5738091541336192,1.0959875190286648,-1.0959875190286648,-0.5784279906300535,-0.5776581893550843,1.7343632929879855,-0.5767344287272242,0
0.8119239061724478,-1.0414328469214764,-1.7333154938995745,-1.2258476714090278,0.8077365626180215,0.646091668153197,0.9702425509371355,-1.1985400058556457,-0.009816137054176019,-0.7680597538855144,-1.0028039309991141,-0.5787359118286177,1.7427397119690018,1.0959875190286648,-1.0959875190286648,-0.5784279906300535,-0.5776581893550843,1.7343632929879855,-0.5767344287272242,1
-0.6262779176555339,0.38887101359804876,1.03290776479748,-1.2258476714090278,0.8077365626180215,0.646091668153197,0.9702425509371355,0.7570835347178303,-0.721130416342303,-1.0779128028246905,0.9972039090469852,-0.5787359118286177,-0.5738091541336192,-0.9124191495230389,0.9124191495230393,-0.5784279906300535,-0.5776581893550843,-0.5765804684883443,1.733900301750437,0
-0.18136656208284888,-0.08789693990845966,-1.0417596792253108,0.24708465926341744,0.8077365626180215,0.646091668153197,0.9702425509371355,0.1318627076798629,1.4128124215220779,1.3566468674116927,0.9972039090469852,-0.5787359118286177,-0.5738091541336192,-0.9124191495230389,0.9124191495230393,-0.5784279906300535,1.731127539482183,-0.5765804684883443,-0.5767344287272242,0
-0.41934240343568036,-0.18325053060976135,1.7244635794717436,1.0237806307393629,0.8077365626180215,0.646091668153197,0.9702425509371355,0.5125168028723731,-0.009816137054176019,1.427470421454933,-1.0028039309991141,-0.5787359118286177,1.7427397119690018,1.0959875190286648,-1.0959875190286648,-0.5784279906300535,1.731127539482183,-0.5765804684883443,-0.5767344287272242,0
0.04626250355898996,-1.0414328469214764,-0.695981771888179,0.5982272344330156,0.8077365626180215,-1.5477679860172513,0.9702425509371355,-0.4042248836636611,1.4128124215220779,1.2548380084745347,-1.0028039309991141,-0.5787359118286177,1.7427397119690018,1.0959875190286648,-1.0959875190286648,-0.5784279906300535,-0.5776581893550843,1.7343632929879855,-0.5767344287272242,0
-0.5745440391005705,0.38887101359804876,-0.004425957213915414,-1.2258476714090278,0.8077365626180215,-1.5477679860172513,-1.0306701134001208,0.08798069479286025,-1.43244469563043,-0.781339170268622,-1.0028039309991141,-0.5787359118286177,1.7427397119690018,1.0959875190286648,-1.0959875190286648,-0.5784279906300535,-0.5776581893550843,-0.5765804684883443,1.733900301750437,0
-0.99876184325127,0.6749317857019538,-0.35020386455104724,-1.2258476714090278,0.8077365626180215,-1.5477679860172513,0.9702425509371355,-0.7437157362391784,-0.721130416342303,-1.5249864877226444,-1.0028039309991141,-0.5787359118286177,1.7427397119690018,-0.9124191495230389,0.9124191495230393,-0.5784279906300535,1.731127539482183,-0.5765804684883443,-0.5767344287272242,0
-0.5848908148115631,-0.7553720748175714,-1.7333154938995745,0.045758368741169765,-0.9115834940401767,0.646091668153197,-1.0306701134001208,-0.3796780485101355,1.4128124215220779,-0.9141333340996974,0.9972039090469852,-0.5787359118286177,-0.5738091541336192,1.0959875190286648,-1.0959875190286648,-0.5784279906300535,-0.5776581893550843,1.7343632929879855,-0.5767344287272242,0
-0.2537939920597976,0.48422460429935044,-1.0417596792253108,-1.2258476714090278,-0.9115834940401767,-1.5477679860172513,0.9702425509371355,1.2698662133426486,0.7014981422339509,-1.3257952419760313,0.9972039090469852,-0.5787359118286177,-0.5738091541336192,1.0959875190286648,-1.0959875190286648,-0.5784279906300535,1.731127539482183,-0.5765804684883443,-0.5767344287272242,1
-0.3158746463257536,0.38887101359804876,-1.0417596792253108,-1.2258476714090278,0.8077365626180215,0.646091668153197,-1.0306701134001208,-1.3810368733512677,1.4128124215220779,-0.29442723622134537,-1.0028039309991141,-0.5787359118286177,1.7427397119690018,1.0959875190286648,-1.0959875190286648,-0.5784279906300535,1.731127539482183,-0.5765804684883443,-0.5767344287272242,0
1.3292626917220816,2.200589236922781,1.7244635794717436,0.6829256964552343,-0.9115834940401767,-1.5477679860172513,0.9702425509371355,0.29365936088175343,-1.43244469563043,0.16592586505971615,0.9972039090469852,-0.5787359118286177,-0.5738091541336192,-0.9124191495230389,0.9124191495230393,-0.5784279906300535,1.731127539482183,-0.5765804684883443,-0.5767344287272242,0
1.029206196103294,-0.08789693990845966,0.6871298574603482,0.3329074229699056,0.8077365626180215,-1.5477679860172513,0.9702425509371355,1.3875170625158926,-0.009816137054176019,-1.2505452158050885,-1.0028039309991141,-0.5787359118286177,1.7427397119690018,1.0959875190286648,-1.0959875190286648,1.7288236672481017,-0.5776581893550843,-0.5765804684883443,-0.5767344287272242,0
0.4601335319986969,-0.7553720748175714,1.03290776479748,-1.2258476714090278,0.8077365626180215,-1.5477679860172513,0.9702425509371355,0.548695488419342,1.4128124215220779,1.480588086987363,-1.0028039309991141,-0.5787359118286177,1.7427397119690018,1.0959875190286648,-1.0959875190286648,1.7288236672481017,-0.5776581893550843,-0.5765804684883443,-0.5767344287272242,0
0.8740045604384039,-1.7089079818305883,-1.3875375865624426,1.638488209226516,0.8077365626180215,0.646091668153197,-1.0306701134001208,-1.3511643089326582,-1.43244469563043,-0.35197137388147803,0.9972039090469852,-0.5787359118286177,-0.5738091541336192,1.0959875190286648,-1.0959875190286648,-0.5784279906300535,-0.5776581893550843,1.7343632929879855,-0.5767344287272242,0
-1.474713525956933,0.9609925578058589,-1.3875375865624426,0.2777741686023101,0.8077365626180215,0.646091668153197,0.9702425509371355,0.5630301112020889,1.4128124215220779,0.6661172154901004,0.9972039090469852,-0.5787359118286177,-0.5738091541336192,-0.9124191495230389,0.9124191495230393,1.7288236672481017,-0.5776581893550843,-0.5765804684883443,-0.5767344287272242,1
-1.5574877316448745,0.5795781950006521,-1.0417596792253108,0.5237167246793579,-0.9115834940401767,0.646091668153197,0.9702425509371355,0.4530676348282183,1.4128124215220779,-1.4585894058071067,0.9972039090469852,-0.5787359118286177,-0.5738091541336192,-0.9124191495230389,0.9124191495230393,-0.5784279906300535,-0.5776581893550843,1.7343632929879855,-0.5767344287272242,0
-0.05720525355093678,-0.9460792562201749,-0.35020386455104724,-1.2258476714090278,0.8077365626180215,0.646091668153197,0.9702425509371355,-0.4476646942611443,0.7014981422339509,-1.4984276549564295,-1.0028039309991141,-0.5787359118286177,1.7427397119690018,1.0959875190286648,-1.0959875190286648,-0.5784279906300535,1.731127539482183,-0.5765804684883443,-0.5767344287272242,0
-1.0608424975172261,-0.27860412131106305,-1.0417596792253108,0.5197262951234147,0.8077365626180215,0.646091668153197,0.9702425509371355,0.7019899635859368,0.7014981422339509,0.8564555169813085,-1.0028039309991141,1.7279038324066063,-0.5738091541336192,1.0959875190286648,-1.0959875190286648,-0.5784279906300535,-0.5776581893550843,-0.5765804684883443,1.733900301750437,0
0.6877625976405357,-0.08789693990845966,0.6871298574603482,-1.2258476714090278,0.8077365626180215,0.646091668153197,0.9702425509371355,1.0170793530543452,0.7014981422339509,0.4757789139988922,0.9972039090469852,-0.5787359118286177,-0.5738091541336192,-0.9124191495230389,0.9124191495230393,-0.5784279906300535,-0.5776581893550843,-0.5765804684883443,1.733900301750437,0
1.9086821315376712,-0.6600184841162697,1.03290776479748,0.777433390164413,0.8077365626180215,0.646091668153197,0.9702425509371355,-1.2614360216319482,1.4128124215220779,0.9759702644292764,0.9972039090469852,-0.5787359118286177,-0.5738091541336192,-0.9124191495230389,0.9124191495230393,-0.5784279906300535,-0.5776581893550843,1.7343632929879855,-0.5767344287272242,0
0.9981658689703159,-0.9460792562201749,0.6871298574603482,-1.2258476714090278,0.8077365626180215,0.646091668153197,0.9702425509371355,0.7236639619226518,-1.43244469563043,-1.1885746060172533,0.9972039090469852,-0.5787359118286177,-0.5738091541336192,-0.9124191495230389,0.9124191495230393,1.7288236672481017,-0.5776581893550843,-0.5765804684883443,-0.5767344287272242,0
0.6256819433745797,-0.08789693990845966,-0.695981771888179,0.8371422238312543,-0.9115834940401767,-1.5477679860172513,-1.0306701134001208,0.25567413204504164,0.7014981422339509,1.1308967888988644,-1.0028039309991141,-0.5787359118286177,1.7427397119690018,-0.9124191495230389,0.9124191495230393,-0.5784279906300535,-0.5776581893550843,-0.5765804684883443,1.733900301750437,0
-0.05720525355093678,0.10281024149414371,-0.695981771888179,0.8512138651109652,-0.9115834940401767,0.646091668153197,0.9702425509371355,0.05464250252127409,0.7014981422339509,1.2858233133684525,0.9972039090469852,-0.5787359118286177,-0.5738091541336192,1.0959875190286648,-1.0959875190286648,-0.5784279906300535,-0.5776581893550843,-0.5765804684883443,1.733900301750437,0
-1.0194553946732554,1.0563461485071606,-0.35020386455104724,0.7162462159792966,-0.9115834940401767,0.646091668153197,-1.0306701134001208,0.3028264943064014,-1.43244469563043,0.24560236335836144,-1.0028039309991141,1.7279038324066063,-0.5738091541336192,-0.9124191495230389,0.9124191495230393,1.7288236672481017,-0.5776581893550843,-0.5765804684883443,-0.5767344287272242,1
0.1497302606689167,1.1516997392084622,1.03290776479748,-1.2258476714090278,-0.9115834940401767,0.646091668153197,0.9702425509371355,-1.063541889516673,-0.721130416342303,-1.2815305206990062,-1.0028039309991141,-0.5787359118286177,1.7427397119690018,1.0959875190286648,-1.0959875190286648,1.7288236672481017,-0.5776581893550843,-0.5765804684883443,-0.5767344287272242,1
-0.4710762819906437,1.7238212834162723,-1.0417596792253108,-1.2258476714090278,2.52705661927622,0.646091668153197,-1.0306701134001208,-0.5814445372063407,-0.009816137054176019,-0.46263317707404095,-1.0028039309991141,-0.5787359118286177,1.7427397119690018,1.0959875190286648,-1.0959875190286648,-0.5784279906300535,-0.5776581893550843,1.7343632929879855,-0.5767344287272242,1
-1.0504957218062334,0.9609925578058589,0.3413519501232164,0.7748028607925082,-0.9115834940401767,-1.5477679860172513,0.9702425509371355,-0.11370458726976049,-0.009816137054176019,-0.8654421406949698,-1.0028039309991141,1.7279038324066063,-0.5738091541336192,1.0959875190286648,-1.0959875190286648,1.7288236672481017,-0.5776581893550843,-0.5765804684883443,-0.5767344287272242,0
1.4948111030979643,-0.9460792562201749,-0.35020386455104724,-1.2258476714090278,0.8077365626180215,-1.5477679860172513,-1.0306701134001208,0.9672005693626385,-0.009816137054176019,1.3079556740069649,-1.0028039309991141,-0.5787359118286177,1.7427397119690018,-0.9124191495230389,0.9124191495230393,-0.5784279906300535,1.731127539482183,-0.5765804684883443,-0.5767344287272242,0
-0.3572617491697243,-0.18325053060976135,1.378685672134612,-1.2258476714090278,-0.9115834940401767,0.646091668153197,-1.0306701134001208,0.19515188876352027,1.4128124215220779,-1.6267953466598024,0.9972039090469852,-0.5787359118286177,-0.5738091541336192,-0.9124191495230389,0.9124191495230393,-0.5784279906300535,-0.5776581893550843,1.7343632929879855,-0.5767344287272242,0
0.0669560549809753,0.10281024149414371,1.7244635794717436,-1.2258476714090278,0.8077365626180215,0.646091668153197,0.9702425509371355,-0.8190139351429276,-0.009816137054176019,0.5200436352759173,-1.0028039309991141,-0.5787359118286177,1.7427397119690018,-0.9124191495230389,0.9124191495230393,-0.5784279906300535,1.731127539482183,-0.5765804684883443,-0.5767344287272242,0
-0.40899562772468767,-0.7553720748175714,-1.7333154938995745,0.5032339193263546,0.8077365626180215,0.646091668153197,0.9702425509371355,1.4502033669429384,-0.721130416342303,-0.9672509996321276,-1.0028039309991141,1.7279038324066063,-0.5738091541336192,-0.9124191495230389,0.9124191495230393,1.7288236672481017,-0.5776581893550843,-0.5765804684883443,-0.5767344287272242,0
-0.10893913210590014,-0.5646648934149681,1.03290776479748,0.08320202228226938,0.8077365626180215,-1.5477679860172513,-1.0306701134001208,-1.1331486684691967,-0.721130416342303,-0.8388833079287547,-1.0028039309991141,1.7279038324066063,-0.5738091541336192,-0.9124191495230389,0.9124191495230393,-0.5784279906300535,-0.5776581893550843,1.7343632929879855,-0.5767344287272242,0
0.025568952137004615,-1.1367864376227783,0.3413519501232164,0.5011002303281109,0.8077365626180215,0.646091668153197,0.9702425509371355,-1.1598606081082925,-0.009816137054176019,-0.19261837728418754,-1.0028039309991141,-0.5787359118286177,1.7427397119690018,1.0959875190286648,-1.0959875190286648,-0.5784279906300535,1.731127539482183,-0.5765804684883443,-0.5767344287272242,0
-0.4814230577016364,-0.27860412131106305,1.7244635794717436,0.5939712356837962,-0.9115834940401767,0.646091668153197,0.9702425509371355,0.6048786543393315,-1.43244469563043,-0.10851540685783975,-1.0028039309991141,1.7279038324066063,-0.5738091541336192,-0.9124191495230389,0.9124191495230393,1.7288236672481017,-0.5776581893550843,-0.5765804684883443,-0.5767344287272242,0
1.0395529718142866,-0.7553720748175714,1.03290776479748,-1.2258476714090278,0.8077365626180215,-1.5477679860172513,-1.0306701134001208,-1.4352837740357882,-0.009816137054176019,-1.175295189634146,0.9972039090469852,-0.5787359118286177,-0.5738091541336192,-0.9124191495230389,0.9124191495230393,-0.5784279906300535,-0.5776581893550843,-0.5765804684883443,1.733900301750437,0
-1.567834507355867,2.0098820555201775,0.6871298574603482,0.007624267351769184,0.8077365626180215,0.646091668153197,0.9702425509371355,-0.28598593848445786,-1.43244469563043,-0.40951551154161075,0.9972039090469852,-0.5787359118286177,-0.5738091541336192,-0.9124191495230389,0.9124191495230393,-0.5784279906300535,-0.5776581893550843,1.7343632929879855,-0.5767344287272242,0
-1.1953505817601309,0.9609925578058589,0.6871298574603482,0.6222342407461613,-0.9115834940401767,0.646091668153197,-1.0306701134001208,0.1970439859370396,1.4128124215220779,1.2327056478360223,-1.0028039309991141,-0.5787359118286177,1.7427397119690018,1.0959875190286648,-1.0959875190286648,-0.5784279906300535,1.731127539482183,-0.5765804684883443,-0.5767344287272242,0
1.505157878808957,2.6773571904292894,-0.004425957213915414,-1.2258476714090278,0.8077365626180215,-1.5477679860172513,0.9702425509371355,-0.7863170492196495,-0.009816137054176019,0.5288965795313224,-1.0028039309991141,-0.5787359118286177,1.7427397119690018,-0.9124191495230389,0.9124191495230393,-0.5784279906300535,1.731127539482183,-0.5765804684883443,-0.5767344287272242,0
-0.07789880497292212,0.5795781950006521,-0.004425957213915414,-1.2258476714090278,-0.9115834940401767,0.646091668153197,-1.0306701134001208,0.7376981027721351,-0.009816137054176019,0.5466024680421324,0.9972039090469852,-0.5787359118286177,-0.5738091541336192,-0.9124191495230389,0.9124191495230393,-0.5784279906300535,1.731127539482183,-0.5765804684883443,-0.5767344287272242,1
1.4948111030979643,-0.5646648934149681,1.378685672134612,0.871498735669945,-0.9115834940401767,0.646091668153197,0.9702425509371355,0.2581391967938526,1.4128124215220779,-0.8654421406949698,-1.0028039309991141,1.7279038324066063,-0.5738091541336192,1.0959875190286648,-1.0959875190286648,-0.5784279906300535,1.731127539482183,-0.5765804684883443,-0.5767344287272242,0
0.11868993353593868,0.0074566507928420294,-0.004425957213915414,1.015096502092113,0.8077365626180215,0.646091668153197,0.9702425509371355,0.8021486952170583,-0.721130416342303,-1.1930010781449558,-1.0028039309991141,1.7279038324066063,-0.5738091541336192,-0.9124191495230389,0.9124191495230393,-0.5784279906300535,-0.5776581893550843,1.7343632929879855,-0.5767344287272242,0
-1.0504957218062334,-0.9460792562201749,1.03290776479748,-1.2258476714090278,0.8077365626180215,0.646091668153197,0.9702425509371355,1.5557626005424445,0.7014981422339509,-1.4541629336794042,0.9972039090469852,-0.5787359118286177,-0.5738091541336192,1.0959875190286648,-1.0959875190286648,-0.5784279906300535,1.731127539482183,-0.5765804684883443,-0.5767344287272242,0
0.553254513397631,-0.7553720748175714,-1.7333154938995745,-1.2258476714090278,0.8077365626180215,0.646091668153197,-1.0306701134001208,1.4423844027477999,-1.43244469563043,-1.1398834126125257,0.9972039090469852,-0.5787359118286177,-0.5738091541336192,-0.9124191495230389,0.9124191495230393,1.7288236672481017,-0.5776581893550843,-0.5765804684883443,-0.5767344287272242,0
0.10834315782494601,-0.3739577120123647,-0.004425957213915414,-1.2258476714090278,-0.9115834940401767,0.646091668153197,-1.0306701134001208,0.9616861694392261,-1.43244469563043,0.40495535995565196,0.9972039090469852,-0.5787359118286177,-0.5738091541336192,-0.9124191495230389,0.9124191495230393,-0.5784279906300535,1.731127539482183,-0.5765804684883443,-0.5767344287272242,0
0.4083996534437335,-0.27860412131106305,1.7244635794717436,0.24480159761089887,-0.9115834940401767,0.646091668153197,0.9702425509371355,0.6206951677674908,-0.721130416342303,-0.7237950326084893,-1.0028039309991141,-0.5787359118286177,1.7427397119690018,1.0959875190286648,-1.0959875190286648,-0.5784279906300535,-0.5776581893550843,1.7343632929879855,-0.5767344287272242,0
-0.4814230577016364,-0.4693113027136664,0.6871298574603482,-1.2258476714090278,0.8077365626180215,0.646091668153197,-1.0306701134001208,1.6159815796505794,-0.721130416342303,-0.6618244228206541,0.9972039090469852,-0.5787359118286177,-0.5738091541336192,1.0959875190286648,-1.0959875190286648,-0.5784279906300535,-0.5776581893550843,-0.5765804684883443,1.733900301750437,0
1.0498997475252794,0.1981638321954454,1.03290776479748,-1.2258476714090278,0.8077365626180215,0.646091668153197,-1.0306701134001208,0.6912788607831364,-1.43244469563043,-1.356780546869949,0.9972039090469852,-0.5787359118286177,-0.5738091541336192,1.0959875190286648,-1.0959875190286648,-0.5784279906300535,-0.5776581893550843,-0.5765804684883443,1.733900301750437,1
0.8015771304614552,0.38887101359804876,1.03290776479748,0.83223520392145,-0.9115834940401767,-1.5477679860172513,0.9702425509371355,0.6770245751839357,0.7014981422339509,-0.13507423962405485,-1.0028039309991141,-0.5787359118286177,1.7427397119690018,1.0959875190286648,-1.0959875190286648,-0.5784279906300535,-0.5776581893550843,1.7343632929879855,-0.5767344287272242,0
0.47048030770968957,-0.4693113027136664,1.378685672134612,1.1919505193319446,-0.9115834940401767,-1.5477679860172513,0.9702425509371355,-1.5972398843747175,-0.009816137054176019,-0.15278012813486488,0.9972039090469852,-0.5787359118286177,-0.5738091541336192,-0.9124191495230389,0.9124191495230393,-0.5784279906300535,1.731127539482183,-0.5765804684883443,-0.5767344287272242,0
-0.026164926417958756,0.48422460429935044,1.378685672134612,0.5590880730490241,0.8077365626180215,0.646091668153197,0.9702425509371355,-0.14158993668065184,-1.43244469563043,-0.028838908559194482,-1.0028039309991141,1.7279038324066063,-0.5738091541336192,-0.9124191495230389,0.9124191495230393,-0.5784279906300535,-0.5776581893550843,1.7343632929879855,-0.5767344287272242,0
0.8015771304614552,-1.0414328469214764,-0.35020386455104724,1.0539050242209875,0.8077365626180215,0.646091668153197,-1.0306701134001208,-1.165336578340008,0.7014981422339509,1.3123821461346674,0.9972039090469852,-0.5787359118286177,-0.5738091541336192,1.0959875190286648,-1.0959875190286648,-0.5784279906300535,-0.5776581893550843,-0.5765804684883443,1.733900301750437,0
0.9360852147043599,-0.27860412131106305,1.03290776479748,0.6492187633373336,0.8077365626180215,0.646091668153197,-1.0306701134001208,1.1950761210413277,-0.009816137054176019,0.024278756973235695,-1.0028039309991141,1.7279038324066063,-0.5738091541336192,-0.9124191495230389,0.9124191495230393,-0.5784279906300535,-0.5776581893550843,-0.5765804684883443,1.733900301750437,0
0.25319801777884343,-0.08789693990845966,0.3413519501232164,-0.13494968735847984,-0.9115834940401767,-1.5477679860172513,-1.0306701134001208,0.6727241014041078,1.4128124215220779,-0.28114781983823783,0.9972039090469852,-0.5787359118286177,-0.5738091541336192,1.0959875190286648,-1.0959875190286648,-0.5784279906300535,-0.5776581893550843,1.7343632929879855,-0.5767344287272242,1
2.063883767202561,4.012307460247513,-1.3875375865624426,-1.2258476714090278,0.8077365626180215,0.646091668153197,0.9702425509371355,-0.7046370870342018,-0.009816137054176019,1.2371321199637249,0.9972039090469852,-0.5787359118286177,-0.5738091541336192,1.0959875190286648,-1.0959875190286648,-0.5784279906300535,1.731127539482183,-0.5765804684883443,-0.5767344287272242,0
0.5325609619756456,0.6749317857019538,1.378685672134612,0.3519280751845495,-0.9115834940401767,-1.5477679860172513,0.9702425509371355,0.16472670190051733,-1.43244469563043,-0.4227949279247183,0.9972039090469852,-0.5787359118286177,-0.5738091541336192,1.0959875190286648,-1.0959875190286648,-0.5784279906300535,-0.5776581893550843,1.7343632929879855,-0.5767344287272242,0
0.2738915692008288,0.1981638321954454,1.03290776479748,1.125665442370885,0.8077365626180215,0.646091668153197,0.9702425509371355,-1.667507793136424,-0.009816137054176019,-0.19704484941189004,-1.0028039309991141,1.7279038324066063,-0.5738091541336192,1.0959875190286648,-1.0959875190286648,1.7288236672481017,-0.5776581893550843,-0.5765804684883443,-0.5767344287272242,0
-0.19171333779384153,-1.0414328469214764,0.6871298574603482,1.2666817223741609,-0.9115834940401767,0.646091668153197,-1.0306701134001208,-1.7084171563422104,1.4128124215220779,-0.2191772100504026,-1.0028039309991141,-0.5787359118286177,1.7427397119690018,-0.9124191495230389,0.9124191495230393,-0.5784279906300535,-0.5776581893550843,1.7343632929879855,-0.5767344287272242,0
-0.23310044063781224,1.1516997392084622,1.378685672134612,1.2728398183990624,0.8077365626180215,0.646091668153197,0.9702425509371355,-0.5030707457368313,1.4128124215220779,-0.04211832494230203,-1.0028039309991141,1.7279038324066063,-0.5738091541336192,1.0959875190286648,-1.0959875190286648,-0.5784279906300535,-0.5776581893550843,-0.5765804684883443,1.733900301750437,0
1.2361417103231473,0.5795781950006521,-0.35020386455104724,0.5494059363350682,-0.9115834940401767,0.646091668153197,-1.0306701134001208,-1.2855079631745112,-1.43244469563043,-0.25016251494432024,-1.0028039309991141,1.7279038324066063,-0.5738091541336192,-0.9124191495230389,0.9124191495230393,-0.5784279906300535,1.731127539482183,-0.5765804684883443,-0.5767344287272242,1
0.6360287190855723,-0.9460792562201749,-0.695981771888179,0.41758184432888257,-0.9115834940401767,0.646091668153197,0.9702425509371355,1.5578901447863567,-1.43244469563043,-0.8477362521841597,0.9972039090469852,-0.5787359118286177,-0.5738091541336192,-0.9124191495230389,0.9124191495230393,-0.5784279906300535,-0.5776581893550843,1.7343632929879855,-0.5767344287272242,0
0.6567222705075577,-1.0414328469214764,0.6871298574603482,0.020682995353563608,-0.9115834940401767,0.646091668153197,-1.0306701134001208,1.3502007885387093,-0.009816137054176019,-1.5161335434672394,-1.0028039309991141,1.7279038324066063,-0.5738091541336192,-0.9124191495230389,0.9124191495230393,1.7288236672481017,-0.5776581893550843,-0.5765804684883443,-0.5767344287272242,0
0.9050448875713819,1.4377605113123673,-0.35020386455104724,-1.2258476714090278,-0.9115834940401767,-1.5477679860172513,0.9702425509371355,-0.7714664947841288,0.7014981422339509,-0.7193685604807868,0.9972039090469852,-0.5787359118286177,-0.5738091541336192,-0.9124191495230389,0.9124191495230393,-0.5784279906300535,-0.5776581893550843,1.7343632929879855,-0.5767344287272242,1
-0.036511702128951426,0.10281024149414371,1.378685672134612,-1.2258476714090278,0.8077365626180215,-1.5477679860172513,0.9702425509371355,-0.13446966253635473,-1.43244469563043,1.0866320676218393,0.9972039090469852,-0.5787359118286177,-0.5738091541336192,1.0959875190286648,-1.0959875190286648,-0.5784279906300535,1.731127539482183,-0.5765804684883443,-0.5767344287272242,0
1.1637142803461988,1.8191748741175742,1.378685672134612,1.7858311904395618,-0.9115834940401767,-1.5477679860172513,0.9702425509371355,-1.117505175598675,1.4128124215220779,1.1707350380481871,0.9972039090469852,-0.5787359118286177,-0.5738091541336192,1.0959875190286648,-1.0959875190286648,-0.5784279906300535,-0.5776581893550843,1.7343632929879855,-0.5767344287272242,0
0.7705368033284771,0.7702853764032556,-1.3875375865624426,0.4551945838681152,-0.9115834940401767,-1.5477679860172513,-1.0306701134001208,-0.2341894957881032,-0.009816137054176019,-1.3036628813375188,-1.0028039309991141,1.7279038324066063,-0.5738091541336192,1.0959875190286648,-1.0959875190286648,-0.5784279906300535,1.731127539482183,-0.5765804684883443,-0.5767344287272242,1
-1.5988748344888453,-0.9460792562201749,-1.0417596792253108,-1.2258476714090278,0.8077365626180215,0.646091668153197,-1.0306701134001208,-0.7772996350916104,-1.43244469563043,-0.9938098323983428,-1.0028039309991141,-0.5787359118286177,1.7427397119690018,-0.9124191495230389,0.9124191495230393,1.7288236672481017,-0.5776581893550843,-0.5765804684883443,-0.5767344287272242,0
-0.5331569362565998,-1.1367864376227783,-0.004425957213915414,-1.2258476714090278,0.8077365626180215,0.646091668153197,-1.0306701134001208,-1.2092978850705107,-0.009816137054176019,-1.538265904105752,0.9972039090469852,-0.5787359118286177,-0.5738091541336192,-0.9124191495230389,0.9124191495230393,-0.5784279906300535,-0.5776581893550843,-0.5765804684883443,1.733900301750437,0
-0.23310044063781224,2.105235646221479,-1.3875375865624426,0.33457824906520267,-0.9115834940401767,0.646091668153197,0.9702425509371355,0.866531122778973,1.4128124215220779,0.22347000271984885,-1.0028039309991141,1.7279038324066063,-0.5738091541336192,1.0959875190286648,-1.0959875190286648,-0.5784279906300535,1.731127539482183,-0.5765804684883443,-0.5767344287272242,1
-2.1369071714604644,0.10281024149414371,-0.004425957213915414,0.12604008011262638,-0.9115834940401767,0.646091668153197,-1.0306701134001208,0.760690882927063,-0.721130416342303,-0.11736835111324478,0.9972039090469852,-0.5787359118286177,-0.5738091541336192,1.0959875190286648,-1.0959875190286648,-0.5784279906300535,1.731127539482183,-0.5765804684883443,-0.5767344287272242,0
0.7601900276174844,2.868064371831893,-0.004425957213915414,0.6632182826273195,-0.9115834940401767,0.646091668153197,0.9702425509371355,-0.6574664663220362,-0.009816137054176019,1.1928673986866996,0.9972039090469852,-0.5787359118286177,-0.5738091541336192,1.0959875190286648,-1.0959875190286648,-0.5784279906300535,-0.5776581893550843,1.7343632929879855,-0.5767344287272242,0
-0.4400359548576657,0.48422460429935044,-0.004425957213915414,0.7959374886615374,-0.9115834940401767,-1.5477679860172513,0.9702425509371355,0.5622637779382619,-1.43244469563043,0.9361320152799537,-1.0028039309991141,1.7279038324066063,-0.5738091541336192,1.0959875190286648,-1.0959875190286648,1.7288236672481017,-0.5776581893550843,-0.5765804684883443,-0.5767344287272242,1
-1.1539634789161601,-0.8507256655188732,-1.7333154938995745,-1.2258476714090278,0.8077365626180215,0.646091668153197,-1.0306701134001208,1.0588061731862153,0.7014981422339509,-1.6622071236814224,0.9972039090469852,-0.5787359118286177,-0.5738091541336192,-0.9124191495230389,0.9124191495230393,1.7288236672481017,-0.5776581893550843,-0.5765804684883443,-0.5767344287272242,0
1.4223836731210155,0.0074566507928420294,-0.695981771888179,0.9400450774155173,-0.9115834940401767,-1.5477679860172513,0.9702425509371355,0.22598467380451484,-1.43244469563043,-0.7193685604807868,0.9972039090469852,-0.5787359118286177,-0.5738091541336192,1.0959875190286648,-1.0959875190286648,-0.5784279906300535,-0.5776581893550843,-0.5765804684883443,1.733900301750437,0
1.505157878808957,-1.518200800427985,-0.695981771888179,1.1234730941543314,0.8077365626180215,-1.5477679860172513,-1.0306701134001208,0.4409078543714716,0.7014981422339509,0.8653084612367135,-1.0028039309991141,-0.5787359118286177,1.7427397119690018,1.0959875190286648,-1.0959875190286648,-0.5784279906300535,-0.5776581893550843,-0.5765804684883443,1.733900301750437,0
0.33597222346678485,0.10281024149414371,-0.35020386455104724,0.2975787067097212,-0.9115834940401767,0.646091668153197,0.9702425509371355,0.29085364560790583,1.4128124215220779,0.7546466580441507,-1.0028039309991141,-0.5787359118286177,1.7427397119690018,-0.9124191495230389,0.9124191495230393,-0.5784279906300535,-0.5776581893550843,1.7343632929879855,-0.5767344287272242,1
-0.0468584778399441,1.247053329909764,1.03290776479748,-0.269519223106866,-0.9115834940401767,-1.5477679860172513,-1.0306701134001208,1.2590605143756726,-0.009816137054176019,-1.0292216094199629,0.9972039090469852,-0.5787359118286177,-0.5738091541336192,-0.9124191495230389,0.9124191495230393,-0.5784279906300535,-0.5776581893550843,-0.5765804684883443,1.733900301750437,1
0.5946416162416017,2.391296418325384,-0.004425957213915414,-1.2258476714090278,2.52705661927622,-1.5477679860172513,0.9702425509371355,0.21614232548006235,-0.721130416342303,-0.626412645799034,-1.0028039309991141,-0.5787359118286177,1.7427397119690018,1.0959875190286648,-1.0959875190286648,-0.5784279906300535,-0.5776581893550843,1.7343632929879855,-0.5767344287272242,1
0.18077058780189473,0.0074566507928420294,-1.7333154938995745,0.7311390863153433,-0.9115834940401767,0.646091668153197,-1.0306701134001208,0.22356047320750777,1.4128124215220779,0.6307054384684803,-1.0028039309991141,1.7279038324066063,-0.5738091541336192,1.0959875190286648,-1.0959875190286648,1.7288236672481017,-0.5776581893550843,-0.5765804684883443,-0.5767344287272242,1
1.9086821315376712,0.7702853764032556,-0.004425957213915414,0.5097164040339306,0.8077365626180215,0.646091668153197,0.9702425509371355,-0.9430175079665881,1.4128124215220779,0.7989113793211757,-1.0028039309991141,1.7279038324066063,-0.5738091541336192,1.0959875190286648,-1.0959875190286648,-0.5784279906300535,1.731127539482183,-0.5765804684883443,-0.5767344287272242,1
-0.6676650204995045,0.6749317857019538,1.03290776479748,0.4885554917064239,-0.9115834940401767,0.646091668153197,0.9702425509371355,-0.36035678197727256,0.7014981422339509,0.9759702644292764,-1.0028039309991141,1.7279038324066063,-0.5738091541336192,-0.9124191495230389,0.9124191495230393,-0.5784279906300535,-0.5776581893550843,1.7343632929879855,-0.5767344287272242,1
0.12903670924693136,2.6773571904292894,1.378685672134612,-1.2258476714090278,2.52705661927622,0.646091668153197,0.9702425509371355,-0.4829181110772707,-0.009816137054176019,0.6218524942130752,0.9972039090469852,-0.5787359118286177,-0.5738091541336192,-0.9124191495230389,0.9124191495230393,-0.5784279906300535,-0.5776581893550843,1.7343632929879855,-0.5767344287272242,0
0.11868993353593868,3.344832325338401,0.3413519501232164,-1.2258476714090278,0.8077365626180215,0.646091668153197,-1.0306701134001208,0.40853040439229377,-1.43244469563043,-0.41836845579701576,0.9972039090469852,-0.5787359118286177,-0.5738091541336192,-0.9124191495230389,0.9124191495230393,-0.5784279906300535,-0.5776581893550843,-0.5765804684883443,1.733900301750437,0
-1.6402619373328158,-0.08789693990845966,1.03290776479748,-0.31120573316794625,0.8077365626180215,0.646091668153197,-1.0306701134001208,1.5456138580244672,-0.009816137054176019,1.3610733395393952,-1.0028039309991141,1.7279038324066063,-0.5738091541336192,1.0959875190286648,-1.0959875190286648,-0.5784279906300535,-0.5776581893550843,1.7343632929879855,-0.5767344287272242,0
1.4223836731210155,-0.5646648934149681,-0.004425957213915414,-1.2258476714090278,0.8077365626180215,-1.5477679860172513,-1.0306701134001208,0.2936645775819838,-0.009816137054176019,1.6620734442231662,0.9972039090469852,-0.5787359118286177,-0.5738091541336192,1.0959875190286648,-1.0959875190286648,-0.5784279906300535,1.731127539482183,-0.5765804684883443,-0.5767344287272242,0
-1.6092216101998378,-0.8507256655188732,1.7244635794717436,0.8537657013785258,-0.9115834940401767,-1.5477679860172513,-1.0306701134001208,1.2634745383305126,-0.721130416342303,0.6484113269792903,0.9972039090469852,-0.5787359118286177,-0.5738091541336192,-0.9124191495230389,0.9124191495230393,1.7288236672481017,-0.5776581893550843,-0.5765804684883443,-0.5767344287272242,0
-0.367608524880717,0.2935174228967471,-0.35020386455104724,-1.2258476714090278,2.52705661927622,-1.5477679860172513,0.9702425509371355,0.35179426824789517,1.4128124215220779,0.6661172154901004,-1.0028039309991141,-0.5787359118286177,1.7427397119690018,-0.9124191495230389,0.9124191495230393,-0.5784279906300535,-0.5776581893550843,1.7343632929879855,-0.5767344287272242,0
-0.7918263290314166,0.1981638321954454,-1.3875375865624426,-1.2258476714090278,0.8077365626180215,-1.5477679860172513,-1.0306701134001208,-0.5136752539649265,-0.009816137054176019,-0.9938098323983428,0.9972039090469852,-0.5787359118286177,-0.5738091541336192,-0.9124191495230389,0.9124191495230393,-0.5784279906300535,-0.5776581893550843,-0.5765804684883443,1.733900301750437,0
-1.1643102546271529,-0.18325053060976135,-1.3875375865624426,0.9338385795219559,-0.9115834940401767,0.646091668153197,-1.0306701134001208,1.0854442095720487,-0.721130416342303,0.45807302548808215,0.9972039090469852,-0.5787359118286177,-0.5738091541336192,-0.9124191495230389,0.9124191495230393,-0.5784279906300535,-0.5776581893550843,-0.5765804684883443,1.733900301750437,0
0.6463754947965651,-0.6600184841162697,-1.3875375865624426,0.6508309302143211,-0.9115834940401767,-1.5477679860172513,-1.0306701134001208,0.8602093515499225,-0.009816137054176019,0.9848232086846814,0.9972039090469852,-0.5787359118286177,-0.5738091541336192,1.0959875190286648,-1.0959875190286648,-0.5784279906300535,-0.5776581893550843,1.7343632929879855,-0.5767344287272242,1
0.6877625976405357,-1.3274936190253817,0.6871298574603482,0.5157357052963836,0.8077365626180215,0.646091668153197,-1.0306701134001208,1.5636469473804686,-0.009816137054176019,-0.7680597538855144,0.9972039090469852,-0.5787359118286177,-0.5738091541336192,1.0959875190286648,-1.0959875190286648,-0.5784279906300535,-0.5776581893550843,1.7343632929879855,-0.5767344287272242,0
0.3980528777327409,0.0074566507928420294,-0.35020386455104724,-1.2258476714090278,0.8077365626180215,0.646091668153197,-1.0306701134001208,1.6697302854631095,-0.721130416342303,1.6045293065630335,0.9972039090469852,-0.5787359118286177,-0.5738091541336192,-0.9124191495230389,0.9124191495230393,-0.5784279906300535,1.731127539482183,-0.5765804684883443,-0.5767344287272242,0
-1.1746570303381456,-0.5646648934149681,0.6871298574603482,0.9551533520942098,-0.9115834940401767,0.646091668153197,-1.0306701134001208,-0.6493696258946323,-0.009816137054176019,0.8918672940029286,-1.0028039309991141,-0.5787359118286177,1.7427397119690018,1.0959875190286648,-1.0959875190286648,-0.5784279906300535,-0.5776581893550843,-0.5765804684883443,1.733900301750437,0
-1.1125763760721894,-0.27860412131106305,0.3413519501232164,-1.2258476714090278,0.8077365626180215,0.646091668153197,-1.0306701134001208,1.3326589384543917,0.7014981422339509,1.2725438969853449,0.9972039090469852,-0.5787359118286177,-0.5738091541336192,-0.9124191495230389,0.9124191495230393,-0.5784279906300535,1.731127539482183,-0.5765804684883443,-0.5767344287272242,0
0.7705368033284771,-0.27860412131106305,-1.3875375865624426,0.678991041238012,-0.9115834940401767,0.646091668153197,0.9702425509371355,0.04619875152855716,-0.009816137054176019,0.7989113793211757,0.9972039090469852,-0.5787359118286177,-0.5738091541336192,1.0959875190286648,-1.0959875190286648,-0.5784279906300535,-0.5776581893550843,-0.5765804684883443,1.733900301750437,0
1.9086821315376712,-1.0414328469214764,-1.0417596792253108,1.395700268980042,0.8077365626180215,0.646091668153197,0.9702425509371355,0.9471621804381207,1.4128124215220779,-0.20589779366729508,0.9972039090469852,-0.5787359118286177,-0.5738091541336192,-0.9124191495230389,0.9124191495230393,-0.5784279906300535,-0.5776581893550843,1.7343632929879855,-0.5767344287272242,0
1.2878755888781108,-0.5646648934149681,-1.3875375865624426,0.6797290895995317,0.8077365626180215,0.646091668153197,0.9702425509371355,-1.2820534642820256,-0.721130416342303,-1.5648247368719672,-1.0028039309991141,1.7279038324066063,-0.5738091541336192,1.0959875190286648,-1.0959875190286648,-0.5784279906300535,-0.5776581893550843,-0.5765804684883443,1.733900301750437,0
0.04626250355898996,-1.4228472097266833,1.378685672134612,0.49009970364198124,-0.9115834940401767,0.646091668153197,0.9702425509371355,-0.8369399082542007,1.4128124215220779,1.179587982303592,0.9972039090469852,-0.5787359118286177,-0.5738091541336192,-0.9124191495230389,0.9124191495230393,-0.5784279906300535,1.731127539482183,-0.5765804684883443,-0.5767344287272242,0
-0.18136656208284888,-0.3739577120123647,1.7244635794717436,-1.2258476714090278,0.8077365626180215,0.646091668153197,-1.0306701134001208,-0.598438459876472,-1.43244469563043,1.290249785496155,0.9972039090469852,-0.5787359118286177,-0.5738091541336192,-0.9124191495230389,0.9124191495230393,1.7288236672481017,-0.5776581893550843,-0.5765804684883443,-0.5767344287272242,0
-2.4576572185012373,-0.4693113027136664,1.378685672134612,-1.2258476714090278,0.8077365626180215,-1.5477679860172513,-1.0306701134001208,-1.626846397081583,-1.43244469563043,-0.6972361998422743,0.9972039090469852,-0.5787359118286177,-0.5738091541336192,-0.9124191495230389,0.9124191495230393,-0.5784279906300535,-0.5776581893550843,1.7343632929879855,-0.5767344287272242,0
1.8155611501387372,-0.8507256655188732,-0.004425957213915414,-1.2258476714090278,0.8077365626180215,-1.5477679860172513,0.9702425509371355,0.9965172074267086,-1.43244469563043,-1.1708687175064434,0.9972039090469852,-0.5787359118286177,-0.5738091541336192,1.0959875190286648,-1.0959875190286648,-0.5784279906300535,-0.5776581893550843,-0.5765804684883443,1.733900301750437,0
0.5429077376866382,-1.0414328469214764,-1.0417596792253108,0.07513413596944848,0.8077365626180215,-1.5477679860172513,0.9702425509371355,1.0906715170927883,-0.721130416342303,-0.9672509996321276,0.9972039090469852,-0.5787359118286177,-0.5738091541336192,-0.9124191495230389,0.9124191495230393,-0.5784279906300535,-0.5776581893550843,1.7343632929879855,-0.5767344287272242,0
0.10834315782494601,2.391296418325384,1.03290776479748,0.8376690348984236,0.8077365626180215,0.646091668153197,-1.0306701134001208,1.5529758392794335,-0.009816137054176019,-1.5603982647442647,-1.0028039309991141,1.7279038324066063,-0.5738091541336192,1.0959875190286648,-1.0959875190286648,-0.5784279906300535,1.731127539482183,-0.5765804684883443,-0.5767344287272242,1
-0.0468584778399441,-0.27860412131106305,0.3413519501232164,1.0944496027780877,0.8077365626180215,0.646091668153197,-1.0306701134001208,-0.8150735875689961,-0.009816137054176019,-1.5958100417658847,-1.0028039309991141,1.7279038324066063,-0.5738091541336192,1.0959875190286648,-1.0959875190286648,-0.5784279906300535,-0.5776581893550843,-0.5765804684883443,1.733900301750437,0
0.3773593263107555,-0.27860412131106305,-0.35020386455104724,0.331313526996982,-0.9115834940401767,-1.5477679860172513,0.9702425509371355,-0.641744375168045,-0.721130416342303,0.9317055431522512,0.9972039090469852,-0.5787359118286177,-0.5738091541336192,1.0959875190286648,-1.0959875190286648,-0.5784279906300535,-0.5776581893550843,1.7343632929879855,-0.5767344287272242,0
-0.015818150706966082,-0.08789693990845966,-1.3875375865624426,0.7328894068704264,-0.9115834940401767,-1.5477679860172513,0.9702425509371355,-0.19344880588976204,-0.009816137054176019,-0.06867715770851711,0.9972039090469852,-0.5787359118286177,-0.5738091541336192,-0.9124191495230389,0.9124191495230393,1.7288236672481017,-0.5776581893550843,-0.5765804684883443,-0.5767344287272242,0
-1.6919958158877793,-1.4228472097266833,0.6871298574603482,0.915824269470609,0.8077365626180215,0.646091668153197,0.9702425509371355,-0.026435278567592764,0.7014981422339509,-1.6976189007030424,0.9972039090469852,-0.5787359118286177,-0.5738091541336192,-0.9124191495230389,0.9124191495230393,-0.5784279906300535,1.731127539482183,-0.5765804684883443,-0.5767344287272242,0
-0.5641972633895778,1.4377605113123673,-1.3875375865624426,0.7542054616113862,-0.9115834940401767,0.646091668153197,0.9702425509371355,0.35168402198302884,-0.009816137054176019,-0.028838908559194482,-1.0028039309991141,1.7279038324066063,-0.5738091541336192,-0.9124191495230389,0.9124191495230393,1.7288236672481017,-0.5776581893550843,-0.5765804684883443,-0.5767344287272242,1
1.6396659630518617,0.2935174228967471,0.3413519501232164,-0.19213216786079657,2.52705661927622,-1.5477679860172513,0.9702425509371355,1.431924571006091,1.4128124215220779,1.2238527035806173,-1.0028039309991141,1.7279038324066063,-0.5738091541336192,1.0959875190286648,-1.0959875190286648,-0.5784279906300535,-0.5776581893550843,1.7343632929879855,-0.5767344287272242,1
1.1016336260802426,-1.518200800427985,-1.0417596792253108,0.06712266507970147,0.8077365626180215,0.646091668153197,-1.0306701134001208,-0.10604838412180696,1.4128124215220779,-1.4585894058071067,0.9972039090469852,-0.5787359118286177,-0.5738091541336192,-0.9124191495230389,0.9124191495230393,1.7288236672481017,-0.5776581893550843,-0.5765804684883443,-0.5767344287272242,0
-0.2537939920597976,1.247053329909764,-1.7333154938995745,-1.2258476714090278,0.8077365626180215,0.646091668153197,-1.0306701134001208,-1.1812483834923733,-0.009816137054176019,1.5602645852860084,0.9972039090469852,-0.5787359118286177,-0.5738091541336192,1.0959875190286648,-1.0959875190286648,-0.5784279906300535,-0.5776581893550843,-0.5765804684883443,1.733900301750437,1
0.49117385913167494,-0.27860412131106305,0.6871298574603482,0.7176575631826717,-0.9115834940401767,0.646091668153197,0.9702425509371355,-1.507667402520885,-0.009816137054176019,-1.6533541794260174,-1.0028039309991141,1.7279038324066063,-0.5738091541336192,1.0959875190286648,-1.0959875190286648,1.7288236672481017,-0.5776581893550843,-0.5765804684883443,-0.5767344287272242,0
0.04626250355898996,-1.1367864376227783,1.7244635794717436,-1.2258476714090278,0.8077365626180215,0.646091668153197,-1.0306701134001208,-0.842832692834315,0.7014981422339509,1.4097645329441229,0.9972039090469852,-0.5787359118286177,-0.5738091541336192,-0.9124191495230389,0.9124191495230393,-0.5784279906300535,-0.5776581893550843,-0.5765804684883443,1.733900301750437,0
-0.6055843662335485,-1.23214002832408,-0.35020386455104724,0.4583141003303563,0.8077365626180215,0.646091668153197,-1.0306701134001208,0.568817344547544,-1.43244469563043,1.5159998640089831,-1.0028039309991141,1.7279038324066063,-0.5738091541336192,1.0959875190286648,-1.0959875190286648,-0.5784279906300535,1.731127539482183,-0.5765804684883443,-0.5767344287272242,0
-1.2781247874480723,-0.7553720748175714,-0.35020386455104724,-1.2258476714090278,-0.9115834940401767,0.646091668153197,-1.0306701134001208,1.2045647770901682,0.7014981422339509,-1.0425010258030705,0.9972039090469852,-0.5787359118286177,-0.5738091541336192,-0.9124191495230389,0.9124191495230393,-0.5784279906300535,1.731127539482183,-0.5765804684883443,-0.5767344287272242,0
-0.005471374995973408,0.1981638321954454,1.378685672134612,-1.2258476714090278,0.8077365626180215,-1.5477679860172513,0.9702425509371355,1.5912575505792326,0.7014981422339509,0.38282299931713937,-1.0028039309991141,-0.5787359118286177,1.7427397119690018,-0.9124191495230389,0.9124191495230393,-0.5784279906300535,-0.5776581893550843,1.7343632929879855,-0.5767344287272242,0
1.0188594203923014,-0.27860412131106305,0.6871298574603482,-1.2258476714090278,0.8077365626180215,-1.5477679860172513,-1.0306701134001208,-0.34700776775803177,-0.009816137054176019,1.4584557263488505,-1.0028039309991141,-0.5787359118286177,1.7427397119690018,-0.9124191495230389,0.9124191495230393,1.7288236672481017,-0.5776581893550843,-0.5765804684883443,-0.5767344287272242,0
-1.1332699274941749,0.6749317857019538,0.3413519501232164,-1.2258476714090278,0.8077365626180215,0.646091668153197,0.9702425509371355,-0.28924115942814704,-1.43244469563043,-0.04654479707000454,0.9972039090469852,-0.5787359118286177,-0.5738091541336192,-0.9124191495230389,0.9124191495230393,-0.5784279906300535,1.731127539482183,-0.5765804684883443,-0.5767344287272242,0
-0.5745440391005705,0.1981638321954454,1.378685672134612,-1.2258476714090278,0.8077365626180215,0.646091668153197,-1.0306701134001208,-1.6367075255268648,1.4128124215220779,-1.0513539700584753,0.9972039090469852,-0.5787359118286177,-0.5738091541336192,-0.9124191495230389,0.9124191495230393,-0.5784279906300535,1.731127539482183,-0.5765804684883443,-0.5767344287272242,0
-1.2367376846041016,2.2959428276240823,-1.3875375865624426,0.6127134970181014,-0.9115834940401767,-1.5477679860172513,0.9702425509371355,-1.3143178857562146,-0.721130416342303,1.33451450677318,0.9972039090469852,-0.5787359118286177,-0.5738091541336192,1.0959875190286648,-1.0959875190286648,-0.5784279906300535,-0.5776581893550843,1.7343632929879855,-0.5767344287272242,1
-0.23310044063781224,0.6749317857019538,-1.3875375865624426,-0.4746501889937426,4.246376675934418,0.646091668153197,-1.0306701134001208,-1.1966779916534542,-1.43244469563043,0.9715437923015738,0.9972039090469852,-0.5787359118286177,-0.5738091541336192,1.0959875190286648,-1.0959875190286648,1.7288236672481017,-0.5776581893550843,-0.5765804684883443,-0.5767344287272242,1
-1.7747700215757207,-0.18325053060976135,0.3413519501232164,0.6723059738748527,-0.9115834940401767,-1.5477679860172513,0.9702425509371355,1.042829854841002,-0.721130416342303,1.5469851689029008,-1.0028039309991141,-0.5787359118286177,1.7427397119690018,-0.9124191495230389,0.9124191495230393,-0.5784279906300535,1.731127539482183,-0.5765804684883443,-0.5767344287272242,0
-0.6055843662335485,0.10281024149414371,-1.0417596792253108,1.9847420353903737,-0.9115834940401767,0.646091668153197,0.9702425509371355,0.2287434387762898,1.4128124215220779,-0.5511626196280912,-1.0028039309991141,-0.5787359118286177,1.7427397119690018,1.0959875190286648,-1.0959875190286648,-0.5784279906300535,-0.5776581893550843,1.7343632929879855,-0.5767344287272242,0
-1.1229231517831821,0.38887101359804876,1.03290776479748,1.1079937919062757,-0.9115834940401767,-1.5477679860172513,0.9702425509371355,-1.560480232312104,-0.009816137054176019,-1.392192323891569,0.9972039090469852,-0.5787359118286177,-0.5738091541336192,1.0959875190286648,-1.0959875190286648,-0.5784279906300535,-0.5776581893550843,1.7343632929879855,-0.5767344287272242,0
-0.015818150706966082,-0.27860412131106305,0.3413519501232164,0.16221839341177183,-0.9115834940401767,-1.5477679860172513,-1.0306701134001208,-1.3957307528898724,-0.009816137054176019,1.7328969982664064,-1.0028039309991141,-0.5787359118286177,1.7427397119690018,1.0959875190286648,-1.0959875190286648,-0.5784279906300535,-0.5776581893550843,1.7343632929879855,-0.5767344287272242,0
-0.3262214220367463,-0.7553720748175714,-0.695981771888179,1.0460241742681868,-0.9115834940401767,-1.5477679860172513,0.9702425509371355,-0.6704916973469849,0.7014981422339509,-1.6179424024043974,-1.0028039309991141,-0.5787359118286177,1.7427397119690018,1.0959875190286648,-1.0959875190286648,1.7288236672481017,-0.5776581893550843,-0.5765804684883443,-0.5767344287272242,0
1.4534240002539935,-0.3739577120123647,-0.004425957213915414,0.854929109208335,-0.9115834940401767,0.646091668153197,0.9702425509371355,1.4229075046580675,0.7014981422339509,-1.5825306253827771,-1.0028039309991141,1.7279038324066063,-0.5738091541336192,-0.9124191495230389,0.9124191495230393,1.7288236672481017,-0.5776581893550843,-0.5765804684883443,-0.5767344287272242,1
-0.2434472163488049,3.2494787346370995,-1.7333154938995745,1.1193948360420123,-0.9115834940401767,-1.5477679860172513,0.9702425509371355,-0.9820363390089244,-0.721130416342303,1.1707350380481871,0.9972039090469852,-0.5787359118286177,-0.5738091541336192,-0.9124191495230389,0.9124191495230393,1.7288236672481017,-0.5776581893550843,-0.5765804684883443,-0.5767344287272242,0
0.7188029247735137,-1.23214002832408,1.7244635794717436,-0.3930324578304015,0.8077365626180215,0.646091668153197,-1.0306701134001208,-0.9491438268270109,-1.43244469563043,-0.5777214523943063,0.9972039090469852,-0.5787359118286177,-0.5738091541336192,-0.9124191495230389,0.9124191495230393,-0.5784279906300535,-0.5776581893550843,1.7343632929879855,-0.5767344287272242,0
-2.1989878257264204,1.9145284648188758,0.6871298574603482,0.8127547339545368,-0.9115834940401767,0.646091668153197,-1.0306701134001208,-0.8437883923165006,-0.721130416342303,-0.25016251494432024,-1.0028039309991141,1.7279038324066063,-0.5738091541336192,-0.9124191495230389,0.9124191495230393,-0.5784279906300535,-0.5776581893550843,1.7343632929879855,-0.5767344287272242,1
-0.3779553005917097,0.0074566507928420294,-0.695981771888179,1.2089094442669814,-0.9115834940401767,-1.5477679860172513,-1.0306701134001208,-0.7586958387304175,0.7014981422339509,-1.3877658517638665,-1.0028039309991141,-0.5787359118286177,1.7427397119690018,-0.9124191495230389,0.9124191495230393,-0.5784279906300535,-0.5776581893550843,1.7343632929879855,-0.5767344287272242,0
-0.26414076777079026,1.1516997392084622,0.6871298574603482,0.9585666454612641,-0.9115834940401767,0.646091668153197,-1.0306701134001208,-1.0646029663435104,-1.43244469563043,1.0025290971954914,0.9972039090469852,-0.5787359118286177,-0.5738091541336192,1.0959875190286648,-1.0959875190286648,-0.5784279906300535,-0.5776581893550843,1.7343632929879855,-0.5767344287272242,1
0.11868993353593868,-0.08789693990845966,-1.0417596792253108,0.3204447431454165,-0.9115834940401767,0.646091668153197,-1.0306701134001208,0.3507217146805516,-0.721130416342303,1.1176173725157568,0.9972039090469852,-0.5787359118286177,-0.5738091541336192,1.0959875190286648,-1.0959875190286648,-0.5784279906300535,1.731127539482183,-0.5765804684883443,-0.5767344287272242,0
1.691399841606825,-0.9460792562201749,1.03290776479748,0.3301666270892652,0.8077365626180215,0.646091668153197,0.9702425509371355,1.6899655178763158,-0.721130416342303,1.5868234180522234,-1.0028039309991141,1.7279038324066063,-0.5738091541336192,-0.9124191495230389,0.9124191495230393,-0.5784279906300535,1.731127539482183,-0.5765804684883443,-0.5767344287272242,0
-0.99876184325127,0.1981638321954454,-0.35020386455104724,0.571638901972066,-0.9115834940401767,-1.5477679860172513,0.9702425509371355,-1.1102537883885901,-1.43244469563043,1.2858233133684525,-1.0028039309991141,-0.5787359118286177,1.7427397119690018,1.0959875190286648,-1.0959875190286648,1.7288236672481017,-0.5776581893550843,-0.5765804684883443,-0.5767344287272242,0
-1.1125763760721894,-0.8507256655188732,0.3413519501232164,-0.04815888627879327,-0.9115834940401767,0.646091668153197,0.9702425509371355,1.332039368357043,-0.009816137054176019,0.33855827804011424,-1.0028039309991141,1.7279038324066063,-0.5738091541336192,-0.9124191495230389,0.9124191495230393,-0.5784279906300535,1.731127539482183,-0.5765804684883443,-0.5767344287272242,0
-0.7607860018984386,-0.9460792562201749,-1.0417596792253108,-1.2258476714090278,-0.9115834940401767,0.646091668153197,0.9702425509371355,1.1969574370343712,-0.721130416342303,0.258881779741469,-1.0028039309991141,-0.5787359118286177,1.7427397119690018,-0.9124191495230389,0.9124191495230393,-0.5784279906300535,1.731127539482183,-0.5765804684883443,-0.5767344287272242,0
-0.41934240343568036,-0.27860412131106305,0.6871298574603482,0.6246746886073689,-0.9115834940401767,-1.5477679860172513,0.9702425509371355,-1.0000275208730758,1.4128124215220779,-1.3789129075084614,-1.0028039309991141,1.7279038324066063,-0.5738091541336192,-0.9124191495230389,0.9124191495230393,-0.5784279906300535,1.731127539482183,-0.5765804684883443,-0.5767344287272242,0
0.8119239061724478,-0.7553720748175714,1.03290776479748,1.4165547429867615,0.8077365626180215,0.646091668153197,0.9702425509371355,-1.5741019060633805,0.7014981422339509,-1.5825306253827771,-1.0028039309991141,-0.5787359118286177,1.7427397119690018,-0.9124191495230389,0.9124191495230393,-0.5784279906300535,-0.5776581893550843,1.7343632929879855,-0.5767344287272242,0
-2.240374928570391,3.058771553234496,1.378685672134612,0.6893416686611749,-0.9115834940401767,0.646091668153197,-1.0306701134001208,0.447917012800864,-0.009816137054176019,0.36954358293403183,-1.0028039309991141,1.7279038324066063,-0.5738091541336192,-0.9124191495230389,0.9124191495230393,-0.5784279906300535,-0.5776581893550843,-0.5765804684883443,1.733900301750437,0
-0.29518109490376826,0.6749317857019538,-0.35020386455104724,0.4902272794282505,0.8077365626180215,0.646091668153197,0.9702425509371355,-1.2016781988241692,-0.009816137054176019,-1.3612070189976515,-1.0028039309991141,-0.5787359118286177,1.7427397119690018,1.0959875190286648,-1.0959875190286648,-0.5784279906300535,1.731127539482183,-0.5765804684883443,-0.5767344287272242,1
-2.3541894613913104,-0.27860412131106305,-0.004425957213915414,0.3394496887934092,-0.9115834940401767,0.646091668153197,-1.0306701134001208,0.3179111046922534,-0.721130416342303,1.4584557263488505,0.9972039090469852,-0.5787359118286177,-0.5738091541336192,1.0959875190286648,-1.0959875190286648,-0.5784279906300535,-0.5776581893550843,-0.5765804684883443,1.733900301750437,1
0.8636577847274112,0.0074566507928420294,0.3413519501232164,0.2506699235081939,0.8077365626180215,-1.5477679860172513,-1.0306701134001208,0.22402423785797884,1.4128124215220779,1.1751615101758894,-1.0028039309991141,-0.5787359118286177,1.7427397119690018,1.0959875190286648,-1.0959875190286648,-0.5784279906300535,-0.5776581893550843,-0.5765804684883443,1.733900301750437,0
-0.5435037119675924,2.0098820555201775,-0.35020386455104724,-1.2258476714090278,-0.9115834940401767,0.646091668153197,-1.0306701134001208,1.697808131112498,-0.009816137054176019,-1.0867657470800955,0.9972039090469852,-0.5787359118286177,-0.5738091541336192,-0.9124191495230389,0.9124191495230393,1.7288236672481017,-0.5776581893550843,-0.5765804684883443,-0.5767344287272242,1
0.01522217642601194,1.8191748741175742,0.3413519501232164,-1.2258476714090278,0.8077365626180215,-1.5477679860172513,0.9702425509371355,1.2161030746594814,-0.721130416342303,-0.04654479707000454,-1.0028039309991141,-0.5787359118286177,1.7427397119690018,-0.9124191495230389,0.9124191495230393,1.7288236672481017,-0.5776581893550843,-0.5765804684883443,-0.5767344287272242,0
-0.26414076777079026,1.247053329909764,-1.0417596792253108,0.047809998942215236,-0.9115834940401767,0.646091668153197,0.9702425509371355,-0.26925493750593216,-0.721130416342303,0.09952878314417844,0.9972039090469852,-0.5787359118286177,-0.5738091541336192,1.0959875190286648,-1.0959875190286648,-0.5784279906300535,-0.5776581893550843,1.7343632929879855,-0.5767344287272242,0
1.1326739532132206,-0.4693113027136664,0.3413519501232164,0.7183010516021077,0.8077365626180215,0.646091668153197,0.9702425509371355,-0.7088631358907445,0.7014981422339509,0.8166172678319858,-1.0028039309991141,1.7279038324066063,-0.5738091541336192,-0.9124191495230389,0.9124191495230393,-0.5784279906300535,-0.5776581893550843,-0.5765804684883443,1.733900301750437,0
0.8533110090164185,0.10281024149414371,-0.004425957213915414,0.7891609065069716,0.8077365626180215,0.646091668153197,0.9702425509371355,-0.8574018932374163,-0.009816137054176019,0.21904353059214635,-1.0028039309991141,1.7279038324066063,-0.5738091541336192,-0.9124191495230389,0.9124191495230393,1.7288236672481017,-0.5776581893550843,-0.5765804684883443,-0.5767344287272242,0
-0.9470279646963067,2.9634179625331942,1.378685672134612,-1.2258476714090278,-0.9115834940401767,0.646091668153197,0.9702425509371355,0.3983214959316606,0.7014981422339509,0.7015289925117204,0.9972039090469852,-0.5787359118286177,-0.5738091541336192,1.0959875190286648,-1.0959875190286648,1.7288236672481017,-0.5776581893550843,-0.5765804684883443,-0.5767344287272242,0
-0.3572617491697243,-0.18325053060976135,-0.004425957213915414,1.0858340701566211,0.8077365626180215,-1.5477679860172513,-1.0306701134001208,0.9540896105639055,-1.43244469563043,1.7107646376278938,0.9972039090469852,-0.5787359118286177,-0.5738091541336192,-0.9124191495230389,0.9124191495230393,-0.5784279906300535,-0.5776581893550843,1.7343632929879855,-0.5767344287272242,1
-0.7297456747654606,-0.27860412131106305,0.3413519501232164,1.1042907284116152,0.8077365626180215,0.646091668153197,0.9702425509371355,1.2150209571417159,-0.009816137054176019,0.12608761591039352,-1.0028039309991141,1.7279038324066063,-0.5738091541336192,1.0959875190286648,-1.0959875190286648,1.7288236672481017,-0.5776581893550843,-0.5765804684883443,-0.5767344287272242,1
-0.46072950627965104,-0.18325053060976135,0.3413519501232164,0.09436842954476683,-0.9115834940401767,-1.5477679860172513,-1.0306701134001208,1.2596011384095362,-0.009816137054176019,0.11280819952728599,0.9972039090469852,-0.5787359118286177,-0.5738091541336192,-0.9124191495230389,0.9124191495230393,-0.5784279906300535,-0.5776581893550843,1.7343632929879855,-0.5767344287272242,1
0.2221576906458654,0.5795781950006521,1.378685672134612,-1.2258476714090278,-0.9115834940401767,0.646091668153197,0.9702425509371355,-0.14019968606928462,-1.43244469563043,-0.927412750482805,0.9972039090469852,-0.5787359118286177,-0.5738091541336192,1.0959875190286648,-1.0959875190286648,-0.5784279906300535,-0.5776581893550843,1.7343632929879855,-0.5767344287272242,1
0.9774723175483306,0.48422460429935044,-1.7333154938995745,0.6916069402228947,-0.9115834940401767,0.646091668153197,0.9702425509371355,-1.1446337556961617,-0.009816137054176019,0.2367494191029564,-1.0028039309991141,1.7279038324066063,-0.5738091541336192,1.0959875190286648,-1.0959875190286648,-0.5784279906300535,-0.5776581893550843,-0.5765804684883443,1.733900301750437,1
-1.2781247874480723,-0.6600184841162697,-1.7333154938995745,-1.2258476714090278,-0.9115834940401767,0.646091668153197,-1.0306701134001208,0.16404157527027516,-0.009816137054176019,1.6842058048616788,0.9972039090469852,-0.5787359118286177,-0.5738091541336192,-0.9124191495230389,0.9124191495230393,-0.5784279906300535,-0.5776581893550843,-0.5765804684883443,1.733900301750437,0
2.0535369914915687,0.1981638321954454,0.3413519501232164,-1.2258476714090278,0.8077365626180215,0.646091668153197,0.9702425509371355,1.2018107071486002,-1.43244469563043,0.05083758973945078,0.9972039090469852,-0.5787359118286177,-0.5738091541336192,1.0959875190286648,-1.0959875190286648,1.7288236672481017,-0.5776581893550843,-0.5765804684883443,-0.5767344287272242,1
0.33597222346678485,-0.8507256655188732,-0.35020386455104724,-0.16500804915173406,-0.9115834940401767,0.646091668153197,0.9702425509371355,0.2625170516270961,0.7014981422339509,0.9582643759184664,0.9972039090469852,-0.5787359118286177,-0.5738091541336192,-0.9124191495230389,0.9124191495230393,-0.5784279906300535,-0.5776581893550843,-0.5765804684883443,1.733900301750437,0
0.04626250355898996,-0.08789693990845966,0.3413519501232164,-1.2258476714090278,-0.9115834940401767,0.646091668153197,0.9702425509371355,1.5397793265969242,-0.009816137054176019,-1.210706966655766,0.9972039090469852,-0.5787359118286177,-0.5738091541336192,1.0959875190286648,-1.0959875190286648,-0.5784279906300535,-0.5776581893550843,-0.5765804684883443,1.733900301750437,0
-0.026164926417958756,-0.18325053060976135,0.6871298574603482,-1.2258476714090278,0.8077365626180215,0.646091668153197,-1.0306701134001208,1.6371514708550432,0.7014981422339509,-0.5954273409051164,0.9972039090469852,-0.5787359118286177,-0.5738091541336192,1.0959875190286648,-1.0959875190286648,-0.5784279906300535,-0.5776581893550843,1.7343632929879855,-0.5767344287272242,0
0.33597222346678485,3.2494787346370995,1.03290776479748,0.9816017678950929,0.8077365626180215,0.646091668153197,0.9702425509371355,0.5759271852913804,0.7014981422339509,1.5602645852860084,0.9972039090469852,-0.5787359118286177,-0.5738091541336192,1.0959875190286648,-1.0959875190286648,-0.5784279906300535,-0.5776581893550843,1.7343632929879855,-0.5767344287272242,0
-0.99876184325127,-1.23214002832408,0.6871298574603482,0.25837255201082954,0.8077365626180215,0.646091668153197,-1.0306701134001208,1.610559689211251,-0.009816137054176019,0.3031465010184941,0.9972039090469852,-0.5787359118286177,-0.5738091541336192,1.0959875190286648,-1.0959875190286648,-0.5784279906300535,-0.5776581893550843,-0.5765804684883443,1.733900301750437,0
-1.9506652086625962,-1.1367864376227783,-0.35020386455104724,1.6095645667382692,-0.9115834940401767,0.646091668153197,-1.0306701134001208,-0.3391371582306138,-0.721130416342303,-0.4139419836693133,0.9972039090469852,-0.5787359118286177,-0.5738091541336192,-0.9124191495230389,0.9124191495230393,-0.5784279906300535,-0.5776581893550843,-0.5765804684883443,1.733900301750437,0
0.025568952137004615,0.6749317857019538,-1.7333154938995745,0.690290954317045,-0.9115834940401767,0.646091668153197,-1.0306701134001208,-0.37977768748453355,-0.721130416342303,1.6310881393292485,0.9972039090469852,-0.5787359118286177,-0.5738091541336192,-0.9124191495230389,0.9124191495230393,-0.5784279906300535,-0.5776581893550843,1.7343632929879855,-0.5767344287272242,1
-0.8539069832973727,-0.8507256655188732,1.03290776479748,-0.05499733307343458,0.8077365626180215,0.646091668153197,0.9702425509371355,-1.2707575693834121,1.4128124215220779,-0.20589779366729508,0.9972039090469852,-0.5787359118286177,-0.5738091541336192,-0.9124191495230389,0.9124191495230393,-0.5784279906300535,-0.5776581893550843,1.7343632929879855,-0.5767344287272242,0
1.122327177502228,-0.7553720748175714,-1.3875375865624426,0.5347077953712793,-0.9115834940401767,0.646091668153197,0.9702425509371355,-1.009912993919432,1.4128124215220779,-1.3612070189976515,0.9972039090469852,-0.5787359118286177,-0.5738091541336192,1.0959875190286648,-1.0959875190286648,-0.5784279906300535,-0.5776581893550843,-0.5765804684883443,1.733900301750437,0
-0.1710197863718562,1.3424069206110656,-0.695981771888179,0.5977408116800922,0.8077365626180215,0.646091668153197,0.9702425509371355,0.10876489796029892,1.4128124215220779,-0.21032426579499758,-1.0028039309991141,1.7279038324066063,-0.5738091541336192,1.0959875190286648,-1.0959875190286648,-0.5784279906300535,1.731127539482183,-0.5765804684883443,-0.5767344287272242,1
1.4120368974100228,0.6749317857019538,0.6871298574603482,0.6603075993931047,0.8077365626180215,0.646091668153197,0.9702425509371355,-0.11702606030637404,0.7014981422339509,1.2548380084745347,0.9972039090469852,-0.5787359118286177,-0.5738091541336192,-0.9124191495230389,0.9124191495230393,-0.5784279906300535,-0.5776581893550843,-0.5765804684883443,1.733900301750437,0
-1.1746570303381456,0.7702853764032556,0.3413519501232164,0.4275625660803002,-0.9115834940401767,0.646091668153197,-1.0306701134001208,-1.4577303656766067,-0.009816137054176019,-1.0602069143138804,-1.0028039309991141,1.7279038324066063,-0.5738091541336192,1.0959875190286648,-1.0959875190286648,-0.5784279906300535,-0.5776581893550843,-0.5765804684883443,1.733900301750437,1
0.6877625976405357,0.8656389671045572,0.6871298574603482,0.7577466513068862,-0.9115834940401767,0.646091668153197,0.9702425509371355,1.2148404593137485,1.4128124215220779,0.20133764208133628,0.9972039090469852,-0.5787359118286177,-0.5738091541336192,-0.9124191495230389,0.9124191495230393,1.7288236672481017,-0.5776581893550843,-0.5765804684883443,-0.5767344287272242,0
-0.99876184325127,0.0074566507928420294,1.7244635794717436,-1.2258476714090278,0.8077365626180215,0.646091668153197,0.9702425509371355,-1.4206519732299236,-0.721130416342303,-0.1837654330287825,0.9972039090469852,-0.5787359118286177,-0.5738091541336192,1.0959875190286648,-1.0959875190286648,1.7288236672481017,-0.5776581893550843,-0.5765804684883443,-0.5767344287272242,0
-0.30552787061476094,0.10281024149414371,0.6871298574603482,-1.2258476714090278,0.8077365626180215,-1.5477679860172513,0.9702425509371355,0.5424213630523949,0.7014981422339509,-0.4759125934571485,-1.0028039309991141,-0.5787359118286177,1.7427397119690018,1.0959875190286648,-1.0959875190286648,-0.5784279906300535,-0.5776581893550843,1.7343632929879855,-0.5767344287272242,1
-1.5161006288009038,-0.6600184841162697,1.03290776479748,2.0863747406000344,-0.9115834940401767,-1.5477679860172513,-1.0306701134001208,-1.4573425909594897,-1.43244469563043,1.2946762576238575,0.9972039090469852,-0.5787359118286177,-0.5738091541336192,1.0959875190286648,-1.0959875190286648,-0.5784279906300535,-0.5776581893550843,-0.5765804684883443,1.733900301750437,0
1.3809965702770448,0.10281024149414371,1.03290776479748,-1.2258476714090278,0.8077365626180215,0.646091668153197,-1.0306701134001208,0.15304164116472538,-0.721130416342303,0.2898670846353866,-1.0028039309991141,-0.5787359118286177,1.7427397119690018,1.0959875190286648,-1.0959875190286648,-0.5784279906300535,-0.5776581893550843,1.7343632929879855,-0.5767344287272242,0
0.05660927926998263,0.5795781950006521,0.6871298574603482,1.1130407284761465,-0.9115834940401767,0.646091668153197,0.9702425509371355,1.726760817390503,-1.43244469563043,-0.8742950849503748,0.9972039090469852,-0.5787359118286177,-0.5738091541336192,1.0959875190286648,-1.0959875190286648,-0.5784279906300535,-0.5776581893550843,1.7343632929879855,-0.5767344287272242,0
-0.7090521233434752,-0.6600184841162697,-1.3875375865624426,0.19958127032437928,-0.9115834940401767,0.646091668153197,0.9702425509371355,-1.5656310282294663,0.7014981422339509,1.024661457834004,-1.0028039309991141,1.7279038324066063,-0.5738091541336192,-0.9124191495230389,0.9124191495230393,-0.5784279906300535,1.731127539482183,-0.5765804684883443,-0.5767344287272242,0
0.2635447934898361,-0.27860412131106305,-1.3875375865624426,0.1000668680884874,-0.9115834940401767,0.646091668153197,-1.0306701134001208,0.23857500592026648,1.4128124215220779,1.1574556216650795,-1.0028039309991141,-0.5787359118286177,1.7427397119690018,-0.9124191495230389,0.9124191495230393,-0.5784279906300535,1.731127539482183,-0.5765804684883443,-0.5767344287272242,0
-1.350552217425021,-0.3739577120123647,-0.35020386455104724,0.6281812597478008,-0.9115834940401767,0.646091668153197,0.9702425509371355,-0.17057809652022277,1.4128124215220779,-1.4674423500625118,-1.0028039309991141,-0.5787359118286177,1.7427397119690018,1.0959875190286648,-1.0959875190286648,-0.5784279906300535,-0.5776581893550843,1.7343632929879855,-0.5767344287272242,0
-0.07789880497292212,0.8656389671045572,1.03290776479748,-1.2258476714090278,0.8077365626180215,0.646091668153197,-1.0306701134001208,1.2978986737000333,-1.43244469563043,1.635514611456951,-1.0028039309991141,-0.5787359118286177,1.7427397119690018,-0.9124191495230389,0.9124191495230393,-0.5784279906300535,-0.5776581893550843,-0.5765804684883443,1.733900301750437,0
-0.7918263290314166,-0.27860412131106305,-1.3875375865624426,-1.2258476714090278,0.8077365626180215,-1.5477679860172513,0.9702425509371355,-0.4935193153952202,-0.721130416342303,1.653220499967761,-1.0028039309991141,-0.5787359118286177,1.7427397119690018,-0.9124191495230389,0.9124191495230393,1.7288236672481017,-0.5776581893550843,-0.5765804684883443,-0.5767344287272242,0
0.4083996534437335,1.4377605113123673,-0.004425957213915414,-1.2258476714090278,-0.9115834940401767,0.646091668153197,-1.0306701134001208,-1.5170621579655803,1.4128124215220779,-0.7415009211192993,0.9972039090469852,-0.5787359118286177,-0.5738091541336192,-0.9124191495230389,0.9124191495230393,-0.5784279906300535,1.731127539482183,-0.5765804684883443,-0.5767344287272242,1
0.04626250355898996,-0.18325053060976135,-0.35020386455104724,-1.2258476714090278,0.8077365626180215,0.646091668153197,0.9702425509371355,0.7360021535272739,-0.009816137054176019,0.7413672416610431,0.9972039090469852,-0.5787359118286177,-0.5738091541336192,-0.9124191495230389,0.9124191495230393,-0.5784279906300535,-0.5776581893550843,1.7343632929879855,-0.5767344287272242,0
1.0395529718142866,0.0074566507928420294,-0.695981771888179,-1.2258476714090278,0.8077365626180215,0.646091668153197,0.9702425509371355,-0.27674420624651713,0.7014981422339509,-1.5603982647442647,0.9972039090469852,-0.5787359118286177,-0.5738091541336192,1.0959875190286648,-1.0959875190286648,1.7288236672481017,-0.5776581893550843,-0.5765804684883443,-0.5767344287272242,0
-0.398648852013695,-0.6600184841162697,-0.695981771888179,0.7197539090173467,-0.9115834940401767,0.646091668153197,-1.0306701134001208,1.112742680207035,-1.43244469563043,-0.08195657409162466,0.9972039090469852,-0.5787359118286177,-0.5738091541336192,-0.9124191495230389,0.9124191495230393,-0.5784279906300535,-0.5776581893550843,1.7343632929879855,-0.5767344287272242,0
0.6463754947965651,-1.23214002832408,-0.35020386455104724,0.7432022103167558,0.8077365626180215,0.646091668153197,-1.0306701134001208,0.7754091070667425,-1.43244469563043,0.4536465533603796,-1.0028039309991141,-0.5787359118286177,1.7427397119690018,1.0959875190286648,-1.0959875190286648,-0.5784279906300535,-0.5776581893550843,1.7343632929879855,-0.5767344287272242,1
-0.10893913210590014,-0.5646648934149681,0.6871298574603482,1.2515548562492285,-0.9115834940401767,0.646091668153197,-1.0306701134001208,-1.293184511453363,1.4128124215220779,0.6882495761286129,0.9972039090469852,-0.5787359118286177,-0.5738091541336192,-0.9124191495230389,0.9124191495230393,-0.5784279906300535,1.731127539482183,-0.5765804684883443,-0.5767344287272242,1
-0.6366246933665265,-0.08789693990845966,-1.0417596792253108,-1.2258476714090278,-0.9115834940401767,0.646091668153197,-1.0306701134001208,-0.3508223928564136,-0.721130416342303,1.6753528606062738,0.9972039090469852,-0.5787359118286177,-0.5738091541336192,-0.9124191495230389,0.9124191495230393,-0.5784279906300535,-0.5776581893550843,-0.5765804684883443,1.733900301750437,0
1.2878755888781108,0.10281024149414371,1.378685672134612,0.7969760453135781,-0.9115834940401767,0.646091668153197,-1.0306701134001208,-0.5198210485062088,-0.009816137054176019,-1.5249864877226444,0.9972039090469852,-0.5787359118286177,-0.5738091541336192,-0.9124191495230389,0.9124191495230393,1.7288236672481017,-0.5776581893550843,-0.5765804684883443,-0.5767344287272242,0
0.4601335319986969,1.6284676927149706,-0.35020386455104724,-1.2258476714090278,0.8077365626180215,0.646091668153197,-1.0306701134001208,-0.2685814615062042,0.7014981422339509,0.5731613008083475,-1.0028039309991141,-0.5787359118286177,1.7427397119690018,1.0959875190286648,-1.0959875190286648,-0.5784279906300535,1.731127539482183,-0.5765804684883443,-0.5767344287272242,0
-1.2677780117370796,-0.9460792562201749,1.378685672134612,1.5021943168393483,0.8077365626180215,0.646091668153197,-1.0306701134001208,-0.8834697442880813,-0.009816137054176019,1.4761616148596606,-1.0028039309991141,1.7279038324066063,-0.5738091541336192,1.0959875190286648,-1.0959875190286648,-0.5784279906300535,1.731127539482183,-0.5765804684883443,-0.5767344287272242,0
-1.4643667502459403,0.6749317857019538,-1.3875375865624426,-1.2258476714090278,-0.9115834940401767,0.646091668153197,-1.0306701134001208,-0.5015970279217797,-0.721130416342303,-1.5161335434672394,0.9972039090469852,-0.5787359118286177,-0.5738091541336192,1.0959875190286648,-1.0959875190286648,1.7288236672481017,-0.5776581893550843,-0.5765804684883443,-0.5767344287272242,1
0.1497302606689167,-0.9460792562201749,-1.3875375865624426,1.7036151673036797,0.8077365626180215,0.646091668153197,0.9702425509371355,-0.6322178110975315,0.7014981422339509,1.4894410312427682,-1.0028039309991141,-0.5787359118286177,1.7427397119690018,-0.9124191495230389,0.9124191495230393,-0.5784279906300535,1.731127539482183,-0.5765804684883443,-0.5767344287272242,0
1.6086256359188837,-0.18325053060976135,-1.0417596792253108,0.9825946472869741,0.8077365626180215,-1.5477679860172513,0.9702425509371355,-0.4322596045911459,-0.721130416342303,0.37397005506173436,-1.0028039309991141,-0.5787359118286177,1.7427397119690018,1.0959875190286648,-1.0959875190286648,-0.5784279906300535,-0.5776581893550843,-0.5765804684883443,1.733900301750437,0
-2.04378619006153,0.2935174228967471,-0.004425957213915414,-1.2258476714090278,2.52705661927622,0.646091668153197,-1.0306701134001208,-0.29703456179215665,-1.43244469563043,0.8166172678319858,-1.0028039309991141,-0.5787359118286177,1.7427397119690018,1.0959875190286648,-1.0959875190286648,-0.5784279906300535,1.731127539482183,-0.5765804684883443,-0.5767344287272242,1
-0.4400359548576657,-1.1367864376227783,-0.35020386455104724,1.2315103923226653,-0.9115834940401767,0.646091668153197,0.9702425509371355,1.7365193507312553,-0.009816137054176019,0.7590731301718532,-1.0028039309991141,-0.5787359118286177,1.7427397119690018,-0.9124191495230389,0.9124191495230393,-0.5784279906300535,-0.5776581893550843,-0.5765804684883443,1.733900301750437,0
0.5946416162416017,0.2935174228967471,1.03290776479748,1.857616130065966,0.8077365626180215,0.646091668153197,-1.0306701134001208,-1.7261518504450402,-0.721130416342303,-1.3257952419760313,-1.0028039309991141,1.7279038324066063,-0.5738091541336192,1.0959875190286648,-1.0959875190286648,-0.5784279906300535,-0.5776581893550843,-0.5765804684883443,1.733900301750437,0
-1.6609554887548013,0.0074566507928420294,-1.3875375865624426,-1.2258476714090278,2.52705661927622,0.646091668153197,-1.0306701134001208,1.2340933870735948,-0.009816137054176019,-0.4449272885632309,0.9972039090469852,-0.5787359118286177,-0.5738091541336192,-0.9124191495230389,0.9124191495230393,-0.5784279906300535,-0.5776581893550843,1.7343632929879855,-0.5767344287272242,1
-0.7090521233434752,-0.9460792562201749,-0.35020386455104724,-1.2258476714090278,0.8077365626180215,-1.5477679860172513,-1.0306701134001208,0.9748800737716203,1.4128124215220779,-0.25901545919972524,0.9972039090469852,-0.5787359118286177,-0.5738091541336192,-0.9124191495230389,0.9124191495230393,1.7288236672481017,-0.5776581893550843,-0.5765804684883443,-0.5767344287272242,0
-0.6676650204995045,-0.27860412131106305,-0.004425957213915414,0.4361745727378245,-0.9115834940401767,0.646091668153197,-1.0306701134001208,1.6342586366873497,-1.43244469563043,0.8166172678319858,-1.0028039309991141,1.7279038324066063,-0.5738091541336192,1.0959875190286648,-1.0959875190286648,-0.5784279906300535,-0.5776581893550843,1.7343632929879855,-0.5767344287272242,1
-0.1710197863718562,-0.3739577120123647,-0.695981771888179,-1.2258476714090278,0.8077365626180215,0.646091668153197,0.9702425509371355,-1.40111456141752,-0.721130416342303,-1.2151334387834685,-1.0028039309991141,-0.5787359118286177,1.7427397119690018,-0.9124191495230389,0.9124191495230393,-0.5784279906300535,-0.5776581893550843,-0.5765804684883443,1.733900301750437,0
0.5636012891086236,-0.7553720748175714,-0.695981771888179,0.6941145416700906,-0.9115834940401767,-1.5477679860172513,-1.0306701134001208,1.4335179251464236,1.4128124215220779,0.3474112222955193,0.9972039090469852,-0.5787359118286177,-0.5738091541336192,1.0959875190286648,-1.0959875190286648,-0.5784279906300535,1.731127539482183,-0.5765804684883443,-0.5767344287272242,0
2.063883767202561,0.48422460429935044,-0.004425957213915414,0.8353237880636534,-0.9115834940401767,-1.5477679860172513,0.9702425509371355,1.2347226950113734,-0.721130416342303,1.5292792803920907,-1.0028039309991141,1.7279038324066063,-0.5738091541336192,1.0959875190286648,-1.0959875190286648,-0.5784279906300535,-0.5776581893550843,1.7343632929879855,-0.5767344287272242,0
0.3773593263107555,-0.4693113027136664,-0.004425957213915414,0.8299585531124625,-0.9115834940401767,0.646091668153197,-1.0306701134001208,1.5824404577400357,-0.009816137054176019,1.33451450677318,0.9972039090469852,-0.5787359118286177,-0.5738091541336192,-0.9124191495230389,0.9124191495230393,-0.5784279906300535,1.731127539482183,-0.5765804684883443,-0.5767344287272242,0
-0.005471374995973408,3.058771553234496,-1.7333154938995745,-1.2258476714090278,-0.9115834940401767,0.646091668153197,0.9702425509371355,1.3092270860300825,1.4128124215220779,1.4230439493272304,-1.0028039309991141,-0.5787359118286177,1.7427397119690018,-0.9124191495230389,0.9124191495230393,-0.5784279906300535,1.731127539482183,-0.5765804684883443,-0.5767344287272242,0
-0.15032623494987085,2.0098820555201775,0.6871298574603482,0.7686896406723243,-0.9115834940401767,0.646091668153197,0.9702425509371355,0.7177202275702885,-0.721130416342303,-1.0956186913355006,-1.0028039309991141,-0.5787359118286177,1.7427397119690018,-0.9124191495230389,0.9124191495230393,1.7288236672481017,-0.5776581893550843,-0.5765804684883443,-0.5767344287272242,1
1.536198205941935,-1.6135543911292867,1.03290776479748,1.5658499863261208,0.8077365626180215,-1.5477679860172513,0.9702425509371355,1.6092409073930385,-0.009816137054176019,-1.7153247892138526,0.9972039090469852,-0.5787359118286177,-0.5738091541336192,1.0959875190286648,-1.0959875190286648,-0.5784279906300535,-0.5776581893550843,1.7343632929879855,-0.5767344287272242,0
-0.23310044063781224,0.0074566507928420294,1.03290776479748,0.49792125329211906,-0.9115834940401767,0.646091668153197,-1.0306701134001208,0.3031454085804786,0.7014981422339509,-1.5515453204888596,-1.0028039309991141,-0.5787359118286177,1.7427397119690018,1.0959875190286648,-1.0959875190286648,1.7288236672481017,-0.5776581893550843,-0.5765804684883443,-0.5767344287272242,0
0.32562544775579216,-1.1367864376227783,-1.3875375865624426,0.34309729849152576,-0.9115834940401767,0.646091668153197,-1.0306701134001208,1.1486259266309629,1.4128124215220779,0.12608761591039352,0.9972039090469852,-0.5787359118286177,-0.5738091541336192,1.0959875190286648,-1.0959875190286648,1.7288236672481017,-0.5776581893550843,-0.5765804684883443,-0.5767344287272242,0
-0.5848908148115631,-0.6600184841162697,-0.35020386455104724,0.69860694027452,0.8077365626180215,0.646091668153197,0.9702425509371355,1.09327343327764,-0.721130416342303,0.5377495237867274,-1.0028039309991141,1.7279038324066063,-0.5738091541336192,1.0959875190286648,-1.0959875190286648,1.7288236672481017,-0.5776581893550843,-0.5765804684883443,-0.5767344287272242,0
-0.06755202926192945,0.0074566507928420294,1.378685672134612,-1.2258476714090278,-0.9115834940401767,0.646091668153197,-1.0306701134001208,-1.6754182234755997,1.4128124215220779,0.10838172739958347,0.9972039090469852,-0.5787359118286177,-0.5738091541336192,1.0959875190286648,-1.0959875190286648,1.7288236672481017,-0.5776581893550843,-0.5765804684883443,-0.5767344287272242,0
-1.1539634789161601,-1.6135543911292867,-1.7333154938995745,0.39106210789371587,0.8077365626180215,0.646091668153197,0.9702425509371355,-1.0662516175062837,1.4128124215220779,0.5244701074036199,0.9972039090469852,-0.5787359118286177,-0.5738091541336192,1.0959875190286648,-1.0959875190286648,-0.5784279906300535,1.731127539482183,-0.5765804684883443,-0.5767344287272242,0
2.063883767202561,0.10281024149414371,-0.004425957213915414,-1.2258476714090278,0.8077365626180215,0.646091668153197,-1.0306701134001208,-1.1312603968758461,0.7014981422339509,0.11280819952728599,0.9972039090469852,-0.5787359118286177,-0.5738091541336192,1.0959875190286648,-1.0959875190286648,1.7288236672481017,-0.5776581893550843,-0.5765804684883443,-0.5767344287272242,0
0.2842383449118215,0.38887101359804876,-1.0417596792253108,1.232601517891661,0.8077365626180215,0.646091668153197,0.9702425509371355,1.6300106776898398,-1.43244469563043,-1.4718688221902143,-1.0028039309991141,1.7279038324066063,-0.5738091541336192,1.0959875190286648,-1.0959875190286648,-0.5784279906300535,1.731127539482183,-0.5765804684883443,-0.5767344287272242,0
1.1947546074791768,2.200589236922781,0.6871298574603482,1.0616131019406245,-0.9115834940401767,-1.5477679860172513,0.9702425509371355,-1.6379918771235575,-0.721130416342303,-0.6485450064375465,-1.0028039309991141,1.7279038324066063,-0.5738091541336192,1.0959875190286648,-1.0959875190286648,-0.5784279906300535,1.731127539482183,-0.5765804684883443,-0.5767344287272242,1
-0.8539069832973727,0.38887101359804876,-0.004425957213915414,0.17832964456090714,4.246376675934418,0.646091668153197,0.9702425509371355,0.12285607473229955,0.7014981422339509,1.4496027820934454,-1.0028039309991141,1.7279038324066063,-0.5738091541336192,-0.9124191495230389,0.9124191495230393,-0.5784279906300535,-0.5776581893550843,-0.5765804684883443,1.733900301750437,1
0.3773593263107555,-0.08789693990845966,1.03290776479748,-0.11301498621676741,0.8077365626180215,0.646091668153197,0.9702425509371355,-0.5827073264420816,0.7014981422339509,0.7590731301718532,-1.0028039309991141,-0.5787359118286177,1.7427397119690018,-0.9124191495230389,0.9124191495230393,-0.5784279906300535,1.731127539482183,-0.5765804684883443,-0.5767344287272242,1
-0.6055843662335485,-0.27860412131106305,-1.0417596792253108,0.45223309469891626,0.8077365626180215,0.646091668153197,-1.0306701134001208,0.1366511168212287,-0.009816137054176019,0.6661172154901004,-1.0028039309991141,1.7279038324066063,-0.5738091541336192,-0.9124191495230389,0.9124191495230393,-0.5784279906300535,-0.5776581893550843,1.7343632929879855,-0.5767344287272242,0
-0.2434472163488049,-0.8507256655188732,0.3413519501232164,0.5751659878117978,-0.9115834940401767,0.646091668153197,0.9702425509371355,0.31193867848862356,-0.009816137054176019,-1.1575893011233358,-1.0028039309991141,1.7279038324066063,-0.5738091541336192,-0.9124191495230389,0.9124191495230393,-0.5784279906300535,1.731127539482183,-0.5765804684883443,-0.5767344287272242,0
1.153367504635206,-0.3739577120123647,-1.3875375865624426,0.656672651110962,-0.9115834940401767,-1.5477679860172513,0.9702425509371355,1.3610586545079881,0.7014981422339509,-1.702045372830745,-1.0028039309991141,1.7279038324066063,-0.5738091541336192,-0.9124191495230389,0.9124191495230393,1.7288236672481017,-0.5776581893550843,-0.5765804684883443,-0.5767344287272242,1
0.8119239061724478,-0.27860412131106305,1.03290776479748,1.2246850877572628,0.8077365626180215,0.646091668153197,-1.0306701134001208,1.3396501862129933,0.7014981422339509,0.08182289463336839,-1.0028039309991141,1.7279038324066063,-0.5738091541336192,-0.9124191495230389,0.9124191495230393,-0.5784279906300535,-0.5776581893550843,-0.5765804684883443,1.733900301750437,0
-0.781479553320424,-0.7553720748175714,0.3413519501232164,-1.2258476714090278,0.8077365626180215,0.646091668153197,0.9702425509371355,-0.0765780272909514,0.7014981422339509,0.010999340590128151,-1.0028039309991141,-0.5787359118286177,1.7427397119690018,1.0959875190286648,-1.0959875190286648,-0.5784279906300535,-0.5776581893550843,-0.5765804684883443,1.733900301750437,0
-0.84356020758638,-0.4693113027136664,-0.695981771888179,-1.2258476714090278,-0.9115834940401767,0.646091668153197,-1.0306701134001208,0.5896138939055274,-1.43244469563043,0.9626908480461688,-1.0028039309991141,-0.5787359118286177,1.7427397119690018,1.0959875190286648,-1.0959875190286648,-0.5784279906300535,-0.5776581893550843,1.7343632929879855,-0.5767344287272242,0
1.6707062901848397,-1.3274936190253817,-0.004425957213915414,-0.3472808318862408,-0.9115834940401767,0.646091668153197,-1.0306701134001208,0.5489719735315463,-0.009816137054176019,1.6753528606062738,-1.0028039309991141,1.7279038324066063,-0.5738091541336192,-0.9124191495230389,0.9124191495230393,-0.5784279906300535,-0.5776581893550843,1.7343632929879855,-0.5767344287272242,0
-0.13997945923887817,-0.18325053060976135,1.03290776479748,-1.2258476714090278,-0.9115834940401767,0.646091668153197,0.9702425509371355,1.4949692627389561,-1.43244469563043,0.4093818320833545,-1.0028039309991141,-0.5787359118286177,1.7427397119690018,-0.9124191495230389,0.9124191495230393,1.7288236672481017,-0.5776581893550843,-0.5765804684883443,-0.5767344287272242,0
0.553254513397631,0.0074566507928420294,-1.0417596792253108,0.561575961152362,-0.9115834940401767,0.646091668153197,-1.0306701134001208,1.7283748644417485,0.7014981422339509,-1.0557804421861778,0.9972039090469852,-0.5787359118286177,-0.5738091541336192,-0.9124191495230389,0.9124191495230393,-0.5784279906300535,-0.5776581893550843,-0.5765804684883443,1.733900301750437,0
-1.6919958158877793,0.6749317857019538,-0.35020386455104724,0.9389432136836068,0.8077365626180215,0.646091668153197,0.9702425509371355,-0.9711017875462606,-0.721130416342303,-0.9141333340996974,-1.0028039309991141,1.7279038324066063,-0.5738091541336192,1.0959875190286648,-1.0959875190286648,-0.5784279906300535,-0.5776581893550843,1.7343632929879855,-0.5767344287272242,1
-1.0504957218062334,0.0074566507928420294,0.6871298574603482,-1.2258476714090278,-0.9115834940401767,-1.5477679860172513,-1.0306701134001208,-0.32745209749482185,-0.721130416342303,0.4846318582542972,-1.0028039309991141,-0.5787359118286177,1.7427397119690018,1.0959875190286648,-1.0959875190286648,-0.5784279906300535,1.731127539482183,-0.5765804684883443,-0.5767344287272242,1
0.07730283069196799,-0.6600184841162697,1.03290776479748,-1.2258476714090278,-0.9115834940401767,0.646091668153197,0.9702425509371355,-0.34220788187615925,-1.43244469563043,1.153029149537377,0.9972039090469852,-0.5787359118286177,-0.5738091541336192,-0.9124191495230389,0.9124191495230393,-0.5784279906300535,1.731127539482183,-0.5765804684883443,-0.5767344287272242,0
0.17042381209090204,-0.6600184841162697,-1.7333154938995745,0.4385138895423285,-0.9115834940401767,0.646091668153197,-1.0306701134001208,-1.3829394039252474,-0.009816137054176019,-1.6887659564476376,-1.0028039309991141,1.7279038324066063,-0.5738091541336192,-0.9124191495230389,0.9124191495230393,1.7288236672481017,-0.5776581893550843,-0.5765804684883443,-0.5767344287272242,0
-1.0815360489392114,-1.80426157253189,0.3413519501232164,-1.2258476714090278,-0.9115834940401767,-1.5477679860172513,0.9702425509371355,-1.3838408497250385,0.7014981422339509,-0.3652507902645856,0.9972039090469852,-0.5787359118286177,-0.5738091541336192,1.0959875190286648,-1.0959875190286648,-0.5784279906300535,1.731127539482183,-0.5765804684883443,-0.5767344287272242,0
1.7017466173178177,-0.18325053060976135,-1.3875375865624426,1.4365022429049168,-0.9115834940401767,0.646091668153197,-1.0306701134001208,-0.5717840778299169,-0.009816137054176019,-1.2018540224003609,0.9972039090469852,-0.5787359118286177,-0.5738091541336192,-0.9124191495230389,0.9124191495230393,-0.5784279906300535,-0.5776581893550843,1.7343632929879855,-0.5767344287272242,0
-0.9470279646963067,0.9609925578058589,-1.0417596792253108,1.1312556979300177,-0.9115834940401767,0.646091668153197,-1.0306701134001208,0.3556153272765612,-1.43244469563043,-1.6002365138935872,0.9972039090469852,-0.5787359118286177,-0.5738091541336192,-0.9124191495230389,0.9124191495230393,1.7288236672481017,-0.5776581893550843,-0.5765804684883443,-0.5767344287272242,1
1.24648848603414,-0.27860412131106305,-0.004425957213915414,0.021813066797010956,-0.9115834940401767,-1.5477679860172513,-1.0306701134001208,-0.0049428213988907625,1.4128124215220779,1.2769703691130474,-1.0028039309991141,1.7279038324066063,-0.5738091541336192,1.0959875190286648,-1.0959875190286648,-0.5784279906300535,-0.5776581893550843,1.7343632929879855,-0.5767344287272242,0
-0.15032623494987085,2.6773571904292894,0.6871298574603482,0.9652079588173236,-0.9115834940401767,-1.5477679860172513,0.9702425509371355,-0.5796995509793149,1.4128124215220779,0.6616907433623979,-1.0028039309991141,1.7279038324066063,-0.5738091541336192,-0.9124191495230389,0.9124191495230393,-0.5784279906300535,-0.5776581893550843,1.7343632929879855,-0.5767344287272242,1
0.5325609619756456,-0.9460792562201749,1.7244635794717436,0.1906057688386408,-0.9115834940401767,0.646091668153197,-1.0306701134001208,-0.2006683712284421,-0.009816137054176019,-0.04654479707000454,0.9972039090469852,-0.5787359118286177,-0.5738091541336192,1.0959875190286648,-1.0959875190286648,-0.5784279906300535,-0.5776581893550843,1.7343632929879855,-0.5767344287272242,0
1.7224401687398032,1.533114102013669,1.7244635794717436,0.6583231227780479,-0.9115834940401767,0.646091668153197,-1.0306701134001208,-0.07214157152512105,-0.009816137054176019,-1.684339484319935,0.9972039090469852,-0.5787359118286177,-0.5738091541336192,1.0959875190286648,-1.0959875190286648,-0.5784279906300535,1.731127539482183,-0.5765804684883443,-0.5767344287272242,1
2.063883767202561,1.3424069206110656,0.6871298574603482,-0.17755999997239386,0.8077365626180215,-1.5477679860172513,-1.0306701134001208,1.4353470741371643,-1.43244469563043,-0.5600155638834963,-1.0028039309991141,-0.5787359118286177,1.7427397119690018,1.0959875190286648,-1.0959875190286648,-0.5784279906300535,-0.5776581893550843,1.7343632929879855,-0.5767344287272242,1
0.4394399805767116,-1.0414328469214764,-1.3875375865624426,1.0999876099624417,-0.9115834940401767,-1.5477679860172513,0.9702425509371355,-0.3886069526242675,1.4128124215220779,1.4938675033704707,-1.0028039309991141,-0.5787359118286177,1.7427397119690018,-0.9124191495230389,0.9124191495230393,-0.5784279906300535,1.731127539482183,-0.5765804684883443,-0.5767344287272242,0
-0.26414076777079026,-0.08789693990845966,0.6871298574603482,-1.2258476714090278,-0.9115834940401767,0.646091668153197,-1.0306701134001208,1.125307972161681,-1.43244469563043,-0.5600155638834963,0.9972039090469852,-0.5787359118286177,-0.5738091541336192,1.0959875190286648,-1.0959875190286648,1.7288236672481017,-0.5776581893550843,-0.5765804684883443,-0.5767344287272242,0
0.25319801777884343,-1.0414328469214764,1.378685672134612,-1.2258476714090278,-0.9115834940401767,0.646091668153197,-1.0306701134001208,0.5915858065925699,-0.721130416342303,0.9317055431522512,0.9972039090469852,-0.5787359118286177,-0.5738091541336192,-0.9124191495230389,0.9124191495230393,1.7288236672481017,-0.5776581893550843,-0.5765804684883443,-0.5767344287272242,0
-1.2574312360260869,-0.08789693990845966,-1.0417596792253108,-1.2258476714090278,-0.9115834940401767,0.646091668153197,-1.0306701134001208,0.8050865668967396,1.4128124215220779,-1.1841481338895508,0.9972039090469852,-0.5787359118286177,-0.5738091541336192,1.0959875190286648,-1.0959875190286648,1.7288236672481017,-0.5776581893550843,-0.5765804684883443,-0.5767344287272242,1
-0.09859235639490747,-1.23214002832408,-0.35020386455104724,0.24139952322002395,0.8077365626180215,-1.5477679860172513,0.9702425509371355,-1.2508412512442828,-0.721130416342303,0.46692596974348716,0.9972039090469852,-0.5787359118286177,-0.5738091541336192,1.0959875190286648,-1.0959875190286648,-0.5784279906300535,-0.5776581893550843,1.7343632929879855,-0.5767344287272242,0
1.1947546074791768,-0.08789693990845966,0.6871298574603482,0.8726416288004548,-0.9115834940401767,-1.5477679860172513,0.9702425509371355,-1.7050662958942995,0.7014981422339509,-0.7547803375024069,-1.0028039309991141,1.7279038324066063,-0.5738091541336192,1.0959875190286648,-1.0959875190286648,-0.5784279906300535,1.731127539482183,-0.5765804684883443,-0.5767344287272242,0
-0.4400359548576657,0.8656389671045572,0.6871298574603482,-0.010964935093230644,-0.9115834940401767,0.646091668153197,-1.0306701134001208,0.44642277596490654,0.7014981422339509,1.5823969459245208,-1.0028039309991141,-0.5787359118286177,1.7427397119690018,-0.9124191495230389,0.9124191495230393,-0.5784279906300535,-0.5776581893550843,1.7343632929879855,-0.5767344287272242,0
-0.8539069832973727,-1.23214002832408,-1.3875375865624426,0.5840982161037013,0.8077365626180215,0.646091668153197,-1.0306701134001208,-1.3562465921869962,1.4128124215220779,-0.7459273932470019,-1.0028039309991141,1.7279038324066063,-0.5738091541336192,-0.9124191495230389,0.9124191495230393,-0.5784279906300535,1.731127539482183,-0.5765804684883443,-0.5767344287272242,0
-2.31280235854734,-0.18325053060976135,-0.004425957213915414,-1.2258476714090278,0.8077365626180215,0.646091668153197,0.9702425509371355,0.3720352390313551,-0.721130416342303,1.161882093792782,0.9972039090469852,-0.5787359118286177,-0.5738091541336192,-0.9124191495230389,0.9124191495230393,-0.5784279906300535,-0.5776581893550843,1.7343632929879855,-0.5767344287272242,0
0.07730283069196799,-0.6600184841162697,-0.004425957213915414,1.1069472216998213,-0.9115834940401767,0.646091668153197,0.9702425509371355,-1.1929807423102534,1.4128124215220779,-0.34754490175377556,-1.0028039309991141,-0.5787359118286177,1.7427397119690018,1.0959875190286648,-1.0959875190286648,1.7288236672481017,-0.5776581893550843,-0.5765804684883443,-0.5767344287272242,0
0.004875400715019266,2.4866500090266856,-1.7333154938995745,-1.2258476714090278,0.8077365626180215,0.646091668153197,0.9702425509371355,1.5713361896298808,0.7014981422339509,0.413808304211057,0.9972039090469852,-0.5787359118286177,-0.5738091541336192,1.0959875190286648,-1.0959875190286648,-0.5784279906300535,-0.5776581893550843,1.7343632929879855,-0.5767344287272242,0
1.2257949346121548,0.1981638321954454,-1.3875375865624426,-0.06372345274581266,-0.9115834940401767,0.646091668153197,-1.0306701134001208,-1.29315929740225,0.7014981422339509,0.6218524942130752,-1.0028039309991141,-0.5787359118286177,1.7427397119690018,-0.9124191495230389,0.9124191495230393,-0.5784279906300535,1.731127539482183,-0.5765804684883443,-0.5767344287272242,0
0.615335167663587,-0.4693113027136664,1.378685672134612,0.9259577295691552,0.8077365626180215,0.646091668153197,-1.0306701134001208,0.8170122914031549,1.4128124215220779,-1.547118848361157,-1.0028039309991141,1.7279038324066063,-0.5738091541336192,-0.9124191495230389,0.9124191495230393,-0.5784279906300535,1.731127539482183,-0.5765804684883443,-0.5767344287272242,0
2.063883767202561,-0.18325053060976135,1.378685672134612,0.7375754129494955,-0.9115834940401767,-1.5477679860172513,0.9702425509371355,1.7320070789220787,-0.721130416342303,-1.6710600679368275,-1.0028039309991141,1.7279038324066063,-0.5738091541336192,-0.9124191495230389,0.9124191495230393,-0.5784279906300535,-0.5776581893550843,1.7343632929879855,-0.5767344287272242,1
1.2671820374561256,0.38887101359804876,1.03290776479748,0.08588960816160142,0.8077365626180215,0.646091668153197,0.9702425509371355,-1.1160570196147517,1.4128124215220779,-1.0557804421861778,-1.0028039309991141,1.7279038324066063,-0.5738091541336192,-0.9124191495230389,0.9124191495230393,-0.5784279906300535,-0.5776581893550843,1.7343632929879855,-0.5767344287272242,0
-1.2677780117370796,-0.8507256655188732,-1.0417596792253108,0.8298329005792526,0.8077365626180215,0.646091668153197,-1.0306701134001208,-0.857609517906581,-0.721130416342303,0.8166172678319858,0.9972039090469852,-0.5787359118286177,-0.5738091541336192,-0.9124191495230389,0.9124191495230393,-0.5784279906300535,-0.5776581893550843,1.7343632929879855,-0.5767344287272242,0
-1.0091086189622627,-0.6600184841162697,0.6871298574603482,-0.19879704106683288,-0.9115834940401767,-1.5477679860172513,0.9702425509371355,0.15770676229064917,0.7014981422339509,-1.1221775241017156,0.9972039090469852,-0.5787359118286177,-0.5738091541336192,-0.9124191495230389,0.9124191495230393,-0.5784279906300535,-0.5776581893550843,-0.5765804684883443,1.733900301750437,0
0.7084561490625211,-0.18325053060976135,1.378685672134612,0.4001938736905255,-0.9115834940401767,0.646091668153197,-1.0306701134001208,-1.291770611800952,-0.009816137054176019,1.051220290600219,0.9972039090469852,-0.5787359118286177,-0.5738091541336192,1.0959875190286648,-1.0959875190286648,-0.5784279906300535,-0.5776581893550843,1.7343632929879855,-0.5767344287272242,1
-0.2434472163488049,-0.7553720748175714,1.03290776479748,0.8277335095939005,-0.9115834940401767,0.646091668153197,-1.0306701134001208,-0.06883905249934408,-0.009816137054176019,0.6661172154901004,0.9972039090469852,-0.5787359118286177,-0.5738091541336192,-0.9124191495230389,0.9124191495230393,-0.5784279906300535,-0.5776581893550843,1.7343632929879855,-0.5767344287272242,0
0.3152786720447995,-0.9460792562201749,-1.0417596792253108,1.1484697744375931,-0.9115834940401767,0.646091668153197,0.9702425509371355,-0.8358692674769415,1.4128124215220779,-0.9406921668659125,0.9972039090469852,-0.5787359118286177,-0.5738091541336192,1.0959875190286648,-1.0959875190286648,-0.5784279906300535,-0.5776581893550843,-0.5765804684883443,1.733900301750437,0
-0.5538504876785851,0.5795781950006521,0.6871298574603482,-1.2258476714090278,0.8077365626180215,-1.5477679860172513,-1.0306701134001208,1.1766477796978796,-0.721130416342303,1.617808722946141,0.9972039090469852,-0.5787359118286177,-0.5738091541336192,-0.9124191495230389,0.9124191495230393,-0.5784279906300535,-0.5776581893550843,1.7343632929879855,-0.5767344287272242,0
-0.11928590781689281,-1.1367864376227783,1.03290776479748,0.9186843070409282,0.8077365626180215,0.646091668153197,-1.0306701134001208,-1.6317653976187134,-0.721130416342303,-0.32541254111526297,-1.0028039309991141,-0.5787359118286177,1.7427397119690018,1.0959875190286648,-1.0959875190286648,-0.5784279906300535,-0.5776581893550843,1.7343632929879855,-0.5767344287272242,0
0.7808835790394698,1.3424069206110656,-1.3875375865624426,0.5938338833611418,-0.9115834940401767,-1.5477679860172513,0.9702425509371355,-1.2471918216531928,0.7014981422339509,-1.4630158779348093,0.9972039090469852,-0.5787359118286177,-0.5738091541336192,1.0959875190286648,-1.0959875190286648,-0.5784279906300535,1.731127539482183,-0.5765804684883443,-0.5767344287272242,0
0.3773593263107555,3.1541251439357976,-0.35020386455104724,-1.2258476714090278,0.8077365626180215,0.646091668153197,0.9702425509371355,-0.8663643581230298,-0.009816137054176019,-0.05097126919770706,-1.0028039309991141,-0.5787359118286177,1.7427397119690018,1.0959875190286648,-1.0959875190286648,-0.5784279906300535,1.731127539482183,-0.5765804684883443,-0.5767344287272242,0
-0.9884150675402774,-1.23214002832408,1.378685672134612,-1.2258476714090278,0.8077365626180215,-1.5477679860172513,0.9702425509371355,1.0229564875337687,-0.009816137054176019,-0.23245662643351017,-1.0028039309991141,-0.5787359118286177,1.7427397119690018,1.0959875190286648,-1.0959875190286648,-0.5784279906300535,-0.5776581893550843,-0.5765804684883443,1.733900301750437,0
-0.42968917914667304,0.1981638321954454,0.3413519501232164,-1.2258476714090278,-0.9115834940401767,-1.5477679860172513,0.9702425509371355,0.21727469721004644,0.7014981422339509,1.2415585920914272,0.9972039090469852,-0.5787359118286177,-0.5738091541336192,-0.9124191495230389,0.9124191495230393,-0.5784279906300535,1.731127539482183,-0.5765804684883443,-0.5767344287272242,0
-0.99876184325127,0.5795781950006521,0.3413519501232164,-1.2258476714090278,0.8077365626180215,0.646091668153197,0.9702425509371355,1.4104959314702064,-0.009816137054176019,0.8653084612367135,0.9972039090469852,-0.5787359118286177,-0.5738091541336192,1.0959875190286648,-1.0959875190286648,1.7288236672481017,-0.5776581893550843,-0.5765804684883443,-0.5767344287272242,0
0.32562544775579216,-1.4228472097266833,1.378685672134612,-0.29740030216586505,0.8077365626180215,-1.5477679860172513,-1.0306701134001208,-0.8165168746327044,1.4128124215220779,0.16149939293201365,-1.0028039309991141,1.7279038324066063,-0.5738091541336192,-0.9124191495230389,0.9124191495230393,-0.5784279906300535,-0.5776581893550843,-0.5765804684883443,1.733900301750437,0
-1.4540199745349478,2.2959428276240823,1.03290776479748,-1.2258476714090278,0.8077365626180215,0.646091668153197,0.9702425509371355,0.2643409839176065,-0.721130416342303,1.5646910574137107,0.9972039090469852,-0.5787359118286177,-0.5738091541336192,-0.9124191495230389,0.9124191495230393,-0.5784279906300535,-0.5776581893550843,-0.5765804684883443,1.733900301750437,0
0.12903670924693136,0.48422460429935044,-1.0417596792253108,0.6497824367548073,0.8077365626180215,-1.5477679860172513,0.9702425509371355,0.7753745029552146,0.7014981422339509,1.3832057001779077,-1.0028039309991141,1.7279038324066063,-0.5738091541336192,-0.9124191495230389,0.9124191495230393,1.7288236672481017,-0.5776581893550843,-0.5765804684883443,-0.5767344287272242,0
0.20146413922388007,0.10281024149414371,-0.695981771888179,-1.2258476714090278,-0.9115834940401767,0.646091668153197,0.9702425509371355,1.4356343404298446,1.4128124215220779,-1.4895747107010244,-1.0028039309991141,-0.5787359118286177,1.7427397119690018,1.0959875190286648,-1.0959875190286648,-0.5784279906300535,1.731127539482183,-0.5765804684883443,-0.5767344287272242,0
2.063883767202561,-0.6600184841162697,-0.004425957213915414,-1.2258476714090278,-0.9115834940401767,0.646091668153197,0.9702425509371355,-1.6738591256667792,-0.721130416342303,1.6487940278400586,-1.0028039309991141,-0.5787359118286177,1.7427397119690018,1.0959875190286648,-1.0959875190286648,-0.5784279906300535,-0.5776581893550843,-0.5765804684883443,1.733900301750437,0
-1.671302264465794,0.10281024149414371,-0.695981771888179,2.3246826231158764,-0.9115834940401767,0.646091668153197,-1.0306701134001208,1.2481275279230777,1.4128124215220779,0.13051408803809605,-1.0028039309991141,-0.5787359118286177,1.7427397119690018,-0.9124191495230389,0.9124191495230393,1.7288236672481017,-0.5776581893550843,-0.5765804684883443,-0.5767344287272242,0
-0.336568197747739,-1.4228472097266833,0.6871298574603482,0.8374244612177116,-0.9115834940401767,-1.5477679860172513,0.9702425509371355,-1.0945094393136166,-0.721130416342303,-0.3962360951585032,0.9972039090469852,-0.5787359118286177,-0.5738091541336192,1.0959875190286648,-1.0959875190286648,1.7288236672481017,-0.5776581893550843,-0.5765804684883443,-0.5767344287272242,0
0.3980528777327409,0.7702853764032556,-1.3875375865624426,0.2786482871177776,2.52705661927622,0.646091668153197,-1.0306701134001208,0.9874897076782245,0.7014981422339509,-1.2062804945280634,0.9972039090469852,-0.5787359118286177,-0.5738091541336192,-0.9124191495230389,0.9124191495230393,1.7288236672481017,-0.5776581893550843,-0.5765804684883443,-0.5767344287272242,1
-0.3572617491697243,2.5820035997279875,-1.3875375865624426,0.9513134170901598,-0.9115834940401767,0.646091668153197,-1.0306701134001208,1.45633351138353,-0.721130416342303,-1.347927602614544,0.9972039090469852,-0.5787359118286177,-0.5738091541336192,1.0959875190286648,-1.0959875190286648,1.7288236672481017,-0.5776581893550843,-0.5765804684883443,-0.5767344287272242,1
-1.6402619373328158,0.9609925578058589,1.03290776479748,-1.2258476714090278,-0.9115834940401767,0.646091668153197,0.9702425509371355,1.4393719322548262,1.4128124215220779,-0.5378832032449837,0.9972039090469852,-0.5787359118286177,-0.5738091541336192,1.0959875190286648,-1.0959875190286648,-0.5784279906300535,-0.5776581893550843,1.7343632929879855,-0.5767344287272242,1
1.277528813167118,0.38887101359804876,-1.3875375865624426,0.5474964665893254,-0.9115834940401767,-1.5477679860172513,-1.0306701134001208,0.1515284503179313,0.7014981422339509,-0.04211832494230203,-1.0028039309991141,-0.5787359118286177,1.7427397119690018,1.0959875190286648,-1.0959875190286648,-0.5784279906300535,1.731127539482183,-0.5765804684883443,-0.5767344287272242,0
0.9878190932593233,-1.4228472097266833,1.7244635794717436,-0.12347395689560602,-0.9115834940401767,-1.5477679860172513,0.9702425509371355,-0.9058426065656452,-1.43244469563043,-1.436457045168594,-1.0028039309991141,-0.5787359118286177,1.7427397119690018,-0.9124191495230389,0.9124191495230393,-0.5784279906300535,-0.5776581893550843,-0.5765804684883443,1.733900301750437,0
2.063883767202561,0.0074566507928420294,0.3413519501232164,-1.2258476714090278,0.8077365626180215,0.646091668153197,-1.0306701134001208,0.06662056791999947,-0.009816137054176019,-0.5113243704787686,-1.0028039309991141,-0.5787359118286177,1.7427397119690018,1.0959875190286648,-1.0959875190286648,-0.5784279906300535,1.731127539482183,-0.5765804684883443,-0.5767344287272242,0
-0.06755202926192945,0.7702853764032556,1.378685672134612,0.9822729832128003,0.8077365626180215,0.646091668153197,-1.0306701134001208,0.9009682998990696,1.4128124215220779,-0.4759125934571485,-1.0028039309991141,1.7279038324066063,-0.5738091541336192,-0.9124191495230389,0.9124191495230393,-0.5784279906300535,-0.5776581893550843,-0.5765804684883443,1.733900301750437,0
0.3980528777327409,2.2959428276240823,-1.3875375865624426,-1.2258476714090278,0.8077365626180215,0.646091668153197,0.9702425509371355,1.5030335857349248,-1.43244469563043,-1.0425010258030705,-1.0028039309991141,-0.5787359118286177,1.7427397119690018,1.0959875190286648,-1.0959875190286648,-0.5784279906300535,1.731127539482183,-0.5765804684883443,-0.5767344287272242,0
-1.7747700215757207,-0.3739577120123647,-1.0417596792253108,0.5866644767692069,-0.9115834940401767,0.646091668153197,-1.0306701134001208,1.6616850903679852,0.7014981422339509,1.2504115363468322,0.9972039090469852,-0.5787359118286177,-0.5738091541336192,1.0959875190286648,-1.0959875190286648,-0.5784279906300535,1.731127539482183,-0.5765804684883443,-0.5767344287272242,0
-0.015818150706966082,0.1981638321954454,-0.695981771888179,0.8726110170225937,-0.9115834940401767,0.646091668153197,0.9702425509371355,0.7776035989636095,-1.43244469563043,-0.6618244228206541,0.9972039090469852,-0.5787359118286177,-0.5738091541336192,1.0959875190286648,-1.0959875190286648,-0.5784279906300535,-0.5776581893550843,1.7343632929879855,-0.5767344287272242,0
-0.6883585719214899,-0.3739577120123647,1.378685672134612,-1.2258476714090278,0.8077365626180215,0.646091668153197,-1.0306701134001208,1.6048477502391194,-0.009816137054176019,-0.5157508426064711,0.9972039090469852,-0.5787359118286177,-0.5738091541336192,-0.9124191495230389,0.9124191495230393,-0.5784279906300535,1.731127539482183,-0.5765804684883443,-0.5767344287272242,0
0.9567787661263453,-0.3739577120123647,-1.3875375865624426,1.126631235948847,-0.9115834940401767,0.646091668153197,-1.0306701134001208,1.551402482489984,-0.721130416342303,-1.4762952943179168,-1.0028039309991141,1.7279038324066063,-0.5738091541336192,1.0959875190286648,-1.0959875190286648,1.7288236672481017,-0.5776581893550843,-0.5765804684883443,-0.5767344287272242,0
0.8222706818834405,0.38887101359804876,-1.3875375865624426,0.44033665262931315,-0.9115834940401767,0.646091668153197,0.9702425509371355,1.6269135227631282,-0.721130416342303,-1.1443098847402282,-1.0028039309991141,-0.5787359118286177,1.7427397119690018,1.0959875190286648,-1.0959875190286648,1.7288236672481017,-0.5776581893550843,-0.5765804684883443,-0.5767344287272242,0
-0.015818150706966082,0.1981638321954454,-1.7333154938995745,-1.2258476714090278,0.8077365626180215,-1.5477679860172513,0.9702425509371355,0.5299607528823692,0.7014981422339509,-0.26344193132742777,0.9972039090469852,-0.5787359118286177,-0.5738091541336192,-0.9124191495230389,0.9124191495230393,-0.5784279906300535,1.731127539482183,-0.5765804684883443,-0.5767344287272242,0
0.08764960640296066,-0.27860412131106305,-0.35020386455104724,0.8990091077017575,0.8077365626180215,0.646091668153197,-1.0306701134001208,-0.27421236773475877,-1.43244469563043,-1.0602069143138804,-1.0028039309991141,1.7279038324066063,-0.5738091541336192,-0.9124191495230389,0.9124191495230393,1.7288236672481017,-0.5776581893550843,-0.5765804684883443,-0.5767344287272242,0
1.0085126446813086,-1.1367864376227783,-1.0417596792253108,0.2321680688063057,-0.9115834940401767,0.646091668153197,0.9702425509371355,0.5490095337732043,-0.009816137054176019,0.6085730778299676,-1.0028039309991141,1.7279038324066063,-0.5738091541336192,1.0959875190286648,-1.0959875190286648,-0.5784279906300535,1.731127539482183,-0.5765804684883443,-0.5767344287272242,0
-0.1710197863718562,0.38887101359804876,-0.695981771888179,2.1830593965012923,-0.9115834940401767,0.646091668153197,-1.0306701134001208,0.2639410368999524,-0.009816137054176019,-1.2372657994219811,-1.0028039309991141,1.7279038324066063,-0.5738091541336192,-0.9124191495230389,0.9124191495230393,-0.5784279906300535,-0.5776581893550843,1.7343632929879855,-0.5767344287272242,0
0.18077058780189473,0.2935174228967471,-0.695981771888179,1.1856082718266117,-0.9115834940401767,0.646091668153197,-1.0306701134001208,0.13996389535745848,-1.43244469563043,-1.2018540224003609,0.9972039090469852,-0.5787359118286177,-0.5738091541336192,-0.9124191495230389,0.9124191495230393,1.7288236672481017,-0.5776581893550843,-0.5765804684883443,-0.5767344287272242,0
0.36701255059976284,0.0074566507928420294,-0.35020386455104724,1.3021338473723194,0.8077365626180215,0.646091668153197,-1.0306701134001208,1.0908182802592665,-1.43244469563043,-1.254971687932791,-1.0028039309991141,1.7279038324066063,-0.5738091541336192,1.0959875190286648,-1.0959875190286648,-0.5784279906300535,1.731127539482183,-0.5765804684883443,-0.5767344287272242,0
0.4601335319986969,0.0074566507928420294,-0.004425957213915414,-1.2258476714090278,0.8077365626180215,-1.5477679860172513,-1.0306701134001208,0.046488626171352534,-0.009816137054176019,-1.2682511043158986,-1.0028039309991141,-0.5787359118286177,1.7427397119690018,1.0959875190286648,-1.0959875190286648,1.7288236672481017,-0.5776581893550843,-0.5765804684883443,-0.5767344287272242,0
1.5775853087859057,-0.7553720748175714,1.378685672134612,1.2923454509268348,0.8077365626180215,0.646091668153197,-1.0306701134001208,0.716605766511095,-0.009816137054176019,1.5779704737968183,0.9972039090469852,-0.5787359118286177,-0.5738091541336192,-0.9124191495230389,0.9124191495230393,-0.5784279906300535,1.731127539482183,-0.5765804684883443,-0.5767344287272242,0
1.9707627858036272,-0.7553720748175714,-0.695981771888179,1.3817893796018739,0.8077365626180215,0.646091668153197,0.9702425509371355,0.46436144304674,-0.009816137054176019,-1.65778065155372,0.9972039090469852,-0.5787359118286177,-0.5738091541336192,1.0959875190286648,-1.0959875190286648,-0.5784279906300535,-0.5776581893550843,1.7343632929879855,-0.5767344287272242,0
-0.5848908148115631,-0.4693113027136664,0.6871298574603482,1.0423977203537227,-0.9115834940401767,-1.5477679860172513,-1.0306701134001208,-1.5762623155187436,0.7014981422339509,-1.347927602614544,0.9972039090469852,-0.5787359118286177,-0.5738091541336192,1.0959875190286648,-1.0959875190286648,1.7288236672481017,-0.5776581893550843,-0.5765804684883443,-0.5767344287272242,0
1.2671820374561256,0.0074566507928420294,-0.35020386455104724,-1.2258476714090278,0.8077365626180215,-1.5477679860172513,0.9702425509371355,1.4257452156933275,-0.721130416342303,-0.2722948755828328,-1.0028039309991141,-0.5787359118286177,1.7427397119690018,1.0959875190286648,-1.0959875190286648,-0.5784279906300535,1.731127539482183,-0.5765804684883443,-0.5767344287272242,0
1.1947546074791768,1.247053329909764,0.6871298574603482,0.2568345906477148,0.8077365626180215,-1.5477679860172513,0.9702425509371355,-0.589428523018763,1.4128124215220779,1.0290879299617066,0.9972039090469852,-0.5787359118286177,-0.5738091541336192,1.0959875190286648,-1.0959875190286648,1.7288236672481017,-0.5776581893550843,-0.5765804684883443,-0.5767344287272242,0
0.49117385913167494,0.8656389671045572,-0.35020386455104724,0.39670861860483453,0.8077365626180215,-1.5477679860172513,0.9702425509371355,1.3515710417991937,-1.43244469563043,-1.1708687175064434,0.9972039090469852,-0.5787359118286177,-0.5738091541336192,-0.9124191495230389,0.9124191495230393,-0.5784279906300535,1.731127539482183,-0.5765804684883443,-0.5767344287272242,1
-0.6055843662335485,-0.18325053060976135,-0.695981771888179,0.3231889047189106,-0.9115834940401767,0.646091668153197,0.9702425509371355,-1.6842537486556095,-0.721130416342303,0.45807302548808215,0.9972039090469852,-0.5787359118286177,-0.5738091541336192,-0.9124191495230389,0.9124191495230393,-0.5784279906300535,1.731127539482183,-0.5765804684883443,-0.5767344287272242,0
-0.7193988990544679,0.38887101359804876,-0.35020386455104724,1.5015319164314955,-0.9115834940401767,-1.5477679860172513,0.9702425509371355,0.0025349706011875703,0.7014981422339509,1.600102834435331,-1.0028039309991141,-0.5787359118286177,1.7427397119690018,1.0959875190286648,-1.0959875190286648,-0.5784279906300535,1.731127539482183,-0.5765804684883443,-0.5767344287272242,0
-2.5404314241891783,0.0074566507928420294,1.7244635794717436,-1.2258476714090278,-0.9115834940401767,0.646091668153197,-1.0306701134001208,1.0558707359666417,-0.721130416342303,-0.6706773670760591,0.9972039090469852,-0.5787359118286177,-0.5738091541336192,-0.9124191495230389,0.9124191495230393,1.7288236672481017,-0.5776581893550843,-0.5765804684883443,-0.5767344287272242,1
1.09128685036925,2.6773571904292894,-0.35020386455104724,-1.2258476714090278,2.52705661927622,0.646091668153197,0.9702425509371355,-0.12186854924012726,-1.43244469563043,-0.059824213453112084,0.9972039090469852,-0.5787359118286177,-0.5738091541336192,-0.9124191495230389,0.9124191495230393,-0.5784279906300535,1.731127539482183,-0.5765804684883443,-0.5767344287272242,0
-1.8678910029746547,-0.7553720748175714,-1.0417596792253108,0.4037121446204019,0.8077365626180215,0.646091668153197,-1.0306701134001208,-0.9573773448004479,-1.43244469563043,0.8033378514488783,-1.0028039309991141,-0.5787359118286177,1.7427397119690018,1.0959875190286648,-1.0959875190286648,-0.5784279906300535,-0.5776581893550843,-0.5765804684883443,1.733900301750437,0
-0.4814230577016364,0.7702853764032556,1.03290776479748,-0.23064899660900492,2.52705661927622,-1.5477679860172513,-1.0306701134001208,-1.5786107000724037,1.4128124215220779,-0.781339170268622,0.9972039090469852,-0.5787359118286177,-0.5738091541336192,1.0959875190286648,-1.0959875190286648,-0.5784279906300535,-0.5776581893550843,1.7343632929879855,-0.5767344287272242,1
0.7084561490625211,0.10281024149414371,1.378685672134612,-1.2258476714090278,0.8077365626180215,0.646091668153197,-1.0306701134001208,1.428226452212852,-1.43244469563043,-1.631221818787505,-1.0028039309991141,-0.5787359118286177,1.7427397119690018,1.0959875190286648,-1.0959875190286648,-0.5784279906300535,1.731127539482183,-0.5765804684883443,-0.5767344287272242,0
-0.8849473104303507,1.9145284648188758,1.378685672134612,-0.11790020925856586,-0.9115834940401767,0.646091668153197,0.9702425509371355,1.2279293340815063,1.4128124215220779,-0.2147507379227001,-1.0028039309991141,1.7279038324066063,-0.5738091541336192,-0.9124191495230389,0.9124191495230393,-0.5784279906300535,-0.5776581893550843,1.7343632929879855,-0.5767344287272242,0
0.5636012891086236,-1.518200800427985,-0.004425957213915414,-1.2258476714090278,0.8077365626180215,0.646091668153197,0.9702425509371355,-0.4687815490132667,0.7014981422339509,-1.3213687698483287,-1.0028039309991141,-0.5787359118286177,1.7427397119690018,1.0959875190286648,-1.0959875190286648,-0.5784279906300535,-0.5776581893550843,-0.5765804684883443,1.733900301750437,0
-1.3091651145810503,-0.18325053060976135,1.378685672134612,0.8172974576806855,0.8077365626180215,0.646091668153197,-1.0306701134001208,1.3831985041752664,-0.721130416342303,-0.41836845579701576,-1.0028039309991141,1.7279038324066063,-0.5738091541336192,1.0959875190286648,-1.0959875190286648,-0.5784279906300535,-0.5776581893550843,-0.5765804684883443,1.733900301750437,0
1.3189159160110888,-0.5646648934149681,-0.004425957213915414,0.6408982897893869,0.8077365626180215,0.646091668153197,0.9702425509371355,-1.1708481960232973,-0.721130416342303,-0.7149420883530843,-1.0028039309991141,-0.5787359118286177,1.7427397119690018,-0.9124191495230389,0.9124191495230393,-0.5784279906300535,1.731127539482183,-0.5765804684883443,-0.5767344287272242,0
-0.005471374995973408,-1.3274936190253817,-0.695981771888179,0.1621881021760873,2.52705661927622,0.646091668153197,-1.0306701134001208,-1.4509543937475076,-0.721130416342303,0.2057641142090388,-1.0028039309991141,-0.5787359118286177,1.7427397119690018,1.0959875190286648,-1.0959875190286648,-0.5784279906300535,1.731127539482183,-0.5765804684883443,-0.5767344287272242,1
0.6774158219295431,-0.3739577120123647,1.03290776479748,0.582141306115828,-0.9115834940401767,-1.5477679860172513,0.9702425509371355,-1.430105155717198,-1.43244469563043,-0.1837654330287825,0.9972039090469852,-0.5787359118286177,-0.5738091541336192,1.0959875190286648,-1.0959875190286648,-0.5784279906300535,-0.5776581893550843,-0.5765804684883443,1.733900301750437,0
-1.7540764701537352,1.7238212834162723,1.378685672134612,-1.2258476714090278,2.52705661927622,0.646091668153197,0.9702425509371355,1.2107806493045437,-0.009816137054176019,-1.538265904105752,0.9972039090469852,-0.5787359118286177,-0.5738091541336192,1.0959875190286648,-1.0959875190286648,-0.5784279906300535,-0.5776581893550843,-0.5765804684883443,1.733900301750437,1
-0.336568197747739,-0.18325053060976135,-0.004425957213915414,-1.2258476714090278,-0.9115834940401767,-1.5477679860172513,0.9702425509371355,1.3670399491020093,-0.721130416342303,-0.05097126919770706,0.9972039090469852,-0.5787359118286177,-0.5738091541336192,-0.9124191495230389,0.9124191495230393,-0.5784279906300535,1.731127539482183,-0.5765804684883443,-0.5767344287272242,1
1.2361417103231473,-1.4228472097266833,1.378685672134612,0.4061458610959018,-0.9115834940401767,0.646091668153197,-1.0306701134001208,1.1679515404140175,0.7014981422339509,0.5466024680421324,0.9972039090469852,-0.5787359118286177,-0.5738091541336192,-0.9124191495230389,0.9124191495230393,-0.5784279906300535,1.731127539482183,-0.5765804684883443,-0.5767344287272242,0
0.2325044663568581,-0.9460792562201749,-0.35020386455104724,0.3623965018575967,-0.9115834940401767,0.646091668153197,0.9702425509371355,-1.5701146081873765,0.7014981422339509,0.46692596974348716,-1.0028039309991141,1.7279038324066063,-0.5738091541336192,1.0959875190286648,-1.0959875190286648,-0.5784279906300535,-0.5776581893550843,1.7343632929879855,-0.5767344287272242,0
2.063883767202561,-0.9460792562201749,0.6871298574603482,-1.2258476714090278,0.8077365626180215,0.646091668153197,-1.0306701134001208,-1.3363967000307988,1.4128124215220779,-1.6179424024043974,-1.0028039309991141,-0.5787359118286177,1.7427397119690018,1.0959875190286648,-1.0959875190286648,-0.5784279906300535,-0.5776581893550843,1.7343632929879855,-0.5767344287272242,0
1.8776418044046932,-0.9460792562201749,1.03290776479748,0.27803781454252713,-0.9115834940401767,-1.5477679860172513,0.9702425509371355,-1.5593129086905773,-0.721130416342303,-1.383339379636164,-1.0028039309991141,-0.5787359118286177,1.7427397119690018,-0.9124191495230389,0.9124191495230393,-0.5784279906300535,1.731127539482183,-0.5765804684883443,-0.5767344287272242,0
-0.15032623494987085,-0.27860412131106305,0.3413519501232164,0.32306533570984847,-0.9115834940401767,-1.5477679860172513,-1.0306701134001208,1.4253597015463102,-0.721130416342303,-0.480339065584851,-1.0028039309991141,1.7279038324066063,-0.5738091541336192,-0.9124191495230389,0.9124191495230393,1.7288236672481017,-0.5776581893550843,-0.5765804684883443,-0.5767344287272242,0
1.2982223645891036,-0.7553720748175714,-0.004425957213915414,-1.2258476714090278,0.8077365626180215,0.646091668153197,-1.0306701134001208,-0.12941415834319903,-0.721130416342303,-0.04211832494230203,0.9972039090469852,-0.5787359118286177,-0.5738091541336192,1.0959875190286648,-1.0959875190286648,1.7288236672481017,-0.5776581893550843,-0.5765804684883443,-0.5767344287272242,0
0.5636012891086236,1.7238212834162723,-0.695981771888179,-1.2258476714090278,0.8077365626180215,0.646091668153197,0.9702425509371355,-1.1469106714566673,0.7014981422339509,0.7590731301718532,-1.0028039309991141,-0.5787359118286177,1.7427397119690018,1.0959875190286648,-1.0959875190286648,-0.5784279906300535,-0.5776581893550843,1.7343632929879855,-0.5767344287272242,0
0.2842383449118215,0.0074566507928420294,0.3413519501232164,-1.2258476714090278,-0.9115834940401767,-1.5477679860172513,0.9702425509371355,1.4828699960048808,0.7014981422339509,1.5868234180522234,-1.0028039309991141,-0.5787359118286177,1.7427397119690018,1.0959875190286648,-1.0959875190286648,-0.5784279906300535,1.731127539482183,-0.5765804684883443,-0.5767344287272242,0
-1.536794180222889,-0.3739577120123647,0.3413519501232164,-1.2258476714090278,0.8077365626180215,0.646091668153197,0.9702425509371355,-0.33859462140666563,1.4128124215220779,0.8918672940029286,0.9972039090469852,-0.5787359118286177,-0.5738091541336192,1.0959875190286648,-1.0959875190286648,-0.5784279906300535,-0.5776581893550843,1.7343632929879855,-0.5767344287272242,0
1.6396659630518617,0.1981638321954454,-1.3875375865624426,0.05161307159596128,0.8077365626180215,0.646091668153197,-1.0306701134001208,1.1404536179402276,1.4128124215220779,-0.6308391179267365,-1.0028039309991141,1.7279038324066063,-0.5738091541336192,-0.9124191495230389,0.9124191495230393,1.7288236672481017,-0.5776581893550843,-0.5765804684883443,-0.5767344287272242,0
0.9257384389933673,1.7238212834162723,-0.695981771888179,0.5914078598978795,0.8077365626180215,0.646091668153197,0.9702425509371355,-0.6080691840615834,-1.43244469563043,1.608955778690736,-1.0028039309991141,1.7279038324066063,-0.5738091541336192,1.0959875190286648,-1.0959875190286648,-0.5784279906300535,-0.5776581893550843,-0.5765804684883443,1.733900301750437,1
0.8429642333054258,-0.5646648934149681,1.03290776479748,-1.2258476714090278,-0.9115834940401767,0.646091668153197,-1.0306701134001208,0.34417110420139996,-0.721130416342303,0.5952936614468601,-1.0028039309991141,-0.5787359118286177,1.7427397119690018,-0.9124191495230389,0.9124191495230393,1.7288236672481017,-0.5776581893550843,-0.5765804684883443,-0.5767344287272242,0
2.063883767202561,0.10281024149414371,-1.3875375865624426,0.006864742664420253,-0.9115834940401767,0.646091668153197,-1.0306701134001208,1.2884067137410475,-0.721130416342303,0.9007202382583336,0.9972039090469852,-0.5787359118286177,-0.5738091541336192,-0.9124191495230389,0.9124191495230393,1.7288236672481017,-0.5776581893550843,-0.5765804684883443,-0.5767344287272242,0
-0.6469714690775192,-0.3739577120123647,0.6871298574603482,-1.2258476714090278,0.8077365626180215,0.646091668153197,0.9702425509371355,0.15039590469793937,-1.43244469563043,-1.7064718449584475,-1.0028039309991141,-0.5787359118286177,1.7427397119690018,1.0959875190286648,-1.0959875190286648,-0.5784279906300535,-0.5776581893550843,-0.5765804684883443,1.733900301750437,0
0.7084561490625211,0.2935174228967471,-0.004425957213915414,0.9735050327863819,2.52705661927622,0.646091668153197,-1.0306701134001208,0.8521851971457274,1.4128124215220779,-0.41836845579701576,-1.0028039309991141,1.7279038324066063,-0.5738091541336192,1.0959875190286648,-1.0959875190286648,-0.5784279906300535,-0.5776581893550843,1.7343632929879855,-0.5767344287272242,1
0.12903670924693136,0.2935174228967471,-1.3875375865624426,0.0920401714453538,0.8077365626180215,0.646091668153197,-1.0306701134001208,-0.49959398892336326,1.4128124215220779,-1.064633386441583,0.9972039090469852,-0.5787359118286177,-0.5738091541336192,1.0959875190286648,-1.0959875190286648,-0.5784279906300535,-0.5776581893550843,-0.5765804684883443,1.733900301750437,0
-0.781479553320424,-0.27860412131106305,-1.3875375865624426,-1.2258476714090278,-0.9115834940401767,-1.5477679860172513,0.9702425509371355,-0.09598171768745266,0.7014981422339509,-1.2726775764436011,0.9972039090469852,-0.5787359118286177,-0.5738091541336192,-0.9124191495230389,0.9124191495230393,-0.5784279906300535,1.731127539482183,-0.5765804684883443,-0.5767344287272242,0
-1.671302264465794,1.8191748741175742,-0.35020386455104724,-1.2258476714090278,0.8077365626180215,0.646091668153197,0.9702425509371355,1.5881214442908012,0.7014981422339509,-0.5334567311172812,-1.0028039309991141,-0.5787359118286177,1.7427397119690018,-0.9124191495230389,0.9124191495230393,-0.5784279906300535,-0.5776581893550843,-0.5765804684883443,1.733900301750437,0
0.07730283069196799,-0.9460792562201749,-0.695981771888179,1.1063024511116792,-0.9115834940401767,0.646091668153197,-1.0306701134001208,-1.389089371826714,1.4128124215220779,0.7812054908103657,0.9972039090469852,-0.5787359118286177,-0.5738091541336192,-0.9124191495230389,0.9124191495230393,1.7288236672481017,-0.5776581893550843,-0.5765804684883443,-0.5767344287272242,0
0.49117385913167494,1.1516997392084622,0.3413519501232164,1.0858690092538656,4.246376675934418,0.646091668153197,-1.0306701134001208,0.992101096791776,0.7014981422339509,1.3654998116670978,0.9972039090469852,-0.5787359118286177,-0.5738091541336192,1.0959875190286648,-1.0959875190286648,-0.5784279906300535,1.731127539482183,-0.5765804684883443,-0.5767344287272242,1
1.2878755888781108,-0.27860412131106305,-1.0417596792253108,0.5363177184530307,0.8077365626180215,-1.5477679860172513,0.9702425509371355,-0.49398151503562227,-1.43244469563043,0.9715437923015738,-1.0028039309991141,1.7279038324066063,-0.5738091541336192,-0.9124191495230389,0.9124191495230393,-0.5784279906300535,1.731127539482183,-0.5765804684883443,-0.5767344287272242,0
-0.18136656208284888,-0.6600184841162697,-1.3875375865624426,0.4409937640912525,-0.9115834940401767,-1.5477679860172513,0.9702425509371355,-1.103290189141209,-0.009816137054176019,-0.4227949279247183,0.9972039090469852,-0.5787359118286177,-0.5738091541336192,1.0959875190286648,-1.0959875190286648,1.7288236672481017,-0.5776581893550843,-0.5765804684883443,-0.5767344287272242,0
0.522214186264653,0.38887101359804876,-1.0417596792253108,1.3451659934905806,-0.9115834940401767,-1.5477679860172513,0.9702425509371355,-1.0924432782424138,-1.43244469563043,1.7328969982664064,0.9972039090469852,-0.5787359118286177,-0.5738091541336192,1.0959875190286648,-1.0959875190286648,-0.5784279906300535,-0.5776581893550843,-0.5765804684883443,1.733900301750437,0
-0.1606730106608635,0.1981638321954454,1.7244635794717436,-1.2258476714090278,0.8077365626180215,0.646091668153197,0.9702425509371355,-0.6624520667321064,1.4128124215220779,1.2238527035806173,-1.0028039309991141,-0.5787359118286177,1.7427397119690018,1.0959875190286648,-1.0959875190286648,-0.5784279906300535,-0.5776581893550843,1.7343632929879855,-0.5767344287272242,0
-0.05720525355093678,0.2935174228967471,-0.35020386455104724,0.3495879570246038,-0.9115834940401767,0.646091668153197,0.9702425509371355,-1.7287132502581033,0.7014981422339509,-1.6489277072983148,0.9972039090469852,-0.5787359118286177,-0.5738091541336192,-0.9124191495230389,0.9124191495230393,1.7288236672481017,-0.5776581893550843,-0.5765804684883443,-0.5767344287272242,0
-0.8021731047424093,-1.23214002832408,1.03290776479748,0.15682591237557372,0.8077365626180215,0.646091668153197,0.9702425509371355,-0.17237611919958945,1.4128124215220779,-0.781339170268622,0.9972039090469852,-0.5787359118286177,-0.5738091541336192,-0.9124191495230389,0.9124191495230393,-0.5784279906300535,1.731127539482183,-0.5765804684883443,-0.5767344287272242,0
0.17042381209090204,0.2935174228967471,1.7244635794717436,-0.19363358741578388,0.8077365626180215,-1.5477679860172513,-1.0306701134001208,-1.287966246213023,1.4128124215220779,-0.13064776749635232,-1.0028039309991141,1.7279038324066063,-0.5738091541336192,1.0959875190286648,-1.0959875190286648,1.7288236672481017,-0.5776581893550843,-0.5765804684883443,-0.5767344287272242,0
-1.2263909088931089,0.2935174228967471,-1.3875375865624426,1.3228586620686218,-0.9115834940401767,0.646091668153197,-1.0306701134001208,0.015522989164493479,1.4128124215220779,-0.188191905156485,0.9972039090469852,-0.5787359118286177,-0.5738091541336192,-0.9124191495230389,0.9124191495230393,-0.5784279906300535,1.731127539482183,-0.5765804684883443,-0.5767344287272242,1
0.8636577847274112,-0.18325053060976135,-0.695981771888179,0.06253650788862938,-0.9115834940401767,-1.5477679860172513,0.9702425509371355,-0.3967756096248416,1.4128124215220779,-1.1354569404848232,0.9972039090469852,-0.5787359118286177,-0.5738091541336192,-0.9124191495230389,0.9124191495230393,-0.5784279906300535,-0.5776581893550843,-0.5765804684883443,1.733900301750437,0
0.13938348495792402,0.48422460429935044,1.03290776479748,1.0658636514728423,-0.9115834940401767,0.646091668153197,0.9702425509371355,0.26713452689091666,-0.009816137054176019,0.6351319105961827,0.9972039090469852,-0.5787359118286177,-0.5738091541336192,1.0959875190286648,-1.0959875190286648,1.7288236672481017,-0.5776581893550843,-0.5765804684883443,-0.5767344287272242,1
-1.3919393202689916,-0.6600184841162697,-0.695981771888179,1.1007450511256431,0.8077365626180215,-1.5477679860172513,-1.0306701134001208,0.19703842145679384,-0.721130416342303,-0.34754490175377556,-1.0028039309991141,1.7279038324066063,-0.5738091541336192,-0.9124191495230389,0.9124191495230393,1.7288236672481017,-0.5776581893550843,-0.5765804684883443,-0.5767344287272242,0
0.4290932048657189,-1.0414328469214764,1.03290776479748,0.2976735871939817,0.8077365626180215,0.646091668153197,-1.0306701134001208,-0.9680467140014062,-1.43244469563043,-0.08195657409162466,0.9972039090469852,-0.5787359118286177,-0.5738091541336192,1.0959875190286648,-1.0959875190286648,-0.5784279906300535,1.731127539482183,-0.5765804684883443,-0.5767344287272242,0
-0.7090521233434752,0.6749317857019538,1.03290776479748,-0.14300314927335583,-0.9115834940401767,0.646091668153197,-1.0306701134001208,-0.9665528249454642,-1.43244469563043,-0.6751038392037616,-1.0028039309991141,-0.5787359118286177,1.7427397119690018,1.0959875190286648,-1.0959875190286648,-0.5784279906300535,-0.5776581893550843,-0.5765804684883443,1.733900301750437,1
-1.412632871690977,-0.3739577120123647,-0.695981771888179,0.7139277344162686,-0.9115834940401767,0.646091668153197,-1.0306701134001208,-1.566428313914659,0.7014981422339509,-1.5161335434672394,0.9972039090469852,-0.5787359118286177,-0.5738091541336192,-0.9124191495230389,0.9124191495230393,1.7288236672481017,-0.5776581893550843,-0.5765804684883443,-0.5767344287272242,0
0.7291497004845064,0.5795781950006521,0.6871298574603482,0.9942787301646094,-0.9115834940401767,-1.5477679860172513,-1.0306701134001208,-0.7040074313164081,-1.43244469563043,-1.2948099370821138,-1.0028039309991141,1.7279038324066063,-0.5738091541336192,1.0959875190286648,-1.0959875190286648,-0.5784279906300535,-0.5776581893550843,1.7343632929879855,-0.5767344287272242,1
-0.4400359548576657,-1.0414328469214764,1.378685672134612,-1.2258476714090278,0.8077365626180215,0.646091668153197,0.9702425509371355,0.43423430365689347,0.7014981422339509,-0.927412750482805,0.9972039090469852,-0.5787359118286177,-0.5738091541336192,1.0959875190286648,-1.0959875190286648,-0.5784279906300535,1.731127539482183,-0.5765804684883443,-0.5767344287272242,0
1.2051013831901694,0.7702853764032556,-1.0417596792253108,-1.2258476714090278,-0.9115834940401767,0.646091668153197,-1.0306701134001208,-0.9029944621299248,-0.009816137054176019,-0.11736835111324478,-1.0028039309991141,-0.5787359118286177,1.7427397119690018,-0.9124191495230389,0.9124191495230393,-0.5784279906300535,1.731127539482183,-0.5765804684883443,-0.5767344287272242,1
0.8636577847274112,0.10281024149414371,1.378685672134612,1.6095850814375687,-0.9115834940401767,0.646091668153197,0.9702425509371355,-1.5179034378227154,0.7014981422339509,0.5023377467651073,0.9972039090469852,-0.5787359118286177,-0.5738091541336192,1.0959875190286648,-1.0959875190286648,-0.5784279906300535,-0.5776581893550843,1.7343632929879855,-0.5767344287272242,0
-0.3262214220367463,-0.4693113027136664,-1.3875375865624426,-1.2258476714090278,-0.9115834940401767,0.646091668153197,-1.0306701134001208,0.692588948100965,1.4128124215220779,-0.3652507902645856,-1.0028039309991141,-0.5787359118286177,1.7427397119690018,-0.9124191495230389,0.9124191495230393,-0.5784279906300535,1.731127539482183,-0.5765804684883443,-0.5767344287272242,0
-0.18136656208284888,1.9145284648188758,-0.004425957213915414,-1.2258476714090278,-0.9115834940401767,0.646091668153197,0.9702425509371355,0.6465879115804263,-0.721130416342303,-0.3298390132429655,0.9972039090469852,-0.5787359118286177,-0.5738091541336192,-0.9124191495230389,0.9124191495230393,-0.5784279906300535,-0.5776581893550843,-0.5765804684883443,1.733900301750437,0
2.063883767202561,-0.7553720748175714,1.03290776479748,-1.2258476714090278,0.8077365626180215,0.646091668153197,-1.0306701134001208,1.3663835143230336,0.7014981422339509,-0.29000076409364284,0.9972039090469852,-0.5787359118286177,-0.5738091541336192,-0.9124191495230389,0.9124191495230393,-0.5784279906300535,1.731127539482183,-0.5765804684883443,-0.5767344287272242,0
-1.7230361430207572,1.0563461485071606,-1.0417596792253108,0.22313374783116904,0.8077365626180215,-1.5477679860172513,-1.0306701134001208,-0.9028311794127173,1.4128124215220779,1.5602645852860084,0.9972039090469852,-0.5787359118286177,-0.5738091541336192,1.0959875190286648,-1.0959875190286648,-0.5784279906300535,1.731127539482183,-0.5765804684883443,-0.5767344287272242,0
-0.26414076777079026,-0.6600184841162697,0.6871298574603482,0.48836829507531515,-0.9115834940401767,0.646091668153197,0.9702425509371355,0.6034640591268895,-0.721130416342303,-0.6042802851605215,-1.0028039309991141,-0.5787359118286177,1.7427397119690018,-0.9124191495230389,0.9124191495230393,-0.5784279906300535,-0.5776581893550843,-0.5765804684883443,1.733900301750437,0
-0.6676650204995045,-0.5646648934149681,1.7244635794717436,-0.1528540514432683,0.8077365626180215,0.646091668153197,0.9702425509371355,0.7071896225954556,-1.43244469563043,0.9671173201738713,-1.0028039309991141,-0.5787359118286177,1.7427397119690018,1.0959875190286648,-1.0959875190286648,-0.5784279906300535,-0.5776581893550843,-0.5765804684883443,1.733900301750437,0
0.16007703637990936,-1.1367864376227783,-1.3875375865624426,0.140066044132178,-0.9115834940401767,-1.5477679860172513,0.9702425509371355,-0.6186797784399471,0.7014981422339509,1.1707350380481871,0.9972039090469852,-0.5787359118286177,-0.5738091541336192,1.0959875190286648,-1.0959875190286648,-0.5784279906300535,-0.5776581893550843,-0.5765804684883443,1.733900301750437,0
0.3773593263107555,0.7702853764032556,0.6871298574603482,-1.2258476714090278,0.8077365626180215,0.646091668153197,0.9702425509371355,1.3482347881119279,-1.43244469563043,-0.3962360951585032,0.9972039090469852,-0.5787359118286177,-0.5738091541336192,1.0959875190286648,-1.0959875190286648,1.7288236672481017,-0.5776581893550843,-0.5765804684883443,-0.5767344287272242,0
-1.795463572997706,-1.1367864376227783,-1.3875375865624426,0.8345169834052624,-0.9115834940401767,0.646091668153197,0.9702425509371355,0.5752794450127885,-1.43244469563043,-1.5869570975104796,0.9972039090469852,-0.5787359118286177,-0.5738091541336192,-0.9124191495230389,0.9124191495230393,-0.5784279906300535,-0.5776581893550843,1.7343632929879855,-0.5767344287272242,0
1.2051013831901694,-0.3739577120123647,1.378685672134612,-1.2258476714090278,0.8077365626180215,0.646091668153197,-1.0306701134001208,-1.0534018414990798,-1.43244469563043,1.6576469720954636,0.9972039090469852,-0.5787359118286177,-0.5738091541336192,1.0959875190286648,-1.0959875190286648,1.7288236672481017,-0.5776581893550843,-0.5765804684883443,-0.5767344287272242,0
1.4534240002539935,-1.0414328469214764,-0.35020386455104724,-1.2258476714090278,-0.9115834940401767,0.646091668153197,-1.0306701134001208,1.2927894374945061,-0.721130416342303,-0.927412750482805,0.9972039090469852,-0.5787359118286177,-0.5738091541336192,-0.9124191495230389,0.9124191495230393,-0.5784279906300535,-0.5776581893550843,1.7343632929879855,-0.5767344287272242,0
-0.015818150706966082,-0.6600184841162697,-1.3875375865624426,-1.2258476714090278,-0.9115834940401767,-1.5477679860172513,0.9702425509371355,-0.15516292122977907,1.4128124215220779,-1.0336480815476654,-1.0028039309991141,-0.5787359118286177,1.7427397119690018,-0.9124191495230389,0.9124191495230393,-0.5784279906300535,-0.5776581893550843,-0.5765804684883443,1.733900301750437,1
0.6567222705075577,0.48422460429935044,0.6871298574603482,-1.2258476714090278,-0.9115834940401767,-1.5477679860172513,0.9702425509371355,-1.620083293013052,-0.721130416342303,1.3079556740069649,-1.0028039309991141,-0.5787359118286177,1.7427397119690018,-0.9124191495230389,0.9124191495230393,1.7288236672481017,-0.5776581893550843,-0.5765804684883443,-0.5767344287272242,0
-0.30552787061476094,1.1516997392084622,-0.35020386455104724,0.5367950057539222,-0.9115834940401767,-1.5477679860172513,-1.0306701134001208,1.3502618239314033,-0.009816137054176019,-0.9716774717598301,-1.0028039309991141,1.7279038324066063,-0.5738091541336192,-0.9124191495230389,0.9124191495230393,-0.5784279906300535,-0.5776581893550843,-0.5765804684883443,1.733900301750437,1
0.2635447934898361,-0.7553720748175714,-0.695981771888179,0.040136058964381195,-0.9115834940401767,0.646091668153197,0.9702425509371355,0.4292805251182279,-1.43244469563043,-1.6887659564476376,0.9972039090469852,-0.5787359118286177,-0.5738091541336192,-0.9124191495230389,0.9124191495230393,-0.5784279906300535,-0.5776581893550843,-0.5765804684883443,1.733900301750437,0
-2.9749960040508707,-1.0414328469214764,0.3413519501232164,1.1156877657701443,2.52705661927622,0.646091668153197,-1.0306701134001208,0.009127488572188827,-0.721130416342303,-1.2505452158050885,-1.0028039309991141,-0.5787359118286177,1.7427397119690018,1.0959875190286648,-1.0959875190286648,-0.5784279906300535,-0.5776581893550843,-0.5765804684883443,1.733900301750437,1
-0.10893913210590014,-0.7553720748175714,1.7244635794717436,0.675181237198558,-0.9115834940401767,0.646091668153197,-1.0306701134001208,1.1890496150453107,-0.009816137054176019,-0.14835365600716238,-1.0028039309991141,1.7279038324066063,-0.5738091541336192,1.0959875190286648,-1.0959875190286648,1.7288236672481017,-0.5776581893550843,-0.5765804684883443,-0.5767344287272242,0
0.2221576906458654,-0.4693113027136664,1.378685672134612,-1.2258476714090278,0.8077365626180215,0.646091668153197,-1.0306701134001208,1.073084455606475,-0.009816137054176019,-1.6267953466598024,0.9972039090469852,-0.5787359118286177,-0.5738091541336192,-0.9124191495230389,0.9124191495230393,-0.5784279906300535,1.731127539482183,-0.5765804684883443,-0.5767344287272242,0
0.1497302606689167,0.2935174228967471,-1.0417596792253108,1.2803371396376138,0.8077365626180215,-1.5477679860172513,0.9702425509371355,0.9856902938787961,-0.009816137054176019,-0.23688309856121267,-1.0028039309991141,-0.5787359118286177,1.7427397119690018,1.0959875190286648,-1.0959875190286648,1.7288236672481017,-0.5776581893550843,-0.5765804684883443,-0.5767344287272242,1
1.0602465232362719,0.7702853764032556,-1.3875375865624426,0.8762815454863341,-0.9115834940401767,0.646091668153197,-1.0306701134001208,1.6928966078456975,-0.009816137054176019,-0.5511626196280912,-1.0028039309991141,1.7279038324066063,-0.5738091541336192,1.0959875190286648,-1.0959875190286648,1.7288236672481017,-0.5776581893550843,-0.5765804684883443,-0.5767344287272242,0
-0.398648852013695,0.6749317857019538,1.378685672134612,1.3617295296508363,-0.9115834940401767,0.646091668153197,0.9702425509371355,-0.054414354692621326,-0.721130416342303,1.2194262314529147,-1.0028039309991141,1.7279038324066063,-0.5738091541336192,-0.9124191495230389,0.9124191495230393,-0.5784279906300535,-0.5776581893550843,1.7343632929879855,-0.5767344287272242,1
0.11868993353593868,-1.80426157253189,1.378685672134612,0.4491257588393846,0.8077365626180215,-1.5477679860172513,-1.0306701134001208,-0.46920236283184186,1.4128124215220779,1.4938675033704707,-1.0028039309991141,-0.5787359118286177,1.7427397119690018,-0.9124191495230389,0.9124191495230393,1.7288236672481017,-0.5776581893550843,-0.5765804684883443,-0.5767344287272242,0
-1.1539634789161601,-0.08789693990845966,1.03290776479748,0.46398240790948053,-0.9115834940401767,-1.5477679860172513,-1.0306701134001208,-0.3393428701096942,-0.721130416342303,0.09067583888877341,-1.0028039309991141,1.7279038324066063,-0.5738091541336192,1.0959875190286648,-1.0959875190286648,-0.5784279906300535,-0.5776581893550843,1.7343632929879855,-0.5767344287272242,1
-0.781479553320424,0.7702853764032556,1.378685672134612,0.5037328432241638,0.8077365626180215,0.646091668153197,0.9702425509371355,-0.6370992513930039,1.4128124215220779,-1.65778065155372,-1.0028039309991141,1.7279038324066063,-0.5738091541336192,-0.9124191495230389,0.9124191495230393,1.7288236672481017,-0.5776581893550843,-0.5765804684883443,-0.5767344287272242,1
0.1497302606689167,0.1981638321954454,1.03290776479748,0.31511957596629525,-0.9115834940401767,0.646091668153197,-1.0306701134001208,0.6424841073992796,-0.009816137054176019,-1.4453099894239991,0.9972039090469852,-0.5787359118286177,-0.5738091541336192,1.0959875190286648,-1.0959875190286648,-0.5784279906300535,-0.5776581893550843,1.7343632929879855,-0.5767344287272242,0
-1.505753853089911,-0.5646648934149681,-0.695981771888179,0.48114792227730785,2.52705661927622,0.646091668153197,-1.0306701134001208,-0.9502125548141859,1.4128124215220779,0.33855827804011424,-1.0028039309991141,1.7279038324066063,-0.5738091541336192,1.0959875190286648,-1.0959875190286648,-0.5784279906300535,1.731127539482183,-0.5765804684883443,-0.5767344287272242,1
1.2878755888781108,2.5820035997279875,1.378685672134612,-1.2258476714090278,0.8077365626180215,0.646091668153197,0.9702425509371355,-0.5645843359521121,-0.009816137054176019,0.9715437923015738,0.9972039090469852,-0.5787359118286177,-0.5738091541336192,1.0959875190286648,-1.0959875190286648,-0.5784279906300535,-0.5776581893550843,1.7343632929879855,-0.5767344287272242,0
-0.5952375905225558,-0.6600184841162697,1.7244635794717436,1.3150488122079287,-0.9115834940401767,0.646091668153197,-1.0306701134001208,1.1608954316825528,1.4128124215220779,-0.09966246260243472,-1.0028039309991141,-0.5787359118286177,1.7427397119690018,-0.9124191495230389,0.9124191495230393,-0.5784279906300535,-0.5776581893550843,-0.5765804684883443,1.733900301750437,0
-0.0468584778399441,-0.27860412131106305,0.3413519501232164,0.768654220761815,-0.9115834940401767,0.646091668153197,-1.0306701134001208,-0.20186751672137365,-0.721130416342303,0.06411700612255833,0.9972039090469852,-0.5787359118286177,-0.5738091541336192,-0.9124191495230389,0.9124191495230393,-0.5784279906300535,-0.5776581893550843,-0.5765804684883443,1.733900301750437,0
-1.2574312360260869,-0.8507256655188732,-1.0417596792253108,0.6380295975803008,-0.9115834940401767,0.646091668153197,-1.0306701134001208,-0.43133016250011924,0.7014981422339509,1.7284705261387039,0.9972039090469852,-0.5787359118286177,-0.5738091541336192,-0.9124191495230389,0.9124191495230393,-0.5784279906300535,-0.5776581893550843,1.7343632929879855,-0.5767344287272242,0
-0.23310044063781224,-0.08789693990845966,1.7244635794717436,0.5936433210371794,-0.9115834940401767,0.646091668153197,-1.0306701134001208,-0.9398017600546413,1.4128124215220779,-0.5113243704787686,-1.0028039309991141,1.7279038324066063,-0.5738091541336192,-0.9124191495230389,0.9124191495230393,-0.5784279906300535,-0.5776581893550843,1.7343632929879855,-0.5767344287272242,1
-1.1643102546271529,0.0074566507928420294,0.6871298574603482,0.505963175688639,0.8077365626180215,0.646091668153197,-1.0306701134001208,-1.2669448570751147,1.4128124215220779,-0.32098606898756044,-1.0028039309991141,1.7279038324066063,-0.5738091541336192,-0.9124191495230389,0.9124191495230393,-0.5784279906300535,-0.5776581893550843,-0.5765804684883443,1.733900301750437,0
-2.4576572185012373,-0.3739577120123647,-1.0417596792253108,-1.2258476714090278,0.8077365626180215,0.646091668153197,0.9702425509371355,-0.6802124965560723,-1.43244469563043,-0.29000076409364284,-1.0028039309991141,-0.5787359118286177,1.7427397119690018,-0.9124191495230389,0.9124191495230393,-0.5784279906300535,1.731127539482183,-0.5765804684883443,-0.5767344287272242,0
-0.5538504876785851,-0.3739577120123647,1.378685672134612,-1.2258476714090278,2.52705661927622,-1.5477679860172513,0.9702425509371355,-0.4679180112351491,-0.009816137054176019,-0.024412436431491966,-1.0028039309991141,-0.5787359118286177,1.7427397119690018,-0.9124191495230389,0.9124191495230393,1.7288236672481017,-0.5776581893550843,-0.5765804684883443,-0.5767344287272242,1
0.35666577488877016,0.38887101359804876,-0.35020386455104724,0.33506739642662664,0.8077365626180215,0.646091668153197,-1.0306701134001208,-0.9761039075070599,-1.43244469563043,0.36511711080632936,-1.0028039309991141,-0.5787359118286177,1.7427397119690018,-0.9124191495230389,0.9124191495230393,-0.5784279906300535,-0.5776581893550843,1.7343632929879855,-0.5767344287272242,0
-0.10893913210590014,-0.4693113027136664,-1.3875375865624426,0.9782487364572306,-0.9115834940401767,-1.5477679860172513,-1.0306701134001208,-1.309893950070937,-1.43244469563043,1.7151911097555963,-1.0028039309991141,-0.5787359118286177,1.7427397119690018,-0.9124191495230389,0.9124191495230393,-0.5784279906300535,1.731127539482183,-0.5765804684883443,-0.5767344287272242,0
1.7120933930288105,2.6773571904292894,0.3413519501232164,1.2080127275280668,-0.9115834940401767,0.646091668153197,0.9702425509371355,-0.4743011656369089,1.4128124215220779,-0.6529714785652491,-1.0028039309991141,-0.5787359118286177,1.7427397119690018,-0.9124191495230389,0.9124191495230393,-0.5784279906300535,1.731127539482183,-0.5765804684883443,-0.5767344287272242,0
0.08764960640296066,-0.6600184841162697,1.378685672134612,0.3027719707831898,-0.9115834940401767,-1.5477679860172513,0.9702425509371355,1.5208593982017766,-0.721130416342303,1.060073234855624,0.9972039090469852,-0.5787359118286177,-0.5738091541336192,-0.9124191495230389,0.9124191495230393,-0.5784279906300535,-0.5776581893550843,-0.5765804684883443,1.733900301750437,0
-1.4022860959799843,2.0098820555201775,1.378685672134612,0.5966807787022221,-0.9115834940401767,0.646091668153197,-1.0306701134001208,-1.4200901346151233,-1.43244469563043,1.0777791233664342,-1.0028039309991141,1.7279038324066063,-0.5738091541336192,-0.9124191495230389,0.9124191495230393,-0.5784279906300535,1.731127539482183,-0.5765804684883443,-0.5767344287272242,1
-0.7297456747654606,-0.3739577120123647,1.378685672134612,0.7191251655380325,-0.9115834940401767,-1.5477679860172513,0.9702425509371355,-1.1201783866866735,-0.721130416342303,-1.6445012351706123,-1.0028039309991141,1.7279038324066063,-0.5738091541336192,-0.9124191495230389,0.9124191495230393,-0.5784279906300535,-0.5776581893550843,-0.5765804684883443,1.733900301750437,0
-0.9780682918292848,-0.08789693990845966,-1.0417596792253108,0.6246929595114326,-0.9115834940401767,0.646091668153197,-1.0306701134001208,0.879699291390231,-0.009816137054176019,-1.1354569404848232,-1.0028039309991141,-0.5787359118286177,1.7427397119690018,-0.9124191495230389,0.9124191495230393,-0.5784279906300535,-0.5776581893550843,-0.5765804684883443,1.733900301750437,0
-1.4850603016679258,-0.27860412131106305,1.378685672134612,0.6687861002340937,2.52705661927622,0.646091668153197,-1.0306701134001208,0.33073514497832124,-0.009816137054176019,-0.7060891440976792,-1.0028039309991141,1.7279038324066063,-0.5738091541336192,-0.9124191495230389,0.9124191495230393,-0.5784279906300535,1.731127539482183,-0.5765804684883443,-0.5767344287272242,1
-0.27448754348178295,-0.3739577120123647,0.6871298574603482,0.6918992746879135,0.8077365626180215,0.646091668153197,0.9702425509371355,-1.6605659301400022,-1.43244469563043,1.0290879299617066,-1.0028039309991141,-0.5787359118286177,1.7427397119690018,1.0959875190286648,-1.0959875190286648,1.7288236672481017,-0.5776581893550843,-0.5765804684883443,-0.5767344287272242,0
-1.1850038060491381,1.3424069206110656,-1.0417596792253108,1.080837298437381,-0.9115834940401767,0.646091668153197,-1.0306701134001208,-1.7053473021467036,-1.43244469563043,-0.15278012813486488,-1.0028039309991141,-0.5787359118286177,1.7427397119690018,-0.9124191495230389,0.9124191495230393,1.7288236672481017,-0.5776581893550843,-0.5765804684883443,-0.5767344287272242,1
0.6981093733515285,-1.0414328469214764,0.3413519501232164,-1.2258476714090278,0.8077365626180215,0.646091668153197,-1.0306701134001208,0.8135551841605537,0.7014981422339509,-1.2726775764436011,-1.0028039309991141,-0.5787359118286177,1.7427397119690018,-0.9124191495230389,0.9124191495230393,1.7288236672481017,-0.5776581893550843,-0.5765804684883443,-0.5767344287272242,0
-1.7230361430207572,1.533114102013669,1.03290776479748,1.1677943006356117,2.52705661927622,-1.5477679860172513,-1.0306701134001208,0.6508647363192105,1.4128124215220779,0.6793966318732079,-1.0028039309991141,1.7279038324066063,-0.5738091541336192,1.0959875190286648,-1.0959875190286648,-0.5784279906300535,-0.5776581893550843,1.7343632929879855,-0.5767344287272242,1
-0.38830207630270236,0.2935174228967471,0.6871298574603482,0.6184888656841951,-0.9115834940401767,0.646091668153197,0.9702425509371355,-0.361110942940562,-1.43244469563043,-0.07753010196392214,0.9972039090469852,-0.5787359118286177,-0.5738091541336192,-0.9124191495230389,0.9124191495230393,-0.5784279906300535,-0.5776581893550843,-0.5765804684883443,1.733900301750437,0
-1.350552217425021,0.0074566507928420294,0.3413519501232164,1.1084053680609733,-0.9115834940401767,-1.5477679860172513,-1.0306701134001208,0.07005489557159465,-0.009816137054176019,-0.6175597015436289,0.9972039090469852,-0.5787359118286177,-0.5738091541336192,1.0959875190286648,-1.0959875190286648,-0.5784279906300535,-0.5776581893550843,1.7343632929879855,-0.5767344287272242,0
0.36701255059976284,-0.3739577120123647,-0.35020386455104724,-1.2258476714090278,0.8077365626180215,0.646091668153197,0.9702425509371355,1.0361463923959862,-0.721130416342303,0.07739642250566588,-1.0028039309991141,-0.5787359118286177,1.7427397119690018,1.0959875190286648,-1.0959875190286648,-0.5784279906300535,1.731127539482183,-0.5765804684883443,-0.5767344287272242,0
0.6981093733515285,-0.7553720748175714,-1.3875375865624426,1.2209111844415832,-0.9115834940401767,-1.5477679860172513,0.9702425509371355,-1.442619324009588,0.7014981422339509,0.9361320152799537,0.9972039090469852,-0.5787359118286177,-0.5738091541336192,1.0959875190286648,-1.0959875190286648,-0.5784279906300535,1.731127539482183,-0.5765804684883443,-0.5767344287272242,0
-0.5228101605456071,0.10281024149414371,-1.3875375865624426,1.0361670215258316,-0.9115834940401767,0.646091668153197,0.9702425509371355,-0.5614284062028057,1.4128124215220779,1.0822055954941368,0.9972039090469852,-0.5787359118286177,-0.5738091541336192,-0.9124191495230389,0.9124191495230393,-0.5784279906300535,-0.5776581893550843,-0.5765804684883443,1.733900301750437,0
-0.6469714690775192,0.9609925578058589,0.3413519501232164,0.8997277632615955,2.52705661927622,0.646091668153197,-1.0306701134001208,-1.109371296599636,-0.009816137054176019,1.5602645852860084,-1.0028039309991141,1.7279038324066063,-0.5738091541336192,-0.9124191495230389,0.9124191495230393,-0.5784279906300535,-0.5776581893550843,1.7343632929879855,-0.5767344287272242,1
0.522214186264653,-0.3739577120123647,1.7244635794717436,1.3335838430250904,0.8077365626180215,0.646091668153197,0.9702425509371355,-0.5028307775262388,-0.009816137054176019,0.6439848548515877,-1.0028039309991141,-0.5787359118286177,1.7427397119690018,-0.9124191495230389,0.9124191495230393,1.7288236672481017,-0.5776581893550843,-0.5765804684883443,-0.5767344287272242,0
0.09799638211395333,-0.18325053060976135,-1.0417596792253108,0.9089646668923151,-0.9115834940401767,-1.5477679860172513,-1.0306701134001208,-0.4983054639664862,0.7014981422339509,0.413808304211057,-1.0028039309991141,1.7279038324066063,-0.5738091541336192,1.0959875190286648,-1.0959875190286648,1.7288236672481017,-0.5776581893550843,-0.5765804684883443,-0.5767344287272242,0
1.5258514302309423,-0.18325053060976135,1.03290776479748,-1.2258476714090278,2.52705661927622,-1.5477679860172513,-1.0306701134001208,0.18594128283695338,0.7014981422339509,1.1220438446434593,0.9972039090469852,-0.5787359118286177,-0.5738091541336192,-0.9124191495230389,0.9124191495230393,-0.5784279906300535,-0.5776581893550843,-0.5765804684883443,1.733900301750437,0
0.7808835790394698,1.6284676927149706,-1.0417596792253108,0.4645914380449366,-0.9115834940401767,0.646091668153197,0.9702425509371355,-0.9397979344744726,-1.43244469563043,0.6218524942130752,-1.0028039309991141,-0.5787359118286177,1.7427397119690018,1.0959875190286648,-1.0959875190286648,-0.5784279906300535,-0.5776581893550843,1.7343632929879855,-0.5767344287272242,0
-0.12963268352788548,0.8656389671045572,1.7244635794717436,0.9912308548788286,-0.9115834940401767,0.646091668153197,0.9702425509371355,-0.9113766560599246,-0.009816137054176019,1.2681174248576423,0.9972039090469852,-0.5787359118286177,-0.5738091541336192,1.0959875190286648,-1.0959875190286648,-0.5784279906300535,-0.5776581893550843,-0.5765804684883443,1.733900301750437,0
-1.5781812830668598,0.48422460429935044,-1.0417596792253108,0.7086671564857233,0.8077365626180215,0.646091668153197,0.9702425509371355,-0.03329123990022261,-0.009816137054176019,-0.22360368217810514,-1.0028039309991141,1.7279038324066063,-0.5738091541336192,1.0959875190286648,-1.0959875190286648,-0.5784279906300535,-0.5776581893550843,1.7343632929879855,-0.5767344287272242,0
0.35666577488877016,-1.518200800427985,1.03290776479748,-1.2258476714090278,0.8077365626180215,0.646091668153197,0.9702425509371355,0.2112553207043442,-0.721130416342303,-0.28114781983823783,0.9972039090469852,-0.5787359118286177,-0.5738091541336192,-0.9124191495230389,0.9124191495230393,-0.5784279906300535,-0.5776581893550843,-0.5765804684883443,1.733900301750437,0
-1.4333264231129623,0.0074566507928420294,-0.695981771888179,-1.2258476714090278,-0.9115834940401767,0.646091668153197,-1.0306701134001208,0.6049276913214962,-0.009816137054176019,-0.927412750482805,-1.0028039309991141,-0.5787359118286177,1.7427397119690018,-0.9124191495230389,0.9124191495230393,-0.5784279906300535,-0.5776581893550843,-0.5765804684883443,1.733900301750437,0
-1.3402054417140283,-0.08789693990845966,0.3413519501232164,-1.2258476714090278,0.8077365626180215,0.646091668153197,-1.0306701134001208,-0.8457345692824072,0.7014981422339509,-0.15278012813486488,0.9972039090469852,-0.5787359118286177,-0.5738091541336192,-0.9124191495230389,0.9124191495230393,-0.5784279906300535,-0.5776581893550843,-0.5765804684883443,1.733900301750437,0
0.07730283069196799,0.48422460429935044,0.3413519501232164,1.153874916889765,-0.9115834940401767,0.646091668153197,-1.0306701134001208,0.529301883643286,0.7014981422339509,1.4761616148596606,0.9972039090469852,-0.5787359118286177,-0.5738091541336192,1.0959875190286648,-1.0959875190286648,-0.5784279906300535,-0.5776581893550843,-0.5765804684883443,1.733900301750437,0
2.063883767202561,2.2959428276240823,1.03290776479748,1.4960774104841341,-0.9115834940401767,-1.5477679860172513,-1.0306701134001208,1.4609720273382794,-1.43244469563043,1.5868234180522234,0.9972039090469852,-0.5787359118286177,-0.5738091541336192,-0.9124191495230389,0.9124191495230393,-0.5784279906300535,-0.5776581893550843,-0.5765804684883443,1.733900301750437,1
1.184407831768184,0.48422460429935044,0.3413519501232164,-1.2258476714090278,0.8077365626180215,0.646091668153197,0.9702425509371355,1.040031442947477,1.4128124215220779,1.197293870814402,0.9972039090469852,-0.5787359118286177,-0.5738091541336192,-0.9124191495230389,0.9124191495230393,-0.5784279906300535,-0.5776581893550843,-0.5765804684883443,1.733900301750437,0
0.6463754947965651,-0.08789693990845966,0.6871298574603482,1.0917719537062287,-0.9115834940401767,0.646091668153197,0.9702425509371355,-0.7563498886368644,-1.43244469563043,0.21904353059214635,-1.0028039309991141,1.7279038324066063,-0.5738091541336192,1.0959875190286648,-1.0959875190286648,-0.5784279906300535,-0.5776581893550843,-0.5765804684883443,1.733900301750437,1
1.2051013831901694,0.48422460429935044,-1.0417596792253108,1.2184346755855133,-0.9115834940401767,0.646091668153197,0.9702425509371355,0.6403483903250065,0.7014981422339509,0.7546466580441507,0.9972039090469852,-0.5787359118286177,-0.5738091541336192,1.0959875190286648,-1.0959875190286648,-0.5784279906300535,1.731127539482183,-0.5765804684883443,-0.5767344287272242,0
-0.5538504876785851,0.10281024149414371,1.378685672134612,0.4851425188815459,0.8077365626180215,0.646091668153197,-1.0306701134001208,0.8881901665750281,-0.009816137054176019,0.4182347763387595,-1.0028039309991141,1.7279038324066063,-0.5738091541336192,1.0959875190286648,-1.0959875190286648,-0.5784279906300535,-0.5776581893550843,1.7343632929879855,-0.5767344287272242,0
0.035915727847997285,-0.6600184841162697,1.378685672134612,0.7207352488908721,-0.9115834940401767,0.646091668153197,-1.0306701134001208,1.5646325559439744,-0.721130416342303,-1.3789129075084614,0.9972039090469852,-0.5787359118286177,-0.5738091541336192,-0.9124191495230389,0.9124191495230393,-0.5784279906300535,1.731127539482183,-0.5765804684883443,-0.5767344287272242,1
-1.7540764701537352,-0.4693113027136664,-0.004425957213915414,-1.2258476714090278,0.8077365626180215,0.646091668153197,0.9702425509371355,0.43756325396383716,0.7014981422339509,1.0689261791110292,0.9972039090469852,-0.5787359118286177,-0.5738091541336192,1.0959875190286648,-1.0959875190286648,-0.5784279906300535,-0.5776581893550843,1.7343632929879855,-0.5767344287272242,0
1.4844643273869715,-1.6135543911292867,-0.35020386455104724,0.6082985093493103,-0.9115834940401767,0.646091668153197,0.9702425509371355,0.13324895882105364,0.7014981422339509,-1.684339484319935,-1.0028039309991141,-0.5787359118286177,1.7427397119690018,1.0959875190286648,-1.0959875190286648,-0.5784279906300535,-0.5776581893550843,-0.5765804684883443,1.733900301750437,0
-0.41934240343568036,-1.3274936190253817,-1.0417596792253108,-1.2258476714090278,0.8077365626180215,0.646091668153197,-1.0306701134001208,0.4109645167197382,-0.009816137054176019,1.4009115886887178,0.9972039090469852,-0.5787359118286177,-0.5738091541336192,1.0959875190286648,-1.0959875190286648,-0.5784279906300535,-0.5776581893550843,-0.5765804684883443,1.733900301750437,0
0.9981658689703159,0.10281024149414371,-0.695981771888179,-1.2258476714090278,-0.9115834940401767,-1.5477679860172513,-1.0306701134001208,-0.7350747939777573,-0.721130416342303,1.427470421454933,0.9972039090469852,-0.5787359118286177,-0.5738091541336192,1.0959875190286648,-1.0959875190286648,1.7288236672481017,-0.5776581893550843,-0.5765804684883443,-0.5767344287272242,1
-0.2434472163488049,-0.8507256655188732,-0.35020386455104724,0.0542538583175162,0.8077365626180215,0.646091668153197,-1.0306701134001208,0.5170906317442672,0.7014981422339509,-0.9318392226105074,-1.0028039309991141,1.7279038324066063,-0.5738091541336192,1.0959875190286648,-1.0959875190286648,1.7288236672481017,-0.5776581893550843,-0.5765804684883443,-0.5767344287272242,0
1.4223836731210155,1.7238212834162723,1.03290776479748,0.2761603990144399,-0.9115834940401767,0.646091668153197,0.9702425509371355,1.3921677507711792,-1.43244469563043,0.39610241570024696,-1.0028039309991141,1.7279038324066063,-0.5738091541336192,1.0959875190286648,-1.0959875190286648,-0.5784279906300535,1.731127539482183,-0.5765804684883443,-0.5767344287272242,1
-0.5952375905225558,0.48422460429935044,-0.004425957213915414,-1.2258476714090278,-0.9115834940401767,0.646091668153197,-1.0306701134001208,0.48613977538806064,-0.721130416342303,-0.16605954451797245,-1.0028039309991141,-0.5787359118286177,1.7427397119690018,-0.9124191495230389,0.9124191495230393,-0.5784279906300535,-0.5776581893550843,-0.5765804684883443,1.733900301750437,0
1.505157878808957,0.10281024149414371,-1.0417596792253108,0.5888758972452653,0.8077365626180215,0.646091668153197,0.9702425509371355,-0.933357222480172,-1.43244469563043,-1.6533541794260174,-1.0028039309991141,1.7279038324066063,-0.5738091541336192,-0.9124191495230389,0.9124191495230393,-0.5784279906300535,-0.5776581893550843,1.7343632929879855,-0.5767344287272242,0
-2.147253947171457,-0.27860412131106305,0.3413519501232164,-0.09693001952610968,0.8077365626180215,-1.5477679860172513,0.9702425509371355,-0.750384244143534,0.7014981422339509,1.1131909003880542,-1.0028039309991141,-0.5787359118286177,1.7427397119690018,-0.9124191495230389,0.9124191495230393,-0.5784279906300535,1.731127539482183,-0.5765804684883443,-0.5767344287272242,0
1.029206196103294,-0.18325053060976135,-1.0417596792253108,0.5983107356700084,-0.9115834940401767,-1.5477679860172513,-1.0306701134001208,-0.20443378545465174,1.4128124215220779,1.7328969982664064,-1.0028039309991141,-0.5787359118286177,1.7427397119690018,1.0959875190286648,-1.0959875190286648,1.7288236672481017,-0.5776581893550843,-0.5765804684883443,-0.5767344287272242,0
1.029206196103294,-0.27860412131106305,1.03290776479748,0.5842551214991254,-0.9115834940401767,-1.5477679860172513,0.9702425509371355,-1.5690865704619978,-0.009816137054176019,-0.7060891440976792,-1.0028039309991141,-0.5787359118286177,1.7427397119690018,1.0959875190286648,-1.0959875190286648,-0.5784279906300535,1.731127539482183,-0.5765804684883443,-0.5767344287272242,0
-0.8228666561643946,0.1981638321954454,1.03290776479748,-1.2258476714090278,-0.9115834940401767,0.646091668153197,0.9702425509371355,-0.6321609490650216,0.7014981422339509,0.32970533378470923,0.9972039090469852,-0.5787359118286177,-0.5738091541336192,-0.9124191495230389,0.9124191495230393,-0.5784279906300535,-0.5776581893550843,-0.5765804684883443,1.733900301750437,0
1.6810530658958325,2.200589236922781,1.7244635794717436,-0.18940739908898416,0.8077365626180215,-1.5477679860172513,0.9702425509371355,0.7018878901514313,0.7014981422339509,0.37397005506173436,0.9972039090469852,-0.5787359118286177,-0.5738091541336192,1.0959875190286648,-1.0959875190286648,-0.5784279906300535,-0.5776581893550843,-0.5765804684883443,1.733900301750437,0
0.21181091493487275,0.5795781950006521,-1.0417596792253108,0.47906568029840146,-0.9115834940401767,-1.5477679860172513,0.9702425509371355,1.0115943405422305,-0.009816137054176019,-1.6046629860212898,0.9972039090469852,-0.5787359118286177,-0.5738091541336192,-0.9124191495230389,0.9124191495230393,1.7288236672481017,-0.5776581893550843,-0.5765804684883443,-0.5767344287272242,0
-1.0504957218062334,-1.3274936190253817,0.3413519501232164,1.8811387971503362,-0.9115834940401767,-1.5477679860172513,0.9702425509371355,-1.3648649287474193,-0.009816137054176019,0.57758777293605,-1.0028039309991141,-0.5787359118286177,1.7427397119690018,-0.9124191495230389,0.9124191495230393,-0.5784279906300535,-0.5776581893550843,1.7343632929879855,-0.5767344287272242,0
0.8533110090164185,0.0074566507928420294,-1.3875375865624426,-1.2258476714090278,0.8077365626180215,0.646091668153197,0.9702425509371355,0.7260093903461818,1.4128124215220779,-1.0602069143138804,0.9972039090469852,-0.5787359118286177,-0.5738091541336192,-0.9124191495230389,0.9124191495230393,-0.5784279906300535,-0.5776581893550843,-0.5765804684883443,1.733900301750437,0
-1.2781247874480723,-1.0414328469214764,0.3413519501232164,0.8319742825897336,0.8077365626180215,0.646091668153197,-1.0306701134001208,-0.3507408384428137,1.4128124215220779,1.2194262314529147,-1.0028039309991141,-0.5787359118286177,1.7427397119690018,-0.9124191495230389,0.9124191495230393,-0.5784279906300535,-0.5776581893550843,-0.5765804684883443,1.733900301750437,0
0.10834315782494601,0.8656389671045572,-0.695981771888179,0.7025427173893601,-0.9115834940401767,-1.5477679860172513,-1.0306701134001208,-0.06306972982467955,1.4128124215220779,0.5333230516590249,0.9972039090469852,-0.5787359118286177,-0.5738091541336192,-0.9124191495230389,0.9124191495230393,-0.5784279906300535,-0.5776581893550843,1.7343632929879855,-0.5767344287272242,0
-2.240374928570391,-0.5646648934149681,-0.695981771888179,-1.2258476714090278,-0.9115834940401767,0.646091668153197,0.9702425509371355,-1.6928284388241064,1.4128124215220779,-0.22360368217810514,-1.0028039309991141,-0.5787359118286177,1.7427397119690018,-0.9124191495230389,0.9124191495230393,-0.5784279906300535,-0.5776581893550843,1.7343632929879855,-0.5767344287272242,0
0.17042381209090204,1.6284676927149706,1.03290776479748,0.977303457578568,-0.9115834940401767,0.646091668153197,-1.0306701134001208,0.5348256736271122,-0.009816137054176019,-1.6445012351706123,-1.0028039309991141,1.7279038324066063,-0.5738091541336192,1.0959875190286648,-1.0959875190286648,-0.5784279906300535,-0.5776581893550843,1.7343632929879855,-0.5767344287272242,1
1.3292626917220816,-1.23214002832408,-0.35020386455104724,1.567967968757713,0.8077365626180215,-1.5477679860172513,0.9702425509371355,-1.074536433031985,-0.721130416342303,0.08182289463336839,-1.0028039309991141,-0.5787359118286177,1.7427397119690018,1.0959875190286648,-1.0959875190286648,-0.5784279906300535,-0.5776581893550843,1.7343632929879855,-0.5767344287272242,0
-1.2884715631590649,-0.6600184841162697,0.6871298574603482,0.7861963721870954,-0.9115834940401767,-1.5477679860172513,-1.0306701134001208,-0.23134030801233665,-0.009816137054176019,0.2898670846353866,0.9972039090469852,-0.5787359118286177,-0.5738091541336192,-0.9124191495230389,0.9124191495230393,-0.5784279906300535,-0.5776581893550843,1.7343632929879855,-0.5767344287272242,0
1.2257949346121548,-0.9460792562201749,-0.35020386455104724,1.1056378069085908,-0.9115834940401767,0.646091668153197,-1.0306701134001208,1.5353188740100345,-0.009816137054176019,-1.0115157209091528,0.9972039090469852,-0.5787359118286177,-0.5738091541336192,-0.9124191495230389,0.9124191495230393,-0.5784279906300535,-0.5776581893550843,1.7343632929879855,-0.5767344287272242,0
-0.20206011350483422,-0.08789693990845966,0.6871298574603482,-1.2258476714090278,0.8077365626180215,0.646091668153197,-1.0306701134001208,1.4174750069282709,-0.009816137054176019,-1.401045268146974,-1.0028039309991141,-0.5787359118286177,1.7427397119690018,-0.9124191495230389,0.9124191495230393,1.7288236672481017,-0.5776581893550843,-0.5765804684883443,-0.5767344287272242,0
-0.6159311419445411,-0.9460792562201749,-1.3875375865624426,0.33745639726849713,-0.9115834940401767,0.646091668153197,0.9702425509371355,1.6739683327301818,-0.721130416342303,1.0777791233664342,-1.0028039309991141,-0.5787359118286177,1.7427397119690018,-0.9124191495230389,0.9124191495230393,-0.5784279906300535,-0.5776581893550843,1.7343632929879855,-0.5767344287272242,0
-1.2263909088931089,-1.4228472097266833,1.03290776479748,1.0621062560792554,-0.9115834940401767,-1.5477679860172513,-1.0306701134001208,-1.145218026121952,-1.43244469563043,0.4093818320833545,-1.0028039309991141,1.7279038324066063,-0.5738091541336192,-0.9124191495230389,0.9124191495230393,1.7288236672481017,-0.5776581893550843,-0.5765804684883443,-0.5767344287272242,0
0.25319801777884343,0.2935174228967471,-1.0417596792253108,0.2585292971351653,0.8077365626180215,0.646091668153197,-1.0306701134001208,-1.591494558521112,-1.43244469563043,1.5646910574137107,-1.0028039309991141,1.7279038324066063,-0.5738091541336192,-0.9124191495230389,0.9124191495230393,1.7288236672481017,-0.5776581893550843,-0.5765804684883443,-0.5767344287272242,0
0.9671255418373379,-0.8507256655188732,-1.3875375865624426,0.7621113138539581,-0.9115834940401767,0.646091668153197,0.9702425509371355,0.7324368866998989,1.4128124215220779,-1.2062804945280634,-1.0028039309991141,-0.5787359118286177,1.7427397119690018,1.0959875190286648,-1.0959875190286648,1.7288236672481017,-0.5776581893550843,-0.5765804684883443,-0.5767344287272242,0
0.44978675628770426,-0.7553720748175714,1.7244635794717436,-1.2258476714090278,0.8077365626180215,0.646091668153197,-1.0306701134001208,1.058990670484359,-0.009816137054176019,0.2942935567630891,0.9972039090469852,-0.5787359118286177,-0.5738091541336192,1.0959875190286648,-1.0959875190286648,-0.5784279906300535,-0.5776581893550843,-0.5765804684883443,1.733900301750437,0
0.6774158219295431,2.5820035997279875,-0.004425957213915414,0.7200340628796563,-0.9115834940401767,-1.5477679860172513,-1.0306701134001208,-1.565355064787285,-1.43244469563043,-0.9672509996321276,-1.0028039309991141,1.7279038324066063,-0.5738091541336192,-0.9124191495230389,0.9124191495230393,-0.5784279906300535,1.731127539482183,-0.5765804684883443,-0.5767344287272242,1
0.522214186264653,0.1981638321954454,-1.7333154938995745,1.1917605980923351,-0.9115834940401767,-1.5477679860172513,0.9702425509371355,0.47877344688290246,0.7014981422339509,-0.9185598062274,-1.0028039309991141,1.7279038324066063,-0.5738091541336192,-0.9124191495230389,0.9124191495230393,-0.5784279906300535,1.731127539482183,-0.5765804684883443,-0.5767344287272242,0
-1.381592544557999,-0.18325053060976135,-0.004425957213915414,0.5901654384215492,-0.9115834940401767,-1.5477679860172513,0.9702425509371355,-1.192417338685384,-0.721130416342303,0.5377495237867274,0.9972039090469852,-0.5787359118286177,-0.5738091541336192,-0.9124191495230389,0.9124191495230393,1.7288236672481017,-0.5776581893550843,-0.5765804684883443,-0.5767344287272242,0
-1.2056973574711236,-0.9460792562201749,0.6871298574603482,1.576522758636722,-0.9115834940401767,0.646091668153197,0.9702425509371355,-0.3636375647520901,-1.43244469563043,-1.1708687175064434,0.9972039090469852,-0.5787359118286177,-0.5738091541336192,-0.9124191495230389,0.9124191495230393,1.7288236672481017,-0.5776581893550843,-0.5765804684883443,-0.5767344287272242,0
1.0705932989472646,-0.3739577120123647,-0.35020386455104724,-1.2258476714090278,0.8077365626180215,0.646091668153197,-1.0306701134001208,-0.9609080075162955,-1.43244469563043,1.7063381655001912,0.9972039090469852,-0.5787359118286177,-0.5738091541336192,1.0959875190286648,-1.0959875190286648,-0.5784279906300535,1.731127539482183,-0.5765804684883443,-0.5767344287272242,0
-0.026164926417958756,1.0563461485071606,1.378685672134612,0.4175010677003906,-0.9115834940401767,0.646091668153197,0.9702425509371355,1.555497418280739,1.4128124215220779,-1.2151334387834685,0.9972039090469852,-0.5787359118286177,-0.5738091541336192,1.0959875190286648,-1.0959875190286648,1.7288236672481017,-0.5776581893550843,-0.5765804684883443,-0.5767344287272242,0
-0.7400924504764532,-0.5646648934149681,0.3413519501232164,-1.2258476714090278,-0.9115834940401767,0.646091668153197,-1.0306701134001208,-0.08863521264316952,0.7014981422339509,-1.5072805992118343,-1.0028039309991141,-0.5787359118286177,1.7427397119690018,-0.9124191495230389,0.9124191495230393,-0.5784279906300535,-0.5776581893550843,1.7343632929879855,-0.5767344287272242,1
-0.4917698334126291,-0.08789693990845966,1.03290776479748,-0.27446615051765155,-0.9115834940401767,0.646091668153197,0.9702425509371355,1.5887777051797691,-1.43244469563043,-0.10408893473013724,0.9972039090469852,-0.5787359118286177,-0.5738091541336192,-0.9124191495230389,0.9124191495230393,-0.5784279906300535,1.731127539482183,-0.5765804684883443,-0.5767344287272242,0
0.522214186264653,0.48422460429935044,0.6871298574603482,-1.2258476714090278,0.8077365626180215,0.646091668153197,-1.0306701134001208,-1.3331183517160887,-0.009816137054176019,-0.5511626196280912,0.9972039090469852,-0.5787359118286177,-0.5738091541336192,-0.9124191495230389,0.9124191495230393,-0.5784279906300535,-0.5776581893550843,-0.5765804684883443,1.733900301750437,0
1.4016901216990303,-0.18325053060976135,0.6871298574603482,1.4329891006498652,0.8077365626180215,0.646091668153197,0.9702425509371355,-0.5757943291869342,-1.43244469563043,-0.17048601664567495,0.9972039090469852,-0.5787359118286177,-0.5738091541336192,-0.9124191495230389,0.9124191495230393,-0.5784279906300535,1.731127539482183,-0.5765804684883443,-0.5767344287272242,0
-0.2434472163488049,0.48422460429935044,0.3413519501232164,1.2350847581334388,-0.9115834940401767,-1.5477679860172513,-1.0306701134001208,-1.1266361399017262,-0.721130416342303,0.5908671893191576,0.9972039090469852,-0.5787359118286177,-0.5738091541336192,-0.9124191495230389,0.9124191495230393,1.7288236672481017,-0.5776581893550843,-0.5765804684883443,-0.5767344287272242,1
-0.05720525355093678,-0.5646648934149681,1.03290776479748,1.1712406098468513,-0.9115834940401767,-1.5477679860172513,-1.0306701134001208,0.8663826207124179,-1.43244469563043,-1.5515453204888596,-1.0028039309991141,1.7279038324066063,-0.5738091541336192,-0.9124191495230389,0.9124191495230393,-0.5784279906300535,-0.5776581893550843,1.7343632929879855,-0.5767344287272242,0
-0.09859235639490747,-0.7553720748175714,1.7244635794717436,1.2740314339404086,-0.9115834940401767,0.646091668153197,-1.0306701134001208,-0.14918945168610317,0.7014981422339509,1.6974852212447862,0.9972039090469852,-0.5787359118286177,-0.5738091541336192,-0.9124191495230389,0.9124191495230393,-0.5784279906300535,-0.5776581893550843,-0.5765804684883443,1.733900301750437,0
0.32562544775579216,-0.18325053060976135,-0.004425957213915414,-1.2258476714090278,0.8077365626180215,-1.5477679860172513,0.9702425509371355,0.2167441587966277,-0.009816137054176019,1.2858233133684525,0.9972039090469852,-0.5787359118286177,-0.5738091541336192,-0.9124191495230389,0.9124191495230393,-0.5784279906300535,-0.5776581893550843,1.7343632929879855,-0.5767344287272242,0
1.443077224543001,-1.80426157253189,1.03290776479748,-1.2258476714090278,0.8077365626180215,0.646091668153197,-1.0306701134001208,1.1835392145920756,1.4128124215220779,-0.8034715309071345,-1.0028039309991141,-0.5787359118286177,1.7427397119690018,-0.9124191495230389,0.9124191495230393,-0.5784279906300535,1.731127539482183,-0.5765804684883443,-0.5767344287272242,0
-0.12963268352788548,-1.1367864376227783,-0.35020386455104724,0.9393514241454506,-0.9115834940401767,0.646091668153197,0.9702425509371355,1.5029918521330827,-0.721130416342303,1.7196175818832988,-1.0028039309991141,1.7279038324066063,-0.5738091541336192,-0.9124191495230389,0.9124191495230393,1.7288236672481017,-0.5776581893550843,-0.5765804684883443,-0.5767344287272242,1
0.522214186264653,-0.6600184841162697,-0.004425957213915414,0.4169364326563874,-0.9115834940401767,-1.5477679860172513,-1.0306701134001208,0.1077688559963325,1.4128124215220779,0.6926760482563155,-1.0028039309991141,1.7279038324066063,-0.5738091541336192,-0.9124191495230389,0.9124191495230393,-0.5784279906300535,-0.5776581893550843,1.7343632929879855,-0.5767344287272242,0
0.8740045604384039,-0.4693113027136664,-0.004425957213915414,-1.2258476714090278,0.8077365626180215,-1.5477679860172513,-1.0306701134001208,-0.5041911190562858,-1.43244469563043,1.290249785496155,-1.0028039309991141,-0.5787359118286177,1.7427397119690018,-0.9124191495230389,0.9124191495230393,-0.5784279906300535,-0.5776581893550843,1.7343632929879855,-0.5767344287272242,0
0.3049318963338068,-0.5646648934149681,-1.3875375865624426,0.7468022195016538,-0.9115834940401767,0.646091668153197,-1.0306701134001208,0.6063673266950435,1.4128124215220779,-1.347927602614544,0.9972039090469852,-0.5787359118286177,-0.5738091541336192,-0.9124191495230389,0.9124191495230393,-0.5784279906300535,1.731127539482183,-0.5765804684883443,-0.5767344287272242,0
-0.3262214220367463,-1.3274936190253817,-0.35020386455104724,-1.2258476714090278,-0.9115834940401767,0.646091668153197,-1.0306701134001208,0.7900539496231822,0.7014981422339509,0.09952878314417844,0.9972039090469852,-0.5787359118286177,-0.5738091541336192,-0.9124191495230389,0.9124191495230393,1.7288236672481017,-0.5776581893550843,-0.5765804684883443,-0.5767344287272242,0
-0.38830207630270236,-0.9460792562201749,0.3413519501232164,1.7505351694813862,0.8077365626180215,0.646091668153197,0.9702425509371355,-0.39730475691819866,-0.721130416342303,0.7856319629380683,0.9972039090469852,-0.5787359118286177,-0.5738091541336192,1.0959875190286648,-1.0959875190286648,-0.5784279906300535,-0.5776581893550843,-0.5765804684883443,1.733900301750437,0
1.2257949346121548,3.2494787346370995,-1.3875375865624426,-1.2258476714090278,-0.9115834940401767,0.646091668153197,0.9702425509371355,-1.2224142344594815,-0.009816137054176019,-0.8477362521841597,0.9972039090469852,-0.5787359118286177,-0.5738091541336192,1.0959875190286648,-1.0959875190286648,1.7288236672481017,-0.5776581893550843,-0.5765804684883443,-0.5767344287272242,0
1.660359514473847,-0.8507256655188732,0.3413519501232164,-1.2258476714090278,0.8077365626180215,0.646091668153197,0.9702425509371355,1.3998333439795474,-0.721130416342303,-1.6799130121922325,0.9972039090469852,-0.5787359118286177,-0.5738091541336192,-0.9124191495230389,0.9124191495230393,-0.5784279906300535,-0.5776581893550843,-0.5765804684883443,1.733900301750437,0
-0.10893913210590014,0.6749317857019538,-0.695981771888179,-1.2258476714090278,-0.9115834940401767,0.646091668153197,0.9702425509371355,0.9767373929436045,-1.43244469563043,0.7546466580441507,-1.0028039309991141,-0.5787359118286177,1.7427397119690018,1.0959875190286648,-1.0959875190286648,-0.5784279906300535,1.731127539482183,-0.5765804684883443,-0.5767344287272242,0
-0.10893913210590014,-0.8507256655188732,0.3413519501232164,0.49706171944568467,-0.9115834940401767,0.646091668153197,0.9702425509371355,1.5222675594839348,1.4128124215220779,0.25002883548606397,0.9972039090469852,-0.5787359118286177,-0.5738091541336192,1.0959875190286648,-1.0959875190286648,1.7288236672481017,-0.5776581893550843,-0.5765804684883443,-0.5767344287272242,0
-1.4229796474019698,-0.9460792562201749,1.7244635794717436,-1.2258476714090278,0.8077365626180215,-1.5477679860172513,0.9702425509371355,-1.2967929030026415,1.4128124215220779,-0.31213312473215543,0.9972039090469852,-0.5787359118286177,-0.5738091541336192,-0.9124191495230389,0.9124191495230393,-0.5784279906300535,1.731127539482183,-0.5765804684883443,-0.5767344287272242,0
0.33597222346678485,-0.3739577120123647,-0.004425957213915414,0.3079272506087363,-0.9115834940401767,-1.5477679860172513,0.9702425509371355,1.434184271655837,-1.43244469563043,1.6797793327339763,-1.0028039309991141,1.7279038324066063,-0.5738091541336192,1.0959875190286648,-1.0959875190286648,-0.5784279906300535,-0.5776581893550843,1.7343632929879855,-0.5767344287272242,0
-0.3158746463257536,2.6773571904292894,-0.695981771888179,-1.2258476714090278,0.8077365626180215,0.646091668153197,0.9702425509371355,-0.9842784767678948,1.4128124215220779,-0.8964274455888874,0.9972039090469852,-0.5787359118286177,-0.5738091541336192,1.0959875190286648,-1.0959875190286648,-0.5784279906300535,1.731127539482183,-0.5765804684883443,-0.5767344287272242,0
-0.21240688921582687,1.533114102013669,-1.0417596792253108,-1.2258476714090278,-0.9115834940401767,0.646091668153197,0.9702425509371355,0.10627861863055175,-0.009816137054176019,0.2367494191029564,0.9972039090469852,-0.5787359118286177,-0.5738091541336192,-0.9124191495230389,0.9124191495230393,-0.5784279906300535,-0.5776581893550843,-0.5765804684883443,1.733900301750437,1
0.2842383449118215,-1.518200800427985,1.7244635794717436,0.6263044853040668,-0.9115834940401767,0.646091668153197,0.9702425509371355,-0.1470537346118303,-0.009816137054176019,-1.3700599632530566,-1.0028039309991141,1.7279038324066063,-0.5738091541336192,-0.9124191495230389,0.9124191495230393,1.7288236672481017,-0.5776581893550843,-0.5765804684883443,-0.5767344287272242,0
0.6981093733515285,0.5795781950006521,-0.695981771888179,0.4612670951318765,0.8077365626180215,0.646091668153197,0.9702425509371355,1.628206394970197,1.4128124215220779,-1.038074553675368,-1.0028039309991141,-0.5787359118286177,1.7427397119690018,-0.9124191495230389,0.9124191495230393,-0.5784279906300535,-0.5776581893550843,-0.5765804684883443,1.733900301750437,0
-0.1710197863718562,0.1981638321954454,-0.35020386455104724,-1.2258476714090278,0.8077365626180215,0.646091668153197,0.9702425509371355,1.1208862970465032,0.7014981422339509,-1.3080893534652211,-1.0028039309991141,-0.5787359118286177,1.7427397119690018,1.0959875190286648,-1.0959875190286648,1.7288236672481017,-0.5776581893550843,-0.5765804684883443,-0.5767344287272242,0
2.063883767202561,-0.8507256655188732,1.03290776479748,1.2562751603411888,-0.9115834940401767,0.646091668153197,0.9702425509371355,-0.7981353097013211,1.4128124215220779,0.36954358293403183,-1.0028039309991141,1.7279038324066063,-0.5738091541336192,1.0959875190286648,-1.0959875190286648,-0.5784279906300535,-0.5776581893550843,1.7343632929879855,-0.5767344287272242,0
0.11868993353593868,-0.8507256655188732,-0.004425957213915414,0.6218644953455041,0.8077365626180215,0.646091668153197,0.9702425509371355,0.8607151975822516,-0.009816137054176019,-1.5161335434672394,-1.0028039309991141,1.7279038324066063,-0.5738091541336192,-0.9124191495230389,0.9124191495230393,-0.5784279906300535,1.731127539482183,-0.5765804684883443,-0.5767344287272242,0
0.32562544775579216,-0.18325053060976135,1.03290776479748,1.155462081476981,-0.9115834940401767,0.646091668153197,-1.0306701134001208,-1.1287384700945253,1.4128124215220779,0.16149939293201365,0.9972039090469852,-0.5787359118286177,-0.5738091541336192,1.0959875190286648,-1.0959875190286648,-0.5784279906300535,1.731127539482183,-0.5765804684883443,-0.5767344287272242,0
-0.5538504876785851,2.6773571904292894,-1.0417596792253108,-1.2258476714090278,0.8077365626180215,-1.5477679860172513,0.9702425509371355,0.14877351092632524,-0.721130416342303,-1.126603996229418,0.9972039090469852,-0.5787359118286177,-0.5738091541336192,-0.9124191495230389,0.9124191495230393,-0.5784279906300535,-0.5776581893550843,1.7343632929879855,-0.5767344287272242,0
1.4120368974100228,-0.3739577120123647,-1.3875375865624426,0.4773018969719032,-0.9115834940401767,0.646091668153197,0.9702425509371355,-1.4516875140198682,1.4128124215220779,-0.4227949279247183,0.9972039090469852,-0.5787359118286177,-0.5738091541336192,1.0959875190286648,-1.0959875190286648,1.7288236672481017,-0.5776581893550843,-0.5765804684883443,-0.5767344287272242,0
-1.4643667502459403,-0.6600184841162697,1.378685672134612,1.5093622809914886,-0.9115834940401767,0.646091668153197,0.9702425509371355,-1.364063469702042,0.7014981422339509,1.7151911097555963,-1.0028039309991141,1.7279038324066063,-0.5738091541336192,-0.9124191495230389,0.9124191495230393,-0.5784279906300535,-0.5776581893550843,-0.5765804684883443,1.733900301750437,0
1.919028907248664,0.1981638321954454,0.6871298574603482,1.1830723023967904,-0.9115834940401767,0.646091668153197,0.9702425509371355,0.9728441695617533,-0.721130416342303,0.18363175357052622,-1.0028039309991141,-0.5787359118286177,1.7427397119690018,1.0959875190286648,-1.0959875190286648,1.7288236672481017,-0.5776581893550843,-0.5765804684883443,-0.5767344287272242,0
-2.116213620038479,1.1516997392084622,-0.35020386455104724,0.45789835712736343,-0.9115834940401767,-1.5477679860172513,-1.0306701134001208,-0.5125707046361704,-0.721130416342303,0.551028940169835,0.9972039090469852,-0.5787359118286177,-0.5738091541336192,1.0959875190286648,-1.0959875190286648,1.7288236672481017,-0.5776581893550843,-0.5765804684883443,-0.5767344287272242,0
-0.21240688921582687,-0.3739577120123647,-1.3875375865624426,-1.2258476714090278,0.8077365626180215,-1.5477679860172513,-1.0306701134001208,1.5082520248652729,-1.43244469563043,-0.25901545919972524,-1.0028039309991141,-0.5787359118286177,1.7427397119690018,-0.9124191495230389,0.9124191495230393,-0.5784279906300535,-0.5776581893550843,1.7343632929879855,-0.5767344287272242,0
-0.967721516118292,0.0074566507928420294,0.6871298574603482,-0.4313401328084072,-0.9115834940401767,0.646091668153197,-1.0306701134001208,0.2642736884846361,-0.721130416342303,0.17920528144282372,0.9972039090469852,-0.5787359118286177,-0.5738091541336192,1.0959875190286648,-1.0959875190286648,-0.5784279906300535,-0.5776581893550843,-0.5765804684883443,1.733900301750437,1
0.5015206348426676,1.1516997392084622,-1.0417596792253108,0.25259125331446936,0.8077365626180215,-1.5477679860172513,0.9702425509371355,-0.1520530723325068,1.4128124215220779,-1.4984276549564295,-1.0028039309991141,1.7279038324066063,-0.5738091541336192,1.0959875190286648,-1.0959875190286648,-0.5784279906300535,-0.5776581893550843,1.7343632929879855,-0.5767344287272242,0
-1.474713525956933,0.38887101359804876,1.378685672134612,-1.2258476714090278,-0.9115834940401767,0.646091668153197,-1.0306701134001208,0.06323458169053837,-0.009816137054176019,1.6576469720954636,0.9972039090469852,-0.5787359118286177,-0.5738091541336192,1.0959875190286648,-1.0959875190286648,1.7288236672481017,-0.5776581893550843,-0.5765804684883443,-0.5767344287272242,0
0.615335167663587,0.38887101359804876,-1.0417596792253108,1.0192348618625369,2.52705661927622,0.646091668153197,0.9702425509371355,1.0053963789986453,-0.009816137054176019,-1.1354569404848232,-1.0028039309991141,1.7279038324066063,-0.5738091541336192,-0.9124191495230389,0.9124191495230393,-0.5784279906300535,1.731127539482183,-0.5765804684883443,-0.5767344287272242,1
1.4327304488320083,0.38887101359804876,1.378685672134612,0.6436230585611993,0.8077365626180215,0.646091668153197,0.9702425509371355,-0.6940670090276264,-0.009816137054176019,0.15707292080431115,-1.0028039309991141,1.7279038324066063,-0.5738091541336192,1.0959875190286648,-1.0959875190286648,-0.5784279906300535,-0.5776581893550843,-0.5765804684883443,1.733900301750437,0
-0.05720525355093678,0.1981638321954454,0.6871298574603482,-1.2258476714090278,-0.9115834940401767,-1.5477679860172513,0.9702425509371355,-1.2419690352726531,-1.43244469563043,1.2636909527299398,0.9972039090469852,-0.5787359118286177,-0.5738091541336192,-0.9124191495230389,0.9124191495230393,-0.5784279906300535,-0.5776581893550843,-0.5765804684883443,1.733900301750437,0
-1.9092781058186254,-0.27860412131106305,-0.004425957213915414,0.6900353219312415,-0.9115834940401767,-1.5477679860172513,0.9702425509371355,-0.33884641413778,-1.43244469563043,-0.4139419836693133,0.9972039090469852,-0.5787359118286177,-0.5738091541336192,1.0959875190286648,-1.0959875190286648,-0.5784279906300535,-0.5776581893550843,1.7343632929879855,-0.5767344287272242,0
1.950069234381642,-0.5646648934149681,1.7244635794717436,-0.01431956924197544,-0.9115834940401767,0.646091668153197,-1.0306701134001208,-0.6506237206299896,-0.009816137054176019,-0.4847655377125535,-1.0028039309991141,-0.5787359118286177,1.7427397119690018,1.0959875190286648,-1.0959875190286648,-0.5784279906300535,-0.5776581893550843,1.7343632929879855,-0.5767344287272242,0
0.9774723175483306,0.7702853764032556,-0.004425957213915414,-1.2258476714090278,0.8077365626180215,-1.5477679860172513,-1.0306701134001208,0.7946681209768571,-1.43244469563043,0.13494056016579856,0.9972039090469852,-0.5787359118286177,-0.5738091541336192,-0.9124191495230389,0.9124191495230393,-0.5784279906300535,-0.5776581893550843,1.7343632929879855,-0.5767344287272242,0
-0.3779553005917097,0.0074566507928420294,1.03290776479748,0.7935234855298958,-0.9115834940401767,0.646091668153197,0.9702425509371355,0.48618081342987207,1.4128124215220779,0.9317055431522512,-1.0028039309991141,1.7279038324066063,-0.5738091541336192,1.0959875190286648,-1.0959875190286648,1.7288236672481017,-0.5776581893550843,-0.5765804684883443,-0.5767344287272242,1
0.3049318963338068,0.2935174228967471,0.6871298574603482,0.4685813867876147,-0.9115834940401767,0.646091668153197,0.9702425509371355,-0.16575195324719108,-1.43244469563043,-1.494001182828727,-1.0028039309991141,1.7279038324066063,-0.5738091541336192,1.0959875190286648,-1.0959875190286648,1.7288236672481017,-0.5776581893550843,-0.5765804684883443,-0.5767344287272242,1
-1.3402054417140283,-0.6600184841162697,-1.0417596792253108,0.9627343348408426,0.8077365626180215,0.646091668153197,0.9702425509371355,0.5088538098606844,-1.43244469563043,-0.13064776749635232,0.9972039090469852,-0.5787359118286177,-0.5738091541336192,1.0959875190286648,-1.0959875190286648,1.7288236672481017,-0.5776581893550843,-0.5765804684883443,-0.5767344287272242,0
-0.2848343191927756,-0.5646648934149681,1.03290776479748,0.3249260830447547,-0.9115834940401767,0.646091668153197,0.9702425509371355,1.298745170257399,-0.721130416342303,-1.1044716355909057,-1.0028039309991141,1.7279038324066063,-0.5738091541336192,-0.9124191495230389,0.9124191495230393,-0.5784279906300535,-0.5776581893550843,-0.5765804684883443,1.733900301750437,0
2.063883767202561,0.1981638321954454,1.03290776479748,0.903162532954479,-0.9115834940401767,0.646091668153197,0.9702425509371355,1.3086447283943767,0.7014981422339509,0.6395583827238852,-1.0028039309991141,-0.5787359118286177,1.7427397119690018,-0.9124191495230389,0.9124191495230393,1.7288236672481017,-0.5776581893550843,-0.5765804684883443,-0.5767344287272242,0
0.004875400715019266,-0.3739577120123647,-1.0417596792253108,0.16709720561003927,-0.9115834940401767,0.646091668153197,-1.0306701134001208,1.28685561487258,1.4128124215220779,1.0733526512387317,0.9972039090469852,-0.5787359118286177,-0.5738091541336192,-0.9124191495230389,0.9124191495230393,-0.5784279906300535,-0.5776581893550843,1.7343632929879855,-0.5767344287272242,0
-0.22275366492681956,-0.6600184841162697,-1.0417596792253108,-1.2258476714090278,0.8077365626180215,-1.5477679860172513,0.9702425509371355,-0.3847281621130533,-0.721130416342303,0.09067583888877341,0.9972039090469852,-0.5787359118286177,-0.5738091541336192,-0.9124191495230389,0.9124191495230393,-0.5784279906300535,-0.5776581893550843,-0.5765804684883443,1.733900301750437,0
1.3292626917220816,-0.9460792562201749,-0.695981771888179,-0.48237958276812054,2.52705661927622,0.646091668153197,-1.0306701134001208,0.4842666322253779,-0.009816137054176019,1.3964851165610153,0.9972039090469852,-0.5787359118286177,-0.5738091541336192,1.0959875190286648,-1.0959875190286648,1.7288236672481017,-0.5776581893550843,-0.5765804684883443,-0.5767344287272242,1
-1.5885280587778525,-1.4228472097266833,0.3413519501232164,0.5654884989594019,0.8077365626180215,0.646091668153197,-1.0306701134001208,-0.7691323692110978,0.7014981422339509,0.4624994976157847,-1.0028039309991141,1.7279038324066063,-0.5738091541336192,-0.9124191495230389,0.9124191495230393,1.7288236672481017,-0.5776581893550843,-0.5765804684883443,-0.5767344287272242,0
-0.6883585719214899,1.0563461485071606,-1.3875375865624426,-1.2258476714090278,-0.9115834940401767,-1.5477679860172513,0.9702425509371355,0.912531463739481,-0.721130416342303,-1.401045268146974,-1.0028039309991141,-0.5787359118286177,1.7427397119690018,1.0959875190286648,-1.0959875190286648,-0.5784279906300535,-0.5776581893550843,-0.5765804684883443,1.733900301750437,1
0.5015206348426676,0.10281024149414371,0.6871298574603482,-1.2258476714090278,-0.9115834940401767,-1.5477679860172513,0.9702425509371355,0.9178938837961845,-0.009816137054176019,-0.4847655377125535,0.9972039090469852,-0.5787359118286177,-0.5738091541336192,-0.9124191495230389,0.9124191495230393,1.7288236672481017,-0.5776581893550843,-0.5765804684883443,-0.5767344287272242,1
-1.1953505817601309,0.10281024149414371,1.03290776479748,-1.2258476714090278,-0.9115834940401767,0.646091668153197,0.9702425509371355,-1.2589718263331757,-1.43244469563043,-0.40951551154161075,0.9972039090469852,-0.5787359118286177,-0.5738091541336192,1.0959875190286648,-1.0959875190286648,1.7288236672481017,-0.5776581893550843,-0.5765804684883443,-0.5767344287272242,0
0.8326174575944332,-0.9460792562201749,1.7244635794717436,-1.2258476714090278,0.8077365626180215,0.646091668153197,0.9702425509371355,1.0844199974268387,0.7014981422339509,-1.573677681127372,0.9972039090469852,-0.5787359118286177,-0.5738091541336192,-0.9124191495230389,0.9124191495230393,-0.5784279906300535,-0.5776581893550843,-0.5765804684883443,1.733900301750437,0
0.9464319904153525,-0.5646648934149681,-1.7333154938995745,1.6855809836373865,-0.9115834940401767,0.646091668153197,0.9702425509371355,0.13176811151568726,-1.43244469563043,-1.4098982124023791,-1.0028039309991141,1.7279038324066063,-0.5738091541336192,-0.9124191495230389,0.9124191495230393,-0.5784279906300535,-0.5776581893550843,-0.5765804684883443,1.733900301750437,0
-0.5848908148115631,0.1981638321954454,-1.0417596792253108,0.7382047975131626,0.8077365626180215,0.646091668153197,0.9702425509371355,-1.0092576024805022,-0.721130416342303,1.1486026774096745,-1.0028039309991141,1.7279038324066063,-0.5738091541336192,-0.9124191495230389,0.9124191495230393,1.7288236672481017,-0.5776581893550843,-0.5765804684883443,-0.5767344287272242,0
-0.015818150706966082,0.6749317857019538,-1.0417596792253108,-1.2258476714090278,0.8077365626180215,0.646091668153197,0.9702425509371355,-0.5823148566947577,-0.009816137054176019,-0.4759125934571485,0.9972039090469852,-0.5787359118286177,-0.5738091541336192,1.0959875190286648,-1.0959875190286648,-0.5784279906300535,-0.5776581893550843,-0.5765804684883443,1.733900301750437,0
-0.5331569362565998,0.5795781950006521,1.7244635794717436,0.4342891436553234,-0.9115834940401767,0.646091668153197,-1.0306701134001208,0.5570992447102935,-0.721130416342303,-1.0203686651645578,-1.0028039309991141,1.7279038324066063,-0.5738091541336192,-0.9124191495230389,0.9124191495230393,-0.5784279906300535,-0.5776581893550843,-0.5765804684883443,1.733900301750437,1
-0.0882455806839148,-0.6600184841162697,-0.695981771888179,-1.2258476714090278,0.8077365626180215,0.646091668153197,0.9702425509371355,-0.19808523516441948,-1.43244469563043,-1.1354569404848232,0.9972039090469852,-0.5787359118286177,-0.5738091541336192,-0.9124191495230389,0.9124191495230393,-0.5784279906300535,-0.5776581893550843,-0.5765804684883443,1.733900301750437,0
0.615335167663587,-0.8507256655188732,1.7244635794717436,0.9143659628383686,0.8077365626180215,0.646091668153197,-1.0306701134001208,0.9651504061721415,-1.43244469563043,-0.6308391179267365,-1.0028039309991141,1.7279038324066063,-0.5738091541336192,1.0959875190286648,-1.0959875190286648,-0.5784279906300535,-0.5776581893550843,1.7343632929879855,-0.5767344287272242,0
-1.5781812830668598,-0.9460792562201749,1.03290776479748,0.8234467387957316,-0.9115834940401767,0.646091668153197,0.9702425509371355,-0.9287872191884468,1.4128124215220779,-0.8964274455888874,-1.0028039309991141,-0.5787359118286177,1.7427397119690018,-0.9124191495230389,0.9124191495230393,-0.5784279906300535,-0.5776581893550843,-0.5765804684883443,1.733900301750437,0
-0.026164926417958756,-0.4693113027136664,-0.695981771888179,-1.2258476714090278,-0.9115834940401767,0.646091668153197,-1.0306701134001208,-0.7888313248406325,-1.43244469563043,-0.3608243181368831,0.9972039090469852,-0.5787359118286177,-0.5738091541336192,1.0959875190286648,-1.0959875190286648,-0.5784279906300535,-0.5776581893550843,1.7343632929879855,-0.5767344287272242,0
1.2568352617451328,-0.4693113027136664,0.6871298574603482,0.5622313096323303,-0.9115834940401767,0.646091668153197,0.9702425509371355,0.36487323128521565,-1.43244469563043,1.2415585920914272,-1.0028039309991141,1.7279038324066063,-0.5738091541336192,-0.9124191495230389,0.9124191495230393,-0.5784279906300535,1.731127539482183,-0.5765804684883443,-0.5767344287272242,0
-0.11928590781689281,-0.18325053060976135,-0.35020386455104724,0.6352496955541208,0.8077365626180215,-1.5477679860172513,0.9702425509371355,1.4217333993262409,-1.43244469563043,-0.4582067049463384,0.9972039090469852,-0.5787359118286177,-0.5738091541336192,1.0959875190286648,-1.0959875190286648,-0.5784279906300535,-0.5776581893550843,1.7343632929879855,-0.5767344287272242,0
-1.8471974515526692,0.10281024149414371,-0.35020386455104724,-1.2258476714090278,-0.9115834940401767,0.646091668153197,-1.0306701134001208,-0.5205574726887156,0.7014981422339509,-0.2722948755828328,-1.0028039309991141,-0.5787359118286177,1.7427397119690018,-0.9124191495230389,0.9124191495230393,1.7288236672481017,-0.5776581893550843,-0.5765804684883443,-0.5767344287272242,0
-0.7193988990544679,-0.08789693990845966,-0.695981771888179,0.9403290777839458,-0.9115834940401767,0.646091668153197,0.9702425509371355,-1.1680334384690505,-0.009816137054176019,0.06854347825026084,-1.0028039309991141,1.7279038324066063,-0.5738091541336192,1.0959875190286648,-1.0959875190286648,-0.5784279906300535,-0.5776581893550843,-0.5765804684883443,1.733900301750437,0
-0.99876184325127,0.8656389671045572,0.6871298574603482,-1.2258476714090278,0.8077365626180215,0.646091668153197,0.9702425509371355,-0.6326495799865903,0.7014981422339509,0.23232294697525388,0.9972039090469852,-0.5787359118286177,-0.5738091541336192,1.0959875190286648,-1.0959875190286648,-0.5784279906300535,-0.5776581893550843,-0.5765804684883443,1.733900301750437,0
1.8672950286937005,-0.8507256655188732,-1.0417596792253108,-1.2258476714090278,0.8077365626180215,-1.5477679860172513,0.9702425509371355,-1.6808183776639685,-1.43244469563043,1.0379408742171117,0.9972039090469852,-0.5787359118286177,-0.5738091541336192,-0.9124191495230389,0.9124191495230393,1.7288236672481017,-0.5776581893550843,-0.5765804684883443,-0.5767344287272242,0
0.44978675628770426,0.10281024149414371,1.378685672134612,-1.2258476714090278,0.8077365626180215,0.646091668153197,-1.0306701134001208,-1.036857598388798,-0.721130416342303,-0.9141333340996974,0.9972039090469852,-0.5787359118286177,-0.5738091541336192,-0.9124191495230389,0.9124191495230393,-0.5784279906300535,-0.5776581893550843,1.7343632929879855,-0.5767344287272242,0
0.35666577488877016,0.10281024149414371,0.6871298574603482,-0.025466583702791163,-0.9115834940401767,0.646091668153197,-1.0306701134001208,1.7146243381947848,1.4128124215220779,0.3783965271894369,-1.0028039309991141,-0.5787359118286177,1.7427397119690018,-0.9124191495230389,0.9124191495230393,-0.5784279906300535,-0.5776581893550843,1.7343632929879855,-0.5767344287272242,0
1.2361417103231473,-0.7553720748175714,-0.695981771888179,1.2591164461941793,0.8077365626180215,0.646091668153197,0.9702425509371355,1.4950036929604762,0.7014981422339509,1.5115733918812806,0.9972039090469852,-0.5787359118286177,-0.5738091541336192,-0.9124191495230389,0.9124191495230393,1.7288236672481017,-0.5776581893550843,-0.5765804684883443,-0.5767344287272242,0
-0.26414076777079026,1.6284676927149706,-1.7333154938995745,1.1542940257856116,-0.9115834940401767,0.646091668153197,-1.0306701134001208,-0.9262452950562433,-0.009816137054176019,-0.8698686128226722,-1.0028039309991141,1.7279038324066063,-0.5738091541336192,-0.9124191495230389,0.9124191495230393,-0.5784279906300535,-0.5776581893550843,1.7343632929879855,-0.5767344287272242,1
-0.5124633848346144,-1.23214002832408,1.03290776479748,0.03856668446796408,-0.9115834940401767,0.646091668153197,0.9702425509371355,-1.3282887306429036,-1.43244469563043,1.1928673986866996,0.9972039090469852,-0.5787359118286177,-0.5738091541336192,1.0959875190286648,-1.0959875190286648,-0.5784279906300535,-0.5776581893550843,-0.5765804684883443,1.733900301750437,0
0.6670690462185503,-0.4693113027136664,-0.35020386455104724,0.7665535476077565,-0.9115834940401767,-1.5477679860172513,-1.0306701134001208,-0.04012198718173979,-0.721130416342303,1.1840144544312945,0.9972039090469852,-0.5787359118286177,-0.5738091541336192,-0.9124191495230389,0.9124191495230393,-0.5784279906300535,-0.5776581893550843,-0.5765804684883443,1.733900301750437,0
-0.4917698334126291,1.1516997392084622,1.03290776479748,1.7684260707947594,-0.9115834940401767,0.646091668153197,-1.0306701134001208,-0.11042936897518847,-0.721130416342303,0.17035233718741868,0.9972039090469852,-0.5787359118286177,-0.5738091541336192,-0.9124191495230389,0.9124191495230393,-0.5784279906300535,-0.5776581893550843,1.7343632929879855,-0.5767344287272242,1
-0.5331569362565998,0.9609925578058589,1.7244635794717436,1.080264489567876,0.8077365626180215,0.646091668153197,0.9702425509371355,1.1502152813011186,0.7014981422339509,-0.9893833602706402,-1.0028039309991141,1.7279038324066063,-0.5738091541336192,1.0959875190286648,-1.0959875190286648,-0.5784279906300535,-0.5776581893550843,-0.5765804684883443,1.733900301750437,1
-0.05720525355093678,0.0074566507928420294,1.03290776479748,-1.2258476714090278,0.8077365626180215,-1.5477679860172513,-1.0306701134001208,-0.05609482772679933,1.4128124215220779,-1.4143246845300816,0.9972039090469852,-0.5787359118286177,-0.5738091541336192,-0.9124191495230389,0.9124191495230393,-0.5784279906300535,-0.5776581893550843,-0.5765804684883443,1.733900301750437,0
-1.381592544557999,0.1981638321954454,-1.0417596792253108,-1.2258476714090278,0.8077365626180215,-1.5477679860172513,0.9702425509371355,-0.4199925339996633,0.7014981422339509,-0.29442723622134537,0.9972039090469852,-0.5787359118286177,-0.5738091541336192,-0.9124191495230389,0.9124191495230393,-0.5784279906300535,-0.5776581893550843,-0.5765804684883443,1.733900301750437,0
-0.30552787061476094,0.0074566507928420294,1.03290776479748,-1.2258476714090278,0.8077365626180215,0.646091668153197,-1.0306701134001208,-1.1123270789501076,-0.721130416342303,-0.9185598062274,-1.0028039309991141,-0.5787359118286177,1.7427397119690018,-0.9124191495230389,0.9124191495230393,-0.5784279906300535,-0.5776581893550843,1.7343632929879855,-0.5767344287272242,0
0.25319801777884343,0.9609925578058589,1.03290776479748,0.9399498763890807,-0.9115834940401767,-1.5477679860172513,0.9702425509371355,1.3812257220381854,0.7014981422339509,-1.6710600679368275,0.9972039090469852,-0.5787359118286177,-0.5738091541336192,-0.9124191495230389,0.9124191495230393,-0.5784279906300535,1.731127539482183,-0.5765804684883443,-0.5767344287272242,1
1.4016901216990303,-0.5646648934149681,-1.7333154938995745,0.10498013857073449,-0.9115834940401767,-1.5477679860172513,0.9702425509371355,0.9546620564691737,-0.721130416342303,-0.05097126919770706,0.9972039090469852,-0.5787359118286177,-0.5738091541336192,1.0959875190286648,-1.0959875190286648,-0.5784279906300535,-0.5776581893550843,1.7343632929879855,-0.5767344287272242,1
-0.19171333779384153,0.2935174228967471,-0.35020386455104724,0.6913888112717486,0.8077365626180215,0.646091668153197,0.9702425509371355,1.6674072888505693,0.7014981422339509,1.5602645852860084,-1.0028039309991141,1.7279038324066063,-0.5738091541336192,-0.9124191495230389,0.9124191495230393,-0.5784279906300535,-0.5776581893550843,1.7343632929879855,-0.5767344287272242,0
0.553254513397631,0.48422460429935044,-0.695981771888179,-1.2258476714090278,0.8077365626180215,-1.5477679860172513,0.9702425509371355,0.9180455158828777,1.4128124215220779,-1.254971687932791,0.9972039090469852,-0.5787359118286177,-0.5738091541336192,-0.9124191495230389,0.9124191495230393,1.7288236672481017,-0.5776581893550843,-0.5765804684883443,-0.5767344287272242,0
-0.026164926417958756,0.38887101359804876,0.6871298574603482,0.0748134335218045,-0.9115834940401767,0.646091668153197,0.9702425509371355,0.7728125814721287,1.4128124215220779,1.2548380084745347,-1.0028039309991141,-0.5787359118286177,1.7427397119690018,1.0959875190286648,-1.0959875190286648,-0.5784279906300535,-0.5776581893550843,1.7343632929879855,-0.5767344287272242,1
-1.764423245864728,0.7702853764032556,1.03290776479748,-0.01727015997717133,-0.9115834940401767,0.646091668153197,-1.0306701134001208,-1.2903047190362458,0.7014981422339509,-0.22360368217810514,-1.0028039309991141,-0.5787359118286177,1.7427397119690018,-0.9124191495230389,0.9124191495230393,-0.5784279906300535,-0.5776581893550843,-0.5765804684883443,1.733900301750437,1
-1.0711892732282189,1.533114102013669,-0.35020386455104724,0.5589754024739647,2.52705661927622,0.646091668153197,-1.0306701134001208,-1.4462077182079838,-1.43244469563043,-0.12179482324094729,-1.0028039309991141,1.7279038324066063,-0.5738091541336192,-0.9124191495230389,0.9124191495230393,1.7288236672481017,-0.5776581893550843,-0.5765804684883443,-0.5767344287272242,1
-0.5124633848346144,1.4377605113123673,-1.3875375865624426,0.8743441885712308,0.8077365626180215,0.646091668153197,0.9702425509371355,1.7314447186372555,-1.43244469563043,1.427470421454933,-1.0028039309991141,1.7279038324066063,-0.5738091541336192,1.0959875190286648,-1.0959875190286648,1.7288236672481017,-0.5776581893550843,-0.5765804684883443,-0.5767344287272242,0
-0.967721516118292,0.6749317857019538,-0.35020386455104724,0.3155301904944631,0.8077365626180215,0.646091668153197,0.9702425509371355,0.28323326380153346,1.4128124215220779,0.36511711080632936,0.9972039090469852,-0.5787359118286177,-0.5738091541336192,1.0959875190286648,-1.0959875190286648,-0.5784279906300535,1.731127539482183,-0.5765804684883443,-0.5767344287272242,0
-1.1022296003611969,0.10281024149414371,0.6871298574603482,-1.2258476714090278,-0.9115834940401767,-1.5477679860172513,0.9702425509371355,1.0604974274008694,1.4128124215220779,-1.5117070713395369,0.9972039090469852,-0.5787359118286177,-0.5738091541336192,1.0959875190286648,-1.0959875190286648,-0.5784279906300535,1.731127539482183,-0.5765804684883443,-0.5767344287272242,0
-1.3712457688470063,-0.08789693990845966,1.7244635794717436,0.13268684268568698,-0.9115834940401767,0.646091668153197,0.9702425509371355,1.0809639335242842,0.7014981422339509,-1.4054717402746766,0.9972039090469852,-0.5787359118286177,-0.5738091541336192,1.0959875190286648,-1.0959875190286648,-0.5784279906300535,-0.5776581893550843,-0.5765804684883443,1.733900301750437,0
-0.38830207630270236,0.5795781950006521,-1.3875375865624426,1.784716344749501,0.8077365626180215,0.646091668153197,0.9702425509371355,0.8196136859179831,-1.43244469563043,-0.5511626196280912,0.9972039090469852,-0.5787359118286177,-0.5738091541336192,1.0959875190286648,-1.0959875190286648,-0.5784279906300535,-0.5776581893550843,1.7343632929879855,-0.5767344287272242,0
-0.0468584778399441,-0.9460792562201749,-0.35020386455104724,0.47234375058493827,-0.9115834940401767,0.646091668153197,-1.0306701134001208,-1.4714455922520124,-1.43244469563043,-1.1575893011233358,-1.0028039309991141,1.7279038324066063,-0.5738091541336192,1.0959875190286648,-1.0959875190286648,-0.5784279906300535,-0.5776581893550843,1.7343632929879855,-0.5767344287272242,0
0.2842383449118215,-1.23214002832408,-0.004425957213915414,0.555213519489906,-0.9115834940401767,0.646091668153197,-1.0306701134001208,-0.6807614673103045,1.4128124215220779,-1.392192323891569,0.9972039090469852,-0.5787359118286177,-0.5738091541336192,-0.9124191495230389,0.9124191495230393,-0.5784279906300535,-0.5776581893550843,-0.5765804684883443,1.733900301750437,1
0.7912303547504624,0.7702853764032556,0.6871298574603482,-1.2258476714090278,0.8077365626180215,0.646091668153197,-1.0306701134001208,1.6209176214084622,0.7014981422339509,-1.4276041009131892,0.9972039090469852,-0.5787359118286177,-0.5738091541336192,-0.9124191495230389,0.9124191495230393,-0.5784279906300535,-0.5776581893550843,1.7343632929879855,-0.5767344287272242,0
0.08764960640296066,2.6773571904292894,-0.35020386455104724,1.1138196459651772,-0.9115834940401767,0.646091668153197,0.9702425509371355,0.5382410472678708,-1.43244469563043,-0.4139419836693133,0.9972039090469852,-0.5787359118286177,-0.5738091541336192,-0.9124191495230389,0.9124191495230393,-0.5784279906300535,-0.5776581893550843,1.7343632929879855,-0.5767344287272242,0
-0.19171333779384153,-0.9460792562201749,0.6871298574603482,0.07111004948496709,-0.9115834940401767,0.646091668153197,-1.0306701134001208,-1.6044737086940268,-0.721130416342303,-0.763633281757812,-1.0028039309991141,-0.5787359118286177,1.7427397119690018,1.0959875190286648,-1.0959875190286648,-0.5784279906300535,-0.5776581893550843,-0.5765804684883443,1.733900301750437,0
0.44978675628770426,-0.4693113027136664,-0.004425957213915414,0.8240200284785016,-0.9115834940401767,0.646091668153197,-1.0306701134001208,0.028649424173909616,1.4128124215220779,-1.246118743677386,0.9972039090469852,-0.5787359118286177,-0.5738091541336192,-0.9124191495230389,0.9124191495230393,-0.5784279906300535,1.731127539482183,-0.5765804684883443,-0.5767344287272242,0
-0.1606730106608635,-0.6600184841162697,1.03290776479748,-1.2258476714090278,0.8077365626180215,0.646091668153197,0.9702425509371355,-1.4036794390307366,-0.009816137054176019,-0.5113243704787686,-1.0028039309991141,-0.5787359118286177,1.7427397119690018,1.0959875190286648,-1.0959875190286648,-0.5784279906300535,1.731127539482183,-0.5765804684883443,-0.5767344287272242,1
-0.5124633848346144,1.0563461485071606,-1.0417596792253108,0.62728790870174,-0.9115834940401767,0.646091668153197,-1.0306701134001208,1.4913671312299541,1.4128124215220779,0.2633082518691715,0.9972039090469852,-0.5787359118286177,-0.5738091541336192,-0.9124191495230389,0.9124191495230393,1.7288236672481017,-0.5776581893550843,-0.5765804684883443,-0.5767344287272242,0
-1.1436167032051676,0.10281024149414371,-0.695981771888179,1.4234032868599642,-0.9115834940401767,-1.5477679860172513,0.9702425509371355,1.734944255041729,0.7014981422339509,0.21904353059214635,0.9972039090469852,-0.5787359118286177,-0.5738091541336192,1.0959875190286648,-1.0959875190286648,-0.5784279906300535,1.731127539482183,-0.5765804684883443,-0.5767344287272242,0
-1.6609554887548013,-0.4693113027136664,-0.004425957213915414,0.7447318375832799,0.8077365626180215,-1.5477679860172513,-1.0306701134001208,0.9437137676959039,0.7014981422339509,1.5514116410306034,0.9972039090469852,-0.5787359118286177,-0.5738091541336192,-0.9124191495230389,0.9124191495230393,-0.5784279906300535,1.731127539482183,-0.5765804684883443,-0.5767344287272242,0
-0.4400359548576657,-0.3739577120123647,0.3413519501232164,-1.2258476714090278,0.8077365626180215,0.646091668153197,0.9702425509371355,0.7542138279211582,0.7014981422339509,-1.5648247368719672,-1.0028039309991141,-0.5787359118286177,1.7427397119690018,1.0959875190286648,-1.0959875190286648,1.7288236672481017,-0.5776581893550843,-0.5765804684883443,-0.5767344287272242,0
1.09128685036925,-1.23214002832408,-0.004425957213915414,1.2606544075572939,-0.9115834940401767,-1.5477679860172513,0.9702425509371355,0.607646983261529,-1.43244469563043,-0.3918096230308007,-1.0028039309991141,1.7279038324066063,-0.5738091541336192,1.0959875190286648,-1.0959875190286648,1.7288236672481017,-0.5776581893550843,-0.5765804684883443,-0.5767344287272242,1
1.0188594203923014,-0.8507256655188732,-1.3875375865624426,-1.2258476714090278,0.8077365626180215,-1.5477679860172513,0.9702425509371355,0.4601374808702894,-1.43244469563043,-0.7946185866517296,0.9972039090469852,-0.5787359118286177,-0.5738091541336192,-0.9124191495230389,0.9124191495230393,-0.5784279906300535,-0.5776581893550843,-0.5765804684883443,1.733900301750437,0
0.6360287190855723,-0.4693113027136664,-1.3875375865624426,-1.2258476714090278,0.8077365626180215,0.646091668153197,0.9702425509371355,1.6512922062792312,-1.43244469563043,1.591249890179926,0.9972039090469852,-0.5787359118286177,-0.5738091541336192,-0.9124191495230389,0.9124191495230393,-0.5784279906300535,-0.5776581893550843,1.7343632929879855,-0.5767344287272242,0
-0.42968917914667304,0.0074566507928420294,1.03290776479748,1.0447966580030665,-0.9115834940401767,-1.5477679860172513,0.9702425509371355,1.3141565199676737,0.7014981422339509,-0.7370744489915968,0.9972039090469852,-0.5787359118286177,-0.5738091541336192,1.0959875190286648,-1.0959875190286648,-0.5784279906300535,-0.5776581893550843,-0.5765804684883443,1.733900301750437,0
0.4187464291547262,-0.4693113027136664,0.6871298574603482,-1.2258476714090278,0.8077365626180215,-1.5477679860172513,0.9702425509371355,1.0688824035709916,1.4128124215220779,-0.06867715770851711,0.9972039090469852,-0.5787359118286177,-0.5738091541336192,1.0959875190286648,-1.0959875190286648,-0.5784279906300535,-0.5776581893550843,1.7343632929879855,-0.5767344287272242,0
0.004875400715019266,-1.518200800427985,-0.35020386455104724,0.627463886356669,0.8077365626180215,0.646091668153197,-1.0306701134001208,-0.516268649539402,1.4128124215220779,0.45807302548808215,-1.0028039309991141,-0.5787359118286177,1.7427397119690018,-0.9124191495230389,0.9124191495230393,-0.5784279906300535,-0.5776581893550843,1.7343632929879855,-0.5767344287272242,0
-0.26414076777079026,-0.4693113027136664,0.3413519501232164,-1.2258476714090278,0.8077365626180215,-1.5477679860172513,-1.0306701134001208,1.6900884581117428,1.4128124215220779,-0.4582067049463384,0.9972039090469852,-0.5787359118286177,-0.5738091541336192,-0.9124191495230389,0.9124191495230393,-0.5784279906300535,-0.5776581893550843,1.7343632929879855,-0.5767344287272242,0
1.474117551675979,1.6284676927149706,1.03290776479748,0.6893317318537017,0.8077365626180215,0.646091668153197,-1.0306701134001208,-1.2208687000712597,-0.721130416342303,-0.6573979506929516,0.9972039090469852,-0.5787359118286177,-0.5738091541336192,-0.9124191495230389,0.9124191495230393,-0.5784279906300535,-0.5776581893550843,-0.5765804684883443,1.733900301750437,0
1.277528813167118,-0.27860412131106305,1.378685672134612,0.8706547481190737,-0.9115834940401767,0.646091668153197,-1.0306701134001208,0.9077065376965032,1.4128124215220779,-0.20589779366729508,-1.0028039309991141,1.7279038324066063,-0.5738091541336192,-0.9124191495230389,0.9124191495230393,-0.5784279906300535,-0.5776581893550843,-0.5765804684883443,1.733900301750437,0
1.7327869444507957,-0.27860412131106305,-0.35020386455104724,-1.2258476714090278,0.8077365626180215,0.646091668153197,0.9702425509371355,-1.6007133372780398,-0.721130416342303,-1.5072805992118343,0.9972039090469852,-0.5787359118286177,-0.5738091541336192,-0.9124191495230389,0.9124191495230393,-0.5784279906300535,1.731127539482183,-0.5765804684883443,-0.5767344287272242,0
1.1740610560571914,-0.4693113027136664,0.3413519501232164,0.5172650120207313,0.8077365626180215,0.646091668153197,-1.0306701134001208,1.1517526428589795,-0.009816137054176019,0.258881779741469,-1.0028039309991141,1.7279038324066063,-0.5738091541336192,-0.9124191495230389,0.9124191495230393,-0.5784279906300535,1.731127539482183,-0.5765804684883443,-0.5767344287272242,1
0.9153916632823745,0.10281024149414371,-1.3875375865624426,0.5320314284681267,-0.9115834940401767,0.646091668153197,0.9702425509371355,1.6211949759707047,1.4128124215220779,-0.3696772623922881,-1.0028039309991141,-0.5787359118286177,1.7427397119690018,-0.9124191495230389,0.9124191495230393,-0.5784279906300535,-0.5776581893550843,1.7343632929879855,-0.5767344287272242,0
-0.26414076777079026,-0.18325053060976135,0.6871298574603482,0.6316208375733328,-0.9115834940401767,0.646091668153197,-1.0306701134001208,-0.8973418196504107,1.4128124215220779,1.6222351950738436,0.9972039090469852,-0.5787359118286177,-0.5738091541336192,1.0959875190286648,-1.0959875190286648,-0.5784279906300535,1.731127539482183,-0.5765804684883443,-0.5767344287272242,0
0.2842383449118215,0.9609925578058589,-0.695981771888179,2.0518714204444812,-0.9115834940401767,-1.5477679860172513,0.9702425509371355,-1.7276208732298846,-0.721130416342303,0.9007202382583336,0.9972039090469852,-0.5787359118286177,-0.5738091541336192,1.0959875190286648,-1.0959875190286648,-0.5784279906300535,-0.5776581893550843,-0.5765804684883443,1.733900301750437,1
-0.46072950627965104,-0.3739577120123647,-1.7333154938995745,0.9535850994954105,0.8077365626180215,0.646091668153197,-1.0306701134001208,1.507429003458944,-1.43244469563043,-1.1930010781449558,0.9972039090469852,-0.5787359118286177,-0.5738091541336192,1.0959875190286648,-1.0959875190286648,-0.5784279906300535,-0.5776581893550843,-0.5765804684883443,1.733900301750437,0
-1.350552217425021,2.105235646221479,1.03290776479748,0.9186161918284101,0.8077365626180215,0.646091668153197,0.9702425509371355,-0.17017275891233072,-0.009816137054176019,0.6616907433623979,-1.0028039309991141,1.7279038324066063,-0.5738091541336192,-0.9124191495230389,0.9124191495230393,-0.5784279906300535,1.731127539482183,-0.5765804684883443,-0.5767344287272242,0
-2.085173292905501,-0.7553720748175714,-1.3875375865624426,0.5963224125488328,-0.9115834940401767,-1.5477679860172513,-1.0306701134001208,-0.30072450775503534,-1.43244469563043,-0.93626569473821,-1.0028039309991141,-0.5787359118286177,1.7427397119690018,1.0959875190286648,-1.0959875190286648,-0.5784279906300535,1.731127539482183,-0.5765804684883443,-0.5767344287272242,0
-1.536794180222889,0.2935174228967471,-1.7333154938995745,0.8897739670530086,-0.9115834940401767,-1.5477679860172513,0.9702425509371355,-1.250012839247716,-0.009816137054176019,-0.9008539177165898,-1.0028039309991141,1.7279038324066063,-0.5738091541336192,1.0959875190286648,-1.0959875190286648,-0.5784279906300535,-0.5776581893550843,-0.5765804684883443,1.733900301750437,1
-1.5471409559338818,-0.4693113027136664,-0.695981771888179,0.5010343589108289,-0.9115834940401767,0.646091668153197,-1.0306701134001208,-1.579632129977491,1.4128124215220779,-0.9318392226105074,0.9972039090469852,-0.5787359118286177,-0.5738091541336192,1.0959875190286648,-1.0959875190286648,-0.5784279906300535,1.731127539482183,-0.5765804684883443,-0.5767344287272242,0
0.21181091493487275,-1.0414328469214764,1.03290776479748,0.6951538996775728,0.8077365626180215,0.646091668153197,-1.0306701134001208,0.44050547289371006,0.7014981422339509,-0.22803015430580764,-1.0028039309991141,1.7279038324066063,-0.5738091541336192,-0.9124191495230389,0.9124191495230393,1.7288236672481017,-0.5776581893550843,-0.5765804684883443,-0.5767344287272242,0
-1.2677780117370796,-0.7553720748175714,0.3413519501232164,0.409185402285092,0.8077365626180215,-1.5477679860172513,-1.0306701134001208,-0.34619970089236274,-0.009816137054176019,-1.5161335434672394,0.9972039090469852,-0.5787359118286177,-0.5738091541336192,-0.9124191495230389,0.9124191495230393,-0.5784279906300535,1.731127539482183,-0.5765804684883443,-0.5767344287272242,0
0.5429077376866382,1.0563461485071606,1.03290776479748,1.3407269651585478,0.8077365626180215,0.646091668153197,0.9702425509371355,-0.36127631233786156,-0.721130416342303,0.12608761591039352,0.9972039090469852,-0.5787359118286177,-0.5738091541336192,-0.9124191495230389,0.9124191495230393,-0.5784279906300535,-0.5776581893550843,1.7343632929879855,-0.5767344287272242,0
-1.0918828246502041,-1.23214002832408,0.6871298574603482,-1.2258476714090278,0.8077365626180215,-1.5477679860172513,0.9702425509371355,0.9826174835531588,-0.721130416342303,0.7723525465549607,0.9972039090469852,-0.5787359118286177,-0.5738091541336192,-0.9124191495230389,0.9124191495230393,-0.5784279906300535,1.731127539482183,-0.5765804684883443,-0.5767344287272242,0
-0.3262214220367463,-0.9460792562201749,-0.004425957213915414,-1.2258476714090278,0.8077365626180215,0.646091668153197,-1.0306701134001208,1.6383892199296786,-1.43244469563043,0.7457937137887456,0.9972039090469852,-0.5787359118286177,-0.5738091541336192,-0.9124191495230389,0.9124191495230393,1.7288236672481017,-0.5776581893550843,-0.5765804684883443,-0.5767344287272242,0
1.0188594203923014,-0.6600184841162697,0.6871298574603482,0.04867818742741656,-0.9115834940401767,-1.5477679860172513,0.9702425509371355,1.0008740215690233,1.4128124215220779,0.09510231101647593,-1.0028039309991141,1.7279038324066063,-0.5738091541336192,1.0959875190286648,-1.0959875190286648,-0.5784279906300535,1.731127539482183,-0.5765804684883443,-0.5767344287272242,0
0.6670690462185503,-0.18325053060976135,1.378685672134612,1.4226724506974169,-0.9115834940401767,0.646091668153197,-1.0306701134001208,-0.2574257219537769,-0.721130416342303,0.024278756973235695,0.9972039090469852,-0.5787359118286177,-0.5738091541336192,-0.9124191495230389,0.9124191495230393,-0.5784279906300535,-0.5776581893550843,1.7343632929879855,-0.5767344287272242,0
-0.22275366492681956,0.10281024149414371,-1.0417596792253108,0.7238106908038366,0.8077365626180215,0.646091668153197,0.9702425509371355,-0.6127970794802781,-1.43244469563043,-1.401045268146974,-1.0028039309991141,1.7279038324066063,-0.5738091541336192,-0.9124191495230389,0.9124191495230393,-0.5784279906300535,-0.5776581893550843,-0.5765804684883443,1.733900301750437,1
-1.795463572997706,0.8656389671045572,1.03290776479748,0.8456561445827526,0.8077365626180215,0.646091668153197,0.9702425509371355,1.0059034422610278,-1.43244469563043,1.2327056478360223,-1.0028039309991141,1.7279038324066063,-0.5738091541336192,-0.9124191495230389,0.9124191495230393,-0.5784279906300535,-0.5776581893550843,1.7343632929879855,-0.5767344287272242,0
1.2257949346121548,0.10281024149414371,1.378685672134612,0.9197182158314086,-0.9115834940401767,0.646091668153197,0.9702425509371355,-0.8611419195225054,0.7014981422339509,1.2415585920914272,0.9972039090469852,-0.5787359118286177,-0.5738091541336192,1.0959875190286648,-1.0959875190286648,-0.5784279906300535,-0.5776581893550843,1.7343632929879855,-0.5767344287272242,0
-1.381592544557999,1.6284676927149706,1.378685672134612,1.0523628958095774,-0.9115834940401767,-1.5477679860172513,-1.0306701134001208,-1.0538117002471714,-0.009816137054176019,0.5333230516590249,0.9972039090469852,-0.5787359118286177,-0.5738091541336192,-0.9124191495230389,0.9124191495230393,-0.5784279906300535,-0.5776581893550843,1.7343632929879855,-0.5767344287272242,1
-0.9884150675402774,-1.4228472097266833,-0.004425957213915414,-1.2258476714090278,0.8077365626180215,0.646091668153197,-1.0306701134001208,-1.2620375071684984,-0.009816137054176019,0.6218524942130752,0.9972039090469852,-0.5787359118286177,-0.5738091541336192,-0.9124191495230389,0.9124191495230393,-0.5784279906300535,-0.5776581893550843,1.7343632929879855,-0.5767344287272242,0
-0.8642537590083653,0.10281024149414371,-0.35020386455104724,0.6754290163010358,-0.9115834940401767,-1.5477679860172513,-1.0306701134001208,-0.14113973545077946,-1.43244469563043,1.2636909527299398,-1.0028039309991141,-0.5787359118286177,1.7427397119690018,-0.9124191495230389,0.9124191495230393,-0.5784279906300535,-0.5776581893550843,1.7343632929879855,-0.5767344287272242,0
0.7808835790394698,-0.8507256655188732,0.6871298574603482,0.26223075791894324,-0.9115834940401767,0.646091668153197,-1.0306701134001208,0.8010038034065216,1.4128124215220779,-1.0867657470800955,-1.0028039309991141,1.7279038324066063,-0.5738091541336192,-0.9124191495230389,0.9124191495230393,1.7288236672481017,-0.5776581893550843,-0.5765804684883443,-0.5767344287272242,0
-0.967721516118292,0.2935174228967471,-0.35020386455104724,-1.2258476714090278,0.8077365626180215,-1.5477679860172513,0.9702425509371355,-0.23384484579288983,-0.721130416342303,-0.16605954451797245,-1.0028039309991141,-0.5787359118286177,1.7427397119690018,-0.9124191495230389,0.9124191495230393,-0.5784279906300535,1.731127539482183,-0.5765804684883443,-0.5767344287272242,0
0.584294840530609,-0.5646648934149681,-1.0417596792253108,-0.2956930945335289,-0.9115834940401767,0.646091668153197,0.9702425509371355,-0.29134331573093863,-1.43244469563043,1.3477939231562877,0.9972039090469852,-0.5787359118286177,-0.5738091541336192,1.0959875190286648,-1.0959875190286648,-0.5784279906300535,1.731127539482183,-0.5765804684883443,-0.5767344287272242,0
-0.22275366492681956,0.10281024149414371,1.378685672134612,-1.2258476714090278,-0.9115834940401767,0.646091668153197,-1.0306701134001208,-1.7386143734051505,-0.009816137054176019,-0.2147507379227001,0.9972039090469852,-0.5787359118286177,-0.5738091541336192,-0.9124191495230389,0.9124191495230393,-0.5784279906300535,-0.5776581893550843,1.7343632929879855,-0.5767344287272242,0
0.3152786720447995,-0.8507256655188732,-1.0417596792253108,0.831925560178897,-0.9115834940401767,0.646091668153197,0.9702425509371355,1.3998703825511825,-1.43244469563043,1.325661562517775,-1.0028039309991141,-0.5787359118286177,1.7427397119690018,-0.9124191495230389,0.9124191495230393,-0.5784279906300535,-0.5776581893550843,-0.5765804684883443,1.733900301750437,0
0.21181091493487275,0.2935174228967471,-0.695981771888179,-1.2258476714090278,0.8077365626180215,0.646091668153197,0.9702425509371355,0.4931362398468927,-0.721130416342303,1.4363233657103378,-1.0028039309991141,-0.5787359118286177,1.7427397119690018,1.0959875190286648,-1.0959875190286648,1.7288236672481017,-0.5776581893550843,-0.5765804684883443,-0.5767344287272242,0
0.7601900276174844,-0.5646648934149681,1.378685672134612,0.6858408672799209,-0.9115834940401767,0.646091668153197,0.9702425509371355,1.687741638568151,-0.721130416342303,-1.3302217141037338,-1.0028039309991141,1.7279038324066063,-0.5738091541336192,1.0959875190286648,-1.0959875190286648,-0.5784279906300535,1.731127539482183,-0.5765804684883443,-0.5767344287272242,0
0.36701255059976284,0.1981638321954454,1.7244635794717436,-1.2258476714090278,-0.9115834940401767,0.646091668153197,0.9702425509371355,0.7682890068124527,1.4128124215220779,1.188440926558997,0.9972039090469852,-0.5787359118286177,-0.5738091541336192,1.0959875190286648,-1.0959875190286648,-0.5784279906300535,1.731127539482183,-0.5765804684883443,-0.5767344287272242,1
1.474117551675979,2.2959428276240823,-0.35020386455104724,0.43664096160471305,0.8077365626180215,0.646091668153197,0.9702425509371355,-0.3446183451625598,-0.009816137054176019,0.19248469782593125,0.9972039090469852,-0.5787359118286177,-0.5738091541336192,-0.9124191495230389,0.9124191495230393,1.7288236672481017,-0.5776581893550843,-0.5765804684883443,-0.5767344287272242,0
-1.0298021703842482,-0.08789693990845966,1.7244635794717436,-1.2258476714090278,0.8077365626180215,0.646091668153197,0.9702425509371355,-1.7367085389210246,-0.721130416342303,1.3522203952839902,0.9972039090469852,-0.5787359118286177,-0.5738091541336192,1.0959875190286648,-1.0959875190286648,-0.5784279906300535,-0.5776581893550843,-0.5765804684883443,1.733900301750437,0
-0.8332134318753873,-0.3739577120123647,0.3413519501232164,0.1471721436442431,-0.9115834940401767,0.646091668153197,-1.0306701134001208,0.094511307921129,1.4128124215220779,-0.7016626719699768,-1.0028039309991141,1.7279038324066063,-0.5738091541336192,-0.9124191495230389,0.9124191495230393,-0.5784279906300535,-0.5776581893550843,-0.5765804684883443,1.733900301750437,0
0.6567222705075577,0.10281024149414371,-1.7333154938995745,-1.2258476714090278,0.8077365626180215,0.646091668153197,-1.0306701134001208,-0.6490987052626735,-1.43244469563043,1.608955778690736,0.9972039090469852,-0.5787359118286177,-0.5738091541336192,1.0959875190286648,-1.0959875190286648,-0.5784279906300535,-0.5776581893550843,-0.5765804684883443,1.733900301750437,0
-0.15032623494987085,-0.5646648934149681,-1.7333154938995745,-1.2258476714090278,-0.9115834940401767,0.646091668153197,-1.0306701134001208,-0.13585626145756088,-0.721130416342303,0.05083758973945078,-1.0028039309991141,-0.5787359118286177,1.7427397119690018,1.0959875190286648,-1.0959875190286648,-0.5784279906300535,-0.5776581893550843,-0.5765804684883443,1.733900301750437,1
-1.474713525956933,0.1981638321954454,-0.004425957213915414,-1.2258476714090278,0.8077365626180215,0.646091668153197,0.9702425509371355,-0.10293244907426596,-0.009816137054176019,0.9494114316630613,0.9972039090469852,-0.5787359118286177,-0.5738091541336192,1.0959875190286648,-1.0959875190286648,-0.5784279906300535,-0.5776581893550843,1.7343632929879855,-0.5767344287272242,0
0.49117385913167494,0.7702853764032556,0.3413519501232164,-1.2258476714090278,-0.9115834940401767,0.646091668153197,-1.0306701134001208,-0.8673012774843866,0.7014981422339509,0.08182289463336839,-1.0028039309991141,-0.5787359118286177,1.7427397119690018,1.0959875190286648,-1.0959875190286648,-0.5784279906300535,-0.5776581893550843,1.7343632929879855,-0.5767344287272242,1
-1.2470844603150943,-0.4693113027136664,1.03290776479748,-1.2258476714090278,0.8077365626180215,-1.5477679860172513,0.9702425509371355,0.7265521010601376,-0.721130416342303,0.7723525465549607,0.9972039090469852,-0.5787359118286177,-0.5738091541336192,1.0959875190286648,-1.0959875190286648,-0.5784279906300535,1.731127539482183,-0.5765804684883443,-0.5767344287272242,0
-0.8642537590083653,-0.27860412131106305,-1.3875375865624426,-1.2258476714090278,0.8077365626180215,-1.5477679860172513,-1.0306701134001208,-1.591693662579901,-0.721130416342303,0.3031465010184941,0.9972039090469852,-0.5787359118286177,-0.5738091541336192,-0.9124191495230389,0.9124191495230393,-0.5784279906300535,1.731127539482183,-0.5765804684883443,-0.5767344287272242,0
0.5636012891086236,0.0074566507928420294,-0.695981771888179,0.2522453883059656,-0.9115834940401767,0.646091668153197,0.9702425509371355,-0.7924687560211928,-0.721130416342303,-0.6795303113314641,0.9972039090469852,-0.5787359118286177,-0.5738091541336192,1.0959875190286648,-1.0959875190286648,-0.5784279906300535,1.731127539482183,-0.5765804684883443,-0.5767344287272242,0
-0.5848908148115631,-0.08789693990845966,1.7244635794717436,-1.2258476714090278,0.8077365626180215,0.646091668153197,-1.0306701134001208,-0.7261182413524047,-0.009816137054176019,0.9759702644292764,-1.0028039309991141,-0.5787359118286177,1.7427397119690018,1.0959875190286648,-1.0959875190286648,-0.5784279906300535,-0.5776581893550843,1.7343632929879855,-0.5767344287272242,0
0.9567787661263453,-1.3274936190253817,0.3413519501232164,-1.2258476714090278,0.8077365626180215,0.646091668153197,-1.0306701134001208,0.5155816142576574,-0.721130416342303,0.6262789663407777,-1.0028039309991141,-0.5787359118286177,1.7427397119690018,-0.9124191495230389,0.9124191495230393,-0.5784279906300535,1.731127539482183,-0.5765804684883443,-0.5767344287272242,0
-1.1953505817601309,-0.7553720748175714,0.6871298574603482,0.5668652276077089,0.8077365626180215,0.646091668153197,0.9702425509371355,-1.1096156120604204,-1.43244469563043,-0.6175597015436289,0.9972039090469852,-0.5787359118286177,-0.5738091541336192,1.0959875190286648,-1.0959875190286648,1.7288236672481017,-0.5776581893550843,-0.5765804684883443,-0.5767344287272242,0
1.2982223645891036,-0.5646648934149681,1.03290776479748,0.6193588171513675,-0.9115834940401767,-1.5477679860172513,-1.0306701134001208,0.5118497608029291,0.7014981422339509,0.22789647484755138,-1.0028039309991141,1.7279038324066063,-0.5738091541336192,-0.9124191495230389,0.9124191495230393,-0.5784279906300535,1.731127539482183,-0.5765804684883443,-0.5767344287272242,1
0.7188029247735137,-1.7089079818305883,-1.0417596792253108,0.7487046373195123,-0.9115834940401767,0.646091668153197,0.9702425509371355,1.4019367175123927,-0.721130416342303,-1.3966187960192715,-1.0028039309991141,-0.5787359118286177,1.7427397119690018,-0.9124191495230389,0.9124191495230393,-0.5784279906300535,-0.5776581893550843,1.7343632929879855,-0.5767344287272242,0
1.3189159160110888,0.5795781950006521,-1.3875375865624426,1.3729547564027318,0.8077365626180215,0.646091668153197,-1.0306701134001208,1.2944551298780314,-0.721130416342303,-1.5781041532550746,-1.0028039309991141,1.7279038324066063,-0.5738091541336192,1.0959875190286648,-1.0959875190286648,1.7288236672481017,-0.5776581893550843,-0.5765804684883443,-0.5767344287272242,0
-1.4022860959799843,2.4866500090266856,0.6871298574603482,0.25046718058152245,-0.9115834940401767,0.646091668153197,0.9702425509371355,0.7383037616688694,1.4128124215220779,0.8653084612367135,0.9972039090469852,-0.5787359118286177,-0.5738091541336192,-0.9124191495230389,0.9124191495230393,-0.5784279906300535,-0.5776581893550843,1.7343632929879855,-0.5767344287272242,0
-0.9573747404072994,-0.6600184841162697,1.7244635794717436,0.4570024417438898,-0.9115834940401767,0.646091668153197,-1.0306701134001208,1.5637818860264245,-1.43244469563043,0.16592586505971615,0.9972039090469852,-0.5787359118286177,-0.5738091541336192,-0.9124191495230389,0.9124191495230393,-0.5784279906300535,-0.5776581893550843,-0.5765804684883443,1.733900301750437,0
1.09128685036925,0.1981638321954454,0.3413519501232164,1.1629916172042767,-0.9115834940401767,-1.5477679860172513,0.9702425509371355,-0.8636748013743097,0.7014981422339509,0.7812054908103657,-1.0028039309991141,1.7279038324066063,-0.5738091541336192,-0.9124191495230389,0.9124191495230393,1.7288236672481017,-0.5776581893550843,-0.5765804684883443,-0.5767344287272242,1
-0.3262214220367463,-1.518200800427985,-0.004425957213915414,0.9013519504702037,-0.9115834940401767,0.646091668153197,0.9702425509371355,0.7620397477166031,-0.009816137054176019,-0.334265485370668,-1.0028039309991141,1.7279038324066063,-0.5738091541336192,-0.9124191495230389,0.9124191495230393,-0.5784279906300535,-0.5776581893550843,1.7343632929879855,-0.5767344287272242,0
0.32562544775579216,0.6749317857019538,-0.35020386455104724,-1.2258476714090278,-0.9115834940401767,0.646091668153197,0.9702425509371355,-1.659535979624539,1.4128124215220779,-1.7064718449584475,-1.0028039309991141,-0.5787359118286177,1.7427397119690018,-0.9124191495230389,0.9124191495230393,-0.5784279906300535,-0.5776581893550843,-0.5765804684883443,1.733900301750437,0
-0.6676650204995045,1.8191748741175742,0.6871298574603482,1.2092091512020613,-0.9115834940401767,0.646091668153197,-1.0306701134001208,1.093243176416304,0.7014981422339509,1.2725438969853449,0.9972039090469852,-0.5787359118286177,-0.5738091541336192,-0.9124191495230389,0.9124191495230393,-0.5784279906300535,-0.5776581893550843,-0.5765804684883443,1.733900301750437,1
0.04626250355898996,1.247053329909764,1.378685672134612,1.0932228878684085,-0.9115834940401767,0.646091668153197,0.9702425509371355,-0.8879597581762757,-0.721130416342303,0.37397005506173436,-1.0028039309991141,1.7279038324066063,-0.5738091541336192,-0.9124191495230389,0.9124191495230393,1.7288236672481017,-0.5776581893550843,-0.5765804684883443,-0.5767344287272242,0
0.9671255418373379,-0.9460792562201749,-1.3875375865624426,-1.2258476714090278,-0.9115834940401767,-1.5477679860172513,-1.0306701134001208,-0.30721616952158465,0.7014981422339509,-1.383339379636164,0.9972039090469852,-0.5787359118286177,-0.5738091541336192,-0.9124191495230389,0.9124191495230393,-0.5784279906300535,1.731127539482183,-0.5765804684883443,-0.5767344287272242,0
-0.7297456747654606,2.6773571904292894,-0.695981771888179,1.2414638679890757,-0.9115834940401767,0.646091668153197,0.9702425509371355,-1.6114616525424827,1.4128124215220779,-1.7064718449584475,-1.0028039309991141,-0.5787359118286177,1.7427397119690018,-0.9124191495230389,0.9124191495230393,-0.5784279906300535,-0.5776581893550843,1.7343632929879855,-0.5767344287272242,0
0.025568952137004615,0.38887101359804876,0.3413519501232164,-1.2258476714090278,0.8077365626180215,0.646091668153197,0.9702425509371355,-1.6129976229802823,1.4128124215220779,1.0689261791110292,0.9972039090469852,-0.5787359118286177,-0.5738091541336192,1.0959875190286648,-1.0959875190286648,1.7288236672481017,-0.5776581893550843,-0.5765804684883443,-0.5767344287272242,0
-0.8849473104303507,-0.08789693990845966,-0.004425957213915414,-1.2258476714090278,0.8077365626180215,-1.5477679860172513,0.9702425509371355,-0.3383885617475698,1.4128124215220779,-0.7326479768638944,0.9972039090469852,-0.5787359118286177,-0.5738091541336192,-0.9124191495230389,0.9124191495230393,-0.5784279906300535,-0.5776581893550843,1.7343632929879855,-0.5767344287272242,0
-1.5885280587778525,0.48422460429935044,-1.0417596792253108,0.7174399150447903,-0.9115834940401767,-1.5477679860172513,0.9702425509371355,-0.35471544234825736,-0.009816137054176019,-0.05097126919770706,-1.0028039309991141,-0.5787359118286177,1.7427397119690018,-0.9124191495230389,0.9124191495230393,1.7288236672481017,-0.5776581893550843,-0.5765804684883443,-0.5767344287272242,0
0.584294840530609,0.38887101359804876,1.7244635794717436,-1.2258476714090278,0.8077365626180215,0.646091668153197,-1.0306701134001208,0.31783546253891437,-1.43244469563043,-0.5644420360111988,-1.0028039309991141,-0.5787359118286177,1.7427397119690018,-0.9124191495230389,0.9124191495230393,-0.5784279906300535,1.731127539482183,-0.5765804684883443,-0.5767344287272242,0
