0,1,2,3,4,5,6,7,8,9,10,11,12,13,14,15,16,17,18,Exited
0.5739480648196164,0.7702853764032556,0.3413519501232164,0.7073724866346145,-0.9115834940401767,0.646091668153197,0.9702425509371355,0.7079663892597432,1.4128124215220779,1.1663085659204846,-1.0028039309991141,1.7279038324066063,-0.5738091541336192,1.0959875190286648,-1.0959875190286648,1.7288236672481017,-0.5776581893550843,-0.5765804684883443,-0.5767344287272242,0
0.20146413922388007,-0.27860412131106305,-1.0417596792253108,0.12469973300135828,0.8077365626180215,-1.5477679860172513,-1.0306701134001208,-1.0689983840675292,1.4128124215220779,-0.4360743443078258,-1.0028039309991141,1.7279038324066063,-0.5738091541336192,1.0959875190286648,-1.0959875190286648,-0.5784279906300535,-0.5776581893550843,-0.5765804684883443,1.733900301750437,0
-0.905640861852336,-0.3739577120123647,-1.0417596792253108,1.716294213097344,-0.9115834940401767,0.646091668153197,0.9702425509371355,-0.5926778317021912,-0.721130416342303,-0.5246037868618761,0.9972039090469852,-0.5787359118286177,-0.5738091541336192,1.0959875190286648,-1.0959875190286648,-0.5784279906300535,-0.5776581893550843,-0.5765804684883443,1.733900301750437,1
-0.99876184325127,-0.4693113027136664,1.03290776479748,-1.2258476714090278,-0.9115834940401767,-1.5477679860172513,0.9702425509371355,0.11982395466845835,0.7014981422339509,-0.2988537083490479,-1.0028039309991141,-0.5787359118286177,1.7427397119690018,1.0959875190286648,-1.0959875190286648,1.7288236672481017,-0.5776581893550843,-0.5765804684883443,-0.5767344287272242,0
0.035915727847997285,0.38887101359804876,1.378685672134612,0.131218438974885,0.8077365626180215,-1.5477679860172513,0.9702425509371355,-0.313156599963802,1.4128124215220779,-0.334265485370668,-1.0028039309991141,1.7279038324066063,-0.5738091541336192,-0.9124191495230389,0.9124191495230393,-0.5784279906300535,-0.5776581893550843,-0.5765804684883443,1.733900301750437,0
-1.2884715631590649,-0.27860412131106305,-1.3875375865624426,-1.2258476714090278,-0.9115834940401767,0.646091668153197,-1.0306701134001208,1.053886129309039,-1.43244469563043,-0.8034715309071345,0.9972039090469852,-0.5787359118286177,-0.5738091541336192,-0.9124191495230389,0.9124191495230393,-0.5784279906300535,-0.5776581893550843,1.7343632929879855,-0.5767344287272242,0
-1.1125763760721894,-0.27860412131106305,-0.695981771888179,-1.2258476714090278,0.8077365626180215,-1.5477679860172513,-1.0306701134001208,-1.2880145876351567,-0.721130416342303,-1.5559717926165622,0.9972039090469852,-0.5787359118286177,-0.5738091541336192,1.0959875190286648,-1.0959875190286648,1.7288236672481017,-0.5776581893550843,-0.5765804684883443,-0.5767344287272242,0
-1.1022296003611969,-1.6135543911292867,-0.35020386455104724,-1.2258476714090278,0.8077365626180215,0.646091668153197,-1.0306701134001208,-0.523105830751203,-0.009816137054176019,-0.04211832494230203,-1.0028039309991141,-0.5787359118286177,1.7427397119690018,-0.9124191495230389,0.9124191495230393,-0.5784279906300535,-0.5776581893550843,-0.5765804684883443,1.733900301750437,0
-1.474713525956933,-0.7553720748175714,1.03290776479748,-0.06321747692011948,-0.9115834940401767,0.646091668153197,-1.0306701134001208,0.5166765996359913,1.4128124215220779,0.6749701597455053,0.9972039090469852,-0.5787359118286177,-0.5738091541336192,-0.9124191495230389,0.9124191495230393,-0.5784279906300535,1.731127539482183,-0.5765804684883443,-0.5767344287272242,0
1.3292626917220816,-0.4693113027136664,-0.004425957213915414,-1.2258476714090278,0.8077365626180215,-1.5477679860172513,0.9702425509371355,0.2014757466726626,-1.43244469563043,1.4982939754981732,-1.0028039309991141,-0.5787359118286177,1.7427397119690018,1.0959875190286648,-1.0959875190286648,-0.5784279906300535,-0.5776581893550843,-0.5765804684883443,1.733900301750437,0
1.6189724116298765,0.10281024149414371,-1.3875375865624426,0.9312442714160017,-0.9115834940401767,0.646091668153197,0.9702425509371355,-0.9361645027640886,-0.009816137054176019,0.7634996022995557,-1.0028039309991141,1.7279038324066063,-0.5738091541336192,1.0959875190286648,-1.0959875190286648,-0.5784279906300535,1.731127539482183,-0.5765804684883443,-0.5767344287272242,0
1.3603030188550596,-1.1367864376227783,-0.695981771888179,-1.2258476714090278,0.8077365626180215,0.646091668153197,-1.0306701134001208,0.7568348720068543,-0.009816137054176019,1.1131909003880542,-1.0028039309991141,-0.5787359118286177,1.7427397119690018,1.0959875190286648,-1.0959875190286648,1.7288236672481017,-0.5776581893550843,-0.5765804684883443,-0.5767344287272242,0
-1.7747700215757207,-1.1367864376227783,-1.0417596792253108,1.5382428105569887,-0.9115834940401767,0.646091668153197,0.9702425509371355,-1.039426997142214,-0.009816137054176019,0.43151419272186703,-1.0028039309991141,-0.5787359118286177,1.7427397119690018,-0.9124191495230389,0.9124191495230393,1.7288236672481017,-0.5776581893550843,-0.5765804684883443,-0.5767344287272242,0
-0.46072950627965104,-0.08789693990845966,0.6871298574603482,0.8348942615470686,-0.9115834940401767,0.646091668153197,0.9702425509371355,1.6308843010884029,0.7014981422339509,-1.5338394319780495,-1.0028039309991141,-0.5787359118286177,1.7427397119690018,-0.9124191495230389,0.9124191495230393,-0.5784279906300535,-0.5776581893550843,-0.5765804684883443,1.733900301750437,0
-0.3469149734587316,-1.1367864376227783,-0.35020386455104724,-1.2258476714090278,0.8077365626180215,-1.5477679860172513,-1.0306701134001208,1.5681221806180103,-0.009816137054176019,-1.1708687175064434,0.9972039090469852,-0.5787359118286177,-0.5738091541336192,1.0959875190286648,-1.0959875190286648,-0.5784279906300535,-0.5776581893550843,1.7343632929879855,-0.5767344287272242,0
-0.7297456747654606,-0.3739577120123647,-1.3875375865624426,0.4104773475277001,-0.9115834940401767,-1.5477679860172513,0.9702425509371355,1.1858535167042314,0.7014981422339509,0.7590731301718532,0.9972039090469852,-0.5787359118286177,-0.5738091541336192,1.0959875190286648,-1.0959875190286648,1.7288236672481017,-0.5776581893550843,-0.5765804684883443,-0.5767344287272242,0
-1.2367376846041016,0.2935174228967471,0.3413519501232164,0.18973565710037998,0.8077365626180215,0.646091668153197,-1.0306701134001208,-0.43196868660830445,-1.43244469563043,-1.2726775764436011,-1.0028039309991141,1.7279038324066063,-0.5738091541336192,1.0959875190286648,-1.0959875190286648,1.7288236672481017,-0.5776581893550843,-0.5765804684883443,-0.5767344287272242,0
-1.4022860959799843,-0.18325053060976135,-1.0417596792253108,0.22353057904574503,-0.9115834940401767,0.646091668153197,0.9702425509371355,1.5350279560271933,-1.43244469563043,-1.082339274952393,-1.0028039309991141,1.7279038324066063,-0.5738091541336192,-0.9124191495230389,0.9124191495230393,-0.5784279906300535,-0.5776581893550843,-0.5765804684883443,1.733900301750437,1
-0.2537939920597976,0.7702853764032556,-1.0417596792253108,0.42668828729374425,-0.9115834940401767,-1.5477679860172513,0.9702425509371355,1.154372295824614,-0.009816137054176019,-1.4497364615517017,-1.0028039309991141,1.7279038324066063,-0.5738091541336192,1.0959875190286648,-1.0959875190286648,-0.5784279906300535,1.731127539482183,-0.5765804684883443,-0.5767344287272242,1
1.443077224543001,0.6749317857019538,1.378685672134612,-1.2258476714090278,-0.9115834940401767,-1.5477679860172513,-1.0306701134001208,-1.4852020307592377,-0.009816137054176019,-1.5426923762334546,-1.0028039309991141,-0.5787359118286177,1.7427397119690018,1.0959875190286648,-1.0959875190286648,-0.5784279906300535,-0.5776581893550843,-0.5765804684883443,1.733900301750437,1
0.10834315782494601,1.1516997392084622,0.3413519501232164,1.1238322616631622,-0.9115834940401767,0.646091668153197,0.9702425509371355,-0.5576363868054216,1.4128124215220779,-1.538265904105752,0.9972039090469852,-0.5787359118286177,-0.5738091541336192,-0.9124191495230389,0.9124191495230393,1.7288236672481017,-0.5776581893550843,-0.5765804684883443,-0.5767344287272242,0
0.3877061020217482,0.10281024149414371,0.3413519501232164,-1.2258476714090278,-0.9115834940401767,0.646091668153197,0.9702425509371355,-0.9077719162008071,-1.43244469563043,0.05083758973945078,0.9972039090469852,-0.5787359118286177,-0.5738091541336192,-0.9124191495230389,0.9124191495230393,-0.5784279906300535,1.731127539482183,-0.5765804684883443,-0.5767344287272242,0
0.36701255059976284,0.38887101359804876,-1.0417596792253108,0.9361456818377164,-0.9115834940401767,0.646091668153197,0.9702425509371355,-0.03900683056251541,0.7014981422339509,-0.29000076409364284,-1.0028039309991141,1.7279038324066063,-0.5738091541336192,-0.9124191495230389,0.9124191495230393,-0.5784279906300535,-0.5776581893550843,1.7343632929879855,-0.5767344287272242,0
0.9878190932593233,-0.6600184841162697,-0.35020386455104724,-1.2258476714090278,0.8077365626180215,0.646091668153197,0.9702425509371355,-0.47264155940365193,-0.009816137054176019,-0.6131332294159264,0.9972039090469852,-0.5787359118286177,-0.5738091541336192,1.0959875190286648,-1.0959875190286648,1.7288236672481017,-0.5776581893550843,-0.5765804684883443,-0.5767344287272242,0
-0.8849473104303507,-0.6600184841162697,1.378685672134612,-1.2258476714090278,0.8077365626180215,0.646091668153197,-1.0306701134001208,-1.6467721052811268,1.4128124215220779,1.2415585920914272,0.9972039090469852,-0.5787359118286177,-0.5738091541336192,-0.9124191495230389,0.9124191495230393,1.7288236672481017,-0.5776581893550843,-0.5765804684883443,-0.5767344287272242,0
2.063883767202561,0.0074566507928420294,-1.0417596792253108,1.1555665782265385,-0.9115834940401767,0.646091668153197,0.9702425509371355,1.3337542716127408,-0.721130416342303,-1.0336480815476654,0.9972039090469852,-0.5787359118286177,-0.5738091541336192,1.0959875190286648,-1.0959875190286648,1.7288236672481017,-0.5776581893550843,-0.5765804684883443,-0.5767344287272242,0
0.3152786720447995,0.38887101359804876,-0.695981771888179,-0.16263042755713164,-0.9115834940401767,0.646091668153197,0.9702425509371355,-1.4140342412078093,1.4128124215220779,-1.1354569404848232,0.9972039090469852,-0.5787359118286177,-0.5738091541336192,-0.9124191495230389,0.9124191495230393,1.7288236672481017,-0.5776581893550843,-0.5765804684883443,-0.5767344287272242,1
-1.5471409559338818,-0.9460792562201749,1.03290776479748,-1.2258476714090278,0.8077365626180215,0.646091668153197,-1.0306701134001208,0.21864929772072295,1.4128124215220779,-1.702045372830745,0.9972039090469852,-0.5787359118286177,-0.5738091541336192,1.0959875190286648,-1.0959875190286648,-0.5784279906300535,-0.5776581893550843,-0.5765804684883443,1.733900301750437,0
-0.07789880497292212,-0.27860412131106305,0.6871298574603482,1.3555528421796947,0.8077365626180215,-1.5477679860172513,0.9702425509371355,-0.27466656843480763,-1.43244469563043,-1.6533541794260174,0.9972039090469852,-0.5787359118286177,-0.5738091541336192,-0.9124191495230389,0.9124191495230393,-0.5784279906300535,-0.5776581893550843,-0.5765804684883443,1.733900301750437,0
0.7601900276174844,0.8656389671045572,0.3413519501232164,0.54455885781228,0.8077365626180215,0.646091668153197,0.9702425509371355,-0.33974855549760163,-1.43244469563043,-1.1088981077186082,-1.0028039309991141,1.7279038324066063,-0.5738091541336192,1.0959875190286648,-1.0959875190286648,-0.5784279906300535,-0.5776581893550843,1.7343632929879855,-0.5767344287272242,1
0.5429077376866382,-0.9460792562201749,1.378685672134612,-1.2258476714090278,0.8077365626180215,0.646091668153197,-1.0306701134001208,-0.8592037414969519,-0.009816137054176019,-1.6135159302766948,-1.0028039309991141,-0.5787359118286177,1.7427397119690018,-0.9124191495230389,0.9124191495230393,1.7288236672481017,-0.5776581893550843,-0.5765804684883443,-0.5767344287272242,0
1.24648848603414,-0.5646648934149681,-0.004425957213915414,-1.2258476714090278,0.8077365626180215,0.646091668153197,-1.0306701134001208,-1.5896469771895578,1.4128124215220779,-1.4098982124023791,-1.0028039309991141,-0.5787359118286177,1.7427397119690018,1.0959875190286648,-1.0959875190286648,-0.5784279906300535,-0.5776581893550843,-0.5765804684883443,1.733900301750437,0
-2.054132965772523,-0.6600184841162697,-0.004425957213915414,-1.2258476714090278,0.8077365626180215,-1.5477679860172513,0.9702425509371355,-0.43143588762478613,-1.43244469563043,1.4009115886887178,0.9972039090469852,-0.5787359118286177,-0.5738091541336192,1.0959875190286648,-1.0959875190286648,-0.5784279906300535,1.731127539482183,-0.5765804684883443,-0.5767344287272242,0
1.1326739532132206,-0.08789693990845966,0.3413519501232164,1.384787731121377,-0.9115834940401767,0.646091668153197,-1.0306701134001208,-0.15635285055230405,-0.721130416342303,-0.34754490175377556,0.9972039090469852,-0.5787359118286177,-0.5738091541336192,-0.9124191495230389,0.9124191495230393,-0.5784279906300535,1.731127539482183,-0.5765804684883443,-0.5767344287272242,1
0.7394964761954991,0.6749317857019538,0.3413519501232164,-1.2258476714090278,-0.9115834940401767,0.646091668153197,0.9702425509371355,-0.10733464850858418,-0.009816137054176019,0.6218524942130752,0.9972039090469852,-0.5787359118286177,-0.5738091541336192,-0.9124191495230389,0.9124191495230393,-0.5784279906300535,1.731127539482183,-0.5765804684883443,-0.5767344287272242,1
-0.6676650204995045,1.1516997392084622,-1.0417596792253108,0.9947654734597093,-0.9115834940401767,0.646091668153197,0.9702425509371355,-0.13361742760873618,0.7014981422339509,0.9981026250677889,0.9972039090469852,-0.5787359118286177,-0.5738091541336192,-0.9124191495230389,0.9124191495230393,1.7288236672481017,-0.5776581893550843,-0.5765804684883443,-0.5767344287272242,0
0.8843513361493965,1.4377605113123673,0.6871298574603482,0.5648527035522035,0.8077365626180215,-1.5477679860172513,0.9702425509371355,-0.2637867923245618,-0.009816137054176019,-0.8211774194179446,0.9972039090469852,-0.5787359118286177,-0.5738091541336192,-0.9124191495230389,0.9124191495230393,-0.5784279906300535,-0.5776581893550843,1.7343632929879855,-0.5767344287272242,0
-0.05720525355093678,-0.18325053060976135,0.6871298574603482,-1.2258476714090278,0.8077365626180215,0.646091668153197,-1.0306701134001208,-1.5041539549157972,0.7014981422339509,-1.2771040485713037,-1.0028039309991141,-0.5787359118286177,1.7427397119690018,1.0959875190286648,-1.0959875190286648,1.7288236672481017,-0.5776581893550843,-0.5765804684883443,-0.5767344287272242,0
-0.8642537590083653,0.2935174228967471,-1.0417596792253108,-1.2258476714090278,0.8077365626180215,0.646091668153197,0.9702425509371355,1.1806152541130082,1.4128124215220779,1.5602645852860084,0.9972039090469852,-0.5787359118286177,-0.5738091541336192,-0.9124191495230389,0.9124191495230393,-0.5784279906300535,-0.5776581893550843,-0.5765804684883443,1.733900301750437,0
0.35666577488877016,-0.5646648934149681,0.3413519501232164,-1.2258476714090278,0.8077365626180215,-1.5477679860172513,0.9702425509371355,1.5075354241436414,-0.009816137054176019,-1.1797216617618482,0.9972039090469852,-0.5787359118286177,-0.5738091541336192,1.0959875190286648,-1.0959875190286648,-0.5784279906300535,-0.5776581893550843,-0.5765804684883443,1.733900301750437,0
-0.6883585719214899,-1.23214002832408,-0.35020386455104724,-1.2258476714090278,0.8077365626180215,0.646091668153197,-1.0306701134001208,0.8261566452367972,-0.721130416342303,-0.8787215570780773,0.9972039090469852,-0.5787359118286177,-0.5738091541336192,-0.9124191495230389,0.9124191495230393,-0.5784279906300535,-0.5776581893550843,-0.5765804684883443,1.733900301750437,0
0.01522217642601194,0.8656389671045572,-0.35020386455104724,-0.27245410727541086,-0.9115834940401767,0.646091668153197,-1.0306701134001208,1.1103562137416934,1.4128124215220779,0.6395583827238852,0.9972039090469852,-0.5787359118286177,-0.5738091541336192,-0.9124191495230389,0.9124191495230393,-0.5784279906300535,-0.5776581893550843,-0.5765804684883443,1.733900301750437,1
-1.1229231517831821,0.0074566507928420294,-0.35020386455104724,0.5363231676700321,0.8077365626180215,0.646091668153197,0.9702425509371355,-1.0228486715904277,0.7014981422339509,-1.1841481338895508,0.9972039090469852,-0.5787359118286177,-0.5738091541336192,1.0959875190286648,-1.0959875190286648,-0.5784279906300535,-0.5776581893550843,-0.5765804684883443,1.733900301750437,0
-0.19171333779384153,-0.3739577120123647,-1.0417596792253108,1.1872103416250375,0.8077365626180215,-1.5477679860172513,-1.0306701134001208,-0.6150077431478593,-1.43244469563043,-0.4449272885632309,-1.0028039309991141,1.7279038324066063,-0.5738091541336192,1.0959875190286648,-1.0959875190286648,-0.5784279906300535,1.731127539482183,-0.5765804684883443,-0.5767344287272242,0
0.24285124206785078,-0.6600184841162697,0.6871298574603482,0.14860400554691774,-0.9115834940401767,0.646091668153197,0.9702425509371355,-0.0801500758286257,-0.721130416342303,1.427470421454933,0.9972039090469852,-0.5787359118286177,-0.5738091541336192,1.0959875190286648,-1.0959875190286648,1.7288236672481017,-0.5776581893550843,-0.5765804684883443,-0.5767344287272242,0
-1.1229231517831821,-0.9460792562201749,0.6871298574603482,-1.2258476714090278,0.8077365626180215,-1.5477679860172513,0.9702425509371355,1.6791076519070371,-0.009816137054176019,0.6838231040009104,0.9972039090469852,-0.5787359118286177,-0.5738091541336192,1.0959875190286648,-1.0959875190286648,1.7288236672481017,-0.5776581893550843,-0.5765804684883443,-0.5767344287272242,0
-0.8849473104303507,-0.7553720748175714,-1.0417596792253108,0.20951439156257837,0.8077365626180215,0.646091668153197,0.9702425509371355,-1.6632353156478321,-0.009816137054176019,0.732514297405638,-1.0028039309991141,1.7279038324066063,-0.5738091541336192,-0.9124191495230389,0.9124191495230393,-0.5784279906300535,-0.5776581893550843,-0.5765804684883443,1.733900301750437,0
-0.10893913210590014,0.38887101359804876,0.6871298574603482,0.8963399529975773,-0.9115834940401767,-1.5477679860172513,-1.0306701134001208,-0.5304678120061693,1.4128124215220779,-1.2682511043158986,0.9972039090469852,-0.5787359118286177,-0.5738091541336192,-0.9124191495230389,0.9124191495230393,-0.5784279906300535,-0.5776581893550843,-0.5765804684883443,1.733900301750437,1
-1.1125763760721894,-0.8507256655188732,-0.35020386455104724,1.0326413781258943,-0.9115834940401767,0.646091668153197,-1.0306701134001208,1.0019705719574261,-1.43244469563043,-0.6042802851605215,0.9972039090469852,-0.5787359118286177,-0.5738091541336192,-0.9124191495230389,0.9124191495230393,-0.5784279906300535,-0.5776581893550843,1.7343632929879855,-0.5767344287272242,0
-0.905640861852336,0.1981638321954454,-1.0417596792253108,0.38521205290048455,-0.9115834940401767,0.646091668153197,0.9702425509371355,-1.4029000640163338,1.4128124215220779,-1.485148238573322,-1.0028039309991141,1.7279038324066063,-0.5738091541336192,-0.9124191495230389,0.9124191495230393,1.7288236672481017,-0.5776581893550843,-0.5765804684883443,-0.5767344287272242,1
1.3499562431440668,-1.8996151632331917,-0.695981771888179,-1.2258476714090278,0.8077365626180215,0.646091668153197,0.9702425509371355,0.4209369347699323,0.7014981422339509,-0.11294187898554227,0.9972039090469852,-0.5787359118286177,-0.5738091541336192,1.0959875190286648,-1.0959875190286648,-0.5784279906300535,-0.5776581893550843,1.7343632929879855,-0.5767344287272242,0
0.2221576906458654,0.38887101359804876,-0.004425957213915414,-1.2258476714090278,0.8077365626180215,0.646091668153197,0.9702425509371355,-0.6186091790968308,1.4128124215220779,0.7856319629380683,-1.0028039309991141,-0.5787359118286177,1.7427397119690018,-0.9124191495230389,0.9124191495230393,-0.5784279906300535,1.731127539482183,-0.5765804684883443,-0.5767344287272242,0
0.5636012891086236,-1.4228472097266833,0.6871298574603482,0.379579966587311,-0.9115834940401767,0.646091668153197,-1.0306701134001208,0.37070411102259754,-1.43244469563043,-0.17933896090107998,0.9972039090469852,-0.5787359118286177,-0.5738091541336192,1.0959875190286648,-1.0959875190286648,-0.5784279906300535,-0.5776581893550843,-0.5765804684883443,1.733900301750437,0
-0.1606730106608635,2.4866500090266856,-0.004425957213915414,0.6545415264501309,-0.9115834940401767,0.646091668153197,-1.0306701134001208,0.9687346270103532,-0.009816137054176019,1.555838113158306,-1.0028039309991141,1.7279038324066063,-0.5738091541336192,1.0959875190286648,-1.0959875190286648,-0.5784279906300535,-0.5776581893550843,1.7343632929879855,-0.5767344287272242,1
0.20146413922388007,-0.6600184841162697,-0.695981771888179,-1.2258476714090278,0.8077365626180215,0.646091668153197,-1.0306701134001208,-0.9375199753739208,1.4128124215220779,-1.246118743677386,-1.0028039309991141,-0.5787359118286177,1.7427397119690018,1.0959875190286648,-1.0959875190286648,-0.5784279906300535,-0.5776581893550843,-0.5765804684883443,1.733900301750437,0
-1.2160441331821163,-0.08789693990845966,-0.35020386455104724,-0.09813990597151935,0.8077365626180215,0.646091668153197,0.9702425509371355,0.07128134179573163,-0.721130416342303,1.6310881393292485,-1.0028039309991141,1.7279038324066063,-0.5738091541336192,-0.9124191495230389,0.9124191495230393,-0.5784279906300535,-0.5776581893550843,-0.5765804684883443,1.733900301750437,0
1.536198205941935,-0.3739577120123647,0.6871298574603482,-1.2258476714090278,0.8077365626180215,-1.5477679860172513,0.9702425509371355,0.7075681811421654,0.7014981422339509,0.3916759435725444,-1.0028039309991141,-0.5787359118286177,1.7427397119690018,-0.9124191495230389,0.9124191495230393,-0.5784279906300535,-0.5776581893550843,1.7343632929879855,-0.5767344287272242,0
0.8326174575944332,-0.18325053060976135,-0.695981771888179,0.6474093027506763,-0.9115834940401767,-1.5477679860172513,-1.0306701134001208,1.2629302626064878,1.4128124215220779,0.7767790186826632,-1.0028039309991141,1.7279038324066063,-0.5738091541336192,-0.9124191495230389,0.9124191495230393,-0.5784279906300535,-0.5776581893550843,-0.5765804684883443,1.733900301750437,1
-0.5021166091236218,0.8656389671045572,0.6871298574603482,0.001750011424207746,0.8077365626180215,-1.5477679860172513,-1.0306701134001208,0.46958822889745633,-0.009816137054176019,-0.2147507379227001,-1.0028039309991141,1.7279038324066063,-0.5738091541336192,1.0959875190286648,-1.0959875190286648,-0.5784279906300535,-0.5776581893550843,1.7343632929879855,-0.5767344287272242,0
0.9257384389933673,0.0074566507928420294,1.378685672134612,-1.2258476714090278,0.8077365626180215,0.646091668153197,-1.0306701134001208,-1.4092569610269348,-0.009816137054176019,1.7107646376278938,0.9972039090469852,-0.5787359118286177,-0.5738091541336192,-0.9124191495230389,0.9124191495230393,1.7288236672481017,-0.5776581893550843,-0.5765804684883443,-0.5767344287272242,0
1.277528813167118,1.3424069206110656,-0.35020386455104724,0.5965833338805492,-0.9115834940401767,0.646091668153197,0.9702425509371355,0.9354880747728122,-0.009816137054176019,0.041984645484045756,0.9972039090469852,-0.5787359118286177,-0.5738091541336192,-0.9124191495230389,0.9124191495230393,-0.5784279906300535,-0.5776581893550843,1.7343632929879855,-0.5767344287272242,1
1.6189724116298765,-1.0414328469214764,0.6871298574603482,1.4341597206786472,2.52705661927622,0.646091668153197,-1.0306701134001208,0.9743385802877185,1.4128124215220779,-1.5559717926165622,-1.0028039309991141,-0.5787359118286177,1.7427397119690018,1.0959875190286648,-1.0959875190286648,-0.5784279906300535,-0.5776581893550843,1.7343632929879855,-0.5767344287272242,1
0.7705368033284771,0.38887101359804876,-1.0417596792253108,1.432985574685923,0.8077365626180215,0.646091668153197,-1.0306701134001208,0.533934139557759,-0.721130416342303,-0.35197137388147803,0.9972039090469852,-0.5787359118286177,-0.5738091541336192,-0.9124191495230389,0.9124191495230393,-0.5784279906300535,-0.5776581893550843,-0.5765804684883443,1.733900301750437,0
-0.936681188985314,-1.0414328469214764,-1.3875375865624426,-1.2258476714090278,0.8077365626180215,0.646091668153197,0.9702425509371355,0.36152567474745073,-0.009816137054176019,-0.6883832555868692,-1.0028039309991141,-0.5787359118286177,1.7427397119690018,1.0959875190286648,-1.0959875190286648,-0.5784279906300535,-0.5776581893550843,-0.5765804684883443,1.733900301750437,0
-0.6573182447885119,-0.5646648934149681,0.3413519501232164,0.8994008102415082,-0.9115834940401767,0.646091668153197,-1.0306701134001208,-0.7705852202252284,-1.43244469563043,-0.5644420360111988,-1.0028039309991141,1.7279038324066063,-0.5738091541336192,-0.9124191495230389,0.9124191495230393,-0.5784279906300535,-0.5776581893550843,-0.5765804684883443,1.733900301750437,0
1.2878755888781108,3.630893097442306,0.3413519501232164,0.9397442485828199,-0.9115834940401767,0.646091668153197,-1.0306701134001208,-1.0825278961147375,-1.43244469563043,-0.30328018047675037,-1.0028039309991141,1.7279038324066063,-0.5738091541336192,1.0959875190286648,-1.0959875190286648,-0.5784279906300535,1.731127539482183,-0.5765804684883443,-0.5767344287272242,0
-0.6573182447885119,-0.08789693990845966,-1.7333154938995745,0.8916927325218716,0.8077365626180215,-1.5477679860172513,-1.0306701134001208,-1.1887106992817689,1.4128124215220779,1.3699262837948,-1.0028039309991141,1.7279038324066063,-0.5738091541336192,1.0959875190286648,-1.0959875190286648,1.7288236672481017,-0.5776581893550843,-0.5765804684883443,-0.5767344287272242,0
-0.40899562772468767,0.1981638321954454,-1.0417596792253108,0.6045577821489041,-0.9115834940401767,0.646091668153197,-1.0306701134001208,1.1123980302118217,-1.43244469563043,0.17035233718741868,-1.0028039309991141,1.7279038324066063,-0.5738091541336192,1.0959875190286648,-1.0959875190286648,1.7288236672481017,-0.5776581893550843,-0.5765804684883443,-0.5767344287272242,0
-0.905640861852336,-0.4693113027136664,0.3413519501232164,1.01490786302121,-0.9115834940401767,0.646091668153197,0.9702425509371355,0.9099238091843763,1.4128124215220779,-1.5603982647442647,0.9972039090469852,-0.5787359118286177,-0.5738091541336192,1.0959875190286648,-1.0959875190286648,1.7288236672481017,-0.5776581893550843,-0.5765804684883443,-0.5767344287272242,0
0.9153916632823745,0.1981638321954454,-0.004425957213915414,-1.2258476714090278,0.8077365626180215,-1.5477679860172513,-1.0306701134001208,0.7614992975727473,1.4128124215220779,-0.14392718387945988,0.9972039090469852,-0.5787359118286177,-0.5738091541336192,-0.9124191495230389,0.9124191495230393,-0.5784279906300535,-0.5776581893550843,1.7343632929879855,-0.5767344287272242,0
1.1016336260802426,0.48422460429935044,1.378685672134612,-1.2258476714090278,0.8077365626180215,0.646091668153197,-1.0306701134001208,1.3465812680289395,-0.009816137054176019,-0.12179482324094729,-1.0028039309991141,-0.5787359118286177,1.7427397119690018,1.0959875190286648,-1.0959875190286648,-0.5784279906300535,1.731127539482183,-0.5765804684883443,-0.5767344287272242,0
1.7017466173178177,-0.3739577120123647,-0.35020386455104724,-1.2258476714090278,0.8077365626180215,-1.5477679860172513,0.9702425509371355,1.7110792426082997,-0.721130416342303,0.3252788616570067,0.9972039090469852,-0.5787359118286177,-0.5738091541336192,-0.9124191495230389,0.9124191495230393,1.7288236672481017,-0.5776581893550843,-0.5765804684883443,-0.5767344287272242,0
-0.7607860018984386,2.0098820555201775,1.7244635794717436,0.7837866963748371,0.8077365626180215,0.646091668153197,0.9702425509371355,1.3654971969539105,-0.721130416342303,-1.3169422977206262,0.9972039090469852,-0.5787359118286177,-0.5738091541336192,-0.9124191495230389,0.9124191495230393,-0.5784279906300535,1.731127539482183,-0.5765804684883443,-0.5767344287272242,0
0.8119239061724478,-0.27860412131106305,1.03290776479748,0.5228188860428251,-0.9115834940401767,-1.5477679860172513,-1.0306701134001208,0.36900990067781303,-0.009816137054176019,-0.6662508949483567,0.9972039090469852,-0.5787359118286177,-0.5738091541336192,1.0959875190286648,-1.0959875190286648,1.7288236672481017,-0.5776581893550843,-0.5765804684883443,-0.5767344287272242,0
-0.8021731047424093,-1.518200800427985,-1.0417596792253108,-1.2258476714090278,-0.9115834940401767,0.646091668153197,-1.0306701134001208,0.3977549622866531,0.7014981422339509,-0.23245662643351017,0.9972039090469852,-0.5787359118286177,-0.5738091541336192,1.0959875190286648,-1.0959875190286648,-0.5784279906300535,-0.5776581893550843,1.7343632929879855,-0.5767344287272242,0
0.9878190932593233,-0.18325053060976135,-0.35020386455104724,-1.2258476714090278,0.8077365626180215,-1.5477679860172513,0.9702425509371355,1.2337377820078979,1.4128124215220779,-1.7153247892138526,0.9972039090469852,-0.5787359118286177,-0.5738091541336192,1.0959875190286648,-1.0959875190286648,-0.5784279906300535,-0.5776581893550843,1.7343632929879855,-0.5767344287272242,0
0.035915727847997285,-0.7553720748175714,-0.004425957213915414,1.1877321842884703,0.8077365626180215,0.646091668153197,0.9702425509371355,0.08917444969555387,-0.721130416342303,1.462882198476553,-1.0028039309991141,1.7279038324066063,-0.5738091541336192,-0.9124191495230389,0.9124191495230393,1.7288236672481017,-0.5776581893550843,-0.5765804684883443,-0.5767344287272242,0
0.2945851206228141,-0.27860412131106305,0.3413519501232164,1.1418954543964341,-0.9115834940401767,-1.5477679860172513,0.9702425509371355,1.259157371109948,1.4128124215220779,1.6620734442231662,0.9972039090469852,-0.5787359118286177,-0.5738091541336192,-0.9124191495230389,0.9124191495230393,-0.5784279906300535,-0.5776581893550843,1.7343632929879855,-0.5767344287272242,0
-0.4503827305686584,-0.6600184841162697,0.3413519501232164,-1.2258476714090278,0.8077365626180215,-1.5477679860172513,-1.0306701134001208,1.6688531842643932,-0.721130416342303,1.5292792803920907,0.9972039090469852,-0.5787359118286177,-0.5738091541336192,1.0959875190286648,-1.0959875190286648,-0.5784279906300535,-0.5776581893550843,-0.5765804684883443,1.733900301750437,0
-0.5021166091236218,-0.8507256655188732,1.378685672134612,0.5959887281430382,0.8077365626180215,-1.5477679860172513,-1.0306701134001208,0.035572333159494714,0.7014981422339509,0.2057641142090388,-1.0028039309991141,-0.5787359118286177,1.7427397119690018,-0.9124191495230389,0.9124191495230393,-0.5784279906300535,-0.5776581893550843,-0.5765804684883443,1.733900301750437,0
-0.22275366492681956,-0.7553720748175714,0.3413519501232164,0.903779256102172,-0.9115834940401767,0.646091668153197,0.9702425509371355,0.5350920731188715,-0.009816137054176019,-1.1708687175064434,-1.0028039309991141,-0.5787359118286177,1.7427397119690018,-0.9124191495230389,0.9124191495230393,-0.5784279906300535,-0.5776581893550843,1.7343632929879855,-0.5767344287272242,0
0.08764960640296066,-1.1367864376227783,-0.35020386455104724,-1.2258476714090278,0.8077365626180215,0.646091668153197,-1.0306701134001208,-0.013013404435135767,0.7014981422339509,0.028705229100938208,-1.0028039309991141,-0.5787359118286177,1.7427397119690018,-0.9124191495230389,0.9124191495230393,-0.5784279906300535,-0.5776581893550843,1.7343632929879855,-0.5767344287272242,0
-1.2056973574711236,-0.3739577120123647,-0.35020386455104724,-1.2258476714090278,0.8077365626180215,-1.5477679860172513,-1.0306701134001208,-1.5745581934435218,-0.721130416342303,0.7856319629380683,-1.0028039309991141,-0.5787359118286177,1.7427397119690018,-0.9124191495230389,0.9124191495230393,-0.5784279906300535,-0.5776581893550843,1.7343632929879855,-0.5767344287272242,0
0.522214186264653,1.1516997392084622,1.378685672134612,-1.2258476714090278,0.8077365626180215,-1.5477679860172513,-1.0306701134001208,-0.6630194698271522,-0.721130416342303,-0.13064776749635232,0.9972039090469852,-0.5787359118286177,-0.5738091541336192,-0.9124191495230389,0.9124191495230393,1.7288236672481017,-0.5776581893550843,-0.5765804684883443,-0.5767344287272242,0
1.1740610560571914,-0.5646648934149681,1.378685672134612,1.4821690854433782,-0.9115834940401767,-1.5477679860172513,0.9702425509371355,0.3285176996004406,-0.721130416342303,1.3654998116670978,-1.0028039309991141,-0.5787359118286177,1.7427397119690018,1.0959875190286648,-1.0959875190286648,-0.5784279906300535,1.731127539482183,-0.5765804684883443,-0.5767344287272242,0
-1.919624881529618,-1.4228472097266833,0.3413519501232164,1.2744949379277082,-0.9115834940401767,0.646091668153197,-1.0306701134001208,1.5872354747016932,0.7014981422339509,1.144176205281972,-1.0028039309991141,1.7279038324066063,-0.5738091541336192,-0.9124191495230389,0.9124191495230393,1.7288236672481017,-0.5776581893550843,-0.5765804684883443,-0.5767344287272242,0
0.3049318963338068,0.9609925578058589,1.7244635794717436,-1.2258476714090278,0.8077365626180215,0.646091668153197,-1.0306701134001208,1.5114208224751475,-0.721130416342303,1.4451763099657429,0.9972039090469852,-0.5787359118286177,-0.5738091541336192,-0.9124191495230389,0.9124191495230393,-0.5784279906300535,-0.5776581893550843,1.7343632929879855,-0.5767344287272242,0
0.7188029247735137,-0.9460792562201749,0.6871298574603482,0.476726844307162,-0.9115834940401767,0.646091668153197,0.9702425509371355,-0.5249097656908309,-1.43244469563043,0.6218524942130752,-1.0028039309991141,1.7279038324066063,-0.5738091541336192,1.0959875190286648,-1.0959875190286648,-0.5784279906300535,-0.5776581893550843,-0.5765804684883443,1.733900301750437,1
0.5118674105536603,0.38887101359804876,-1.7333154938995745,-1.2258476714090278,0.8077365626180215,0.646091668153197,-1.0306701134001208,-0.7062523513155015,0.7014981422339509,1.7284705261387039,-1.0028039309991141,-0.5787359118286177,1.7427397119690018,1.0959875190286648,-1.0959875190286648,-0.5784279906300535,-0.5776581893550843,-0.5765804684883443,1.733900301750437,0
0.7601900276174844,0.1981638321954454,-0.004425957213915414,-1.2258476714090278,-0.9115834940401767,-1.5477679860172513,0.9702425509371355,0.2723760933922856,1.4128124215220779,-0.29442723622134537,-1.0028039309991141,-0.5787359118286177,1.7427397119690018,-0.9124191495230389,0.9124191495230393,1.7288236672481017,-0.5776581893550843,-0.5765804684883443,-0.5767344287272242,0
-1.350552217425021,-0.3739577120123647,1.378685672134612,0.46321551075207074,-0.9115834940401767,0.646091668153197,0.9702425509371355,-1.3047172445424313,1.4128124215220779,-0.5998538130328189,0.9972039090469852,-0.5787359118286177,-0.5738091541336192,-0.9124191495230389,0.9124191495230393,1.7288236672481017,-0.5776581893550843,-0.5765804684883443,-0.5767344287272242,0
0.9153916632823745,-0.08789693990845966,-1.7333154938995745,0.8314952323068711,-0.9115834940401767,0.646091668153197,-1.0306701134001208,-1.5179521270248644,-0.009816137054176019,0.10838172739958347,-1.0028039309991141,-0.5787359118286177,1.7427397119690018,-0.9124191495230389,0.9124191495230393,-0.5784279906300535,-0.5776581893550843,1.7343632929879855,-0.5767344287272242,0
0.12903670924693136,-0.4693113027136664,1.7244635794717436,-1.2258476714090278,-0.9115834940401767,0.646091668153197,0.9702425509371355,0.2433328104202815,-0.009816137054176019,0.25445530761376645,0.9972039090469852,-0.5787359118286177,-0.5738091541336192,-0.9124191495230389,0.9124191495230393,-0.5784279906300535,-0.5776581893550843,1.7343632929879855,-0.5767344287272242,0
-0.5538504876785851,-1.23214002832408,1.03290776479748,1.17804860513472,-0.9115834940401767,0.646091668153197,-1.0306701134001208,-1.0043827700053216,-0.721130416342303,-0.5201773147341736,0.9972039090469852,-0.5787359118286177,-0.5738091541336192,1.0959875190286648,-1.0959875190286648,1.7288236672481017,-0.5776581893550843,-0.5765804684883443,-0.5767344287272242,0
-0.3469149734587316,0.1981638321954454,0.6871298574603482,-1.2258476714090278,0.8077365626180215,-1.5477679860172513,0.9702425509371355,-1.4883866523598106,-1.43244469563043,-1.263824632188196,0.9972039090469852,-0.5787359118286177,-0.5738091541336192,-0.9124191495230389,0.9124191495230393,-0.5784279906300535,-0.5776581893550843,1.7343632929879855,-0.5767344287272242,0
-0.015818150706966082,-0.27860412131106305,-1.0417596792253108,-1.2258476714090278,0.8077365626180215,-1.5477679860172513,0.9702425509371355,-0.4356772388020043,-0.009816137054176019,1.6709263884785712,0.9972039090469852,-0.5787359118286177,-0.5738091541336192,1.0959875190286648,-1.0959875190286648,-0.5784279906300535,-0.5776581893550843,-0.5765804684883443,1.733900301750437,0
-1.474713525956933,0.1981638321954454,-0.004425957213915414,0.09096683596715673,0.8077365626180215,0.646091668153197,-1.0306701134001208,1.524776270624672,-1.43244469563043,-1.6622071236814224,-1.0028039309991141,1.7279038324066063,-0.5738091541336192,1.0959875190286648,-1.0959875190286648,1.7288236672481017,-0.5776581893550843,-0.5765804684883443,-0.5767344287272242,0
-0.936681188985314,-0.08789693990845966,-0.004425957213915414,0.11585228811515372,-0.9115834940401767,0.646091668153197,0.9702425509371355,-1.1623550602684003,0.7014981422339509,-1.4054717402746766,0.9972039090469852,-0.5787359118286177,-0.5738091541336192,1.0959875190286648,-1.0959875190286648,-0.5784279906300535,-0.5776581893550843,-0.5765804684883443,1.733900301750437,0
-0.7193988990544679,1.0563461485071606,-1.0417596792253108,1.07931856960486,0.8077365626180215,0.646091668153197,-1.0306701134001208,1.4108391903453579,1.4128124215220779,0.878587877619821,-1.0028039309991141,1.7279038324066063,-0.5738091541336192,-0.9124191495230389,0.9124191495230393,1.7288236672481017,-0.5776581893550843,-0.5765804684883443,-0.5767344287272242,1
-1.2781247874480723,0.0074566507928420294,-0.35020386455104724,-1.2258476714090278,0.8077365626180215,0.646091668153197,-1.0306701134001208,1.16667727443777,-0.721130416342303,-0.17491248877337748,0.9972039090469852,-0.5787359118286177,-0.5738091541336192,-0.9124191495230389,0.9124191495230393,-0.5784279906300535,-0.5776581893550843,-0.5765804684883443,1.733900301750437,1
0.21181091493487275,-0.6600184841162697,0.3413519501232164,0.7601159388048984,0.8077365626180215,0.646091668153197,0.9702425509371355,0.8093919095967823,-1.43244469563043,0.6262789663407777,-1.0028039309991141,-0.5787359118286177,1.7427397119690018,-0.9124191495230389,0.9124191495230393,-0.5784279906300535,-0.5776581893550843,1.7343632929879855,-0.5767344287272242,0
0.6877625976405357,-1.6135543911292867,0.3413519501232164,0.3938559535045762,-0.9115834940401767,-1.5477679860172513,0.9702425509371355,-0.2676285442641413,-0.721130416342303,0.2633082518691715,-1.0028039309991141,-0.5787359118286177,1.7427397119690018,1.0959875190286648,-1.0959875190286648,-0.5784279906300535,1.731127539482183,-0.5765804684883443,-0.5767344287272242,0
-0.1710197863718562,-0.18325053060976135,-1.3875375865624426,0.21173334477978575,0.8077365626180215,0.646091668153197,0.9702425509371355,1.6187358234821552,-0.721130416342303,0.5244701074036199,-1.0028039309991141,1.7279038324066063,-0.5738091541336192,-0.9124191495230389,0.9124191495230393,-0.5784279906300535,1.731127539482183,-0.5765804684883443,-0.5767344287272242,0
-1.6402619373328158,-1.0414328469214764,1.378685672134612,-1.2258476714090278,0.8077365626180215,0.646091668153197,-1.0306701134001208,-0.07187134645319311,0.7014981422339509,1.653220499967761,0.9972039090469852,-0.5787359118286177,-0.5738091541336192,1.0959875190286648,-1.0959875190286648,-0.5784279906300535,1.731127539482183,-0.5765804684883443,-0.5767344287272242,0
1.029206196103294,-0.4693113027136664,1.378685672134612,0.5823669678081234,-0.9115834940401767,-1.5477679860172513,-1.0306701134001208,0.8748630624967544,-0.721130416342303,-0.19261837728418754,-1.0028039309991141,-0.5787359118286177,1.7427397119690018,1.0959875190286648,-1.0959875190286648,-0.5784279906300535,-0.5776581893550843,1.7343632929879855,-0.5767344287272242,1
0.01522217642601194,0.2935174228967471,-0.35020386455104724,-1.2258476714090278,0.8077365626180215,0.646091668153197,0.9702425509371355,-1.0770439269426686,1.4128124215220779,-1.666633595809125,-1.0028039309991141,-0.5787359118286177,1.7427397119690018,1.0959875190286648,-1.0959875190286648,-0.5784279906300535,1.731127539482183,-0.5765804684883443,-0.5767344287272242,0
-1.2367376846041016,0.48422460429935044,-0.695981771888179,-1.2258476714090278,0.8077365626180215,0.646091668153197,0.9702425509371355,-1.1419956703897136,1.4128124215220779,1.4053380608164203,0.9972039090469852,-0.5787359118286177,-0.5738091541336192,-0.9124191495230389,0.9124191495230393,-0.5784279906300535,-0.5776581893550843,1.7343632929879855,-0.5767344287272242,0
1.0602465232362719,-0.27860412131106305,0.6871298574603482,0.8339400074874619,-0.9115834940401767,0.646091668153197,0.9702425509371355,-0.9654792280380743,0.7014981422339509,-1.1000451634632031,0.9972039090469852,-0.5787359118286177,-0.5738091541336192,1.0959875190286648,-1.0959875190286648,-0.5784279906300535,-0.5776581893550843,1.7343632929879855,-0.5767344287272242,1
2.063883767202561,0.5795781950006521,-0.004425957213915414,0.81374280521377,-0.9115834940401767,0.646091668153197,0.9702425509371355,1.611160305297763,-0.009816137054176019,-1.0026627766537477,-1.0028039309991141,1.7279038324066063,-0.5738091541336192,1.0959875190286648,-1.0959875190286648,-0.5784279906300535,-0.5776581893550843,-0.5765804684883443,1.733900301750437,1
0.20146413922388007,-0.7553720748175714,-1.0417596792253108,-0.30380713891977384,-0.9115834940401767,0.646091668153197,0.9702425509371355,1.4224736490889165,-1.43244469563043,1.0290879299617066,0.9972039090469852,-0.5787359118286177,-0.5738091541336192,1.0959875190286648,-1.0959875190286648,-0.5784279906300535,-0.5776581893550843,1.7343632929879855,-0.5767344287272242,1
-1.0091086189622627,0.48422460429935044,-0.35020386455104724,-1.2258476714090278,-0.9115834940401767,0.646091668153197,-1.0306701134001208,-1.5528541121354784,-1.43244469563043,0.7679260744272581,-1.0028039309991141,-0.5787359118286177,1.7427397119690018,-0.9124191495230389,0.9124191495230393,-0.5784279906300535,1.731127539482183,-0.5765804684883443,-0.5767344287272242,0
2.063883767202561,0.0074566507928420294,-0.004425957213915414,0.6091251876226477,-0.9115834940401767,0.646091668153197,-1.0306701134001208,-0.006968813878320566,-0.721130416342303,1.5159998640089831,-1.0028039309991141,1.7279038324066063,-0.5738091541336192,1.0959875190286648,-1.0959875190286648,-0.5784279906300535,-0.5776581893550843,1.7343632929879855,-0.5767344287272242,0
-0.8228666561643946,0.48422460429935044,1.378685672134612,-1.2258476714090278,0.8077365626180215,-1.5477679860172513,-1.0306701134001208,-1.0721517054667205,0.7014981422339509,-0.7016626719699768,0.9972039090469852,-0.5787359118286177,-0.5738091541336192,-0.9124191495230389,0.9124191495230393,-0.5784279906300535,-0.5776581893550843,1.7343632929879855,-0.5767344287272242,0
1.0395529718142866,-0.08789693990845966,0.6871298574603482,-1.2258476714090278,0.8077365626180215,-1.5477679860172513,-1.0306701134001208,-0.16085921010121987,-0.009816137054176019,0.21019058633674131,-1.0028039309991141,-0.5787359118286177,1.7427397119690018,-0.9124191495230389,0.9124191495230393,-0.5784279906300535,-0.5776581893550843,1.7343632929879855,-0.5767344287272242,0
-1.1539634789161601,0.7702853764032556,-1.0417596792253108,0.8141795439293272,0.8077365626180215,0.646091668153197,0.9702425509371355,1.1622667282830832,-1.43244469563043,-0.2457360428166177,0.9972039090469852,-0.5787359118286177,-0.5738091541336192,1.0959875190286648,-1.0959875190286648,1.7288236672481017,-0.5776581893550843,-0.5765804684883443,-0.5767344287272242,1
-1.1746570303381456,-1.0414328469214764,-0.695981771888179,1.3039043620845252,-0.9115834940401767,0.646091668153197,-1.0306701134001208,-0.2291652917963289,-0.009816137054176019,-1.1443098847402282,0.9972039090469852,-0.5787359118286177,-0.5738091541336192,-0.9124191495230389,0.9124191495230393,-0.5784279906300535,1.731127539482183,-0.5765804684883443,-0.5767344287272242,0
0.3980528777327409,1.533114102013669,-1.3875375865624426,-0.003030394325857065,-0.9115834940401767,0.646091668153197,-1.0306701134001208,-1.0037885878490937,-0.009816137054176019,1.33451450677318,-1.0028039309991141,1.7279038324066063,-0.5738091541336192,1.0959875190286648,-1.0959875190286648,-0.5784279906300535,1.731127539482183,-0.5765804684883443,-0.5767344287272242,1
-1.3712457688470063,0.1981638321954454,-0.004425957213915414,0.5471510823940867,-0.9115834940401767,0.646091668153197,-1.0306701134001208,-0.1871503359217405,0.7014981422339509,1.3477939231562877,-1.0028039309991141,1.7279038324066063,-0.5738091541336192,1.0959875190286648,-1.0959875190286648,-0.5784279906300535,-0.5776581893550843,1.7343632929879855,-0.5767344287272242,0
-0.09859235639490747,-0.18325053060976135,-1.0417596792253108,-1.2258476714090278,0.8077365626180215,0.646091668153197,-1.0306701134001208,-1.671958855662899,-0.721130416342303,-0.41836845579701576,0.9972039090469852,-0.5787359118286177,-0.5738091541336192,1.0959875190286648,-1.0959875190286648,-0.5784279906300535,-0.5776581893550843,-0.5765804684883443,1.733900301750437,0
0.12903670924693136,-0.27860412131106305,0.3413519501232164,0.012302580418600818,-0.9115834940401767,-1.5477679860172513,-1.0306701134001208,-1.117630550294209,1.4128124215220779,1.4938675033704707,-1.0028039309991141,1.7279038324066063,-0.5738091541336192,1.0959875190286648,-1.0959875190286648,-0.5784279906300535,-0.5776581893550843,1.7343632929879855,-0.5767344287272242,1
-0.6055843662335485,2.0098820555201775,1.378685672134612,-1.2258476714090278,4.246376675934418,0.646091668153197,0.9702425509371355,-1.5037352277773144,1.4128124215220779,0.869734933364416,0.9972039090469852,-0.5787359118286177,-0.5738091541336192,-0.9124191495230389,0.9124191495230393,-0.5784279906300535,1.731127539482183,-0.5765804684883443,-0.5767344287272242,1
2.063883767202561,-0.27860412131106305,-1.7333154938995745,0.9695493820565952,0.8077365626180215,0.646091668153197,0.9702425509371355,-0.01861648826246236,1.4128124215220779,-0.8433097800564572,-1.0028039309991141,1.7279038324066063,-0.5738091541336192,1.0959875190286648,-1.0959875190286648,-0.5784279906300535,-0.5776581893550843,-0.5765804684883443,1.733900301750437,0
0.3049318963338068,-0.7553720748175714,1.378685672134612,0.6946126642124583,0.8077365626180215,0.646091668153197,0.9702425509371355,0.018242107214518653,1.4128124215220779,-1.3257952419760313,-1.0028039309991141,-0.5787359118286177,1.7427397119690018,1.0959875190286648,-1.0959875190286648,1.7288236672481017,-0.5776581893550843,-0.5765804684883443,-0.5767344287272242,0
0.33597222346678485,-0.9460792562201749,-1.7333154938995745,1.3036968110252052,-0.9115834940401767,-1.5477679860172513,-1.0306701134001208,0.5182169173239828,-1.43244469563043,1.6709263884785712,0.9972039090469852,-0.5787359118286177,-0.5738091541336192,1.0959875190286648,-1.0959875190286648,-0.5784279906300535,-0.5776581893550843,1.7343632929879855,-0.5767344287272242,0
1.122327177502228,-0.08789693990845966,-1.3875375865624426,0.4424347614459589,-0.9115834940401767,-1.5477679860172513,-1.0306701134001208,-0.14829913484680363,-1.43244469563043,1.188440926558997,0.9972039090469852,-0.5787359118286177,-0.5738091541336192,1.0959875190286648,-1.0959875190286648,-0.5784279906300535,-0.5776581893550843,1.7343632929879855,-0.5767344287272242,0
1.308569140300096,-0.3739577120123647,-0.695981771888179,-1.2258476714090278,0.8077365626180215,0.646091668153197,0.9702425509371355,-1.4403747517905099,-0.721130416342303,0.041984645484045756,-1.0028039309991141,-0.5787359118286177,1.7427397119690018,1.0959875190286648,-1.0959875190286648,-0.5784279906300535,1.731127539482183,-0.5765804684883443,-0.5767344287272242,0
0.5739480648196164,1.6284676927149706,-0.695981771888179,1.0115883282407985,-0.9115834940401767,0.646091668153197,0.9702425509371355,-0.23834459752151413,0.7014981422339509,-0.20589779366729508,-1.0028039309991141,1.7279038324066063,-0.5738091541336192,1.0959875190286648,-1.0959875190286648,-0.5784279906300535,-0.5776581893550843,-0.5765804684883443,1.733900301750437,0
1.5155046545199495,-1.4228472097266833,-0.004425957213915414,-1.2258476714090278,0.8077365626180215,0.646091668153197,-1.0306701134001208,1.4288084620685422,-0.009816137054176019,0.4447936091049746,0.9972039090469852,-0.5787359118286177,-0.5738091541336192,-0.9124191495230389,0.9124191495230393,1.7288236672481017,-0.5776581893550843,-0.5765804684883443,-0.5767344287272242,0
-1.0091086189622627,0.2935174228967471,-1.3875375865624426,-1.2258476714090278,0.8077365626180215,-1.5477679860172513,-1.0306701134001208,-1.3262277862719314,-0.009816137054176019,-0.8034715309071345,0.9972039090469852,-0.5787359118286177,-0.5738091541336192,-0.9124191495230389,0.9124191495230393,-0.5784279906300535,-0.5776581893550843,1.7343632929879855,-0.5767344287272242,0
0.5325609619756456,0.10281024149414371,-1.3875375865624426,0.43374726710585587,-0.9115834940401767,-1.5477679860172513,-1.0306701134001208,-1.571578240381983,-0.009816137054176019,0.8741614054921185,0.9972039090469852,-0.5787359118286177,-0.5738091541336192,1.0959875190286648,-1.0959875190286648,1.7288236672481017,-0.5776581893550843,-0.5765804684883443,-0.5767344287272242,1
2.063883767202561,0.5795781950006521,-1.3875375865624426,0.7274544539958346,-0.9115834940401767,-1.5477679860172513,-1.0306701134001208,-1.6210866383573406,-0.009816137054176019,-0.6087067572882239,-1.0028039309991141,1.7279038324066063,-0.5738091541336192,1.0959875190286648,-1.0959875190286648,1.7288236672481017,-0.5776581893550843,-0.5765804684883443,-0.5767344287272242,1
-0.6262779176555339,-1.518200800427985,0.6871298574603482,-1.2258476714090278,0.8077365626180215,0.646091668153197,-1.0306701134001208,1.6815104640330998,-1.43244469563043,-0.6087067572882239,-1.0028039309991141,-0.5787359118286177,1.7427397119690018,1.0959875190286648,-1.0959875190286648,-0.5784279906300535,-0.5776581893550843,-0.5765804684883443,1.733900301750437,0
-0.18136656208284888,-0.5646648934149681,-0.695981771888179,-1.2258476714090278,0.8077365626180215,0.646091668153197,-1.0306701134001208,1.5827604153541588,1.4128124215220779,0.29872002889079163,0.9972039090469852,-0.5787359118286177,-0.5738091541336192,1.0959875190286648,-1.0959875190286648,-0.5784279906300535,-0.5776581893550843,1.7343632929879855,-0.5767344287272242,0
0.1497302606689167,-0.18325053060976135,-0.004425957213915414,1.3447374286005258,-0.9115834940401767,-1.5477679860172513,0.9702425509371355,1.4511441118844635,-0.721130416342303,0.2411758912306589,0.9972039090469852,-0.5787359118286177,-0.5738091541336192,1.0959875190286648,-1.0959875190286648,-0.5784279906300535,1.731127539482183,-0.5765804684883443,-0.5767344287272242,0
-0.026164926417958756,-1.1367864376227783,0.6871298574603482,-1.2258476714090278,0.8077365626180215,0.646091668153197,0.9702425509371355,1.0949886843133527,-0.009816137054176019,1.6664999163508687,-1.0028039309991141,-0.5787359118286177,1.7427397119690018,1.0959875190286648,-1.0959875190286648,1.7288236672481017,-0.5776581893550843,-0.5765804684883443,-0.5767344287272242,0
-0.0882455806839148,-0.8507256655188732,1.03290776479748,0.07178030317614535,0.8077365626180215,0.646091668153197,-1.0306701134001208,1.2980534358068652,0.7014981422339509,-1.4895747107010244,0.9972039090469852,-0.5787359118286177,-0.5738091541336192,-0.9124191495230389,0.9124191495230393,-0.5784279906300535,-0.5776581893550843,1.7343632929879855,-0.5767344287272242,0
0.6360287190855723,-0.6600184841162697,1.378685672134612,0.3865759598617295,-0.9115834940401767,0.646091668153197,-1.0306701134001208,1.140767489404082,-1.43244469563043,-0.28557429196594036,0.9972039090469852,-0.5787359118286177,-0.5738091541336192,-0.9124191495230389,0.9124191495230393,1.7288236672481017,-0.5776581893550843,-0.5765804684883443,-0.5767344287272242,0
-0.4400359548576657,0.2935174228967471,1.7244635794717436,1.3953550450558916,-0.9115834940401767,0.646091668153197,-1.0306701134001208,-1.0646135736339786,-0.009816137054176019,-0.019985964303789454,0.9972039090469852,-0.5787359118286177,-0.5738091541336192,-0.9124191495230389,0.9124191495230393,1.7288236672481017,-0.5776581893550843,-0.5765804684883443,-0.5767344287272242,0
-1.5988748344888453,-0.7553720748175714,-0.004425957213915414,-1.2258476714090278,0.8077365626180215,0.646091668153197,-1.0306701134001208,-0.11089156861559053,-0.009816137054176019,1.015808513578599,0.9972039090469852,-0.5787359118286177,-0.5738091541336192,-0.9124191495230389,0.9124191495230393,1.7288236672481017,-0.5776581893550843,-0.5765804684883443,-0.5767344287272242,0
0.08764960640296066,-0.27860412131106305,0.3413519501232164,0.7589733662165654,0.8077365626180215,0.646091668153197,-1.0306701134001208,-0.05664014679087035,1.4128124215220779,1.188440926558997,0.9972039090469852,-0.5787359118286177,-0.5738091541336192,-0.9124191495230389,0.9124191495230393,-0.5784279906300535,-0.5776581893550843,1.7343632929879855,-0.5767344287272242,0
-1.4643667502459403,-0.8507256655188732,0.3413519501232164,-1.2258476714090278,0.8077365626180215,0.646091668153197,-1.0306701134001208,1.3999644570453347,0.7014981422339509,-1.1708687175064434,0.9972039090469852,-0.5787359118286177,-0.5738091541336192,-0.9124191495230389,0.9124191495230393,1.7288236672481017,-0.5776581893550843,-0.5765804684883443,-0.5767344287272242,0
0.5325609619756456,0.5795781950006521,-1.7333154938995745,0.06903982783768156,-0.9115834940401767,0.646091668153197,0.9702425509371355,-1.2627097659381727,-0.721130416342303,1.7151911097555963,0.9972039090469852,-0.5787359118286177,-0.5738091541336192,-0.9124191495230389,0.9124191495230393,1.7288236672481017,-0.5776581893550843,-0.5765804684883443,-0.5767344287272242,0
1.0705932989472646,-0.4693113027136664,0.6871298574603482,-1.2258476714090278,0.8077365626180215,0.646091668153197,0.9702425509371355,-0.6063612364061925,-0.009816137054176019,-0.6175597015436289,0.9972039090469852,-0.5787359118286177,-0.5738091541336192,-0.9124191495230389,0.9124191495230393,-0.5784279906300535,1.731127539482183,-0.5765804684883443,-0.5767344287272242,0
1.2568352617451328,0.38887101359804876,0.3413519501232164,-1.2258476714090278,0.8077365626180215,0.646091668153197,0.9702425509371355,-0.7375433365267215,1.4128124215220779,0.8874408218752261,0.9972039090469852,-0.5787359118286177,-0.5738091541336192,-0.9124191495230389,0.9124191495230393,-0.5784279906300535,-0.5776581893550843,1.7343632929879855,-0.5767344287272242,0
-0.9573747404072994,-0.7553720748175714,0.6871298574603482,-1.2258476714090278,-0.9115834940401767,0.646091668153197,-1.0306701134001208,1.7072319261884747,1.4128124215220779,-1.6267953466598024,0.9972039090469852,-0.5787359118286177,-0.5738091541336192,-0.9124191495230389,0.9124191495230393,-0.5784279906300535,-0.5776581893550843,1.7343632929879855,-0.5767344287272242,0
1.5879320844968983,-1.3274936190253817,0.6871298574603482,0.5114375552509469,-0.9115834940401767,0.646091668153197,-1.0306701134001208,0.49013872389457885,-1.43244469563043,-0.9185598062274,0.9972039090469852,-0.5787359118286177,-0.5738091541336192,-0.9124191495230389,0.9124191495230393,1.7288236672481017,-0.5776581893550843,-0.5765804684883443,-0.5767344287272242,0
0.1497302606689167,0.48422460429935044,0.6871298574603482,-1.2258476714090278,0.8077365626180215,0.646091668153197,0.9702425509371355,-0.5832559494162985,-0.009816137054176019,-0.11736835111324478,0.9972039090469852,-0.5787359118286177,-0.5738091541336192,1.0959875190286648,-1.0959875190286648,-0.5784279906300535,1.731127539482183,-0.5765804684883443,-0.5767344287272242,0
0.6049883919525944,-1.518200800427985,1.03290776479748,-0.05083557372412253,0.8077365626180215,0.646091668153197,-1.0306701134001208,-0.6371985425873867,-0.009816137054176019,0.4403671369772721,-1.0028039309991141,1.7279038324066063,-0.5738091541336192,-0.9124191495230389,0.9124191495230393,1.7288236672481017,-0.5776581893550843,-0.5765804684883443,-0.5767344287272242,0
-0.9573747404072994,0.5795781950006521,-0.35020386455104724,-1.2258476714090278,-0.9115834940401767,0.646091668153197,-1.0306701134001208,0.5515252005142489,0.7014981422339509,-1.5869570975104796,-1.0028039309991141,-0.5787359118286177,1.7427397119690018,-0.9124191495230389,0.9124191495230393,-0.5784279906300535,1.731127539482183,-0.5765804684883443,-0.5767344287272242,0
2.063883767202561,0.1981638321954454,-0.695981771888179,-1.2258476714090278,0.8077365626180215,0.646091668153197,-1.0306701134001208,0.5008400888569495,-0.009816137054176019,0.7457937137887456,0.9972039090469852,-0.5787359118286177,-0.5738091541336192,-0.9124191495230389,0.9124191495230393,-0.5784279906300535,-0.5776581893550843,-0.5765804684883443,1.733900301750437,0
-0.6262779176555339,0.10281024149414371,1.03290776479748,-1.2258476714090278,0.8077365626180215,0.646091668153197,-1.0306701134001208,-0.6461267511414882,0.7014981422339509,0.5952936614468601,0.9972039090469852,-0.5787359118286177,-0.5738091541336192,-0.9124191495230389,0.9124191495230393,-0.5784279906300535,1.731127539482183,-0.5765804684883443,-0.5767344287272242,0
1.2878755888781108,-1.0414328469214764,1.378685672134612,0.5558491546260161,-0.9115834940401767,0.646091668153197,-1.0306701134001208,0.856247789395055,1.4128124215220779,0.34298475016781677,0.9972039090469852,-0.5787359118286177,-0.5738091541336192,-0.9124191495230389,0.9124191495230393,-0.5784279906300535,-0.5776581893550843,-0.5765804684883443,1.733900301750437,0
1.0602465232362719,-0.08789693990845966,0.3413519501232164,1.0542241239577488,-0.9115834940401767,-1.5477679860172513,0.9702425509371355,-1.153930784956543,0.7014981422339509,-1.1310304683571206,0.9972039090469852,-0.5787359118286177,-0.5738091541336192,1.0959875190286648,-1.0959875190286648,1.7288236672481017,-0.5776581893550843,-0.5765804684883443,-0.5767344287272242,0
0.2738915692008288,0.2935174228967471,-0.004425957213915414,0.3701339091863886,-0.9115834940401767,0.646091668153197,-1.0306701134001208,-1.375161825551936,-1.43244469563043,0.09067583888877341,0.9972039090469852,-0.5787359118286177,-0.5738091541336192,-0.9124191495230389,0.9124191495230393,-0.5784279906300535,1.731127539482183,-0.5765804684883443,-0.5767344287272242,0
0.2842383449118215,4.203014641650117,0.3413519501232164,0.7512024622303234,-0.9115834940401767,-1.5477679860172513,0.9702425509371355,-0.12443273129331307,0.7014981422339509,0.6484113269792903,-1.0028039309991141,1.7279038324066063,-0.5738091541336192,-0.9124191495230389,0.9124191495230393,1.7288236672481017,-0.5776581893550843,-0.5765804684883443,-0.5767344287272242,0
0.7291497004845064,0.9609925578058589,-1.3875375865624426,0.6991452908600454,-0.9115834940401767,-1.5477679860172513,0.9702425509371355,1.4490518673121098,0.7014981422339509,1.608955778690736,0.9972039090469852,-0.5787359118286177,-0.5738091541336192,1.0959875190286648,-1.0959875190286648,-0.5784279906300535,-0.5776581893550843,-0.5765804684883443,1.733900301750437,0
0.7808835790394698,0.48422460429935044,-1.0417596792253108,-1.2258476714090278,0.8077365626180215,0.646091668153197,0.9702425509371355,-1.275594146056904,-0.009816137054176019,0.21461705846444384,0.9972039090469852,-0.5787359118286177,-0.5738091541336192,1.0959875190286648,-1.0959875190286648,-0.5784279906300535,-0.5776581893550843,-0.5765804684883443,1.733900301750437,0
-2.1265603957494714,-0.5646648934149681,0.6871298574603482,-1.2258476714090278,0.8077365626180215,0.646091668153197,-1.0306701134001208,0.39186878552683047,-1.43244469563043,1.2725438969853449,0.9972039090469852,-0.5787359118286177,-0.5738091541336192,1.0959875190286648,-1.0959875190286648,1.7288236672481017,-0.5776581893550843,-0.5765804684883443,-0.5767344287272242,0
-0.1606730106608635,3.7262466881436076,0.3413519501232164,-0.4639766153276997,-0.9115834940401767,0.646091668153197,0.9702425509371355,0.33577882465095515,0.7014981422339509,1.28139684124075,0.9972039090469852,-0.5787359118286177,-0.5738091541336192,1.0959875190286648,-1.0959875190286648,-0.5784279906300535,1.731127539482183,-0.5765804684883443,-0.5767344287272242,0
-0.46072950627965104,0.6749317857019538,1.03290776479748,-1.2258476714090278,0.8077365626180215,0.646091668153197,0.9702425509371355,1.4542021415594488,-0.721130416342303,1.471735142731958,-1.0028039309991141,-0.5787359118286177,1.7427397119690018,1.0959875190286648,-1.0959875190286648,1.7288236672481017,-0.5776581893550843,-0.5765804684883443,-0.5767344287272242,0
-0.7400924504764532,-0.7553720748175714,0.3413519501232164,1.0136128726279248,-0.9115834940401767,-1.5477679860172513,0.9702425509371355,0.6212244889508557,0.7014981422339509,0.25445530761376645,-1.0028039309991141,1.7279038324066063,-0.5738091541336192,-0.9124191495230389,0.9124191495230393,-0.5784279906300535,-0.5776581893550843,-0.5765804684883443,1.733900301750437,0
-0.7400924504764532,0.0074566507928420294,-0.004425957213915414,-1.2258476714090278,0.8077365626180215,-1.5477679860172513,0.9702425509371355,-1.0467900217372266,-0.721130416342303,1.6399410835846535,0.9972039090469852,-0.5787359118286177,-0.5738091541336192,-0.9124191495230389,0.9124191495230393,-0.5784279906300535,1.731127539482183,-0.5765804684883443,-0.5767344287272242,0
1.153367504635206,-0.7553720748175714,0.6871298574603482,0.6603402946951135,-0.9115834940401767,0.646091668153197,0.9702425509371355,1.0303711574610608,-0.721130416342303,1.153029149537377,0.9972039090469852,-0.5787359118286177,-0.5738091541336192,-0.9124191495230389,0.9124191495230393,-0.5784279906300535,-0.5776581893550843,1.7343632929879855,-0.5767344287272242,0
0.7912303547504624,-0.27860412131106305,0.3413519501232164,1.0246598779296552,-0.9115834940401767,0.646091668153197,0.9702425509371355,0.22507435961433242,-0.009816137054176019,-1.1044716355909057,-1.0028039309991141,1.7279038324066063,-0.5738091541336192,-0.9124191495230389,0.9124191495230393,-0.5784279906300535,-0.5776581893550843,1.7343632929879855,-0.5767344287272242,1
-1.9610119843735887,-1.3274936190253817,0.3413519501232164,-1.2258476714090278,0.8077365626180215,0.646091668153197,0.9702425509371355,-1.4743081695583702,-1.43244469563043,-0.2988537083490479,-1.0028039309991141,-0.5787359118286177,1.7427397119690018,1.0959875190286648,-1.0959875190286648,-0.5784279906300535,-0.5776581893550843,1.7343632929879855,-0.5767344287272242,0
-2.333495909969325,0.10281024149414371,1.378685672134612,1.4470990467196745,0.8077365626180215,-1.5477679860172513,0.9702425509371355,1.2616874707216295,-0.721130416342303,-0.8300303636733497,-1.0028039309991141,1.7279038324066063,-0.5738091541336192,-0.9124191495230389,0.9124191495230393,-0.5784279906300535,-0.5776581893550843,-0.5765804684883443,1.733900301750437,0
-1.1539634789161601,-1.0414328469214764,-0.004425957213915414,-1.2258476714090278,0.8077365626180215,0.646091668153197,-1.0306701134001208,-0.8991476673801229,-1.43244469563043,0.989249680812384,-1.0028039309991141,-0.5787359118286177,1.7427397119690018,-0.9124191495230389,0.9124191495230393,1.7288236672481017,-0.5776581893550843,-0.5765804684883443,-0.5767344287272242,0
-0.336568197747739,0.1981638321954454,1.03290776479748,-0.6215809529677379,-0.9115834940401767,0.646091668153197,0.9702425509371355,1.6638707138744613,1.4128124215220779,0.03755817335634324,-1.0028039309991141,1.7279038324066063,-0.5738091541336192,-0.9124191495230389,0.9124191495230393,-0.5784279906300535,1.731127539482183,-0.5765804684883443,-0.5767344287272242,0
0.6049883919525944,-0.3739577120123647,-1.0417596792253108,-1.2258476714090278,0.8077365626180215,0.646091668153197,-1.0306701134001208,0.0850696021743612,-0.721130416342303,-0.8167509472902421,-1.0028039309991141,-0.5787359118286177,1.7427397119690018,-0.9124191495230389,0.9124191495230393,-0.5784279906300535,1.731127539482183,-0.5765804684883443,-0.5767344287272242,0
1.474117551675979,-0.6600184841162697,-1.0417596792253108,-1.2258476714090278,0.8077365626180215,0.646091668153197,-1.0306701134001208,1.6298256587216733,-0.721130416342303,-0.7282215047361918,0.9972039090469852,-0.5787359118286177,-0.5738091541336192,-0.9124191495230389,0.9124191495230393,1.7288236672481017,-0.5776581893550843,-0.5765804684883443,-0.5767344287272242,1
0.19111736351288738,-0.8507256655188732,0.6871298574603482,1.015909076509682,-0.9115834940401767,0.646091668153197,-1.0306701134001208,1.5425019224471028,-0.009816137054176019,-1.347927602614544,-1.0028039309991141,1.7279038324066063,-0.5738091541336192,1.0959875190286648,-1.0959875190286648,-0.5784279906300535,-0.5776581893550843,-0.5765804684883443,1.733900301750437,0
0.5429077376866382,0.48422460429935044,0.3413519501232164,0.3586330161626551,-0.9115834940401767,0.646091668153197,-1.0306701134001208,0.8942547544827262,0.7014981422339509,-0.8831480292057798,0.9972039090469852,-0.5787359118286177,-0.5738091541336192,-0.9124191495230389,0.9124191495230393,-0.5784279906300535,-0.5776581893550843,1.7343632929879855,-0.5767344287272242,0
-0.23310044063781224,-0.8507256655188732,1.03290776479748,0.20348339051068118,-0.9115834940401767,0.646091668153197,0.9702425509371355,-1.5122055839412056,-0.009816137054176019,-1.67548654006453,0.9972039090469852,-0.5787359118286177,-0.5738091541336192,-0.9124191495230389,0.9124191495230393,-0.5784279906300535,1.731127539482183,-0.5765804684883443,-0.5767344287272242,0
0.8740045604384039,0.6749317857019538,-1.0417596792253108,0.47855441552679484,-0.9115834940401767,0.646091668153197,-1.0306701134001208,0.24833388704103487,0.7014981422339509,-1.4143246845300816,-1.0028039309991141,1.7279038324066063,-0.5738091541336192,-0.9124191495230389,0.9124191495230393,1.7288236672481017,-0.5776581893550843,-0.5765804684883443,-0.5767344287272242,1
-3.1095040882937757,1.4377605113123673,-1.3875375865624426,1.2211309161036124,-0.9115834940401767,0.646091668153197,0.9702425509371355,1.5977579068461654,-0.009816137054176019,0.16149939293201365,-1.0028039309991141,-0.5787359118286177,1.7427397119690018,-0.9124191495230389,0.9124191495230393,-0.5784279906300535,-0.5776581893550843,-0.5765804684883443,1.733900301750437,1
1.9707627858036272,-0.6600184841162697,-1.0417596792253108,0.6504493247531316,-0.9115834940401767,0.646091668153197,-1.0306701134001208,0.23287280478856479,-0.009816137054176019,0.40052888782794943,-1.0028039309991141,1.7279038324066063,-0.5738091541336192,-0.9124191495230389,0.9124191495230393,-0.5784279906300535,-0.5776581893550843,-0.5765804684883443,1.733900301750437,0
-1.3402054417140283,-0.3739577120123647,0.3413519501232164,0.31954770586432507,-0.9115834940401767,0.646091668153197,-1.0306701134001208,-1.5580857669064097,0.7014981422339509,-1.4453099894239991,0.9972039090469852,-0.5787359118286177,-0.5738091541336192,-0.9124191495230389,0.9124191495230393,-0.5784279906300535,-0.5776581893550843,1.7343632929879855,-0.5767344287272242,0
0.004875400715019266,-0.7553720748175714,0.6871298574603482,0.9860225253230618,0.8077365626180215,0.646091668153197,-1.0306701134001208,0.5185834774601632,-0.009816137054176019,-0.8123244751625396,-1.0028039309991141,1.7279038324066063,-0.5738091541336192,-0.9124191495230389,0.9124191495230393,1.7288236672481017,-0.5776581893550843,-0.5765804684883443,-0.5767344287272242,0
-0.6676650204995045,-0.5646648934149681,1.378685672134612,-1.2258476714090278,-0.9115834940401767,0.646091668153197,-1.0306701134001208,-1.6191806299832072,1.4128124215220779,1.1707350380481871,0.9972039090469852,-0.5787359118286177,-0.5738091541336192,-0.9124191495230389,0.9124191495230393,1.7288236672481017,-0.5776581893550843,-0.5765804684883443,-0.5767344287272242,0
0.6981093733515285,2.2959428276240823,0.6871298574603482,0.7487703484657063,-0.9115834940401767,0.646091668153197,0.9702425509371355,0.0078000122535925535,-1.43244469563043,0.9936761529400864,-1.0028039309991141,1.7279038324066063,-0.5738091541336192,-0.9124191495230389,0.9124191495230393,-0.5784279906300535,-0.5776581893550843,-0.5765804684883443,1.733900301750437,0
-0.5538504876785851,-0.08789693990845966,-1.3875375865624426,-1.2258476714090278,0.8077365626180215,0.646091668153197,-1.0306701134001208,-1.0222463166038391,-0.009816137054176019,-0.5777214523943063,-1.0028039309991141,-0.5787359118286177,1.7427397119690018,-0.9124191495230389,0.9124191495230393,1.7288236672481017,-0.5776581893550843,-0.5765804684883443,-0.5767344287272242,0
-0.5952375905225558,-0.08789693990845966,-0.004425957213915414,1.0605482608301062,0.8077365626180215,-1.5477679860172513,0.9702425509371355,0.6129078515537494,-1.43244469563043,0.40495535995565196,-1.0028039309991141,1.7279038324066063,-0.5738091541336192,1.0959875190286648,-1.0959875190286648,-0.5784279906300535,1.731127539482183,-0.5765804684883443,-0.5767344287272242,0
2.063883767202561,-0.6600184841162697,-0.004425957213915414,0.47768398324635764,-0.9115834940401767,0.646091668153197,-1.0306701134001208,0.38068852748332105,0.7014981422339509,1.5027204476258755,0.9972039090469852,-0.5787359118286177,-0.5738091541336192,1.0959875190286648,-1.0959875190286648,1.7288236672481017,-0.5776581893550843,-0.5765804684883443,-0.5767344287272242,0
0.025568952137004615,0.38887101359804876,-1.7333154938995745,-1.2258476714090278,0.8077365626180215,0.646091668153197,-1.0306701134001208,-1.2559668331105318,-0.721130416342303,1.3035292018792624,0.9972039090469852,-0.5787359118286177,-0.5738091541336192,-0.9124191495230389,0.9124191495230393,-0.5784279906300535,-0.5776581893550843,-0.5765804684883443,1.733900301750437,0
-0.7400924504764532,1.9145284648188758,-0.695981771888179,1.1465029276422467,-0.9115834940401767,0.646091668153197,0.9702425509371355,-0.43841183306271236,-0.721130416342303,-1.091192219207798,-1.0028039309991141,-0.5787359118286177,1.7427397119690018,1.0959875190286648,-1.0959875190286648,-0.5784279906300535,-0.5776581893550843,-0.5765804684883443,1.733900301750437,0
-1.6092216101998378,0.7702853764032556,1.7244635794717436,0.9808076246526756,-0.9115834940401767,0.646091668153197,-1.0306701134001208,-0.5046074117346615,1.4128124215220779,1.33451450677318,0.9972039090469852,-0.5787359118286177,-0.5738091541336192,-0.9124191495230389,0.9124191495230393,-0.5784279906300535,-0.5776581893550843,-0.5765804684883443,1.733900301750437,0
-0.07789880497292212,-0.4693113027136664,0.3413519501232164,-1.2258476714090278,0.8077365626180215,0.646091668153197,0.9702425509371355,0.27745855053663104,-0.009816137054176019,-0.04654479707000454,-1.0028039309991141,-0.5787359118286177,1.7427397119690018,-0.9124191495230389,0.9124191495230393,1.7288236672481017,-0.5776581893550843,-0.5765804684883443,-0.5767344287272242,0
1.598278860207891,1.0563461485071606,1.378685672134612,0.8580511900079885,-0.9115834940401767,0.646091668153197,-1.0306701134001208,-0.6451392297878978,-0.721130416342303,-1.5958100417658847,-1.0028039309991141,1.7279038324066063,-0.5738091541336192,-0.9124191495230389,0.9124191495230393,-0.5784279906300535,1.731127539482183,-0.5765804684883443,-0.5767344287272242,1
0.2842383449118215,1.0563461485071606,0.3413519501232164,-1.2258476714090278,-0.9115834940401767,0.646091668153197,-1.0306701134001208,-1.5978881463233325,0.7014981422339509,0.869734933364416,0.9972039090469852,-0.5787359118286177,-0.5738091541336192,1.0959875190286648,-1.0959875190286648,-0.5784279906300535,1.731127539482183,-0.5765804684883443,-0.5767344287272242,0
-1.1436167032051676,-0.18325053060976135,-1.7333154938995745,0.7106389716848063,-0.9115834940401767,0.646091668153197,-1.0306701134001208,-1.2490927872171036,-0.721130416342303,-0.29442723622134537,-1.0028039309991141,-0.5787359118286177,1.7427397119690018,-0.9124191495230389,0.9124191495230393,-0.5784279906300535,1.731127539482183,-0.5765804684883443,-0.5767344287272242,0
0.7601900276174844,1.3424069206110656,-1.3875375865624426,1.012941657310217,0.8077365626180215,0.646091668153197,0.9702425509371355,-1.5159090933246828,-0.721130416342303,-1.0425010258030705,-1.0028039309991141,1.7279038324066063,-0.5738091541336192,1.0959875190286648,-1.0959875190286648,1.7288236672481017,-0.5776581893550843,-0.5765804684883443,-0.5767344287272242,0
-1.0091086189622627,0.8656389671045572,-0.695981771888179,-1.2258476714090278,-0.9115834940401767,-1.5477679860172513,0.9702425509371355,-1.2060887449788558,-0.009816137054176019,-0.8211774194179446,-1.0028039309991141,-0.5787359118286177,1.7427397119690018,1.0959875190286648,-1.0959875190286648,-0.5784279906300535,-0.5776581893550843,1.7343632929879855,-0.5767344287272242,1
-0.5848908148115631,1.7238212834162723,0.3413519501232164,-1.2258476714090278,-0.9115834940401767,0.646091668153197,-1.0306701134001208,-1.4035302414041508,1.4128124215220779,0.2411758912306589,0.9972039090469852,-0.5787359118286177,-0.5738091541336192,-0.9124191495230389,0.9124191495230393,-0.5784279906300535,1.731127539482183,-0.5765804684883443,-0.5767344287272242,1
-0.8228666561643946,-0.7553720748175714,-0.695981771888179,-1.2258476714090278,0.8077365626180215,0.646091668153197,0.9702425509371355,1.6446113521843309,-0.721130416342303,-0.506897898351066,-1.0028039309991141,-0.5787359118286177,1.7427397119690018,1.0959875190286648,-1.0959875190286648,-0.5784279906300535,-0.5776581893550843,1.7343632929879855,-0.5767344287272242,0
0.8326174575944332,0.1981638321954454,1.378685672134612,1.2141765933121462,-0.9115834940401767,0.646091668153197,0.9702425509371355,-0.19661134345936027,0.7014981422339509,-1.3966187960192715,0.9972039090469852,-0.5787359118286177,-0.5738091541336192,1.0959875190286648,-1.0959875190286648,-0.5784279906300535,-0.5776581893550843,1.7343632929879855,-0.5767344287272242,0
-0.7090521233434752,-0.7553720748175714,-1.0417596792253108,-1.2258476714090278,0.8077365626180215,0.646091668153197,0.9702425509371355,-1.1536421275438016,0.7014981422339509,-0.8565891964395648,0.9972039090469852,-0.5787359118286177,-0.5738091541336192,-0.9124191495230389,0.9124191495230393,-0.5784279906300535,1.731127539482183,-0.5765804684883443,-0.5767344287272242,0
-0.5538504876785851,0.1981638321954454,-0.35020386455104724,1.2294770330256837,-0.9115834940401767,0.646091668153197,0.9702425509371355,-0.13910991739118103,-1.43244469563043,-1.1708687175064434,0.9972039090469852,-0.5787359118286177,-0.5738091541336192,-0.9124191495230389,0.9124191495230393,1.7288236672481017,-0.5776581893550843,-0.5765804684883443,-0.5767344287272242,0
0.05660927926998263,-0.6600184841162697,-0.004425957213915414,0.9692751582245515,-0.9115834940401767,0.646091668153197,-1.0306701134001208,0.5864273595148701,-1.43244469563043,1.7196175818832988,-1.0028039309991141,-0.5787359118286177,1.7427397119690018,-0.9124191495230389,0.9124191495230393,-0.5784279906300535,1.731127539482183,-0.5765804684883443,-0.5767344287272242,0
-1.4954070773789185,1.7238212834162723,0.3413519501232164,-1.2258476714090278,0.8077365626180215,-1.5477679860172513,0.9702425509371355,1.6403197467948942,-0.721130416342303,1.051220290600219,0.9972039090469852,-0.5787359118286177,-0.5738091541336192,1.0959875190286648,-1.0959875190286648,1.7288236672481017,-0.5776581893550843,-0.5765804684883443,-0.5767344287272242,1
0.5015206348426676,-0.6600184841162697,-1.3875375865624426,0.7600108009709882,2.52705661927622,0.646091668153197,0.9702425509371355,0.475651425685093,-1.43244469563043,1.28139684124075,-1.0028039309991141,1.7279038324066063,-0.5738091541336192,-0.9124191495230389,0.9124191495230393,-0.5784279906300535,-0.5776581893550843,-0.5765804684883443,1.733900301750437,1
0.2842383449118215,0.8656389671045572,-1.0417596792253108,0.394491428369598,0.8077365626180215,-1.5477679860172513,0.9702425509371355,1.6238857499494788,-1.43244469563043,0.8033378514488783,-1.0028039309991141,1.7279038324066063,-0.5738091541336192,-0.9124191495230389,0.9124191495230393,-0.5784279906300535,-0.5776581893550843,1.7343632929879855,-0.5767344287272242,0
-0.2848343191927756,0.2935174228967471,-1.3875375865624426,1.167520237074657,0.8077365626180215,0.646091668153197,-1.0306701134001208,0.012937070860348208,0.7014981422339509,-1.2682511043158986,-1.0028039309991141,1.7279038324066063,-0.5738091541336192,-0.9124191495230389,0.9124191495230393,1.7288236672481017,-0.5776581893550843,-0.5765804684883443,-0.5767344287272242,0
1.474117551675979,-0.9460792562201749,1.03290776479748,0.3235658623185403,0.8077365626180215,-1.5477679860172513,-1.0306701134001208,1.600317046089129,0.7014981422339509,-0.2147507379227001,-1.0028039309991141,-0.5787359118286177,1.7427397119690018,-0.9124191495230389,0.9124191495230393,1.7288236672481017,-0.5776581893550843,-0.5765804684883443,-0.5767344287272242,0
-1.2367376846041016,0.7702853764032556,0.3413519501232164,-1.2258476714090278,-0.9115834940401767,-1.5477679860172513,-1.0306701134001208,1.6503570258179512,-0.721130416342303,-0.4272214000524208,0.9972039090469852,-0.5787359118286177,-0.5738091541336192,1.0959875190286648,-1.0959875190286648,-0.5784279906300535,-0.5776581893550843,-0.5765804684883443,1.733900301750437,1
-0.3262214220367463,-0.08789693990845966,1.7244635794717436,0.1308757793881468,-0.9115834940401767,0.646091668153197,0.9702425509371355,1.4722227108348975,0.7014981422339509,-0.06867715770851711,-1.0028039309991141,1.7279038324066063,-0.5738091541336192,-0.9124191495230389,0.9124191495230393,-0.5784279906300535,-0.5776581893550843,-0.5765804684883443,1.733900301750437,0
1.2257949346121548,-1.1367864376227783,-1.0417596792253108,-1.2258476714090278,-0.9115834940401767,0.646091668153197,0.9702425509371355,-0.7340625802430769,0.7014981422339509,0.860881989109011,0.9972039090469852,-0.5787359118286177,-0.5738091541336192,1.0959875190286648,-1.0959875190286648,-0.5784279906300535,-0.5776581893550843,-0.5765804684883443,1.733900301750437,0
1.6086256359188837,0.10281024149414371,-0.004425957213915414,0.06616055773676906,-0.9115834940401767,0.646091668153197,0.9702425509371355,0.7433519624817032,-1.43244469563043,-1.2948099370821138,0.9972039090469852,-0.5787359118286177,-0.5738091541336192,-0.9124191495230389,0.9124191495230393,-0.5784279906300535,-0.5776581893550843,-0.5765804684883443,1.733900301750437,0
0.584294840530609,-0.9460792562201749,-0.35020386455104724,-1.2258476714090278,0.8077365626180215,0.646091668153197,-1.0306701134001208,0.6931899119674922,0.7014981422339509,-0.1837654330287825,0.9972039090469852,-0.5787359118286177,-0.5738091541336192,-0.9124191495230389,0.9124191495230393,-0.5784279906300535,1.731127539482183,-0.5765804684883443,-0.5767344287272242,0
-0.3262214220367463,-0.08789693990845966,1.7244635794717436,0.6919319699899223,-0.9115834940401767,0.646091668153197,0.9702425509371355,-1.590113871860167,-0.721130416342303,-0.8610156685672673,-1.0028039309991141,-0.5787359118286177,1.7427397119690018,1.0959875190286648,-1.0959875190286648,-0.5784279906300535,-0.5776581893550843,-0.5765804684883443,1.733900301750437,0
-2.1265603957494714,-0.8507256655188732,-0.695981771888179,-1.2258476714090278,0.8077365626180215,0.646091668153197,0.9702425509371355,0.48426541499532433,-0.721130416342303,1.042367346344814,0.9972039090469852,-0.5787359118286177,-0.5738091541336192,1.0959875190286648,-1.0959875190286648,-0.5784279906300535,-0.5776581893550843,1.7343632929879855,-0.5767344287272242,0
1.153367504635206,0.0074566507928420294,-1.0417596792253108,0.07672562787604802,-0.9115834940401767,0.646091668153197,0.9702425509371355,-1.4149529021183602,1.4128124215220779,1.427470421454933,-1.0028039309991141,-0.5787359118286177,1.7427397119690018,-0.9124191495230389,0.9124191495230393,-0.5784279906300535,1.731127539482183,-0.5765804684883443,-0.5767344287272242,0
0.6670690462185503,-0.08789693990845966,-1.7333154938995745,-1.2258476714090278,0.8077365626180215,0.646091668153197,0.9702425509371355,-1.734682024771572,-0.721130416342303,-0.5024714262233636,0.9972039090469852,-0.5787359118286177,-0.5738091541336192,1.0959875190286648,-1.0959875190286648,1.7288236672481017,-0.5776581893550843,-0.5765804684883443,-0.5767344287272242,0
-0.5331569362565998,0.0074566507928420294,-0.35020386455104724,-1.2258476714090278,-0.9115834940401767,0.646091668153197,-1.0306701134001208,1.6377475658013554,-0.009816137054176019,-0.28114781983823783,-1.0028039309991141,-0.5787359118286177,1.7427397119690018,1.0959875190286648,-1.0959875190286648,-0.5784279906300535,-0.5776581893550843,1.7343632929879855,-0.5767344287272242,1
0.025568952137004615,0.48422460429935044,1.03290776479748,-1.2258476714090278,0.8077365626180215,0.646091668153197,0.9702425509371355,0.9485609516598641,-0.009816137054176019,-0.9938098323983428,0.9972039090469852,-0.5787359118286177,-0.5738091541336192,-0.9124191495230389,0.9124191495230393,-0.5784279906300535,-0.5776581893550843,1.7343632929879855,-0.5767344287272242,0
2.063883767202561,0.10281024149414371,1.03290776479748,0.4217495337084608,-0.9115834940401767,0.646091668153197,-1.0306701134001208,-0.6830169945998661,-0.009816137054176019,1.0025290971954914,0.9972039090469852,-0.5787359118286177,-0.5738091541336192,-0.9124191495230389,0.9124191495230393,1.7288236672481017,-0.5776581893550843,-0.5765804684883443,-0.5767344287272242,0
-0.6469714690775192,-0.08789693990845966,-1.3875375865624426,0.7658613367774842,-0.9115834940401767,0.646091668153197,-1.0306701134001208,-0.4194409548953159,-0.009816137054176019,1.3964851165610153,0.9972039090469852,-0.5787359118286177,-0.5738091541336192,-0.9124191495230389,0.9124191495230393,1.7288236672481017,-0.5776581893550843,-0.5765804684883443,-0.5767344287272242,0
0.4083996534437335,0.10281024149414371,1.378685672134612,0.018528951927108808,-0.9115834940401767,-1.5477679860172513,-1.0306701134001208,1.5469489855034013,0.7014981422339509,0.9981026250677889,0.9972039090469852,-0.5787359118286177,-0.5738091541336192,1.0959875190286648,-1.0959875190286648,-0.5784279906300535,-0.5776581893550843,1.7343632929879855,-0.5767344287272242,1
0.01522217642601194,-0.18325053060976135,-0.35020386455104724,0.25198863402254434,-0.9115834940401767,-1.5477679860172513,0.9702425509371355,1.6973327158315121,-0.009816137054176019,0.9538379037907638,0.9972039090469852,-0.5787359118286177,-0.5738091541336192,1.0959875190286648,-1.0959875190286648,-0.5784279906300535,-0.5776581893550843,1.7343632929879855,-0.5767344287272242,1
-0.18136656208284888,0.38887101359804876,-0.695981771888179,1.084689093501964,-0.9115834940401767,0.646091668153197,0.9702425509371355,1.0182341565953195,-1.43244469563043,1.3787792280502051,-1.0028039309991141,1.7279038324066063,-0.5738091541336192,-0.9124191495230389,0.9124191495230393,-0.5784279906300535,-0.5776581893550843,-0.5765804684883443,1.733900301750437,0
0.16007703637990936,-1.1367864376227783,-0.35020386455104724,-1.2258476714090278,0.8077365626180215,-1.5477679860172513,-1.0306701134001208,-0.19717022594403,-1.43244469563043,0.9361320152799537,0.9972039090469852,-0.5787359118286177,-0.5738091541336192,1.0959875190286648,-1.0959875190286648,1.7288236672481017,-0.5776581893550843,-0.5765804684883443,-0.5767344287272242,0
0.9567787661263453,0.0074566507928420294,0.3413519501232164,-1.2258476714090278,0.8077365626180215,0.646091668153197,-1.0306701134001208,-0.9707402702203028,1.4128124215220779,-1.6223688745320999,0.9972039090469852,-0.5787359118286177,-0.5738091541336192,-0.9124191495230389,0.9124191495230393,-0.5784279906300535,-0.5776581893550843,-0.5765804684883443,1.733900301750437,0
0.6049883919525944,-0.27860412131106305,-1.7333154938995745,-1.2258476714090278,0.8077365626180215,0.646091668153197,-1.0306701134001208,-0.9264593536556922,-0.009816137054176019,0.4846318582542972,0.9972039090469852,-0.5787359118286177,-0.5738091541336192,-0.9124191495230389,0.9124191495230393,-0.5784279906300535,1.731127539482183,-0.5765804684883443,-0.5767344287272242,0
0.8222706818834405,-1.6135543911292867,1.378685672134612,-0.17184777811508137,-0.9115834940401767,0.646091668153197,0.9702425509371355,0.7947081156786229,1.4128124215220779,-0.7060891440976792,0.9972039090469852,-0.5787359118286177,-0.5738091541336192,1.0959875190286648,-1.0959875190286648,-0.5784279906300535,-0.5776581893550843,-0.5765804684883443,1.733900301750437,0
-0.398648852013695,-1.4228472097266833,-1.3875375865624426,1.7023860483276765,-0.9115834940401767,0.646091668153197,0.9702425509371355,1.2476055101200354,-0.009816137054176019,0.03755817335634324,0.9972039090469852,-0.5787359118286177,-0.5738091541336192,-0.9124191495230389,0.9124191495230393,-0.5784279906300535,-0.5776581893550843,-0.5765804684883443,1.733900301750437,0
-0.6883585719214899,-0.08789693990845966,1.378685672134612,0.45033404257391163,-0.9115834940401767,0.646091668153197,-1.0306701134001208,1.331797139576351,0.7014981422339509,-0.1837654330287825,0.9972039090469852,-0.5787359118286177,-0.5738091541336192,-0.9124191495230389,0.9124191495230393,-0.5784279906300535,1.731127539482183,-0.5765804684883443,-0.5767344287272242,0
1.8983353558266787,-0.5646648934149681,-0.004425957213915414,-1.2258476714090278,0.8077365626180215,0.646091668153197,-1.0306701134001208,-0.5878362122184767,-1.43244469563043,0.6174260220853727,-1.0028039309991141,-0.5787359118286177,1.7427397119690018,-0.9124191495230389,0.9124191495230393,-0.5784279906300535,-0.5776581893550843,1.7343632929879855,-0.5767344287272242,0
-1.7126893673097645,-0.9460792562201749,0.6871298574603482,1.693070131050436,-0.9115834940401767,0.646091668153197,-1.0306701134001208,0.2910617919470937,0.7014981422339509,-0.10408893473013724,0.9972039090469852,-0.5787359118286177,-0.5738091541336192,-0.9124191495230389,0.9124191495230393,-0.5784279906300535,1.731127539482183,-0.5765804684883443,-0.5767344287272242,1
-0.5124633848346144,0.38887101359804876,-1.0417596792253108,-1.2258476714090278,-0.9115834940401767,0.646091668153197,-1.0306701134001208,-0.8759947345281257,-0.009816137054176019,0.5554554122975375,0.9972039090469852,-0.5787359118286177,-0.5738091541336192,1.0959875190286648,-1.0959875190286648,-0.5784279906300535,-0.5776581893550843,1.7343632929879855,-0.5767344287272242,1
0.6049883919525944,-0.6600184841162697,0.6871298574603482,-1.2258476714090278,0.8077365626180215,0.646091668153197,0.9702425509371355,1.7272108447303671,1.4128124215220779,-0.34311842962607303,0.9972039090469852,-0.5787359118286177,-0.5738091541336192,1.0959875190286648,-1.0959875190286648,-0.5784279906300535,1.731127539482183,-0.5765804684883443,-0.5767344287272242,0
0.2738915692008288,-1.1367864376227783,-1.0417596792253108,-1.2258476714090278,0.8077365626180215,0.646091668153197,0.9702425509371355,-1.391073978484317,-0.009816137054176019,0.57758777293605,0.9972039090469852,-0.5787359118286177,-0.5738091541336192,-0.9124191495230389,0.9124191495230393,-0.5784279906300535,-0.5776581893550843,1.7343632929879855,-0.5767344287272242,0
1.0602465232362719,0.8656389671045572,-0.35020386455104724,-1.2258476714090278,0.8077365626180215,-1.5477679860172513,0.9702425509371355,0.8126085269587677,-0.721130416342303,1.4451763099657429,0.9972039090469852,-0.5787359118286177,-0.5738091541336192,-0.9124191495230389,0.9124191495230393,1.7288236672481017,-0.5776581893550843,-0.5765804684883443,-0.5767344287272242,0
-0.8228666561643946,-0.4693113027136664,-1.3875375865624426,0.4046968501867813,-0.9115834940401767,-1.5477679860172513,0.9702425509371355,1.6617176077994205,-1.43244469563043,0.39610241570024696,-1.0028039309991141,1.7279038324066063,-0.5738091541336192,1.0959875190286648,-1.0959875190286648,-0.5784279906300535,-0.5776581893550843,-0.5765804684883443,1.733900301750437,0
1.1326739532132206,-0.4693113027136664,-1.0417596792253108,-1.2258476714090278,0.8077365626180215,0.646091668153197,-1.0306701134001208,1.1141515370492234,0.7014981422339509,0.9184261267691437,0.9972039090469852,-0.5787359118286177,-0.5738091541336192,-0.9124191495230389,0.9124191495230393,-0.5784279906300535,-0.5776581893550843,-0.5765804684883443,1.733900301750437,0
-0.5952375905225558,1.0563461485071606,0.3413519501232164,1.5266590573806156,-0.9115834940401767,-1.5477679860172513,-1.0306701134001208,-1.377150257789708,0.7014981422339509,-0.019985964303789454,0.9972039090469852,-0.5787359118286177,-0.5738091541336192,-0.9124191495230389,0.9124191495230393,-0.5784279906300535,-0.5776581893550843,-0.5765804684883443,1.733900301750437,0
1.09128685036925,0.2935174228967471,1.378685672134612,-1.2258476714090278,0.8077365626180215,0.646091668153197,-1.0306701134001208,-1.1201441303551614,-0.721130416342303,0.6439848548515877,0.9972039090469852,-0.5787359118286177,-0.5738091541336192,1.0959875190286648,-1.0959875190286648,1.7288236672481017,-0.5776581893550843,-0.5765804684883443,-0.5767344287272242,0
2.063883767202561,-0.6600184841162697,-0.35020386455104724,1.2744082312689498,0.8077365626180215,0.646091668153197,0.9702425509371355,0.8970476018960055,-1.43244469563043,1.2194262314529147,0.9972039090469852,-0.5787359118286177,-0.5738091541336192,-0.9124191495230389,0.9124191495230393,-0.5784279906300535,1.731127539482183,-0.5765804684883443,-0.5767344287272242,0
-0.5228101605456071,-0.08789693990845966,1.378685672134612,-1.2258476714090278,0.8077365626180215,0.646091668153197,0.9702425509371355,-0.7170248372910114,1.4128124215220779,0.413808304211057,0.9972039090469852,-0.5787359118286177,-0.5738091541336192,1.0959875190286648,-1.0959875190286648,-0.5784279906300535,-0.5776581893550843,1.7343632929879855,-0.5767344287272242,0
-1.826503900130684,-0.18325053060976135,-0.004425957213915414,1.0610375684626185,0.8077365626180215,0.646091668153197,0.9702425509371355,0.1888982824174788,0.7014981422339509,0.9538379037907638,-1.0028039309991141,1.7279038324066063,-0.5738091541336192,1.0959875190286648,-1.0959875190286648,1.7288236672481017,-0.5776581893550843,-0.5765804684883443,-0.5767344287272242,0
0.035915727847997285,-0.3739577120123647,-1.0417596792253108,0.23046839391511856,-0.9115834940401767,0.646091668153197,0.9702425509371355,-0.23172199657918477,1.4128124215220779,0.17920528144282372,0.9972039090469852,-0.5787359118286177,-0.5738091541336192,1.0959875190286648,-1.0959875190286648,-0.5784279906300535,1.731127539482183,-0.5765804684883443,-0.5767344287272242,0
0.553254513397631,0.5795781950006521,0.3413519501232164,-1.2258476714090278,-0.9115834940401767,0.646091668153197,0.9702425509371355,0.6546821436577152,1.4128124215220779,0.4182347763387595,0.9972039090469852,-0.5787359118286177,-0.5738091541336192,1.0959875190286648,-1.0959875190286648,-0.5784279906300535,1.731127539482183,-0.5765804684883443,-0.5767344287272242,0
2.063883767202561,-1.3274936190253817,1.03290776479748,-0.11380400078435941,0.8077365626180215,0.646091668153197,-1.0306701134001208,-0.2131195913380532,0.7014981422339509,0.5111906910205123,-1.0028039309991141,1.7279038324066063,-0.5738091541336192,1.0959875190286648,-1.0959875190286648,-0.5784279906300535,-0.5776581893550843,-0.5765804684883443,1.733900301750437,0
1.3913433459880375,0.0074566507928420294,-1.3875375865624426,0.8600481677679308,-0.9115834940401767,0.646091668153197,-1.0306701134001208,1.1078214190998046,-1.43244469563043,-0.35639784600918056,0.9972039090469852,-0.5787359118286177,-0.5738091541336192,1.0959875190286648,-1.0959875190286648,-0.5784279906300535,-0.5776581893550843,-0.5765804684883443,1.733900301750437,1
-1.0091086189622627,-0.3739577120123647,-1.0417596792253108,1.3157998425275987,0.8077365626180215,0.646091668153197,-1.0306701134001208,-0.9816104823801265,-1.43244469563043,-1.6179424024043974,-1.0028039309991141,1.7279038324066063,-0.5738091541336192,-0.9124191495230389,0.9124191495230393,-0.5784279906300535,1.731127539482183,-0.5765804684883443,-0.5767344287272242,0
0.09799638211395333,0.38887101359804876,-1.3875375865624426,-1.2258476714090278,-0.9115834940401767,-1.5477679860172513,0.9702425509371355,0.2075526807709055,1.4128124215220779,0.5023377467651073,0.9972039090469852,-0.5787359118286177,-0.5738091541336192,1.0959875190286648,-1.0959875190286648,1.7288236672481017,-0.5776581893550843,-0.5765804684883443,-0.5767344287272242,1
1.1016336260802426,-1.0414328469214764,-0.695981771888179,-0.01770577679511077,-0.9115834940401767,0.646091668153197,0.9702425509371355,1.732596218268084,1.4128124215220779,-1.0115157209091528,0.9972039090469852,-0.5787359118286177,-0.5738091541336192,-0.9124191495230389,0.9124191495230393,-0.5784279906300535,1.731127539482183,-0.5765804684883443,-0.5767344287272242,0
-0.38830207630270236,-0.18325053060976135,-0.695981771888179,1.5252563648160076,-0.9115834940401767,-1.5477679860172513,0.9702425509371355,-1.64738385032813,0.7014981422339509,-0.41836845579701576,-1.0028039309991141,-0.5787359118286177,1.7427397119690018,-0.9124191495230389,0.9124191495230393,1.7288236672481017,-0.5776581893550843,-0.5765804684883443,-0.5767344287272242,0
0.3980528777327409,-0.7553720748175714,-0.35020386455104724,-1.2258476714090278,0.8077365626180215,0.646091668153197,0.9702425509371355,0.6350424845207976,1.4128124215220779,1.0335144020894091,-1.0028039309991141,-0.5787359118286177,1.7427397119690018,1.0959875190286648,-1.0959875190286648,-0.5784279906300535,-0.5776581893550843,1.7343632929879855,-0.5767344287272242,0
-2.4473104427902443,2.0098820555201775,-0.695981771888179,-1.2258476714090278,0.8077365626180215,0.646091668153197,0.9702425509371355,-0.10860161110450912,1.4128124215220779,-1.2903834649544113,-1.0028039309991141,-0.5787359118286177,1.7427397119690018,-0.9124191495230389,0.9124191495230393,1.7288236672481017,-0.5776581893550843,-0.5765804684883443,-0.5767344287272242,0
0.01522217642601194,0.10281024149414371,-0.35020386455104724,0.0551568256288738,0.8077365626180215,0.646091668153197,0.9702425509371355,-1.1575099629845325,1.4128124215220779,0.14821997654890612,0.9972039090469852,-0.5787359118286177,-0.5738091541336192,1.0959875190286648,-1.0959875190286648,-0.5784279906300535,-0.5776581893550843,-0.5765804684883443,1.733900301750437,0
1.598278860207891,-0.5646648934149681,-0.695981771888179,0.4676337038426274,0.8077365626180215,-1.5477679860172513,0.9702425509371355,-1.1608783863232184,-0.009816137054176019,0.4536465533603796,-1.0028039309991141,1.7279038324066063,-0.5738091541336192,1.0959875190286648,-1.0959875190286648,-0.5784279906300535,-0.5776581893550843,-0.5765804684883443,1.733900301750437,0
0.6567222705075577,1.3424069206110656,-1.3875375865624426,0.3631097082004333,-0.9115834940401767,0.646091668153197,0.9702425509371355,-0.4798353890211958,-0.009816137054176019,1.7417499425218115,-1.0028039309991141,1.7279038324066063,-0.5738091541336192,-0.9124191495230389,0.9124191495230393,-0.5784279906300535,-0.5776581893550843,1.7343632929879855,-0.5767344287272242,1
-0.29518109490376826,-0.7553720748175714,-0.004425957213915414,0.47720365079478877,-0.9115834940401767,0.646091668153197,0.9702425509371355,-1.6956329368679004,0.7014981422339509,0.2367494191029564,0.9972039090469852,-0.5787359118286177,-0.5738091541336192,-0.9124191495230389,0.9124191495230393,-0.5784279906300535,-0.5776581893550843,-0.5765804684883443,1.733900301750437,0
1.2982223645891036,-0.9460792562201749,0.6871298574603482,1.6297189766313913,0.8077365626180215,0.646091668153197,0.9702425509371355,0.27349890117184744,1.4128124215220779,1.6399410835846535,0.9972039090469852,-0.5787359118286177,-0.5738091541336192,1.0959875190286648,-1.0959875190286648,1.7288236672481017,-0.5776581893550843,-0.5765804684883443,-0.5767344287272242,0
0.05660927926998263,-1.23214002832408,-0.35020386455104724,1.0112894226611602,-0.9115834940401767,0.646091668153197,-1.0306701134001208,-1.1090932464773626,0.7014981422339509,0.15264644867660862,-1.0028039309991141,-0.5787359118286177,1.7427397119690018,-0.9124191495230389,0.9124191495230393,-0.5784279906300535,-0.5776581893550843,-0.5765804684883443,1.733900301750437,0
0.07730283069196799,-1.80426157253189,0.6871298574603482,-1.2258476714090278,0.8077365626180215,-1.5477679860172513,-1.0306701134001208,1.5223739801686322,0.7014981422339509,-1.4674423500625118,0.9972039090469852,-0.5787359118286177,-0.5738091541336192,-0.9124191495230389,0.9124191495230393,1.7288236672481017,-0.5776581893550843,-0.5765804684883443,-0.5767344287272242,0
0.1497302606689167,1.247053329909764,-0.695981771888179,-1.2258476714090278,-0.9115834940401767,0.646091668153197,-1.0306701134001208,0.27903729791631865,-1.43244469563043,-1.3257952419760313,0.9972039090469852,-0.5787359118286177,-0.5738091541336192,-0.9124191495230389,0.9124191495230393,-0.5784279906300535,1.731127539482183,-0.5765804684883443,-0.5767344287272242,1
-1.6195683859108305,0.1981638321954454,-1.0417596792253108,-0.10435618040146576,0.8077365626180215,0.646091668153197,-1.0306701134001208,1.5360728610833168,0.7014981422339509,1.7284705261387039,-1.0028039309991141,-0.5787359118286177,1.7427397119690018,1.0959875190286648,-1.0959875190286648,-0.5784279906300535,-0.5776581893550843,-0.5765804684883443,1.733900301750437,1
-0.3262214220367463,0.8656389671045572,-0.35020386455104724,-1.2258476714090278,-0.9115834940401767,-1.5477679860172513,-1.0306701134001208,-1.425815984787869,1.4128124215220779,0.9095731825137386,0.9972039090469852,-0.5787359118286177,-0.5738091541336192,1.0959875190286648,-1.0959875190286648,-0.5784279906300535,1.731127539482183,-0.5765804684883443,-0.5767344287272242,1
0.9567787661263453,0.38887101359804876,-1.0417596792253108,1.367453611568681,0.8077365626180215,-1.5477679860172513,0.9702425509371355,-0.11931254001730197,1.4128124215220779,1.6222351950738436,-1.0028039309991141,-0.5787359118286177,1.7427397119690018,-0.9124191495230389,0.9124191495230393,-0.5784279906300535,1.731127539482183,-0.5765804684883443,-0.5767344287272242,1
-1.567834507355867,-0.7553720748175714,-0.35020386455104724,-1.2258476714090278,-0.9115834940401767,0.646091668153197,-1.0306701134001208,-1.2892161675881957,0.7014981422339509,0.4093818320833545,0.9972039090469852,-0.5787359118286177,-0.5738091541336192,-0.9124191495230389,0.9124191495230393,-0.5784279906300535,-0.5776581893550843,1.7343632929879855,-0.5767344287272242,0
-0.8228666561643946,-0.8507256655188732,-0.35020386455104724,0.14857082943164435,-0.9115834940401767,0.646091668153197,-1.0306701134001208,0.7829521078196992,1.4128124215220779,-0.9318392226105074,0.9972039090469852,-0.5787359118286177,-0.5738091541336192,1.0959875190286648,-1.0959875190286648,1.7288236672481017,-0.5776581893550843,-0.5765804684883443,-0.5767344287272242,0
-0.07789880497292212,0.5795781950006521,1.378685672134612,1.1916819049879905,0.8077365626180215,0.646091668153197,-1.0306701134001208,0.9638046714027396,-0.721130416342303,0.9095731825137386,-1.0028039309991141,-0.5787359118286177,1.7427397119690018,1.0959875190286648,-1.0959875190286648,-0.5784279906300535,1.731127539482183,-0.5765804684883443,-0.5767344287272242,0
0.5118674105536603,-1.23214002832408,-1.0417596792253108,-1.2258476714090278,0.8077365626180215,-1.5477679860172513,-1.0306701134001208,-0.8701250773190323,1.4128124215220779,-0.8388833079287547,0.9972039090469852,-0.5787359118286177,-0.5738091541336192,1.0959875190286648,-1.0959875190286648,1.7288236672481017,-0.5776581893550843,-0.5765804684883443,-0.5767344287272242,0
1.9397224586706492,0.10281024149414371,0.3413519501232164,-0.23743679773975027,-0.9115834940401767,-1.5477679860172513,0.9702425509371355,0.8793462946746495,-0.009816137054176019,-1.67548654006453,-1.0028039309991141,-0.5787359118286177,1.7427397119690018,1.0959875190286648,-1.0959875190286648,-0.5784279906300535,1.731127539482183,-0.5765804684883443,-0.5767344287272242,1
0.5429077376866382,0.5795781950006521,0.6871298574603482,-1.2258476714090278,0.8077365626180215,0.646091668153197,0.9702425509371355,-0.5435544262038275,-1.43244469563043,0.24560236335836144,0.9972039090469852,-0.5787359118286177,-0.5738091541336192,1.0959875190286648,-1.0959875190286648,-0.5784279906300535,-0.5776581893550843,1.7343632929879855,-0.5767344287272242,0
-0.7400924504764532,-0.18325053060976135,-0.35020386455104724,-1.2258476714090278,0.8077365626180215,0.646091668153197,0.9702425509371355,-1.1797325842954642,-0.009816137054176019,-0.6308391179267365,-1.0028039309991141,-0.5787359118286177,1.7427397119690018,-0.9124191495230389,0.9124191495230393,-0.5784279906300535,-0.5776581893550843,-0.5765804684883443,1.733900301750437,0
-0.5848908148115631,-1.0414328469214764,-0.004425957213915414,1.7393761346889496,-0.9115834940401767,0.646091668153197,-1.0306701134001208,-1.4538790497866052,-0.721130416342303,0.9317055431522512,-1.0028039309991141,1.7279038324066063,-0.5738091541336192,-0.9124191495230389,0.9124191495230393,-0.5784279906300535,1.731127539482183,-0.5765804684883443,-0.5767344287272242,0
0.8533110090164185,-0.27860412131106305,-0.004425957213915414,-1.2258476714090278,0.8077365626180215,0.646091668153197,0.9702425509371355,0.15714961870605607,1.4128124215220779,-0.4139419836693133,0.9972039090469852,-0.5787359118286177,-0.5738091541336192,-0.9124191495230389,0.9124191495230393,-0.5784279906300535,-0.5776581893550843,-0.5765804684883443,1.733900301750437,0
-0.0882455806839148,-0.08789693990845966,-0.695981771888179,-1.2258476714090278,0.8077365626180215,-1.5477679860172513,-1.0306701134001208,1.241115413363555,-0.721130416342303,0.57758777293605,0.9972039090469852,-0.5787359118286177,-0.5738091541336192,-0.9124191495230389,0.9124191495230393,-0.5784279906300535,1.731127539482183,-0.5765804684883443,-0.5767344287272242,0
-0.3469149734587316,0.6749317857019538,-0.695981771888179,0.4813838413192529,-0.9115834940401767,-1.5477679860172513,0.9702425509371355,-0.23480141472511404,0.7014981422339509,0.38282299931713937,-1.0028039309991141,-0.5787359118286177,1.7427397119690018,1.0959875190286648,-1.0959875190286648,1.7288236672481017,-0.5776581893550843,-0.5765804684883443,-0.5767344287272242,0
-0.9263344132743214,-0.4693113027136664,-0.35020386455104724,0.1387290627137636,0.8077365626180215,0.646091668153197,0.9702425509371355,-1.2324083887606352,-1.43244469563043,1.1486026774096745,-1.0028039309991141,-0.5787359118286177,1.7427397119690018,-0.9124191495230389,0.9124191495230393,-0.5784279906300535,-0.5776581893550843,-0.5765804684883443,1.733900301750437,0
-1.8368506758416767,0.10281024149414371,1.03290776479748,1.2195084918769752,0.8077365626180215,0.646091668153197,-1.0306701134001208,-0.4697909805078242,0.7014981422339509,-1.3125158255929237,-1.0028039309991141,1.7279038324066063,-0.5738091541336192,-0.9124191495230389,0.9124191495230393,1.7288236672481017,-0.5776581893550843,-0.5765804684883443,-0.5767344287272242,0
1.308569140300096,-0.27860412131106305,0.6871298574603482,-1.2258476714090278,-0.9115834940401767,0.646091668153197,-1.0306701134001208,0.11097834386800286,-0.721130416342303,-0.3077066526044529,0.9972039090469852,-0.5787359118286177,-0.5738091541336192,-0.9124191495230389,0.9124191495230393,-0.5784279906300535,-0.5776581893550843,-0.5765804684883443,1.733900301750437,0
-0.3262214220367463,-0.5646648934149681,-0.695981771888179,0.38469918541799525,0.8077365626180215,-1.5477679860172513,0.9702425509371355,-1.1066968682815836,0.7014981422339509,-0.3741037345199906,-1.0028039309991141,1.7279038324066063,-0.5738091541336192,1.0959875190286648,-1.0959875190286648,-0.5784279906300535,-0.5776581893550843,1.7343632929879855,-0.5767344287272242,0
1.0188594203923014,-0.08789693990845966,1.378685672134612,0.8477127431875346,-0.9115834940401767,0.646091668153197,0.9702425509371355,-1.5048597744569532,0.7014981422339509,0.1172346716549885,-1.0028039309991141,-0.5787359118286177,1.7427397119690018,-0.9124191495230389,0.9124191495230393,1.7288236672481017,-0.5776581893550843,-0.5765804684883443,-0.5767344287272242,0
-0.15032623494987085,0.48422460429935044,-1.0417596792253108,-1.2258476714090278,0.8077365626180215,-1.5477679860172513,-1.0306701134001208,-0.2378090162978729,-1.43244469563043,0.25002883548606397,0.9972039090469852,-0.5787359118286177,-0.5738091541336192,-0.9124191495230389,0.9124191495230393,-0.5784279906300535,-0.5776581893550843,-0.5765804684883443,1.733900301750437,0
0.33597222346678485,-0.3739577120123647,0.3413519501232164,1.7797266249581454,0.8077365626180215,0.646091668153197,0.9702425509371355,-1.0800983049274924,-0.009816137054176019,-0.4227949279247183,0.9972039090469852,-0.5787359118286177,-0.5738091541336192,1.0959875190286648,-1.0959875190286648,-0.5784279906300535,-0.5776581893550843,-0.5765804684883443,1.733900301750437,0
0.2945851206228141,0.10281024149414371,-1.3875375865624426,-1.2258476714090278,-0.9115834940401767,0.646091668153197,0.9702425509371355,-1.446644008237242,1.4128124215220779,0.4713524418711897,0.9972039090469852,-0.5787359118286177,-0.5738091541336192,-0.9124191495230389,0.9124191495230393,-0.5784279906300535,-0.5776581893550843,1.7343632929879855,-0.5767344287272242,0
-1.4850603016679258,-0.7553720748175714,-1.7333154938995745,0.4881246830211328,-0.9115834940401767,-1.5477679860172513,0.9702425509371355,-0.9753339225530719,-0.721130416342303,0.9317055431522512,0.9972039090469852,-0.5787359118286177,-0.5738091541336192,1.0959875190286648,-1.0959875190286648,-0.5784279906300535,-0.5776581893550843,1.7343632929879855,-0.5767344287272242,0
-0.967721516118292,1.7238212834162723,-1.3875375865624426,0.6980966371294433,-0.9115834940401767,0.646091668153197,-1.0306701134001208,0.5613258152368591,-1.43244469563043,1.5381322246474958,-1.0028039309991141,1.7279038324066063,-0.5738091541336192,-0.9124191495230389,0.9124191495230393,-0.5784279906300535,1.731127539482183,-0.5765804684883443,-0.5767344287272242,1
0.9774723175483306,1.4377605113123673,1.03290776479748,-1.2258476714090278,-0.9115834940401767,0.646091668153197,-1.0306701134001208,1.2836916861829208,-1.43244469563043,-0.7060891440976792,-1.0028039309991141,-0.5787359118286177,1.7427397119690018,1.0959875190286648,-1.0959875190286648,-0.5784279906300535,1.731127539482183,-0.5765804684883443,-0.5767344287272242,1
-0.4710762819906437,2.391296418325384,-1.0417596792253108,0.8505556317514077,-0.9115834940401767,0.646091668153197,0.9702425509371355,-1.503947721366694,-1.43244469563043,-1.0026627766537477,0.9972039090469852,-0.5787359118286177,-0.5738091541336192,1.0959875190286648,-1.0959875190286648,-0.5784279906300535,-0.5776581893550843,-0.5765804684883443,1.733900301750437,0
-2.147253947171457,-0.9460792562201749,1.378685672134612,0.3612786110168584,0.8077365626180215,0.646091668153197,-1.0306701134001208,-1.5502266341194986,1.4128124215220779,-0.9583980553767226,-1.0028039309991141,1.7279038324066063,-0.5738091541336192,1.0959875190286648,-1.0959875190286648,-0.5784279906300535,-0.5776581893550843,1.7343632929879855,-0.5767344287272242,0
-0.812519880453402,-0.8507256655188732,0.3413519501232164,0.6604896673493884,-0.9115834940401767,0.646091668153197,-1.0306701134001208,0.013104005267716986,0.7014981422339509,0.6262789663407777,0.9972039090469852,-0.5787359118286177,-0.5738091541336192,-0.9124191495230389,0.9124191495230393,1.7288236672481017,-0.5776581893550843,-0.5765804684883443,-0.5767344287272242,0
-1.0091086189622627,-0.08789693990845966,-1.3875375865624426,1.6768240919160589,0.8077365626180215,0.646091668153197,-1.0306701134001208,1.468576759043961,0.7014981422339509,-1.356780546869949,-1.0028039309991141,-0.5787359118286177,1.7427397119690018,-0.9124191495230389,0.9124191495230393,-0.5784279906300535,-0.5776581893550843,1.7343632929879855,-0.5767344287272242,0
0.4601335319986969,-0.3739577120123647,0.6871298574603482,-1.2258476714090278,0.8077365626180215,0.646091668153197,-1.0306701134001208,1.0485174492120592,1.4128124215220779,1.5204263361366857,-1.0028039309991141,-0.5787359118286177,1.7427397119690018,-0.9124191495230389,0.9124191495230393,-0.5784279906300535,-0.5776581893550843,1.7343632929879855,-0.5767344287272242,0
0.6360287190855723,-1.518200800427985,-1.0417596792253108,-1.2258476714090278,0.8077365626180215,-1.5477679860172513,0.9702425509371355,-0.5789573884265551,1.4128124215220779,1.1353232610265669,0.9972039090469852,-0.5787359118286177,-0.5738091541336192,-0.9124191495230389,0.9124191495230393,-0.5784279906300535,-0.5776581893550843,1.7343632929879855,-0.5767344287272242,0
0.10834315782494601,-1.23214002832408,1.03290776479748,-1.2258476714090278,0.8077365626180215,-1.5477679860172513,-1.0306701134001208,1.6830053964290879,0.7014981422339509,-0.26344193132742777,0.9972039090469852,-0.5787359118286177,-0.5738091541336192,-0.9124191495230389,0.9124191495230393,-0.5784279906300535,1.731127539482183,-0.5765804684883443,-0.5767344287272242,0
-0.8021731047424093,-1.1367864376227783,-0.35020386455104724,-1.2258476714090278,0.8077365626180215,0.646091668153197,0.9702425509371355,0.9991608572134023,-1.43244469563043,0.9981026250677889,0.9972039090469852,-0.5787359118286177,-0.5738091541336192,1.0959875190286648,-1.0959875190286648,-0.5784279906300535,-0.5776581893550843,1.7343632929879855,-0.5767344287272242,0
0.25319801777884343,-0.3739577120123647,1.03290776479748,1.268308313649093,-0.9115834940401767,-1.5477679860172513,0.9702425509371355,-1.1287709875259608,-1.43244469563043,1.6399410835846535,-1.0028039309991141,-0.5787359118286177,1.7427397119690018,1.0959875190286648,-1.0959875190286648,-0.5784279906300535,-0.5776581893550843,1.7343632929879855,-0.5767344287272242,0
1.308569140300096,-0.6600184841162697,-1.0417596792253108,-1.2258476714090278,-0.9115834940401767,0.646091668153197,-1.0306701134001208,0.6324023125342576,1.4128124215220779,1.3743527559225026,0.9972039090469852,-0.5787359118286177,-0.5738091541336192,1.0959875190286648,-1.0959875190286648,-0.5784279906300535,-0.5776581893550843,-0.5765804684883443,1.733900301750437,1
-0.4503827305686584,-0.6600184841162697,0.6871298574603482,-1.2258476714090278,2.52705661927622,-1.5477679860172513,0.9702425509371355,-1.5548482827435035,0.7014981422339509,0.4182347763387595,-1.0028039309991141,-0.5787359118286177,1.7427397119690018,1.0959875190286648,-1.0959875190286648,1.7288236672481017,-0.5776581893550843,-0.5765804684883443,-0.5767344287272242,0
-1.2677780117370796,-1.1367864376227783,0.6871298574603482,1.5985627578834334,0.8077365626180215,-1.5477679860172513,0.9702425509371355,0.6849751741148842,-1.43244469563043,1.188440926558997,0.9972039090469852,-0.5787359118286177,-0.5738091541336192,1.0959875190286648,-1.0959875190286648,-0.5784279906300535,1.731127539482183,-0.5765804684883443,-0.5767344287272242,0
1.0809400746582574,0.38887101359804876,1.378685672134612,-1.2258476714090278,0.8077365626180215,0.646091668153197,-1.0306701134001208,-1.4263075718395684,-0.009816137054176019,0.36954358293403183,0.9972039090469852,-0.5787359118286177,-0.5738091541336192,1.0959875190286648,-1.0959875190286648,1.7288236672481017,-0.5776581893550843,-0.5765804684883443,-0.5767344287272242,0
-0.6573182447885119,0.2935174228967471,-1.3875375865624426,-1.2258476714090278,-0.9115834940401767,-1.5477679860172513,-1.0306701134001208,0.3984979942894516,1.4128124215220779,0.5333230516590249,0.9972039090469852,-0.5787359118286177,-0.5738091541336192,-0.9124191495230389,0.9124191495230393,-0.5784279906300535,-0.5776581893550843,1.7343632929879855,-0.5767344287272242,0
-0.22275366492681956,0.0074566507928420294,1.7244635794717436,-1.2258476714090278,0.8077365626180215,0.646091668153197,0.9702425509371355,-0.9897080183675612,-0.009816137054176019,0.55988188442524,0.9972039090469852,-0.5787359118286177,-0.5738091541336192,1.0959875190286648,-1.0959875190286648,1.7288236672481017,-0.5776581893550843,-0.5765804684883443,-0.5767344287272242,1
-0.5641972633895778,-0.5646648934149681,-1.0417596792253108,1.0091594198979472,-0.9115834940401767,-1.5477679860172513,-1.0306701134001208,-0.6424908849709968,0.7014981422339509,0.14821997654890612,0.9972039090469852,-0.5787359118286177,-0.5738091541336192,-0.9124191495230389,0.9124191495230393,-0.5784279906300535,-0.5776581893550843,1.7343632929879855,-0.5767344287272242,0
0.07730283069196799,0.0074566507928420294,-0.35020386455104724,-1.2258476714090278,-0.9115834940401767,0.646091668153197,0.9702425509371355,0.8249310684626986,-0.009816137054176019,0.6129995499576701,0.9972039090469852,-0.5787359118286177,-0.5738091541336192,1.0959875190286648,-1.0959875190286648,-0.5784279906300535,1.731127539482183,-0.5765804684883443,-0.5767344287272242,0
2.063883767202561,0.10281024149414371,-0.35020386455104724,1.435969020994216,0.8077365626180215,-1.5477679860172513,0.9702425509371355,-0.9682903339021599,-1.43244469563043,-0.19261837728418754,-1.0028039309991141,1.7279038324066063,-0.5738091541336192,-0.9124191495230389,0.9124191495230393,-0.5784279906300535,-0.5776581893550843,-0.5765804684883443,1.733900301750437,0
0.8015771304614552,0.38887101359804876,0.6871298574603482,-1.2258476714090278,0.8077365626180215,0.646091668153197,-1.0306701134001208,-1.0444971080960146,0.7014981422339509,1.462882198476553,0.9972039090469852,-0.5787359118286177,-0.5738091541336192,-0.9124191495230389,0.9124191495230393,1.7288236672481017,-0.5776581893550843,-0.5765804684883443,-0.5767344287272242,0
1.1740610560571914,-1.4228472097266833,0.6871298574603482,0.47677652834452827,-0.9115834940401767,-1.5477679860172513,-1.0306701134001208,0.2710274024927528,-0.721130416342303,-0.7857656423963245,0.9972039090469852,-0.5787359118286177,-0.5738091541336192,1.0959875190286648,-1.0959875190286648,-0.5784279906300535,-0.5776581893550843,-0.5765804684883443,1.733900301750437,0
-0.10893913210590014,-0.9460792562201749,-0.695981771888179,-1.2258476714090278,0.8077365626180215,0.646091668153197,-1.0306701134001208,-1.6927592306010515,-1.43244469563043,1.5469851689029008,0.9972039090469852,-0.5787359118286177,-0.5738091541336192,1.0959875190286648,-1.0959875190286648,-0.5784279906300535,-0.5776581893550843,-0.5765804684883443,1.733900301750437,0
1.2982223645891036,0.0074566507928420294,1.03290776479748,0.7809314669371665,0.8077365626180215,0.646091668153197,-1.0306701134001208,0.7721730140238975,-0.009816137054176019,-0.5777214523943063,0.9972039090469852,-0.5787359118286177,-0.5738091541336192,-0.9124191495230389,0.9124191495230393,-0.5784279906300535,-0.5776581893550843,-0.5765804684883443,1.733900301750437,0
-0.2434472163488049,-0.8507256655188732,0.3413519501232164,-1.2258476714090278,-0.9115834940401767,0.646091668153197,0.9702425509371355,0.2315907137619719,0.7014981422339509,-1.2682511043158986,-1.0028039309991141,-0.5787359118286177,1.7427397119690018,1.0959875190286648,-1.0959875190286648,1.7288236672481017,-0.5776581893550843,-0.5765804684883443,-0.5767344287272242,0
-0.1606730106608635,-0.5646648934149681,-1.3875375865624426,-1.2258476714090278,2.52705661927622,-1.5477679860172513,-1.0306701134001208,1.3559436799322069,1.4128124215220779,1.2858233133684525,0.9972039090469852,-0.5787359118286177,-0.5738091541336192,-0.9124191495230389,0.9124191495230393,1.7288236672481017,-0.5776581893550843,-0.5765804684883443,-0.5767344287272242,1
0.25319801777884343,0.9609925578058589,-1.7333154938995745,-1.2258476714090278,-0.9115834940401767,0.646091668153197,0.9702425509371355,-0.3407119061401249,0.7014981422339509,-0.7016626719699768,0.9972039090469852,-0.5787359118286177,-0.5738091541336192,1.0959875190286648,-1.0959875190286648,-0.5784279906300535,-0.5776581893550843,-0.5765804684883443,1.733900301750437,1
-0.3779553005917097,2.5820035997279875,-1.0417596792253108,-1.2258476714090278,0.8077365626180215,-1.5477679860172513,0.9702425509371355,1.390988950409146,1.4128124215220779,0.7590731301718532,-1.0028039309991141,-0.5787359118286177,1.7427397119690018,-0.9124191495230389,0.9124191495230393,-0.5784279906300535,-0.5776581893550843,-0.5765804684883443,1.733900301750437,0
1.0705932989472646,1.7238212834162723,-1.0417596792253108,0.3950518963653058,0.8077365626180215,0.646091668153197,0.9702425509371355,-0.5066429681645133,1.4128124215220779,1.290249785496155,-1.0028039309991141,1.7279038324066063,-0.5738091541336192,-0.9124191495230389,0.9124191495230393,-0.5784279906300535,1.731127539482183,-0.5765804684883443,-0.5767344287272242,0
-0.13997945923887817,-0.5646648934149681,-1.7333154938995745,0.8938334734479991,0.8077365626180215,-1.5477679860172513,0.9702425509371355,-0.44345133937516196,-1.43244469563043,-1.4276041009131892,0.9972039090469852,-0.5787359118286177,-0.5738091541336192,-0.9124191495230389,0.9124191495230393,-0.5784279906300535,1.731127539482183,-0.5765804684883443,-0.5767344287272242,0
-0.1606730106608635,0.1981638321954454,-0.35020386455104724,0.4336773889113667,0.8077365626180215,0.646091668153197,-1.0306701134001208,1.628589648547114,-0.721130416342303,-0.7415009211192993,0.9972039090469852,-0.5787359118286177,-0.5738091541336192,-0.9124191495230389,0.9124191495230393,-0.5784279906300535,1.731127539482183,-0.5765804684883443,-0.5767344287272242,0
0.7084561490625211,0.48422460429935044,-0.35020386455104724,-1.2258476714090278,-0.9115834940401767,-1.5477679860172513,-1.0306701134001208,-0.2628754347943337,1.4128124215220779,-0.10851540685783975,-1.0028039309991141,-0.5787359118286177,1.7427397119690018,-0.9124191495230389,0.9124191495230393,1.7288236672481017,-0.5776581893550843,-0.5765804684883443,-0.5767344287272242,1
0.8636577847274112,0.38887101359804876,0.6871298574603482,0.5019655339337233,-0.9115834940401767,-1.5477679860172513,-1.0306701134001208,1.4331221514889536,-0.721130416342303,-1.2372657994219811,0.9972039090469852,-0.5787359118286177,-0.5738091541336192,-0.9124191495230389,0.9124191495230393,1.7288236672481017,-0.5776581893550843,-0.5765804684883443,-0.5767344287272242,0
-0.0882455806839148,-0.4693113027136664,1.03290776479748,-1.2258476714090278,-0.9115834940401767,0.646091668153197,-1.0306701134001208,-0.4869813988866289,-0.009816137054176019,-1.254971687932791,-1.0028039309991141,-0.5787359118286177,1.7427397119690018,-0.9124191495230389,0.9124191495230393,-0.5784279906300535,1.731127539482183,-0.5765804684883443,-0.5767344287272242,0
0.13938348495792402,-0.6600184841162697,1.7244635794717436,0.4924143386988905,-0.9115834940401767,0.646091668153197,0.9702425509371355,0.21301456591199927,-0.721130416342303,0.5864407171914551,0.9972039090469852,-0.5787359118286177,-0.5738091541336192,-0.9124191495230389,0.9124191495230393,1.7288236672481017,-0.5776581893550843,-0.5765804684883443,-0.5767344287272242,0
0.2635447934898361,0.38887101359804876,-1.0417596792253108,-1.2258476714090278,-0.9115834940401767,0.646091668153197,0.9702425509371355,-0.7819957086389004,-1.43244469563043,0.32085238952930417,0.9972039090469852,-0.5787359118286177,-0.5738091541336192,1.0959875190286648,-1.0959875190286648,-0.5784279906300535,-0.5776581893550843,1.7343632929879855,-0.5767344287272242,0
-1.1125763760721894,0.2935174228967471,0.6871298574603482,-1.2258476714090278,-0.9115834940401767,0.646091668153197,0.9702425509371355,-0.7553741918037961,1.4128124215220779,0.4846318582542972,0.9972039090469852,-0.5787359118286177,-0.5738091541336192,-0.9124191495230389,0.9124191495230393,-0.5784279906300535,-0.5776581893550843,-0.5765804684883443,1.733900301750437,0
1.8052143744277445,-0.3739577120123647,0.3413519501232164,0.6707515045896454,-0.9115834940401767,0.646091668153197,-1.0306701134001208,-1.282402461527431,-0.009816137054176019,1.2238527035806173,-1.0028039309991141,1.7279038324066063,-0.5738091541336192,1.0959875190286648,-1.0959875190286648,-0.5784279906300535,-0.5776581893550843,1.7343632929879855,-0.5767344287272242,1
-1.381592544557999,1.9145284648188758,1.03290776479748,1.2441059368793366,0.8077365626180215,0.646091668153197,-1.0306701134001208,0.019994570711874392,-1.43244469563043,1.1751615101758894,-1.0028039309991141,1.7279038324066063,-0.5738091541336192,1.0959875190286648,-1.0959875190286648,1.7288236672481017,-0.5776581893550843,-0.5765804684883443,-0.5767344287272242,1
0.04626250355898996,-1.23214002832408,0.6871298574603482,0.47620724543896514,-0.9115834940401767,-1.5477679860172513,0.9702425509371355,-1.1836661501590966,-0.009816137054176019,1.5691175295414133,0.9972039090469852,-0.5787359118286177,-0.5738091541336192,1.0959875190286648,-1.0959875190286648,1.7288236672481017,-0.5776581893550843,-0.5765804684883443,-0.5767344287272242,0
-0.0882455806839148,0.10281024149414371,0.6871298574603482,-1.2258476714090278,0.8077365626180215,0.646091668153197,-1.0306701134001208,1.4584694023478104,-1.43244469563043,1.2194262314529147,0.9972039090469852,-0.5787359118286177,-0.5738091541336192,1.0959875190286648,-1.0959875190286648,-0.5784279906300535,-0.5776581893550843,1.7343632929879855,-0.5767344287272242,0
-1.0504957218062334,0.6749317857019538,0.6871298574603482,-1.2258476714090278,-0.9115834940401767,0.646091668153197,0.9702425509371355,0.15593273643234157,-0.721130416342303,1.4761616148596606,0.9972039090469852,-0.5787359118286177,-0.5738091541336192,1.0959875190286648,-1.0959875190286648,1.7288236672481017,-0.5776581893550843,-0.5765804684883443,-0.5767344287272242,0
0.6360287190855723,-0.7553720748175714,0.6871298574603482,-1.2258476714090278,0.8077365626180215,0.646091668153197,-1.0306701134001208,1.2214580174458551,0.7014981422339509,0.6528377991069928,0.9972039090469852,-0.5787359118286177,-0.5738091541336192,1.0959875190286648,-1.0959875190286648,-0.5784279906300535,-0.5776581893550843,-0.5765804684883443,1.733900301750437,0
0.4187464291547262,0.1981638321954454,1.03290776479748,0.5235747244951438,2.52705661927622,0.646091668153197,0.9702425509371355,0.8478619437748941,-1.43244469563043,0.5731613008083475,-1.0028039309991141,1.7279038324066063,-0.5738091541336192,1.0959875190286648,-1.0959875190286648,1.7288236672481017,-0.5776581893550843,-0.5765804684883443,-0.5767344287272242,1
-0.6780117962104972,-1.0414328469214764,0.3413519501232164,0.469754731424897,-0.9115834940401767,0.646091668153197,0.9702425509371355,-1.0237104704684685,-0.721130416342303,-0.7105156162253817,0.9972039090469852,-0.5787359118286177,-0.5738091541336192,1.0959875190286648,-1.0959875190286648,-0.5784279906300535,-0.5776581893550843,1.7343632929879855,-0.5767344287272242,0
2.063883767202561,-0.27860412131106305,0.3413519501232164,-1.2258476714090278,0.8077365626180215,-1.5477679860172513,0.9702425509371355,-1.022459157973234,-0.721130416342303,-1.6489277072983148,-1.0028039309991141,-0.5787359118286177,1.7427397119690018,-0.9124191495230389,0.9124191495230393,-0.5784279906300535,-0.5776581893550843,-0.5765804684883443,1.733900301750437,0
-0.4503827305686584,0.0074566507928420294,-1.0417596792253108,0.12794089521960206,0.8077365626180215,0.646091668153197,0.9702425509371355,0.38003974386468303,1.4128124215220779,-1.219559910911171,-1.0028039309991141,1.7279038324066063,-0.5738091541336192,-0.9124191495230389,0.9124191495230393,-0.5784279906300535,-0.5776581893550843,-0.5765804684883443,1.733900301750437,0
-0.6469714690775192,-0.27860412131106305,-1.0417596792253108,-1.2258476714090278,0.8077365626180215,0.646091668153197,-1.0306701134001208,-0.1313606830891209,-0.009816137054176019,-1.1664422453787409,0.9972039090469852,-0.5787359118286177,-0.5738091541336192,1.0959875190286648,-1.0959875190286648,1.7288236672481017,-0.5776581893550843,-0.5765804684883443,-0.5767344287272242,1
-1.2884715631590649,2.105235646221479,0.3413519501232164,0.9193051972369166,0.8077365626180215,0.646091668153197,0.9702425509371355,-0.9548202922375766,-1.43244469563043,-0.0642506855808146,-1.0028039309991141,1.7279038324066063,-0.5738091541336192,-0.9124191495230389,0.9124191495230393,-0.5784279906300535,1.731127539482183,-0.5765804684883443,-0.5767344287272242,0
-1.4229796474019698,0.10281024149414371,-0.695981771888179,1.03404615421465,-0.9115834940401767,0.646091668153197,-1.0306701134001208,0.0858707134397233,-0.009816137054176019,1.31680861826237,0.9972039090469852,-0.5787359118286177,-0.5738091541336192,-0.9124191495230389,0.9124191495230393,-0.5784279906300535,-0.5776581893550843,-0.5765804684883443,1.733900301750437,0
-1.6195683859108305,2.868064371831893,1.378685672134612,0.2698149460873416,-0.9115834940401767,0.646091668153197,0.9702425509371355,-1.3146223671596546,-0.721130416342303,-1.064633386441583,0.9972039090469852,-0.5787359118286177,-0.5738091541336192,-0.9124191495230389,0.9124191495230393,-0.5784279906300535,-0.5776581893550843,-0.5765804684883443,1.733900301750437,0
-0.5745440391005705,-1.80426157253189,-0.35020386455104724,0.31003705921482655,-0.9115834940401767,0.646091668153197,-1.0306701134001208,1.3502340015301755,1.4128124215220779,-1.5781041532550746,0.9972039090469852,-0.5787359118286177,-0.5738091541336192,-0.9124191495230389,0.9124191495230393,-0.5784279906300535,1.731127539482183,-0.5765804684883443,-0.5767344287272242,0
-0.5641972633895778,-0.4693113027136664,-0.35020386455104724,0.36790742322803216,0.8077365626180215,-1.5477679860172513,0.9702425509371355,-1.656962581400946,-1.43244469563043,1.179587982303592,-1.0028039309991141,1.7279038324066063,-0.5738091541336192,-0.9124191495230389,0.9124191495230393,-0.5784279906300535,1.731127539482183,-0.5765804684883443,-0.5767344287272242,0
0.004875400715019266,-1.4228472097266833,0.6871298574603482,-0.5811620269438476,-0.9115834940401767,0.646091668153197,0.9702425509371355,1.3607082661425212,0.7014981422339509,1.042367346344814,-1.0028039309991141,1.7279038324066063,-0.5738091541336192,1.0959875190286648,-1.0959875190286648,-0.5784279906300535,-0.5776581893550843,1.7343632929879855,-0.5767344287272242,0
-1.4540199745349478,-1.23214002832408,0.3413519501232164,0.957270212628184,-0.9115834940401767,-1.5477679860172513,-1.0306701134001208,1.037290240866477,-0.721130416342303,1.0910585397495418,0.9972039090469852,-0.5787359118286177,-0.5738091541336192,1.0959875190286648,-1.0959875190286648,-0.5784279906300535,-0.5776581893550843,1.7343632929879855,-0.5767344287272242,0
-0.8332134318753873,-0.9460792562201749,-1.7333154938995745,-1.2258476714090278,-0.9115834940401767,0.646091668153197,-1.0306701134001208,-1.0954689643759712,-1.43244469563043,-0.9495451111213176,0.9972039090469852,-0.5787359118286177,-0.5738091541336192,1.0959875190286648,-1.0959875190286648,-0.5784279906300535,-0.5776581893550843,-0.5765804684883443,1.733900301750437,0
-2.209334601437413,-1.0414328469214764,-1.0417596792253108,0.5236915621184982,-0.9115834940401767,0.646091668153197,-1.0306701134001208,0.9198291056916076,-1.43244469563043,0.9051467103860361,-1.0028039309991141,-0.5787359118286177,1.7427397119690018,-0.9124191495230389,0.9124191495230393,-0.5784279906300535,1.731127539482183,-0.5765804684883443,-0.5767344287272242,0
2.0535369914915687,0.9609925578058589,1.378685672134612,0.9047142776311857,-0.9115834940401767,0.646091668153197,-1.0306701134001208,1.2340349600310156,0.7014981422339509,-1.4231776287854867,-1.0028039309991141,1.7279038324066063,-0.5738091541336192,1.0959875190286648,-1.0959875190286648,-0.5784279906300535,1.731127539482183,-0.5765804684883443,-0.5767344287272242,1
0.3049318963338068,-0.4693113027136664,0.3413519501232164,1.1208771833374944,-0.9115834940401767,0.646091668153197,-1.0306701134001208,-0.5729201012500623,-0.009816137054176019,1.1663085659204846,-1.0028039309991141,1.7279038324066063,-0.5738091541336192,-0.9124191495230389,0.9124191495230393,-0.5784279906300535,1.731127539482183,-0.5765804684883443,-0.5767344287272242,1
0.5739480648196164,-0.9460792562201749,0.3413519501232164,1.747891978693507,-0.9115834940401767,0.646091668153197,-1.0306701134001208,1.2337042212364167,-0.721130416342303,-0.2678684034551303,-1.0028039309991141,1.7279038324066063,-0.5738091541336192,1.0959875190286648,-1.0959875190286648,-0.5784279906300535,1.731127539482183,-0.5765804684883443,-0.5767344287272242,0
-2.333495909969325,-1.6135543911292867,0.6871298574603482,1.4931470139060612,0.8077365626180215,-1.5477679860172513,0.9702425509371355,0.6307818315527277,-0.721130416342303,0.0552640618671533,-1.0028039309991141,-0.5787359118286177,1.7427397119690018,1.0959875190286648,-1.0959875190286648,-0.5784279906300535,1.731127539482183,-0.5765804684883443,-0.5767344287272242,1
-0.026164926417958756,-1.0414328469214764,1.378685672134612,0.4134468502513129,-0.9115834940401767,0.646091668153197,0.9702425509371355,1.005099374865535,-1.43244469563043,-0.5954273409051164,-1.0028039309991141,-0.5787359118286177,1.7427397119690018,1.0959875190286648,-1.0959875190286648,1.7288236672481017,-0.5776581893550843,-0.5765804684883443,-0.5767344287272242,0
0.6567222705075577,1.4377605113123673,0.6871298574603482,0.7953835917804489,-0.9115834940401767,0.646091668153197,-1.0306701134001208,0.22061668926756586,-0.009816137054176019,0.4093818320833545,0.9972039090469852,-0.5787359118286177,-0.5738091541336192,-0.9124191495230389,0.9124191495230393,-0.5784279906300535,1.731127539482183,-0.5765804684883443,-0.5767344287272242,0
0.7291497004845064,0.6749317857019538,-1.3875375865624426,0.6295196836060096,0.8077365626180215,-1.5477679860172513,-1.0306701134001208,0.049742108214964824,-0.009816137054176019,0.8741614054921185,0.9972039090469852,-0.5787359118286177,-0.5738091541336192,-0.9124191495230389,0.9124191495230393,1.7288236672481017,-0.5776581893550843,-0.5765804684883443,-0.5767344287272242,0
-0.9573747404072994,-1.3274936190253817,1.7244635794717436,0.5589808516909663,0.8077365626180215,0.646091668153197,-1.0306701134001208,1.6897606754472738,0.7014981422339509,1.0202349857063016,-1.0028039309991141,1.7279038324066063,-0.5738091541336192,-0.9124191495230389,0.9124191495230393,-0.5784279906300535,-0.5776581893550843,1.7343632929879855,-0.5767344287272242,0
-1.6816490401767865,0.38887101359804876,1.7244635794717436,0.5812269595572028,-0.9115834940401767,0.646091668153197,0.9702425509371355,-1.247804088370219,-0.721130416342303,-0.5246037868618761,0.9972039090469852,-0.5787359118286177,-0.5738091541336192,-0.9124191495230389,0.9124191495230393,-0.5784279906300535,-0.5776581893550843,1.7343632929879855,-0.5767344287272242,0
2.063883767202561,-0.08789693990845966,-0.695981771888179,-0.3459432093834735,-0.9115834940401767,0.646091668153197,0.9702425509371355,0.6953045883508363,-0.721130416342303,1.4141910050718254,-1.0028039309991141,1.7279038324066063,-0.5738091541336192,-0.9124191495230389,0.9124191495230393,-0.5784279906300535,1.731127539482183,-0.5765804684883443,-0.5767344287272242,0
-0.46072950627965104,-0.27860412131106305,-0.004425957213915414,1.8269876840117074,0.8077365626180215,-1.5477679860172513,-1.0306701134001208,1.3782808947581977,1.4128124215220779,1.427470421454933,-1.0028039309991141,1.7279038324066063,-0.5738091541336192,-0.9124191495230389,0.9124191495230393,-0.5784279906300535,-0.5776581893550843,1.7343632929879855,-0.5767344287272242,0
0.7808835790394698,-1.4228472097266833,0.3413519501232164,-1.2258476714090278,0.8077365626180215,0.646091668153197,0.9702425509371355,-0.7888730584424746,0.7014981422339509,-0.5732949802666037,0.9972039090469852,-0.5787359118286177,-0.5738091541336192,1.0959875190286648,-1.0959875190286648,-0.5784279906300535,1.731127539482183,-0.5765804684883443,-0.5767344287272242,0
-2.281762031414362,-0.7553720748175714,-0.004425957213915414,-1.2258476714090278,-0.9115834940401767,0.646091668153197,-1.0306701134001208,-0.07712160745494556,-1.43244469563043,-0.32541254111526297,0.9972039090469852,-0.5787359118286177,-0.5738091541336192,-0.9124191495230389,0.9124191495230393,-0.5784279906300535,1.731127539482183,-0.5765804684883443,-0.5767344287272242,0
0.5325609619756456,-1.23214002832408,-1.0417596792253108,-0.08341467919381144,-0.9115834940401767,0.646091668153197,0.9702425509371355,0.15053449503405691,1.4128124215220779,-1.3744864353807589,0.9972039090469852,-0.5787359118286177,-0.5738091541336192,-0.9124191495230389,0.9124191495230393,-0.5784279906300535,-0.5776581893550843,1.7343632929879855,-0.5767344287272242,1
-0.27448754348178295,-0.08789693990845966,0.6871298574603482,0.7600160899169013,-0.9115834940401767,0.646091668153197,-1.0306701134001208,0.6087287529992793,0.7014981422339509,0.852029044853606,-1.0028039309991141,-0.5787359118286177,1.7427397119690018,-0.9124191495230389,0.9124191495230393,-0.5784279906300535,1.731127539482183,-0.5765804684883443,-0.5767344287272242,0
0.2945851206228141,-0.27860412131106305,-0.695981771888179,-1.2258476714090278,0.8077365626180215,0.646091668153197,0.9702425509371355,-1.7014585999050515,1.4128124215220779,0.7369407695333405,0.9972039090469852,-0.5787359118286177,-0.5738091541336192,1.0959875190286648,-1.0959875190286648,-0.5784279906300535,-0.5776581893550843,-0.5765804684883443,1.733900301750437,0
-1.0815360489392114,0.2935174228967471,0.6871298574603482,1.0030505270971468,-0.9115834940401767,0.646091668153197,0.9702425509371355,-0.22858258638060772,-0.009816137054176019,-0.6883832555868692,-1.0028039309991141,-0.5787359118286177,1.7427397119690018,-0.9124191495230389,0.9124191495230393,1.7288236672481017,-0.5776581893550843,-0.5765804684883443,-0.5767344287272242,0
0.5739480648196164,-0.4693113027136664,1.03290776479748,-1.2258476714090278,0.8077365626180215,0.646091668153197,0.9702425509371355,-1.0887300310185068,-1.43244469563043,0.8476025727259034,0.9972039090469852,-0.5787359118286177,-0.5738091541336192,-0.9124191495230389,0.9124191495230393,1.7288236672481017,-0.5776581893550843,-0.5765804684883443,-0.5767344287272242,0
0.08764960640296066,-1.80426157253189,1.03290776479748,-1.2258476714090278,0.8077365626180215,-1.5477679860172513,-1.0306701134001208,0.21704568406993757,1.4128124215220779,1.0025290971954914,0.9972039090469852,-0.5787359118286177,-0.5738091541336192,-0.9124191495230389,0.9124191495230393,-0.5784279906300535,1.731127539482183,-0.5765804684883443,-0.5767344287272242,0
0.49117385913167494,0.6749317857019538,-1.7333154938995745,-1.2258476714090278,0.8077365626180215,0.646091668153197,0.9702425509371355,0.44988440434770693,-0.721130416342303,0.028705229100938208,0.9972039090469852,-0.5787359118286177,-0.5738091541336192,1.0959875190286648,-1.0959875190286648,1.7288236672481017,-0.5776581893550843,-0.5765804684883443,-0.5767344287272242,0
-1.8161571244196912,0.5795781950006521,-1.7333154938995745,0.9260167093296419,-0.9115834940401767,0.646091668153197,-1.0306701134001208,-1.2566552636509198,-1.43244469563043,1.197293870814402,0.9972039090469852,-0.5787359118286177,-0.5738091541336192,1.0959875190286648,-1.0959875190286648,1.7288236672481017,-0.5776581893550843,-0.5765804684883443,-0.5767344287272242,1
0.584294840530609,1.247053329909764,0.6871298574603482,-1.2258476714090278,-0.9115834940401767,0.646091668153197,-1.0306701134001208,0.1669097170568783,-1.43244469563043,-0.32541254111526297,-1.0028039309991141,-0.5787359118286177,1.7427397119690018,1.0959875190286648,-1.0959875190286648,-0.5784279906300535,-0.5776581893550843,-0.5765804684883443,1.733900301750437,1
0.5015206348426676,-0.27860412131106305,0.3413519501232164,1.132344900245954,-0.9115834940401767,0.646091668153197,0.9702425509371355,-1.1546703391591877,1.4128124215220779,-0.4537802328186359,-1.0028039309991141,1.7279038324066063,-0.5738091541336192,-0.9124191495230389,0.9124191495230393,-0.5784279906300535,-0.5776581893550843,1.7343632929879855,-0.5767344287272242,0
0.11868993353593868,0.1981638321954454,-0.35020386455104724,-1.2258476714090278,0.8077365626180215,0.646091668153197,-1.0306701134001208,0.4601345247401589,0.7014981422339509,-0.35197137388147803,0.9972039090469852,-0.5787359118286177,-0.5738091541336192,1.0959875190286648,-1.0959875190286648,-0.5784279906300535,-0.5776581893550843,-0.5765804684883443,1.733900301750437,0
0.18077058780189473,0.38887101359804876,1.7244635794717436,0.5857655162350561,-0.9115834940401767,0.646091668153197,0.9702425509371355,0.0058016682853833795,1.4128124215220779,-0.6042802851605215,-1.0028039309991141,-0.5787359118286177,1.7427397119690018,-0.9124191495230389,0.9124191495230393,-0.5784279906300535,-0.5776581893550843,1.7343632929879855,-0.5767344287272242,0
-1.5264474045118965,-0.18325053060976135,1.03290776479748,-1.2258476714090278,0.8077365626180215,0.646091668153197,0.9702425509371355,-0.03820224149699985,-1.43244469563043,-0.188191905156485,0.9972039090469852,-0.5787359118286177,-0.5738091541336192,1.0959875190286648,-1.0959875190286648,1.7288236672481017,-0.5776581893550843,-0.5765804684883443,-0.5767344287272242,0
-0.12963268352788548,-0.3739577120123647,-1.3875375865624426,-1.2258476714090278,0.8077365626180215,0.646091668153197,-1.0306701134001208,1.1351612755566174,-0.721130416342303,-0.6662508949483567,-1.0028039309991141,-0.5787359118286177,1.7427397119690018,-0.9124191495230389,0.9124191495230393,-0.5784279906300535,-0.5776581893550843,-0.5765804684883443,1.733900301750437,0
1.2051013831901694,-0.18325053060976135,0.6871298574603482,-1.2258476714090278,0.8077365626180215,0.646091668153197,0.9702425509371355,-1.3103653658817458,0.7014981422339509,-1.6489277072983148,-1.0028039309991141,-0.5787359118286177,1.7427397119690018,-0.9124191495230389,0.9124191495230393,-0.5784279906300535,1.731127539482183,-0.5765804684883443,-0.5767344287272242,0
-0.21240688921582687,-0.27860412131106305,-1.0417596792253108,0.5437772157147486,-0.9115834940401767,0.646091668153197,0.9702425509371355,-0.8886699249676233,-0.009816137054176019,1.2194262314529147,0.9972039090469852,-0.5787359118286177,-0.5738091541336192,1.0959875190286648,-1.0959875190286648,-0.5784279906300535,-0.5776581893550843,-0.5765804684883443,1.733900301750437,0
-2.085173292905501,-1.7089079818305883,0.6871298574603482,-1.2258476714090278,0.8077365626180215,-1.5477679860172513,-1.0306701134001208,1.3155419016588263,-0.009816137054176019,0.7944849071934733,0.9972039090469852,-0.5787359118286177,-0.5738091541336192,1.0959875190286648,-1.0959875190286648,-0.5784279906300535,1.731127539482183,-0.5765804684883443,-0.5767344287272242,0
-0.5848908148115631,0.9609925578058589,-1.0417596792253108,0.8034397783038256,0.8077365626180215,-1.5477679860172513,0.9702425509371355,0.4021119503189758,-0.009816137054176019,0.19248469782593125,-1.0028039309991141,-0.5787359118286177,1.7427397119690018,1.0959875190286648,-1.0959875190286648,1.7288236672481017,-0.5776581893550843,-0.5765804684883443,-0.5767344287272242,0
-0.99876184325127,0.38887101359804876,-0.004425957213915414,0.37537092726695703,-0.9115834940401767,-1.5477679860172513,-1.0306701134001208,-1.3060330702305134,-0.009816137054176019,-1.1088981077186082,-1.0028039309991141,1.7279038324066063,-0.5738091541336192,-0.9124191495230389,0.9124191495230393,-0.5784279906300535,1.731127539482183,-0.5765804684883443,-0.5767344287272242,0
-1.2677780117370796,-0.6600184841162697,-1.0417596792253108,0.3623178087532522,-0.9115834940401767,-1.5477679860172513,0.9702425509371355,0.19231782941842143,1.4128124215220779,1.1176173725157568,-1.0028039309991141,1.7279038324066063,-0.5738091541336192,-0.9124191495230389,0.9124191495230393,-0.5784279906300535,-0.5776581893550843,1.7343632929879855,-0.5767344287272242,0
0.12903670924693136,-0.18325053060976135,1.03290776479748,1.2632217901204175,-0.9115834940401767,0.646091668153197,-1.0306701134001208,0.3238943120763591,-1.43244469563043,-1.210706966655766,-1.0028039309991141,1.7279038324066063,-0.5738091541336192,1.0959875190286648,-1.0959875190286648,-0.5784279906300535,-0.5776581893550843,-0.5765804684883443,1.733900301750437,0
-1.919624881529618,1.1516997392084622,1.03290776479748,0.7378308850642105,-0.9115834940401767,-1.5477679860172513,-1.0306701134001208,1.4121157168917053,1.4128124215220779,0.9803967365569789,0.9972039090469852,-0.5787359118286177,-0.5738091541336192,1.0959875190286648,-1.0959875190286648,-0.5784279906300535,-0.5776581893550843,-0.5765804684883443,1.733900301750437,1
-1.0194553946732554,0.5795781950006521,1.378685672134612,-1.2258476714090278,0.8077365626180215,0.646091668153197,-1.0306701134001208,-1.2752689717425505,-0.721130416342303,0.5156171631482148,-1.0028039309991141,-0.5787359118286177,1.7427397119690018,-0.9124191495230389,0.9124191495230393,1.7288236672481017,-0.5776581893550843,-0.5765804684883443,-0.5767344287272242,0
1.2361417103231473,1.533114102013669,1.378685672134612,-0.21409780132254674,0.8077365626180215,0.646091668153197,-1.0306701134001208,1.4801698319656924,0.7014981422339509,1.600102834435331,-1.0028039309991141,-0.5787359118286177,1.7427397119690018,-0.9124191495230389,0.9124191495230393,-0.5784279906300535,-0.5776581893550843,-0.5765804684883443,1.733900301750437,1
2.063883767202561,0.0074566507928420294,0.3413519501232164,2.0759761921214768,0.8077365626180215,-1.5477679860172513,0.9702425509371355,-0.9966575325243208,1.4128124215220779,0.6262789663407777,-1.0028039309991141,-0.5787359118286177,1.7427397119690018,-0.9124191495230389,0.9124191495230393,-0.5784279906300535,-0.5776581893550843,1.7343632929879855,-0.5767344287272242,1
1.24648848603414,-1.1367864376227783,-1.0417596792253108,-1.2258476714090278,0.8077365626180215,0.646091668153197,0.9702425509371355,1.7291118102942782,-0.721130416342303,1.3787792280502051,0.9972039090469852,-0.5787359118286177,-0.5738091541336192,-0.9124191495230389,0.9124191495230393,-0.5784279906300535,-0.5776581893550843,1.7343632929879855,-0.5767344287272242,0
-0.18136656208284888,0.38887101359804876,-0.004425957213915414,-1.2258476714090278,0.8077365626180215,0.646091668153197,0.9702425509371355,-0.9014520577618413,1.4128124215220779,-1.5781041532550746,0.9972039090469852,-0.5787359118286177,-0.5738091541336192,-0.9124191495230389,0.9124191495230393,-0.5784279906300535,-0.5776581893550843,-0.5765804684883443,1.733900301750437,0
-0.7918263290314166,-1.0414328469214764,0.6871298574603482,-1.2258476714090278,0.8077365626180215,-1.5477679860172513,-1.0306701134001208,1.4879778410903468,-1.43244469563043,0.0862493667610709,-1.0028039309991141,-0.5787359118286177,1.7427397119690018,1.0959875190286648,-1.0959875190286648,-0.5784279906300535,-0.5776581893550843,1.7343632929879855,-0.5767344287272242,0
-1.3712457688470063,1.9145284648188758,-0.004425957213915414,0.9982686789072873,-0.9115834940401767,-1.5477679860172513,0.9702425509371355,0.4135410449634691,0.7014981422339509,1.600102834435331,0.9972039090469852,-0.5787359118286177,-0.5738091541336192,-0.9124191495230389,0.9124191495230393,-0.5784279906300535,-0.5776581893550843,1.7343632929879855,-0.5767344287272242,0
0.8740045604384039,-1.3274936190253817,-0.695981771888179,0.24413951774522294,-0.9115834940401767,-1.5477679860172513,-1.0306701134001208,-1.2464263578394044,-0.009816137054176019,1.325661562517775,0.9972039090469852,-0.5787359118286177,-0.5738091541336192,1.0959875190286648,-1.0959875190286648,-0.5784279906300535,-0.5776581893550843,1.7343632929879855,-0.5767344287272242,0
0.553254513397631,-0.27860412131106305,-0.695981771888179,0.6071793363398656,-0.9115834940401767,-1.5477679860172513,0.9702425509371355,-0.5787017701152719,-0.009816137054176019,-1.4984276549564295,0.9972039090469852,-0.5787359118286177,-0.5738091541336192,-0.9124191495230389,0.9124191495230393,-0.5784279906300535,-0.5776581893550843,1.7343632929879855,-0.5767344287272242,0
-0.30552787061476094,0.10281024149414371,0.3413519501232164,-1.2258476714090278,-0.9115834940401767,0.646091668153197,-1.0306701134001208,0.9575255032255697,1.4128124215220779,1.5602645852860084,0.9972039090469852,-0.5787359118286177,-0.5738091541336192,1.0959875190286648,-1.0959875190286648,-0.5784279906300535,-0.5776581893550843,1.7343632929879855,-0.5767344287272242,0
-0.7090521233434752,1.247053329909764,-1.0417596792253108,1.2015842541772404,-0.9115834940401767,-1.5477679860172513,0.9702425509371355,-1.0293702424382973,1.4128124215220779,1.2504115363468322,0.9972039090469852,-0.5787359118286177,-0.5738091541336192,-0.9124191495230389,0.9124191495230393,1.7288236672481017,-0.5776581893550843,-0.5765804684883443,-0.5767344287272242,0
-0.8849473104303507,-0.6600184841162697,-0.35020386455104724,0.22176871897230624,0.8077365626180215,-1.5477679860172513,0.9702425509371355,0.3243071269545811,-1.43244469563043,-0.8433097800564572,-1.0028039309991141,1.7279038324066063,-0.5738091541336192,1.0959875190286648,-1.0959875190286648,1.7288236672481017,-0.5776581893550843,-0.5765804684883443,-0.5767344287272242,0
-0.3572617491697243,0.10281024149414371,1.378685672134612,-1.2258476714090278,0.8077365626180215,-1.5477679860172513,-1.0306701134001208,-0.1108147092321979,-1.43244469563043,0.6439848548515877,0.9972039090469852,-0.5787359118286177,-0.5738091541336192,-0.9124191495230389,0.9124191495230393,-0.5784279906300535,-0.5776581893550843,-0.5765804684883443,1.733900301750437,0
1.1016336260802426,1.1516997392084622,-1.3875375865624426,-1.2258476714090278,-0.9115834940401767,0.646091668153197,0.9702425509371355,-1.3433891650194543,-0.721130416342303,0.5908671893191576,0.9972039090469852,-0.5787359118286177,-0.5738091541336192,1.0959875190286648,-1.0959875190286648,-0.5784279906300535,-0.5776581893550843,-0.5765804684883443,1.733900301750437,1
-0.7090521233434752,-0.6600184841162697,-0.35020386455104724,-1.2258476714090278,0.8077365626180215,0.646091668153197,-1.0306701134001208,-0.7028882752270073,0.7014981422339509,0.5333230516590249,0.9972039090469852,-0.5787359118286177,-0.5738091541336192,1.0959875190286648,-1.0959875190286648,-0.5784279906300535,-0.5776581893550843,-0.5765804684883443,1.733900301750437,0
0.25319801777884343,2.105235646221479,-0.004425957213915414,-0.23128270849205573,2.52705661927622,0.646091668153197,-1.0306701134001208,1.151411296773912,0.7014981422339509,0.4846318582542972,0.9972039090469852,-0.5787359118286177,-0.5738091541336192,1.0959875190286648,-1.0959875190286648,-0.5784279906300535,-0.5776581893550843,1.7343632929879855,-0.5767344287272242,1
0.5015206348426676,-0.7553720748175714,1.03290776479748,0.7924062357735104,0.8077365626180215,0.646091668153197,-1.0306701134001208,0.8272161570535651,-0.721130416342303,-1.6223688745320999,-1.0028039309991141,-0.5787359118286177,1.7427397119690018,-0.9124191495230389,0.9124191495230393,-0.5784279906300535,-0.5776581893550843,1.7343632929879855,-0.5767344287272242,0
-0.99876184325127,0.48422460429935044,0.6871298574603482,0.14133314735610297,-0.9115834940401767,0.646091668153197,0.9702425509371355,-0.7305766072592021,0.7014981422339509,1.2769703691130474,0.9972039090469852,-0.5787359118286177,-0.5738091541336192,-0.9124191495230389,0.9124191495230393,-0.5784279906300535,1.731127539482183,-0.5765804684883443,-0.5767344287272242,0
2.012149888647598,-0.5646648934149681,1.03290776479748,1.408777107614812,-0.9115834940401767,0.646091668153197,-1.0306701134001208,0.8794440208589632,1.4128124215220779,-0.08195657409162466,0.9972039090469852,-0.5787359118286177,-0.5738091541336192,-0.9124191495230389,0.9124191495230393,-0.5784279906300535,1.731127539482183,-0.5765804684883443,-0.5767344287272242,0
0.4187464291547262,-0.08789693990845966,1.378685672134612,1.402048286244553,0.8077365626180215,-1.5477679860172513,0.9702425509371355,0.0594881214751651,-0.009816137054176019,0.860881989109011,-1.0028039309991141,1.7279038324066063,-0.5738091541336192,-0.9124191495230389,0.9124191495230393,-0.5784279906300535,1.731127539482183,-0.5765804684883443,-0.5767344287272242,0
0.6774158219295431,0.10281024149414371,-0.695981771888179,-1.2258476714090278,0.8077365626180215,-1.5477679860172513,0.9702425509371355,1.1745558829055407,-0.721130416342303,1.3433674510285851,0.9972039090469852,-0.5787359118286177,-0.5738091541336192,1.0959875190286648,-1.0959875190286648,1.7288236672481017,-0.5776581893550843,-0.5765804684883443,-0.5767344287272242,0
-0.41934240343568036,2.868064371831893,-0.004425957213915414,0.15309608360917076,2.52705661927622,-1.5477679860172513,-1.0306701134001208,1.6111399601668648,-1.43244469563043,0.028705229100938208,-1.0028039309991141,1.7279038324066063,-0.5738091541336192,1.0959875190286648,-1.0959875190286648,1.7288236672481017,-0.5776581893550843,-0.5765804684883443,-0.5767344287272242,1
-1.5574877316448745,1.6284676927149706,-1.3875375865624426,0.38286664579462587,-0.9115834940401767,0.646091668153197,-1.0306701134001208,0.3199673540330186,0.7014981422339509,1.5204263361366857,0.9972039090469852,-0.5787359118286177,-0.5738091541336192,-0.9124191495230389,0.9124191495230393,1.7288236672481017,-0.5776581893550843,-0.5765804684883443,-0.5767344287272242,1
-0.8952940861413433,0.48422460429935044,-0.695981771888179,0.5653484220282469,2.52705661927622,0.646091668153197,0.9702425509371355,0.08054985309485431,-0.009816137054176019,0.7900584350657708,-1.0028039309991141,1.7279038324066063,-0.5738091541336192,1.0959875190286648,-1.0959875190286648,1.7288236672481017,-0.5776581893550843,-0.5765804684883443,-0.5767344287272242,1
1.6086256359188837,-0.7553720748175714,1.378685672134612,-1.2258476714090278,0.8077365626180215,-1.5477679860172513,0.9702425509371355,0.6969184615120745,0.7014981422339509,-1.2903834649544113,0.9972039090469852,-0.5787359118286177,-0.5738091541336192,-0.9124191495230389,0.9124191495230393,-0.5784279906300535,-0.5776581893550843,-0.5765804684883443,1.733900301750437,0
-0.2434472163488049,0.9609925578058589,-0.35020386455104724,0.5545637804980276,-0.9115834940401767,-1.5477679860172513,0.9702425509371355,0.8101537217204096,1.4128124215220779,1.29910272975156,-1.0028039309991141,-0.5787359118286177,1.7427397119690018,-0.9124191495230389,0.9124191495230393,-0.5784279906300535,-0.5776581893550843,-0.5765804684883443,1.733900301750437,0
0.7808835790394698,-1.1367864376227783,0.6871298574603482,0.7587262281984409,-0.9115834940401767,-1.5477679860172513,0.9702425509371355,-0.36724978188153745,-0.721130416342303,-0.31655959685985796,-1.0028039309991141,-0.5787359118286177,1.7427397119690018,1.0959875190286648,-1.0959875190286648,-0.5784279906300535,1.731127539482183,-0.5765804684883443,-0.5767344287272242,0
1.5879320844968983,-0.08789693990845966,-0.695981771888179,0.7646746896398748,-0.9115834940401767,0.646091668153197,-1.0306701134001208,-0.44164896944560333,-0.721130416342303,-1.485148238573322,-1.0028039309991141,-0.5787359118286177,1.7427397119690018,1.0959875190286648,-1.0959875190286648,-0.5784279906300535,-0.5776581893550843,1.7343632929879855,-0.5767344287272242,0
0.08764960640296066,-0.6600184841162697,-0.695981771888179,0.4985748387901163,0.8077365626180215,0.646091668153197,0.9702425509371355,0.04045725125512059,-0.009816137054176019,0.33855827804011424,-1.0028039309991141,-0.5787359118286177,1.7427397119690018,-0.9124191495230389,0.9124191495230393,1.7288236672481017,-0.5776581893550843,-0.5765804684883443,-0.5767344287272242,0
1.215448158901162,-0.8507256655188732,0.3413519501232164,-1.2258476714090278,0.8077365626180215,0.646091668153197,0.9702425509371355,1.7278429349082685,-0.721130416342303,-1.3700599632530566,0.9972039090469852,-0.5787359118286177,-0.5738091541336192,-0.9124191495230389,0.9124191495230393,-0.5784279906300535,1.731127539482183,-0.5765804684883443,-0.5767344287272242,0
0.9671255418373379,0.6749317857019538,-1.3875375865624426,-1.2258476714090278,2.52705661927622,0.646091668153197,0.9702425509371355,1.3448887965842318,0.7014981422339509,1.060073234855624,-1.0028039309991141,-0.5787359118286177,1.7427397119690018,1.0959875190286648,-1.0959875190286648,-0.5784279906300535,-0.5776581893550843,1.7343632929879855,-0.5767344287272242,1
-0.3469149734587316,-0.8507256655188732,1.03290776479748,-1.2258476714090278,-0.9115834940401767,0.646091668153197,0.9702425509371355,-0.1298669679231867,-0.009816137054176019,0.9848232086846814,0.9972039090469852,-0.5787359118286177,-0.5738091541336192,1.0959875190286648,-1.0959875190286648,-0.5784279906300535,1.731127539482183,-0.5765804684883443,-0.5767344287272242,0
-1.0298021703842482,0.2935174228967471,-1.0417596792253108,1.0109190361761498,-0.9115834940401767,0.646091668153197,-1.0306701134001208,-0.9851705325072713,1.4128124215220779,-0.34754490175377556,0.9972039090469852,-0.5787359118286177,-0.5738091541336192,-0.9124191495230389,0.9124191495230393,-0.5784279906300535,1.731127539482183,-0.5765804684883443,-0.5767344287272242,1
-2.4783507699232223,1.4377605113123673,1.378685672134612,-1.2258476714090278,-0.9115834940401767,-1.5477679860172513,0.9702425509371355,-0.4080981096946296,-1.43244469563043,0.5864407171914551,0.9972039090469852,-0.5787359118286177,-0.5738091541336192,1.0959875190286648,-1.0959875190286648,-0.5784279906300535,-0.5776581893550843,1.7343632929879855,-0.5767344287272242,0
-0.19171333779384153,1.0563461485071606,-0.004425957213915414,0.5044292211027313,-0.9115834940401767,0.646091668153197,0.9702425509371355,-1.619001175495286,1.4128124215220779,-1.1620157732510383,-1.0028039309991141,1.7279038324066063,-0.5738091541336192,1.0959875190286648,-1.0959875190286648,-0.5784279906300535,-0.5776581893550843,-0.5765804684883443,1.733900301750437,1
1.308569140300096,-0.4693113027136664,-0.004425957213915414,0.32387214036823936,-0.9115834940401767,0.646091668153197,0.9702425509371355,1.2611943186598609,-0.721130416342303,1.6133822508184386,-1.0028039309991141,1.7279038324066063,-0.5738091541336192,1.0959875190286648,-1.0959875190286648,-0.5784279906300535,-0.5776581893550843,-0.5765804684883443,1.733900301750437,0
-0.5124633848346144,-0.9460792562201749,1.378685672134612,-1.2258476714090278,-0.9115834940401767,0.646091668153197,0.9702425509371355,-0.34251062437952245,1.4128124215220779,-0.8344568358010521,0.9972039090469852,-0.5787359118286177,-0.5738091541336192,-0.9124191495230389,0.9124191495230393,-0.5784279906300535,1.731127539482183,-0.5765804684883443,-0.5767344287272242,0
-0.750439226187446,-0.4693113027136664,1.03290776479748,1.1379462145101784,0.8077365626180215,0.646091668153197,-1.0306701134001208,-0.5809572974048334,-0.009816137054176019,1.33451450677318,-1.0028039309991141,1.7279038324066063,-0.5738091541336192,-0.9124191495230389,0.9124191495230393,-0.5784279906300535,-0.5776581893550843,-0.5765804684883443,1.733900301750437,0
-1.5264474045118965,-1.3274936190253817,0.6871298574603482,-1.2258476714090278,-0.9115834940401767,-1.5477679860172513,0.9702425509371355,1.6128452994721405,-1.43244469563043,-0.8388833079287547,-1.0028039309991141,-0.5787359118286177,1.7427397119690018,-0.9124191495230389,0.9124191495230393,-0.5784279906300535,-0.5776581893550843,-0.5765804684883443,1.733900301750437,0
0.9774723175483306,-0.6600184841162697,-1.0417596792253108,-1.2258476714090278,4.246376675934418,-1.5477679860172513,0.9702425509371355,1.3844233853893342,-0.009816137054176019,-0.6175597015436289,0.9972039090469852,-0.5787359118286177,-0.5738091541336192,1.0959875190286648,-1.0959875190286648,-0.5784279906300535,-0.5776581893550843,1.7343632929879855,-0.5767344287272242,1
-0.005471374995973408,-1.1367864376227783,0.3413519501232164,-1.2258476714090278,0.8077365626180215,0.646091668153197,-1.0306701134001208,-1.7230386976376222,-1.43244469563043,0.8077643235765808,0.9972039090469852,-0.5787359118286177,-0.5738091541336192,1.0959875190286648,-1.0959875190286648,-0.5784279906300535,-0.5776581893550843,1.7343632929879855,-0.5767344287272242,0
-0.7607860018984386,-1.23214002832408,-1.3875375865624426,1.6675344590972956,-0.9115834940401767,-1.5477679860172513,-1.0306701134001208,0.40628322382310045,-0.009816137054176019,1.179587982303592,0.9972039090469852,-0.5787359118286177,-0.5738091541336192,1.0959875190286648,-1.0959875190286648,1.7288236672481017,-0.5776581893550843,-0.5765804684883443,-0.5767344287272242,0
-1.2056973574711236,0.2935174228967471,1.378685672134612,1.0949092602592685,-0.9115834940401767,-1.5477679860172513,0.9702425509371355,-1.5233955798251448,-0.009816137054176019,0.7280878252779356,0.9972039090469852,-0.5787359118286177,-0.5738091541336192,1.0959875190286648,-1.0959875190286648,-0.5784279906300535,-0.5776581893550843,-0.5765804684883443,1.733900301750437,1
0.3049318963338068,-0.4693113027136664,-1.3875375865624426,-1.2258476714090278,0.8077365626180215,0.646091668153197,-1.0306701134001208,1.1641037023241696,-0.009816137054176019,-0.12179482324094729,0.9972039090469852,-0.5787359118286177,-0.5738091541336192,1.0959875190286648,-1.0959875190286648,1.7288236672481017,-0.5776581893550843,-0.5765804684883443,-0.5767344287272242,0
-0.4503827305686584,-0.3739577120123647,-1.0417596792253108,-1.2258476714090278,0.8077365626180215,0.646091668153197,0.9702425509371355,0.2451859562320816,-0.009816137054176019,0.3252788616570067,0.9972039090469852,-0.5787359118286177,-0.5738091541336192,-0.9124191495230389,0.9124191495230393,-0.5784279906300535,-0.5776581893550843,-0.5765804684883443,1.733900301750437,0
-0.09859235639490747,1.1516997392084622,-1.0417596792253108,0.6542394154487271,4.246376675934418,0.646091668153197,0.9702425509371355,-1.2724839493796165,0.7014981422339509,-1.356780546869949,-1.0028039309991141,1.7279038324066063,-0.5738091541336192,1.0959875190286648,-1.0959875190286648,1.7288236672481017,-0.5776581893550843,-0.5765804684883443,-0.5767344287272242,1
2.0224966643585907,0.1981638321954454,-0.004425957213915414,-1.2258476714090278,2.52705661927622,0.646091668153197,-1.0306701134001208,-1.6806429226462236,-1.43244469563043,1.7151911097555963,0.9972039090469852,-0.5787359118286177,-0.5738091541336192,1.0959875190286648,-1.0959875190286648,-0.5784279906300535,1.731127539482183,-0.5765804684883443,-0.5767344287272242,1
-0.4710762819906437,-1.1367864376227783,1.378685672134612,-1.2258476714090278,0.8077365626180215,0.646091668153197,-1.0306701134001208,1.7041493780224077,-0.009816137054176019,-0.11736835111324478,0.9972039090469852,-0.5787359118286177,-0.5738091541336192,-0.9124191495230389,0.9124191495230393,-0.5784279906300535,-0.5776581893550843,1.7343632929879855,-0.5767344287272242,0
0.25319801777884343,-0.7553720748175714,-1.0417596792253108,0.22983484230315607,0.8077365626180215,0.646091668153197,-1.0306701134001208,-0.6924190534248836,-0.009816137054176019,0.2411758912306589,-1.0028039309991141,-0.5787359118286177,1.7427397119690018,-0.9124191495230389,0.9124191495230393,-0.5784279906300535,-0.5776581893550843,-0.5765804684883443,1.733900301750437,0
0.20146413922388007,0.38887101359804876,-1.3875375865624426,0.34147872077100744,-0.9115834940401767,-1.5477679860172513,-1.0306701134001208,0.3501341403446152,0.7014981422339509,0.4182347763387595,-1.0028039309991141,-0.5787359118286177,1.7427397119690018,-0.9124191495230389,0.9124191495230393,-0.5784279906300535,-0.5776581893550843,-0.5765804684883443,1.733900301750437,0
-0.23310044063781224,2.868064371831893,-0.004425957213915414,-1.2258476714090278,0.8077365626180215,0.646091668153197,0.9702425509371355,1.4237133109536366,-0.009816137054176019,-1.1443098847402282,0.9972039090469852,-0.5787359118286177,-0.5738091541336192,-0.9124191495230389,0.9124191495230393,1.7288236672481017,-0.5776581893550843,-0.5765804684883443,-0.5767344287272242,0
0.1497302606689167,-0.18325053060976135,-0.695981771888179,0.5677722016962736,-0.9115834940401767,0.646091668153197,0.9702425509371355,0.1785753021118104,0.7014981422339509,-0.8565891964395648,-1.0028039309991141,1.7279038324066063,-0.5738091541336192,1.0959875190286648,-1.0959875190286648,-0.5784279906300535,1.731127539482183,-0.5765804684883443,-0.5767344287272242,1
0.584294840530609,-0.27860412131106305,0.3413519501232164,-1.2258476714090278,-0.9115834940401767,-1.5477679860172513,-1.0306701134001208,-0.02224852885278474,-0.009816137054176019,-0.2413095706889152,0.9972039090469852,-0.5787359118286177,-0.5738091541336192,1.0959875190286648,-1.0959875190286648,-0.5784279906300535,-0.5776581893550843,1.7343632929879855,-0.5767344287272242,0
0.47048030770968957,0.2935174228967471,0.6871298574603482,1.3756503558364772,-0.9115834940401767,0.646091668153197,-1.0306701134001208,0.3646760400165115,1.4128124215220779,-0.08638304621932717,-1.0028039309991141,1.7279038324066063,-0.5738091541336192,-0.9124191495230389,0.9124191495230393,-0.5784279906300535,1.731127539482183,-0.5765804684883443,-0.5767344287272242,0
-0.9573747404072994,0.0074566507928420294,1.7244635794717436,1.0941888417174592,-0.9115834940401767,0.646091668153197,-1.0306701134001208,-1.3426409163164257,0.7014981422339509,-1.5603982647442647,-1.0028039309991141,1.7279038324066063,-0.5738091541336192,-0.9124191495230389,0.9124191495230393,1.7288236672481017,-0.5776581893550843,-0.5765804684883443,-0.5767344287272242,1
0.9153916632823745,0.10281024149414371,-0.004425957213915414,1.1642915760012986,2.52705661927622,0.646091668153197,0.9702425509371355,-0.6964859929244032,0.7014981422339509,-1.2018540224003609,-1.0028039309991141,1.7279038324066063,-0.5738091541336192,-0.9124191495230389,0.9124191495230393,-0.5784279906300535,1.731127539482183,-0.5765804684883443,-0.5767344287272242,1
0.8015771304614552,1.9145284648188758,-0.35020386455104724,-1.2258476714090278,-0.9115834940401767,0.646091668153197,0.9702425509371355,1.1002996329277843,1.4128124215220779,-1.3744864353807589,0.9972039090469852,-0.5787359118286177,-0.5738091541336192,1.0959875190286648,-1.0959875190286648,-0.5784279906300535,1.731127539482183,-0.5765804684883443,-0.5767344287272242,1
-0.46072950627965104,0.10281024149414371,1.378685672134612,0.3014373934310997,0.8077365626180215,-1.5477679860172513,0.9702425509371355,-0.05398693305375441,0.7014981422339509,-0.8787215570780773,-1.0028039309991141,1.7279038324066063,-0.5738091541336192,-0.9124191495230389,0.9124191495230393,-0.5784279906300535,-0.5776581893550843,1.7343632929879855,-0.5767344287272242,0
1.4534240002539935,-0.4693113027136664,0.6871298574603482,-1.2258476714090278,0.8077365626180215,0.646091668153197,-1.0306701134001208,-0.05835365892650664,-1.43244469563043,0.8653084612367135,0.9972039090469852,-0.5787359118286177,-0.5738091541336192,-0.9124191495230389,0.9124191495230393,1.7288236672481017,-0.5776581893550843,-0.5765804684883443,-0.5767344287272242,0
-0.6780117962104972,1.4377605113123673,1.03290776479748,0.17019877171039313,-0.9115834940401767,0.646091668153197,0.9702425509371355,-0.7780551871749614,-0.721130416342303,-1.347927602614544,0.9972039090469852,-0.5787359118286177,-0.5738091541336192,-0.9124191495230389,0.9124191495230393,1.7288236672481017,-0.5776581893550843,-0.5765804684883443,-0.5767344287272242,0
-0.4400359548576657,2.2959428276240823,-0.695981771888179,1.0104137014348096,0.8077365626180215,0.646091668153197,0.9702425509371355,1.314711402982167,-0.721130416342303,1.5691175295414133,-1.0028039309991141,-0.5787359118286177,1.7427397119690018,1.0959875190286648,-1.0959875190286648,-0.5784279906300535,1.731127539482183,-0.5765804684883443,-0.5767344287272242,1
1.184407831768184,0.5795781950006521,-1.0417596792253108,0.2414306158111499,-0.9115834940401767,0.646091668153197,0.9702425509371355,-0.9207614997741823,-0.009816137054176019,1.4141910050718254,-1.0028039309991141,-0.5787359118286177,1.7427397119690018,-0.9124191495230389,0.9124191495230393,-0.5784279906300535,-0.5776581893550843,1.7343632929879855,-0.5767344287272242,0
0.25319801777884343,-0.5646648934149681,-1.7333154938995745,1.0470568008899612,-0.9115834940401767,0.646091668153197,-1.0306701134001208,-0.613400303916905,0.7014981422339509,-1.401045268146974,-1.0028039309991141,1.7279038324066063,-0.5738091541336192,1.0959875190286648,-1.0959875190286648,-0.5784279906300535,1.731127539482183,-0.5765804684883443,-0.5767344287272242,1
0.2945851206228141,-0.3739577120123647,-1.3875375865624426,0.8651058425007164,0.8077365626180215,0.646091668153197,0.9702425509371355,-1.0911436243250456,-0.721130416342303,-0.002280075792979394,-1.0028039309991141,1.7279038324066063,-0.5738091541336192,-0.9124191495230389,0.9124191495230393,-0.5784279906300535,-0.5776581893550843,1.7343632929879855,-0.5767344287272242,0
1.5465449816529278,-0.08789693990845966,-1.0417596792253108,1.4697570512827849,0.8077365626180215,0.646091668153197,-1.0306701134001208,-0.5571115867622563,-0.009816137054176019,1.1840144544312945,0.9972039090469852,-0.5787359118286177,-0.5738091541336192,1.0959875190286648,-1.0959875190286648,-0.5784279906300535,-0.5776581893550843,-0.5765804684883443,1.733900301750437,0
1.0188594203923014,-1.0414328469214764,-0.695981771888179,-1.2258476714090278,-0.9115834940401767,0.646091668153197,-1.0306701134001208,-1.6811953712006096,-1.43244469563043,0.9051467103860361,-1.0028039309991141,-0.5787359118286177,1.7427397119690018,1.0959875190286648,-1.0959875190286648,-0.5784279906300535,1.731127539482183,-0.5765804684883443,-0.5767344287272242,0
-0.9470279646963067,-1.1367864376227783,-1.3875375865624426,-1.2258476714090278,-0.9115834940401767,-1.5477679860172513,0.9702425509371355,-1.7222050689408248,1.4128124215220779,0.22789647484755138,-1.0028039309991141,-0.5787359118286177,1.7427397119690018,1.0959875190286648,-1.0959875190286648,1.7288236672481017,-0.5776581893550843,-0.5765804684883443,-0.5767344287272242,0
0.553254513397631,1.0563461485071606,-0.35020386455104724,1.425649325891091,-0.9115834940401767,0.646091668153197,-1.0306701134001208,0.359613406333041,0.7014981422339509,0.43594066484956956,0.9972039090469852,-0.5787359118286177,-0.5738091541336192,-0.9124191495230389,0.9124191495230393,-0.5784279906300535,1.731127539482183,-0.5765804684883443,-0.5767344287272242,1
1.4327304488320083,1.1516997392084622,-0.695981771888179,0.451823441797278,-0.9115834940401767,0.646091668153197,-1.0306701134001208,-0.44906850829311024,-1.43244469563043,0.6749701597455053,-1.0028039309991141,1.7279038324066063,-0.5738091541336192,-0.9124191495230389,0.9124191495230393,1.7288236672481017,-0.5776581893550843,-0.5765804684883443,-0.5767344287272242,0
-0.46072950627965104,0.0074566507928420294,-0.695981771888179,-1.2258476714090278,0.8077365626180215,0.646091668153197,-1.0306701134001208,-0.861273554258316,-0.721130416342303,0.024278756973235695,0.9972039090469852,-0.5787359118286177,-0.5738091541336192,1.0959875190286648,-1.0959875190286648,-0.5784279906300535,1.731127539482183,-0.5765804684883443,-0.5767344287272242,1
0.7498432519064918,0.8656389671045572,0.6871298574603482,-1.2258476714090278,0.8077365626180215,0.646091668153197,0.9702425509371355,0.8799589091716907,-1.43244469563043,-0.4670596492017434,0.9972039090469852,-0.5787359118286177,-0.5738091541336192,-0.9124191495230389,0.9124191495230393,-0.5784279906300535,-0.5776581893550843,1.7343632929879855,-0.5767344287272242,0
0.19111736351288738,0.7702853764032556,1.378685672134612,-0.24504406494486053,-0.9115834940401767,0.646091668153197,-1.0306701134001208,-0.7289469101072654,1.4128124215220779,-1.494001182828727,0.9972039090469852,-0.5787359118286177,-0.5738091541336192,1.0959875190286648,-1.0959875190286648,-0.5784279906300535,-0.5776581893550843,-0.5765804684883443,1.733900301750437,0
-1.8058103487086987,2.868064371831893,-1.3875375865624426,0.4618666692731239,-0.9115834940401767,-1.5477679860172513,0.9702425509371355,0.5941838971972526,1.4128124215220779,-0.19261837728418754,-1.0028039309991141,-0.5787359118286177,1.7427397119690018,1.0959875190286648,-1.0959875190286648,1.7288236672481017,-0.5776581893550843,-0.5765804684883443,-0.5767344287272242,0
-0.05720525355093678,-1.0414328469214764,0.6871298574603482,0.6567931749693471,0.8077365626180215,0.646091668153197,0.9702425509371355,-1.1407215783034736,0.7014981422339509,-0.23245662643351017,-1.0028039309991141,1.7279038324066063,-0.5738091541336192,-0.9124191495230389,0.9124191495230393,1.7288236672481017,-0.5776581893550843,-0.5765804684883443,-0.5767344287272242,0
-0.5641972633895778,-0.27860412131106305,-1.0417596792253108,-1.2258476714090278,0.8077365626180215,0.646091668153197,0.9702425509371355,-1.5306294041444541,0.7014981422339509,1.4451763099657429,0.9972039090469852,-0.5787359118286177,-0.5738091541336192,-0.9124191495230389,0.9124191495230393,-0.5784279906300535,-0.5776581893550843,-0.5765804684883443,1.733900301750437,0
-0.0468584778399441,-0.08789693990845966,0.6871298574603482,-1.2258476714090278,0.8077365626180215,0.646091668153197,-1.0306701134001208,-1.7138919093438725,-0.009816137054176019,-0.6396920621821415,0.9972039090469852,-0.5787359118286177,-0.5738091541336192,-0.9124191495230389,0.9124191495230393,-0.5784279906300535,-0.5776581893550843,-0.5765804684883443,1.733900301750437,0
1.443077224543001,-1.4228472097266833,0.6871298574603482,0.49575663197383785,-0.9115834940401767,-1.5477679860172513,0.9702425509371355,1.0495995667298248,-1.43244469563043,0.5288965795313224,-1.0028039309991141,1.7279038324066063,-0.5738091541336192,-0.9124191495230389,0.9124191495230393,-0.5784279906300535,-0.5776581893550843,1.7343632929879855,-0.5767344287272242,0
-0.5538504876785851,-0.8507256655188732,-1.0417596792253108,0.6873100723461644,-0.9115834940401767,0.646091668153197,0.9702425509371355,1.4369571217182338,0.7014981422339509,1.0822055954941368,-1.0028039309991141,-0.5787359118286177,1.7427397119690018,1.0959875190286648,-1.0959875190286648,-0.5784279906300535,-0.5776581893550843,-0.5765804684883443,1.733900301750437,1
-0.6883585719214899,2.200589236922781,1.378685672134612,0.9815233953329248,0.8077365626180215,-1.5477679860172513,0.9702425509371355,0.36538916293798945,1.4128124215220779,-0.11294187898554227,-1.0028039309991141,1.7279038324066063,-0.5738091541336192,1.0959875190286648,-1.0959875190286648,1.7288236672481017,-0.5776581893550843,-0.5765804684883443,-0.5767344287272242,0
0.21181091493487275,0.7702853764032556,0.6871298574603482,0.6109192621848302,0.8077365626180215,0.646091668153197,-1.0306701134001208,0.9234268899504178,0.7014981422339509,-0.4759125934571485,-1.0028039309991141,1.7279038324066063,-0.5738091541336192,1.0959875190286648,-1.0959875190286648,-0.5784279906300535,-0.5776581893550843,-0.5765804684883443,1.733900301750437,1
1.4637707759649863,-1.8996151632331917,0.6871298574603482,1.072287637233197,-0.9115834940401767,0.646091668153197,-1.0306701134001208,-1.1617139278101,0.7014981422339509,-0.9539715832490201,0.9972039090469852,-0.5787359118286177,-0.5738091541336192,-0.9124191495230389,0.9124191495230393,1.7288236672481017,-0.5776581893550843,-0.5765804684883443,-0.5767344287272242,0
-1.412632871690977,0.6749317857019538,-0.695981771888179,0.48122933999015305,-0.9115834940401767,0.646091668153197,-1.0306701134001208,-0.7828166433651375,1.4128124215220779,-0.5688685081389013,0.9972039090469852,-0.5787359118286177,-0.5738091541336192,1.0959875190286648,-1.0959875190286648,-0.5784279906300535,1.731127539482183,-0.5765804684883443,-0.5767344287272242,0
-1.1022296003611969,-0.08789693990845966,1.03290776479748,-1.2258476714090278,-0.9115834940401767,0.646091668153197,0.9702425509371355,-0.03271948955498506,-0.009816137054176019,0.2411758912306589,0.9972039090469852,-0.5787359118286177,-0.5738091541336192,-0.9124191495230389,0.9124191495230393,-0.5784279906300535,1.731127539482183,-0.5765804684883443,-0.5767344287272242,0
0.7601900276174844,0.10281024149414371,0.3413519501232164,0.5380069757234797,-0.9115834940401767,0.646091668153197,0.9702425509371355,-0.2284831212962172,-0.721130416342303,0.3252788616570067,0.9972039090469852,-0.5787359118286177,-0.5738091541336192,1.0959875190286648,-1.0959875190286648,-0.5784279906300535,-0.5776581893550843,-0.5765804684883443,1.733900301750437,0
1.1016336260802426,3.058771553234496,-1.7333154938995745,0.18588626610212164,0.8077365626180215,0.646091668153197,0.9702425509371355,0.943305126177866,0.7014981422339509,-0.3741037345199906,0.9972039090469852,-0.5787359118286177,-0.5738091541336192,1.0959875190286648,-1.0959875190286648,-0.5784279906300535,-0.5776581893550843,1.7343632929879855,-0.5767344287272242,0
1.029206196103294,-0.27860412131106305,0.6871298574603482,0.9617392116537252,2.52705661927622,0.646091668153197,0.9702425509371355,-1.2796556949661857,-0.009816137054176019,0.12608761591039352,0.9972039090469852,-0.5787359118286177,-0.5738091541336192,-0.9124191495230389,0.9124191495230393,-0.5784279906300535,-0.5776581893550843,1.7343632929879855,-0.5767344287272242,1
-0.005471374995973408,-0.6600184841162697,-1.0417596792253108,0.13495724292223168,-0.9115834940401767,0.646091668153197,-1.0306701134001208,1.0977022378831325,-1.43244469563043,1.3079556740069649,0.9972039090469852,-0.5787359118286177,-0.5738091541336192,-0.9124191495230389,0.9124191495230393,-0.5784279906300535,1.731127539482183,-0.5765804684883443,-0.5767344287272242,0
-0.7193988990544679,0.48422460429935044,0.6871298574603482,1.808375081987819,0.8077365626180215,0.646091668153197,-1.0306701134001208,-0.9575081100862199,1.4128124215220779,1.060073234855624,-1.0028039309991141,-0.5787359118286177,1.7427397119690018,1.0959875190286648,-1.0959875190286648,-0.5784279906300535,-0.5776581893550843,-0.5765804684883443,1.733900301750437,1
-0.05720525355093678,0.9609925578058589,-0.004425957213915414,0.53925869292293,2.52705661927622,-1.5477679860172513,0.9702425509371355,1.5232707309382159,-0.009816137054176019,-0.9583980553767226,-1.0028039309991141,-0.5787359118286177,1.7427397119690018,1.0959875190286648,-1.0959875190286648,-0.5784279906300535,1.731127539482183,-0.5765804684883443,-0.5767344287272242,1
-1.6609554887548013,-0.08789693990845966,-0.695981771888179,0.33304669854561914,-0.9115834940401767,0.646091668153197,0.9702425509371355,-0.12681815441860853,0.7014981422339509,0.6882495761286129,-1.0028039309991141,-0.5787359118286177,1.7427397119690018,1.0959875190286648,-1.0959875190286648,1.7288236672481017,-0.5776581893550843,-0.5765804684883443,-0.5767344287272242,0
-1.6609554887548013,-0.5646648934149681,-1.3875375865624426,-1.2258476714090278,0.8077365626180215,0.646091668153197,0.9702425509371355,-0.33556267523283206,-0.009816137054176019,1.1264703167711618,0.9972039090469852,-0.5787359118286177,-0.5738091541336192,-0.9124191495230389,0.9124191495230393,1.7288236672481017,-0.5776581893550843,-0.5765804684883443,-0.5767344287272242,0
-0.18136656208284888,0.48422460429935044,0.6871298574603482,-1.2258476714090278,0.8077365626180215,0.646091668153197,-1.0306701134001208,-1.2229501634631381,-0.721130416342303,0.09067583888877341,0.9972039090469852,-0.5787359118286177,-0.5738091541336192,1.0959875190286648,-1.0959875190286648,-0.5784279906300535,-0.5776581893550843,-0.5765804684883443,1.733900301750437,0
2.063883767202561,-0.7553720748175714,-0.695981771888179,0.7172413391664141,-0.9115834940401767,0.646091668153197,0.9702425509371355,-1.2010179384650244,-0.009816137054176019,0.015425812717830665,-1.0028039309991141,-0.5787359118286177,1.7427397119690018,1.0959875190286648,-1.0959875190286648,-0.5784279906300535,-0.5776581893550843,1.7343632929879855,-0.5767344287272242,0
0.8119239061724478,2.200589236922781,-0.35020386455104724,1.026752858071476,-0.9115834940401767,0.646091668153197,-1.0306701134001208,-1.2015813420898935,-0.009816137054176019,0.5288965795313224,0.9972039090469852,-0.5787359118286177,-0.5738091541336192,1.0959875190286648,-1.0959875190286648,-0.5784279906300535,1.731127539482183,-0.5765804684883443,-0.5767344287272242,1
0.5118674105536603,0.10281024149414371,-0.35020386455104724,1.1553170361420897,-0.9115834940401767,0.646091668153197,-1.0306701134001208,1.5604318950285523,-0.721130416342303,-1.5072805992118343,-1.0028039309991141,1.7279038324066063,-0.5738091541336192,1.0959875190286648,-1.0959875190286648,-0.5784279906300535,-0.5776581893550843,-0.5765804684883443,1.733900301750437,1
0.8429642333054258,-1.3274936190253817,-1.7333154938995745,0.552246260561529,-0.9115834940401767,-1.5477679860172513,-1.0306701134001208,1.260464676187654,-0.009816137054176019,1.0556467627279216,0.9972039090469852,-0.5787359118286177,-0.5738091541336192,-0.9124191495230389,0.9124191495230393,-0.5784279906300535,-0.5776581893550843,-0.5765804684883443,1.733900301750437,0
-1.9506652086625962,-1.4228472097266833,1.378685672134612,-0.10585583697448211,0.8077365626180215,-1.5477679860172513,0.9702425509371355,-0.6202520918893509,-0.009816137054176019,-0.6662508949483567,-1.0028039309991141,1.7279038324066063,-0.5738091541336192,1.0959875190286648,-1.0959875190286648,-0.5784279906300535,-0.5776581893550843,-0.5765804684883443,1.733900301750437,0
-0.5021166091236218,1.6284676927149706,-0.695981771888179,0.6316176321515672,2.52705661927622,0.646091668153197,-1.0306701134001208,-1.667849834781522,0.7014981422339509,1.0689261791110292,0.9972039090469852,-0.5787359118286177,-0.5738091541336192,1.0959875190286648,-1.0959875190286648,-0.5784279906300535,-0.5776581893550843,1.7343632929879855,-0.5767344287272242,1
-0.1710197863718562,-1.4228472097266833,-1.0417596792253108,0.17513303770520458,-0.9115834940401767,0.646091668153197,-1.0306701134001208,-0.639038646648611,1.4128124215220779,-0.4493537606909334,0.9972039090469852,-0.5787359118286177,-0.5738091541336192,1.0959875190286648,-1.0959875190286648,-0.5784279906300535,1.731127539482183,-0.5765804684883443,-0.5767344287272242,0
0.5636012891086236,1.4377605113123673,-0.695981771888179,0.7917938399452008,2.52705661927622,0.646091668153197,-1.0306701134001208,-0.0708904329198944,-0.721130416342303,0.29872002889079163,-1.0028039309991141,1.7279038324066063,-0.5738091541336192,1.0959875190286648,-1.0959875190286648,-0.5784279906300535,-0.5776581893550843,1.7343632929879855,-0.5767344287272242,1
0.04626250355898996,-0.18325053060976135,1.03290776479748,1.3979275562938398,0.8077365626180215,-1.5477679860172513,-1.0306701134001208,-0.4143974491126899,-0.721130416342303,1.5602645852860084,-1.0028039309991141,-0.5787359118286177,1.7427397119690018,-0.9124191495230389,0.9124191495230393,-0.5784279906300535,-0.5776581893550843,-0.5765804684883443,1.733900301750437,0
0.5946416162416017,-0.5646648934149681,-0.695981771888179,-1.2258476714090278,0.8077365626180215,0.646091668153197,-1.0306701134001208,0.6698759569683873,1.4128124215220779,0.5421759959144299,-1.0028039309991141,-0.5787359118286177,1.7427397119690018,-0.9124191495230389,0.9124191495230393,1.7288236672481017,-0.5776581893550843,-0.5765804684883443,-0.5767344287272242,0
0.2221576906458654,-1.0414328469214764,-0.35020386455104724,1.4549904745643016,-0.9115834940401767,0.646091668153197,0.9702425509371355,1.2064325296626124,-0.009816137054176019,0.40495535995565196,0.9972039090469852,-0.5787359118286177,-0.5738091541336192,-0.9124191495230389,0.9124191495230393,1.7288236672481017,-0.5776581893550843,-0.5765804684883443,-0.5767344287272242,0
0.5429077376866382,0.5795781950006521,-1.3875375865624426,-1.2258476714090278,-0.9115834940401767,0.646091668153197,-1.0306701134001208,1.437963770972668,-0.721130416342303,1.3832057001779077,-1.0028039309991141,-0.5787359118286177,1.7427397119690018,1.0959875190286648,-1.0959875190286648,-0.5784279906300535,-0.5776581893550843,-0.5765804684883443,1.733900301750437,1
0.9360852147043599,1.247053329909764,-1.3875375865624426,1.5185751439589668,0.8077365626180215,-1.5477679860172513,-1.0306701134001208,-1.360790859757585,1.4128124215220779,-1.2151334387834685,0.9972039090469852,-0.5787359118286177,-0.5738091541336192,-0.9124191495230389,0.9124191495230393,-0.5784279906300535,-0.5776581893550843,1.7343632929879855,-0.5767344287272242,1
-0.8539069832973727,0.7702853764032556,0.6871298574603482,-1.2258476714090278,0.8077365626180215,0.646091668153197,0.9702425509371355,-0.9409509991153701,-0.721130416342303,1.0556467627279216,0.9972039090469852,-0.5787359118286177,-0.5738091541336192,1.0959875190286648,-1.0959875190286648,-0.5784279906300535,1.731127539482183,-0.5765804684883443,-0.5767344287272242,0
0.5739480648196164,-1.0414328469214764,-0.695981771888179,-1.2258476714090278,0.8077365626180215,-1.5477679860172513,0.9702425509371355,1.4163937588605433,-0.009816137054176019,-1.6179424024043974,-1.0028039309991141,-0.5787359118286177,1.7427397119690018,-0.9124191495230389,0.9124191495230393,-0.5784279906300535,-0.5776581893550843,-0.5765804684883443,1.733900301750437,0
0.48082708342068226,0.38887101359804876,0.6871298574603482,0.6232309666441616,0.8077365626180215,0.646091668153197,-1.0306701134001208,-0.6251543989857444,-1.43244469563043,-0.30328018047675037,-1.0028039309991141,1.7279038324066063,-0.5738091541336192,-0.9124191495230389,0.9124191495230393,-0.5784279906300535,1.731127539482183,-0.5765804684883443,-0.5767344287272242,0
0.8326174575944332,-0.18325053060976135,-1.3875375865624426,0.8405659348190465,-0.9115834940401767,0.646091668153197,0.9702425509371355,1.4019408908725768,0.7014981422339509,1.1574556216650795,-1.0028039309991141,-0.5787359118286177,1.7427397119690018,1.0959875190286648,-1.0959875190286648,-0.5784279906300535,-0.5776581893550843,-0.5765804684883443,1.733900301750437,0
-0.18136656208284888,-0.8507256655188732,-1.0417596792253108,0.5337176405878985,0.8077365626180215,0.646091668153197,0.9702425509371355,0.688996902212408,-0.721130416342303,0.7590731301718532,-1.0028039309991141,1.7279038324066063,-0.5738091541336192,-0.9124191495230389,0.9124191495230393,-0.5784279906300535,-0.5776581893550843,1.7343632929879855,-0.5767344287272242,0
0.6567222705075577,3.1541251439357976,-0.695981771888179,-1.2258476714090278,-0.9115834940401767,0.646091668153197,0.9702425509371355,-0.23225844725286443,0.7014981422339509,-1.117751051974013,0.9972039090469852,-0.5787359118286177,-0.5738091541336192,1.0959875190286648,-1.0959875190286648,-0.5784279906300535,-0.5776581893550843,-0.5765804684883443,1.733900301750437,0
-0.967721516118292,-1.4228472097266833,-0.35020386455104724,-1.2258476714090278,-0.9115834940401767,-1.5477679860172513,-1.0306701134001208,-1.3837213872897651,1.4128124215220779,-0.3298390132429655,0.9972039090469852,-0.5787359118286177,-0.5738091541336192,1.0959875190286648,-1.0959875190286648,-0.5784279906300535,1.731127539482183,-0.5765804684883443,-0.5767344287272242,0
-0.8952940861413433,-1.23214002832408,0.6871298574603482,0.1205397366340173,0.8077365626180215,-1.5477679860172513,-1.0306701134001208,1.4502557078352485,1.4128124215220779,1.6709263884785712,0.9972039090469852,-0.5787359118286177,-0.5738091541336192,-0.9124191495230389,0.9124191495230393,-0.5784279906300535,-0.5776581893550843,-0.5765804684883443,1.733900301750437,0
0.6049883919525944,0.0074566507928420294,1.03290776479748,-1.2258476714090278,0.8077365626180215,0.646091668153197,-1.0306701134001208,-0.7629624039587485,-0.009816137054176019,1.555838113158306,0.9972039090469852,-0.5787359118286177,-0.5738091541336192,-0.9124191495230389,0.9124191495230393,-0.5784279906300535,1.731127539482183,-0.5765804684883443,-0.5767344287272242,0
-1.040148946095241,0.5795781950006521,1.03290776479748,0.5572898314385462,-0.9115834940401767,-1.5477679860172513,-1.0306701134001208,-0.04289553280416729,-1.43244469563043,-0.7016626719699768,-1.0028039309991141,1.7279038324066063,-0.5738091541336192,1.0959875190286648,-1.0959875190286648,-0.5784279906300535,-0.5776581893550843,-0.5765804684883443,1.733900301750437,1
0.025568952137004615,1.533114102013669,0.6871298574603482,-1.2258476714090278,0.8077365626180215,0.646091668153197,0.9702425509371355,-1.0107045412343718,-0.721130416342303,-0.11294187898554227,-1.0028039309991141,-0.5787359118286177,1.7427397119690018,-0.9124191495230389,0.9124191495230393,-0.5784279906300535,-0.5776581893550843,-0.5765804684883443,1.733900301750437,0
-0.19171333779384153,0.1981638321954454,-0.695981771888179,0.8023941697239005,-0.9115834940401767,-1.5477679860172513,-1.0306701134001208,1.3485914365176703,-0.009816137054176019,-1.2505452158050885,-1.0028039309991141,1.7279038324066063,-0.5738091541336192,-0.9124191495230389,0.9124191495230393,-0.5784279906300535,-0.5776581893550843,1.7343632929879855,-0.5767344287272242,1
-1.4333264231129623,-0.8507256655188732,0.3413519501232164,-1.2258476714090278,0.8077365626180215,0.646091668153197,-1.0306701134001208,-0.19585109634580208,-0.721130416342303,-0.5998538130328189,0.9972039090469852,-0.5787359118286177,-0.5738091541336192,1.0959875190286648,-1.0959875190286648,-0.5784279906300535,1.731127539482183,-0.5765804684883443,-0.5767344287272242,0
-0.367608524880717,-0.8507256655188732,1.378685672134612,-1.2258476714090278,-0.9115834940401767,0.646091668153197,-1.0306701134001208,-0.22157794909141484,-0.009816137054176019,-0.7503538653747044,0.9972039090469852,-0.5787359118286177,-0.5738091541336192,1.0959875190286648,-1.0959875190286648,-0.5784279906300535,-0.5776581893550843,-0.5765804684883443,1.733900301750437,0
-1.3919393202689916,-0.5646648934149681,0.6871298574603482,0.6204044257312926,-0.9115834940401767,0.646091668153197,0.9702425509371355,-1.5456168100160155,0.7014981422339509,1.4894410312427682,0.9972039090469852,-0.5787359118286177,-0.5738091541336192,-0.9124191495230389,0.9124191495230393,1.7288236672481017,-0.5776581893550843,-0.5765804684883443,-0.5767344287272242,0
-1.3608989931360136,0.7702853764032556,0.3413519501232164,1.2951527593091106,0.8077365626180215,-1.5477679860172513,-1.0306701134001208,0.8205554741995548,-1.43244469563043,1.4496027820934454,-1.0028039309991141,-0.5787359118286177,1.7427397119690018,1.0959875190286648,-1.0959875190286648,-0.5784279906300535,-0.5776581893550843,1.7343632929879855,-0.5767344287272242,1
0.6360287190855723,1.3424069206110656,-1.0417596792253108,0.5541392223851793,0.8077365626180215,-1.5477679860172513,-1.0306701134001208,-1.2789274436140396,-0.721130416342303,-1.1575893011233358,-1.0028039309991141,-0.5787359118286177,1.7427397119690018,-0.9124191495230389,0.9124191495230393,-0.5784279906300535,1.731127539482183,-0.5765804684883443,-0.5767344287272242,0
0.035915727847997285,0.10281024149414371,-0.695981771888179,-1.2258476714090278,0.8077365626180215,0.646091668153197,-1.0306701134001208,1.1789544306496977,0.7014981422339509,-0.790192114524027,0.9972039090469852,-0.5787359118286177,-0.5738091541336192,1.0959875190286648,-1.0959875190286648,1.7288236672481017,-0.5776581893550843,-0.5765804684883443,-0.5767344287272242,0
0.33597222346678485,-0.8507256655188732,1.03290776479748,0.5504291069626345,0.8077365626180215,-1.5477679860172513,-1.0306701134001208,-1.3068077502147086,-0.721130416342303,0.40495535995565196,0.9972039090469852,-0.5787359118286177,-0.5738091541336192,-0.9124191495230389,0.9124191495230393,-0.5784279906300535,-0.5776581893550843,1.7343632929879855,-0.5767344287272242,0
0.3152786720447995,0.8656389671045572,1.03290776479748,1.009616352770627,-0.9115834940401767,0.646091668153197,0.9702425509371355,1.1040525270734416,-1.43244469563043,-0.8256038915456472,-1.0028039309991141,1.7279038324066063,-0.5738091541336192,1.0959875190286648,-1.0959875190286648,-0.5784279906300535,1.731127539482183,-0.5765804684883443,-0.5767344287272242,0
0.11868993353593868,-0.8507256655188732,1.378685672134612,-1.2258476714090278,0.8077365626180215,-1.5477679860172513,0.9702425509371355,1.0049901719407146,1.4128124215220779,-0.5644420360111988,-1.0028039309991141,-0.5787359118286177,1.7427397119690018,1.0959875190286648,-1.0959875190286648,-0.5784279906300535,-0.5776581893550843,-0.5765804684883443,1.733900301750437,0
1.9604160100926347,-0.27860412131106305,0.3413519501232164,-1.2258476714090278,0.8077365626180215,0.646091668153197,-1.0306701134001208,0.7177141414200198,-0.721130416342303,-0.7857656423963245,-1.0028039309991141,-0.5787359118286177,1.7427397119690018,1.0959875190286648,-1.0959875190286648,-0.5784279906300535,1.731127539482183,-0.5765804684883443,-0.5767344287272242,0
-0.5952375905225558,-0.08789693990845966,-0.35020386455104724,0.19634090946157692,0.8077365626180215,0.646091668153197,-1.0306701134001208,-0.5750579050044274,1.4128124215220779,1.3433674510285851,-1.0028039309991141,-0.5787359118286177,1.7427397119690018,1.0959875190286648,-1.0959875190286648,-0.5784279906300535,-0.5776581893550843,1.7343632929879855,-0.5767344287272242,0
-1.1125763760721894,-1.3274936190253817,-1.3875375865624426,1.1231817213158424,-0.9115834940401767,-1.5477679860172513,0.9702425509371355,1.0662455354945974,-0.009816137054176019,0.4403671369772721,-1.0028039309991141,1.7279038324066063,-0.5738091541336192,1.0959875190286648,-1.0959875190286648,-0.5784279906300535,-0.5776581893550843,1.7343632929879855,-0.5767344287272242,0
1.8466014772717152,-1.0414328469214764,-0.695981771888179,0.8962300070310184,2.52705661927622,0.646091668153197,-1.0306701134001208,0.08344912119283127,-1.43244469563043,-0.31213312473215543,-1.0028039309991141,1.7279038324066063,-0.5738091541336192,-0.9124191495230389,0.9124191495230393,-0.5784279906300535,-0.5776581893550843,1.7343632929879855,-0.5767344287272242,1
2.063883767202561,0.5795781950006521,-0.004425957213915414,0.4395269630913332,-0.9115834940401767,0.646091668153197,-1.0306701134001208,-0.6956840122090028,1.4128124215220779,-1.3036628813375188,-1.0028039309991141,1.7279038324066063,-0.5738091541336192,1.0959875190286648,-1.0959875190286648,1.7288236672481017,-0.5776581893550843,-0.5765804684883443,-0.5767344287272242,1
1.3706497945660523,0.0074566507928420294,1.378685672134612,-1.2258476714090278,0.8077365626180215,0.646091668153197,-1.0306701134001208,0.759247769753362,0.7014981422339509,-1.3523540747422464,-1.0028039309991141,-0.5787359118286177,1.7427397119690018,-0.9124191495230389,0.9124191495230393,1.7288236672481017,-0.5776581893550843,-0.5765804684883443,-0.5767344287272242,0
0.4290932048657189,-0.27860412131106305,-0.695981771888179,-1.2258476714090278,0.8077365626180215,0.646091668153197,0.9702425509371355,-1.596449728179839,1.4128124215220779,0.7103819367671255,0.9972039090469852,-0.5787359118286177,-0.5738091541336192,1.0959875190286648,-1.0959875190286648,-0.5784279906300535,-0.5776581893550843,-0.5765804684883443,1.733900301750437,0
-0.4917698334126291,0.0074566507928420294,1.378685672134612,0.004548344625539636,-0.9115834940401767,-1.5477679860172513,-1.0306701134001208,-0.9018895650211534,0.7014981422339509,-0.6839567834591667,0.9972039090469852,-0.5787359118286177,-0.5738091541336192,1.0959875190286648,-1.0959875190286648,1.7288236672481017,-0.5776581893550843,-0.5765804684883443,-0.5767344287272242,0
-1.7747700215757207,-0.8507256655188732,0.6871298574603482,1.0814847936340237,0.8077365626180215,0.646091668153197,-1.0306701134001208,-1.012218079861181,0.7014981422339509,-0.4582067049463384,-1.0028039309991141,1.7279038324066063,-0.5738091541336192,1.0959875190286648,-1.0959875190286648,-0.5784279906300535,-0.5776581893550843,-0.5765804684883443,1.733900301750437,0
1.3913433459880375,-0.27860412131106305,-1.0417596792253108,0.37376757529982507,-0.9115834940401767,-1.5477679860172513,0.9702425509371355,-1.0974845234549402,1.4128124215220779,0.7944849071934733,-1.0028039309991141,1.7279038324066063,-0.5738091541336192,1.0959875190286648,-1.0959875190286648,-0.5784279906300535,-0.5776581893550843,1.7343632929879855,-0.5767344287272242,0
0.8843513361493965,-0.9460792562201749,1.378685672134612,-1.2258476714090278,0.8077365626180215,-1.5477679860172513,-1.0306701134001208,1.3226501773925936,-0.721130416342303,0.8121907957042833,0.9972039090469852,-0.5787359118286177,-0.5738091541336192,1.0959875190286648,-1.0959875190286648,-0.5784279906300535,-0.5776581893550843,1.7343632929879855,-0.5767344287272242,0
0.6049883919525944,-0.4693113027136664,-0.35020386455104724,1.1521776460649022,0.8077365626180215,0.646091668153197,0.9702425509371355,-1.36623396477785,1.4128124215220779,0.4182347763387595,-1.0028039309991141,1.7279038324066063,-0.5738091541336192,-0.9124191495230389,0.9124191495230393,-0.5784279906300535,1.731127539482183,-0.5765804684883443,-0.5767344287272242,0
-0.26414076777079026,0.5795781950006521,0.6871298574603482,0.9787683353254278,-0.9115834940401767,-1.5477679860172513,-1.0306701134001208,0.4263341328281707,-0.009816137054176019,0.06854347825026084,0.9972039090469852,-0.5787359118286177,-0.5738091541336192,-0.9124191495230389,0.9124191495230393,-0.5784279906300535,-0.5776581893550843,-0.5765804684883443,1.733900301750437,0
-0.23310044063781224,0.5795781950006521,0.3413519501232164,-0.3657137700201697,-0.9115834940401767,0.646091668153197,-1.0306701134001208,0.2596647338311915,1.4128124215220779,-0.08195657409162466,-1.0028039309991141,1.7279038324066063,-0.5738091541336192,1.0959875190286648,-1.0959875190286648,-0.5784279906300535,-0.5776581893550843,1.7343632929879855,-0.5767344287272242,0
-0.750439226187446,-0.27860412131106305,1.03290776479748,0.8535911661633911,-0.9115834940401767,0.646091668153197,0.9702425509371355,0.7580475809203845,-0.721130416342303,-0.055397741325409575,-1.0028039309991141,1.7279038324066063,-0.5738091541336192,1.0959875190286648,-1.0959875190286648,1.7288236672481017,-0.5776581893550843,-0.5765804684883443,-0.5767344287272242,0
0.2945851206228141,-0.5646648934149681,0.3413519501232164,-1.2258476714090278,0.8077365626180215,0.646091668153197,0.9702425509371355,-0.03607156723294946,1.4128124215220779,-0.37853020664769316,0.9972039090469852,-0.5787359118286177,-0.5738091541336192,1.0959875190286648,-1.0959875190286648,-0.5784279906300535,-0.5776581893550843,1.7343632929879855,-0.5767344287272242,0
-0.7918263290314166,-0.3739577120123647,-0.004425957213915414,1.400302453279942,-0.9115834940401767,0.646091668153197,0.9702425509371355,-1.4775788667127423,1.4128124215220779,0.32085238952930417,-1.0028039309991141,1.7279038324066063,-0.5738091541336192,-0.9124191495230389,0.9124191495230393,-0.5784279906300535,-0.5776581893550843,1.7343632929879855,-0.5767344287272242,0
0.7601900276174844,0.1981638321954454,-0.35020386455104724,1.064110125495994,2.52705661927622,-1.5477679860172513,-1.0306701134001208,1.4859068110989295,1.4128124215220779,1.3212350903900725,-1.0028039309991141,-0.5787359118286177,1.7427397119690018,1.0959875190286648,-1.0959875190286648,-0.5784279906300535,-0.5776581893550843,-0.5765804684883443,1.733900301750437,1
-0.20206011350483422,-0.6600184841162697,1.7244635794717436,-1.2258476714090278,0.8077365626180215,-1.5477679860172513,0.9702425509371355,1.6737334073298118,-0.009816137054176019,-0.22360368217810514,0.9972039090469852,-0.5787359118286177,-0.5738091541336192,-0.9124191495230389,0.9124191495230393,-0.5784279906300535,-0.5776581893550843,-0.5765804684883443,1.733900301750437,0
0.3773593263107555,3.1541251439357976,1.378685672134612,-1.2258476714090278,-0.9115834940401767,-1.5477679860172513,0.9702425509371355,-0.5262057679180379,1.4128124215220779,-1.5426923762334546,0.9972039090469852,-0.5787359118286177,-0.5738091541336192,1.0959875190286648,-1.0959875190286648,-0.5784279906300535,1.731127539482183,-0.5765804684883443,-0.5767344287272242,0
-0.21240688921582687,-1.0414328469214764,-1.3875375865624426,-1.2258476714090278,0.8077365626180215,0.646091668153197,0.9702425509371355,0.5769242705953929,-0.009816137054176019,0.5997201335745627,0.9972039090469852,-0.5787359118286177,-0.5738091541336192,1.0959875190286648,-1.0959875190286648,-0.5784279906300535,1.731127539482183,-0.5765804684883443,-0.5767344287272242,0
-1.5781812830668598,3.2494787346370995,-1.0417596792253108,1.5026345815188478,0.8077365626180215,0.646091668153197,0.9702425509371355,1.1358098852852476,-0.721130416342303,-0.2988537083490479,0.9972039090469852,-0.5787359118286177,-0.5738091541336192,-0.9124191495230389,0.9124191495230393,-0.5784279906300535,1.731127539482183,-0.5765804684883443,-0.5767344287272242,0
-0.8332134318753873,0.0074566507928420294,1.7244635794717436,0.852465902852592,0.8077365626180215,0.646091668153197,-1.0306701134001208,-0.33974420824740975,-0.009816137054176019,0.5156171631482148,0.9972039090469852,-0.5787359118286177,-0.5738091541336192,-0.9124191495230389,0.9124191495230393,1.7288236672481017,-0.5776581893550843,-0.5765804684883443,-0.5767344287272242,0
-1.5264474045118965,-0.27860412131106305,1.378685672134612,-1.2258476714090278,0.8077365626180215,0.646091668153197,0.9702425509371355,-1.4574690089950701,1.4128124215220779,1.3699262837948,-1.0028039309991141,-0.5787359118286177,1.7427397119690018,1.0959875190286648,-1.0959875190286648,-0.5784279906300535,-0.5776581893550843,-0.5765804684883443,1.733900301750437,0
0.004875400715019266,-0.27860412131106305,0.6871298574603482,-1.2258476714090278,0.8077365626180215,0.646091668153197,-1.0306701134001208,-1.498791534859094,-1.43244469563043,-0.2722948755828328,0.9972039090469852,-0.5787359118286177,-0.5738091541336192,-0.9124191495230389,0.9124191495230393,-0.5784279906300535,1.731127539482183,-0.5765804684883443,-0.5767344287272242,0
-0.3572617491697243,-1.0414328469214764,1.7244635794717436,0.4597873121738067,-0.9115834940401767,-1.5477679860172513,0.9702425509371355,-1.2216619862862765,-1.43244469563043,1.507146919753578,-1.0028039309991141,1.7279038324066063,-0.5738091541336192,1.0959875190286648,-1.0959875190286648,-0.5784279906300535,-0.5776581893550843,-0.5765804684883443,1.733900301750437,1
-1.6195683859108305,-1.3274936190253817,0.3413519501232164,-1.2258476714090278,0.8077365626180215,-1.5477679860172513,0.9702425509371355,0.17211372331658895,-1.43244469563043,-1.0203686651645578,0.9972039090469852,-0.5787359118286177,-0.5738091541336192,-0.9124191495230389,0.9124191495230393,-0.5784279906300535,-0.5776581893550843,1.7343632929879855,-0.5767344287272242,0
-0.336568197747739,-1.7089079818305883,-1.0417596792253108,0.7884840817011738,-0.9115834940401767,-1.5477679860172513,-1.0306701134001208,-0.7360457957806184,-1.43244469563043,0.7812054908103657,0.9972039090469852,-0.5787359118286177,-0.5738091541336192,1.0959875190286648,-1.0959875190286648,-0.5784279906300535,-0.5776581893550843,1.7343632929879855,-0.5767344287272242,0
0.584294840530609,-0.3739577120123647,-0.695981771888179,-0.3175196126906538,-0.9115834940401767,0.646091668153197,-1.0306701134001208,-1.427686345710429,0.7014981422339509,1.0556467627279216,-1.0028039309991141,-0.5787359118286177,1.7427397119690018,1.0959875190286648,-1.0959875190286648,1.7288236672481017,-0.5776581893550843,-0.5765804684883443,-0.5767344287272242,1
-0.905640861852336,-0.6600184841162697,0.3413519501232164,-1.2258476714090278,0.8077365626180215,0.646091668153197,0.9702425509371355,-1.397556771860475,0.7014981422339509,-0.14392718387945988,-1.0028039309991141,-0.5787359118286177,1.7427397119690018,-0.9124191495230389,0.9124191495230393,-0.5784279906300535,-0.5776581893550843,-0.5765804684883443,1.733900301750437,0
0.5429077376866382,-1.0414328469214764,1.378685672134612,-1.2258476714090278,0.8077365626180215,-1.5477679860172513,0.9702425509371355,-1.7030625613358523,-1.43244469563043,-0.6396920621821415,0.9972039090469852,-0.5787359118286177,-0.5738091541336192,-0.9124191495230389,0.9124191495230393,-0.5784279906300535,-0.5776581893550843,-0.5765804684883443,1.733900301750437,0
-0.026164926417958756,0.1981638321954454,-0.004425957213915414,0.7462754084344844,-0.9115834940401767,-1.5477679860172513,0.9702425509371355,-1.6523633645879316,-0.009816137054176019,1.5027204476258755,-1.0028039309991141,1.7279038324066063,-0.5738091541336192,-0.9124191495230389,0.9124191495230393,1.7288236672481017,-0.5776581893550843,-0.5765804684883443,-0.5767344287272242,0
-0.11928590781689281,-0.08789693990845966,-0.004425957213915414,-1.2258476714090278,0.8077365626180215,-1.5477679860172513,-1.0306701134001208,-0.11083505436309592,-0.721130416342303,-0.2988537083490479,0.9972039090469852,-0.5787359118286177,-0.5738091541336192,1.0959875190286648,-1.0959875190286648,-0.5784279906300535,-0.5776581893550843,1.7343632929879855,-0.5767344287272242,0
-0.026164926417958756,-0.5646648934149681,-0.004425957213915414,0.9965391935936806,-0.9115834940401767,0.646091668153197,-1.0306701134001208,-1.234861976768939,-1.43244469563043,-0.9008539177165898,-1.0028039309991141,1.7279038324066063,-0.5738091541336192,-0.9124191495230389,0.9124191495230393,-0.5784279906300535,-0.5776581893550843,1.7343632929879855,-0.5767344287272242,0
-0.8021731047424093,-0.7553720748175714,-1.0417596792253108,-1.2258476714090278,0.8077365626180215,0.646091668153197,0.9702425509371355,-0.1414221328232449,-0.009816137054176019,0.09952878314417844,0.9972039090469852,-0.5787359118286177,-0.5738091541336192,-0.9124191495230389,0.9124191495230393,-0.5784279906300535,-0.5776581893550843,1.7343632929879855,-0.5767344287272242,0
0.6360287190855723,-1.1367864376227783,1.03290776479748,0.588007708760064,0.8077365626180215,0.646091668153197,-1.0306701134001208,0.8202624695366211,0.7014981422339509,0.06854347825026084,-1.0028039309991141,1.7279038324066063,-0.5738091541336192,-0.9124191495230389,0.9124191495230393,-0.5784279906300535,1.731127539482183,-0.5765804684883443,-0.5767344287272242,0
1.5879320844968983,3.058771553234496,1.03290776479748,-1.2258476714090278,0.8077365626180215,-1.5477679860172513,0.9702425509371355,0.8330326039203096,1.4128124215220779,-0.6706773670760591,0.9972039090469852,-0.5787359118286177,-0.5738091541336192,1.0959875190286648,-1.0959875190286648,-0.5784279906300535,-0.5776581893550843,-0.5765804684883443,1.733900301750437,0
0.5118674105536603,0.10281024149414371,-1.0417596792253108,-1.2258476714090278,0.8077365626180215,0.646091668153197,-1.0306701134001208,1.7330526795382328,1.4128124215220779,0.21019058633674131,-1.0028039309991141,-0.5787359118286177,1.7427397119690018,1.0959875190286648,-1.0959875190286648,-0.5784279906300535,-0.5776581893550843,-0.5765804684883443,1.733900301750437,0
-1.567834507355867,0.2935174228967471,-1.7333154938995745,1.1331478583982264,-0.9115834940401767,0.646091668153197,0.9702425509371355,-1.481913249044067,1.4128124215220779,0.24560236335836144,-1.0028039309991141,-0.5787359118286177,1.7427397119690018,1.0959875190286648,-1.0959875190286648,-0.5784279906300535,-0.5776581893550843,-0.5765804684883443,1.733900301750437,1
0.01522217642601194,0.2935174228967471,-0.695981771888179,0.11228882073838307,0.8077365626180215,0.646091668153197,-1.0306701134001208,-1.081180596335266,-1.43244469563043,-1.1664422453787409,-1.0028039309991141,-0.5787359118286177,1.7427397119690018,1.0959875190286648,-1.0959875190286648,-0.5784279906300535,-0.5776581893550843,1.7343632929879855,-0.5767344287272242,0
2.063883767202561,-0.6600184841162697,-1.0417596792253108,0.8360075045262467,0.8077365626180215,-1.5477679860172513,-1.0306701134001208,-0.7942262623287711,-0.721130416342303,0.002146396334723121,-1.0028039309991141,1.7279038324066063,-0.5738091541336192,-0.9124191495230389,0.9124191495230393,-0.5784279906300535,-0.5776581893550843,-0.5765804684883443,1.733900301750437,0
-0.4400359548576657,0.2935174228967471,-0.004425957213915414,-1.2258476714090278,0.8077365626180215,0.646091668153197,-1.0306701134001208,1.3635419777076048,0.7014981422339509,-0.9008539177165898,0.9972039090469852,-0.5787359118286177,-0.5738091541336192,-0.9124191495230389,0.9124191495230393,1.7288236672481017,-0.5776581893550843,-0.5765804684883443,-0.5767344287272242,0
-1.5471409559338818,0.38887101359804876,0.3413519501232164,0.4495179421924006,-0.9115834940401767,-1.5477679860172513,-1.0306701134001208,-0.3298110893389505,-0.721130416342303,0.5156171631482148,-1.0028039309991141,-0.5787359118286177,1.7427397119690018,-0.9124191495230389,0.9124191495230393,1.7288236672481017,-0.5776581893550843,-0.5765804684883443,-0.5767344287272242,1
-1.536794180222889,-0.5646648934149681,1.03290776479748,-1.2258476714090278,0.8077365626180215,0.646091668153197,0.9702425509371355,0.4072290115748486,0.7014981422339509,0.48905833038199975,0.9972039090469852,-0.5787359118286177,-0.5738091541336192,-0.9124191495230389,0.9124191495230393,1.7288236672481017,-0.5776581893550843,-0.5765804684883443,-0.5767344287272242,0
0.7912303547504624,0.38887101359804876,-1.0417596792253108,0.3352436946237323,-0.9115834940401767,0.646091668153197,0.9702425509371355,0.12737060711157638,-1.43244469563043,0.024278756973235695,-1.0028039309991141,-0.5787359118286177,1.7427397119690018,-0.9124191495230389,0.9124191495230393,-0.5784279906300535,1.731127539482183,-0.5765804684883443,-0.5767344287272242,1
-0.781479553320424,0.10281024149414371,-0.004425957213915414,-1.2258476714090278,0.8077365626180215,0.646091668153197,0.9702425509371355,0.3894849274116043,-0.009816137054176019,-1.573677681127372,0.9972039090469852,-0.5787359118286177,-0.5738091541336192,-0.9124191495230389,0.9124191495230393,-0.5784279906300535,-0.5776581893550843,1.7343632929879855,-0.5767344287272242,0
0.5015206348426676,1.3424069206110656,-0.35020386455104724,-1.2258476714090278,0.8077365626180215,-1.5477679860172513,0.9702425509371355,0.1950652915396976,-1.43244469563043,-0.4139419836693133,0.9972039090469852,-0.5787359118286177,-0.5738091541336192,-0.9124191495230389,0.9124191495230393,-0.5784279906300535,-0.5776581893550843,1.7343632929879855,-0.5767344287272242,0
-0.6573182447885119,-0.3739577120123647,-0.004425957213915414,0.7272736682082572,-0.9115834940401767,0.646091668153197,0.9702425509371355,-1.3321461326831738,-0.721130416342303,-1.5338394319780495,-1.0028039309991141,1.7279038324066063,-0.5738091541336192,-0.9124191495230389,0.9124191495230393,1.7288236672481017,-0.5776581893550843,-0.5765804684883443,-0.5767344287272242,1
0.9671255418373379,0.48422460429935044,-0.004425957213915414,0.7078980155330776,-0.9115834940401767,0.646091668153197,-1.0306701134001208,-0.3095142998630268,0.7014981422339509,0.8121907957042833,-1.0028039309991141,-0.5787359118286177,1.7427397119690018,-0.9124191495230389,0.9124191495230393,1.7288236672481017,-0.5776581893550843,-0.5765804684883443,-0.5767344287272242,0
1.7431337201617885,-0.3739577120123647,-1.3875375865624426,-1.2258476714090278,0.8077365626180215,-1.5477679860172513,0.9702425509371355,-1.6816067949587703,-1.43244469563043,-0.37853020664769316,0.9972039090469852,-0.5787359118286177,-0.5738091541336192,-0.9124191495230389,0.9124191495230393,-0.5784279906300535,1.731127539482183,-0.5765804684883443,-0.5767344287272242,0
-1.412632871690977,0.38887101359804876,-1.3875375865624426,0.30564370814295294,-0.9115834940401767,-1.5477679860172513,0.9702425509371355,1.7247061330598068,0.7014981422339509,0.7413672416610431,-1.0028039309991141,1.7279038324066063,-0.5738091541336192,-0.9124191495230389,0.9124191495230393,-0.5784279906300535,1.731127539482183,-0.5765804684883443,-0.5767344287272242,1
-1.1953505817601309,-0.08789693990845966,1.03290776479748,0.8172118729195451,-0.9115834940401767,-1.5477679860172513,-1.0306701134001208,-0.683639520827345,-0.721130416342303,0.7900584350657708,-1.0028039309991141,1.7279038324066063,-0.5738091541336192,-0.9124191495230389,0.9124191495230393,-0.5784279906300535,-0.5776581893550843,-0.5765804684883443,1.733900301750437,1
-0.05720525355093678,-1.4228472097266833,-0.695981771888179,-0.6721460005061486,-0.9115834940401767,0.646091668153197,0.9702425509371355,-1.5380931110539109,-0.721130416342303,-0.11294187898554227,0.9972039090469852,-0.5787359118286177,-0.5738091541336192,1.0959875190286648,-1.0959875190286648,-0.5784279906300535,-0.5776581893550843,-0.5765804684883443,1.733900301750437,0
0.9774723175483306,1.9145284648188758,1.03290776479748,-1.2258476714090278,-0.9115834940401767,0.646091668153197,0.9702425509371355,-1.1122919531685571,-0.721130416342303,1.5159998640089831,-1.0028039309991141,-0.5787359118286177,1.7427397119690018,1.0959875190286648,-1.0959875190286648,1.7288236672481017,-0.5776581893550843,-0.5765804684883443,-0.5767344287272242,0
2.001803112936605,-0.9460792562201749,1.03290776479748,-1.2258476714090278,0.8077365626180215,-1.5477679860172513,-1.0306701134001208,0.8216614146483724,-0.009816137054176019,0.8874408218752261,0.9972039090469852,-0.5787359118286177,-0.5738091541336192,1.0959875190286648,-1.0959875190286648,-0.5784279906300535,-0.5776581893550843,1.7343632929879855,-0.5767344287272242,0
0.8533110090164185,0.8656389671045572,-0.004425957213915414,-1.2258476714090278,-0.9115834940401767,-1.5477679860172513,0.9702425509371355,0.3084866140562456,-1.43244469563043,0.29872002889079163,0.9972039090469852,-0.5787359118286177,-0.5738091541336192,-0.9124191495230389,0.9124191495230393,1.7288236672481017,-0.5776581893550843,-0.5765804684883443,-0.5767344287272242,0
-0.22275366492681956,-0.3739577120123647,1.03290776479748,0.574490765716883,-0.9115834940401767,0.646091668153197,0.9702425509371355,-0.15805245148732625,-0.009816137054176019,-0.22360368217810514,-1.0028039309991141,1.7279038324066063,-0.5738091541336192,-0.9124191495230389,0.9124191495230393,-0.5784279906300535,1.731127539482183,-0.5765804684883443,-0.5767344287272242,0
-0.6055843662335485,-0.3739577120123647,0.3413519501232164,0.0608913251674569,-0.9115834940401767,0.646091668153197,-1.0306701134001208,-0.47665841858096075,1.4128124215220779,0.2057641142090388,-1.0028039309991141,-0.5787359118286177,1.7427397119690018,-0.9124191495230389,0.9124191495230393,1.7288236672481017,-0.5776581893550843,-0.5765804684883443,-0.5767344287272242,1
-0.12963268352788548,-0.9460792562201749,1.378685672134612,0.43163970229500154,-0.9115834940401767,0.646091668153197,0.9702425509371355,-1.4737845867452586,0.7014981422339509,-0.506897898351066,0.9972039090469852,-0.5787359118286177,-0.5738091541336192,1.0959875190286648,-1.0959875190286648,-0.5784279906300535,-0.5776581893550843,-0.5765804684883443,1.733900301750437,0
0.6360287190855723,0.8656389671045572,1.03290776479748,-1.2258476714090278,0.8077365626180215,0.646091668153197,-1.0306701134001208,1.4458100358990114,-0.721130416342303,1.4009115886887178,-1.0028039309991141,-0.5787359118286177,1.7427397119690018,1.0959875190286648,-1.0959875190286648,-0.5784279906300535,-0.5776581893550843,-0.5765804684883443,1.733900301750437,0
-0.4710762819906437,-0.27860412131106305,0.6871298574603482,0.8389127385434602,-0.9115834940401767,0.646091668153197,-1.0306701134001208,1.5736758796831571,-0.721130416342303,1.2061468150698071,0.9972039090469852,-0.5787359118286177,-0.5738091541336192,-0.9124191495230389,0.9124191495230393,-0.5784279906300535,-0.5776581893550843,-0.5765804684883443,1.733900301750437,0
0.5946416162416017,0.6749317857019538,0.6871298574603482,-0.12318707164758867,-0.9115834940401767,0.646091668153197,0.9702425509371355,-1.0500539371812996,1.4128124215220779,-1.4143246845300816,-1.0028039309991141,-0.5787359118286177,1.7427397119690018,-0.9124191495230389,0.9124191495230393,-0.5784279906300535,-0.5776581893550843,1.7343632929879855,-0.5767344287272242,0
-0.7711327776094312,-1.0414328469214764,-1.3875375865624426,0.6867680355256084,0.8077365626180215,-1.5477679860172513,0.9702425509371355,-0.7149207681981353,-1.43244469563043,-0.0642506855808146,-1.0028039309991141,1.7279038324066063,-0.5738091541336192,-0.9124191495230389,0.9124191495230393,-0.5784279906300535,1.731127539482183,-0.5765804684883443,-0.5767344287272242,0
2.063883767202561,-0.8507256655188732,-0.004425957213915414,0.7488613824438481,0.8077365626180215,0.646091668153197,0.9702425509371355,0.036343535343536564,0.7014981422339509,0.6307054384684803,-1.0028039309991141,1.7279038324066063,-0.5738091541336192,-0.9124191495230389,0.9124191495230393,1.7288236672481017,-0.5776581893550843,-0.5765804684883443,-0.5767344287272242,0
-0.22275366492681956,-0.18325053060976135,0.3413519501232164,0.8432729135000603,-0.9115834940401767,0.646091668153197,0.9702425509371355,-1.3236317823473407,-1.43244469563043,-1.2239863830388735,0.9972039090469852,-0.5787359118286177,-0.5738091541336192,1.0959875190286648,-1.0959875190286648,1.7288236672481017,-0.5776581893550843,-0.5765804684883443,-0.5767344287272242,0
-0.5124633848346144,-1.23214002832408,0.6871298574603482,0.4652477481514345,0.8077365626180215,0.646091668153197,-1.0306701134001208,-0.8697917301743181,1.4128124215220779,-0.3608243181368831,-1.0028039309991141,1.7279038324066063,-0.5738091541336192,1.0959875190286648,-1.0959875190286648,-0.5784279906300535,1.731127539482183,-0.5765804684883443,-0.5767344287272242,0
-1.2988183388700576,2.0098820555201775,0.6871298574603482,-1.2258476714090278,0.8077365626180215,-1.5477679860172513,0.9702425509371355,1.1814897469616095,-1.43244469563043,1.2769703691130474,-1.0028039309991141,-0.5787359118286177,1.7427397119690018,1.0959875190286648,-1.0959875190286648,-0.5784279906300535,1.731127539482183,-0.5765804684883443,-0.5767344287272242,0
0.8533110090164185,0.48422460429935044,0.3413519501232164,1.4693645473875925,-0.9115834940401767,-1.5477679860172513,0.9702425509371355,1.6885284908528835,-0.721130416342303,-1.6887659564476376,0.9972039090469852,-0.5787359118286177,-0.5738091541336192,1.0959875190286648,-1.0959875190286648,-0.5784279906300535,-0.5776581893550843,-0.5765804684883443,1.733900301750437,0
1.7431337201617885,-0.08789693990845966,1.378685672134612,0.7348168269780562,0.8077365626180215,0.646091668153197,0.9702425509371355,1.415763755362734,-1.43244469563043,-0.09080951834702969,0.9972039090469852,-0.5787359118286177,-0.5738091541336192,-0.9124191495230389,0.9124191495230393,-0.5784279906300535,-0.5776581893550843,-0.5765804684883443,1.733900301750437,0
0.11868993353593868,-0.7553720748175714,-0.695981771888179,-1.2258476714090278,0.8077365626180215,-1.5477679860172513,0.9702425509371355,-1.2582540083814904,-0.721130416342303,-1.6179424024043974,0.9972039090469852,-0.5787359118286177,-0.5738091541336192,-0.9124191495230389,0.9124191495230393,-0.5784279906300535,-0.5776581893550843,-0.5765804684883443,1.733900301750437,0
1.2051013831901694,-1.4228472097266833,-0.004425957213915414,-1.2258476714090278,0.8077365626180215,0.646091668153197,0.9702425509371355,-0.5676533206975805,0.7014981422339509,1.29910272975156,-1.0028039309991141,-0.5787359118286177,1.7427397119690018,1.0959875190286648,-1.0959875190286648,-0.5784279906300535,1.731127539482183,-0.5765804684883443,-0.5767344287272242,0
-0.4710762819906437,-0.3739577120123647,0.3413519501232164,-1.2258476714090278,0.8077365626180215,0.646091668153197,0.9702425509371355,-0.9543721776877964,-0.009816137054176019,-1.6179424024043974,0.9972039090469852,-0.5787359118286177,-0.5738091541336192,-0.9124191495230389,0.9124191495230393,-0.5784279906300535,-0.5776581893550843,-0.5765804684883443,1.733900301750437,0
1.0498997475252794,-0.9460792562201749,-0.35020386455104724,0.8499031681510286,-0.9115834940401767,0.646091668153197,0.9702425509371355,0.04938858982936034,-0.721130416342303,-0.6972361998422743,-1.0028039309991141,1.7279038324066063,-0.5738091541336192,-0.9124191495230389,0.9124191495230393,-0.5784279906300535,-0.5776581893550843,1.7343632929879855,-0.5767344287272242,0
0.5429077376866382,0.10281024149414371,0.6871298574603482,-1.2258476714090278,0.8077365626180215,-1.5477679860172513,0.9702425509371355,0.3900050324245624,0.7014981422339509,-0.17933896090107998,0.9972039090469852,-0.5787359118286177,-0.5738091541336192,1.0959875190286648,-1.0959875190286648,-0.5784279906300535,1.731127539482183,-0.5765804684883443,-0.5767344287272242,0
-0.2537939920597976,0.8656389671045572,-1.0417596792253108,-1.2258476714090278,0.8077365626180215,0.646091668153197,0.9702425509371355,-0.07469027736762399,-0.009816137054176019,0.3341318059124117,-1.0028039309991141,-0.5787359118286177,1.7427397119690018,1.0959875190286648,-1.0959875190286648,1.7288236672481017,-0.5776581893550843,-0.5765804684883443,-0.5767344287272242,0
0.09799638211395333,-0.4693113027136664,-1.3875375865624426,-1.2258476714090278,0.8077365626180215,0.646091668153197,-1.0306701134001208,-1.5719249770572883,-0.009816137054176019,1.0910585397495418,0.9972039090469852,-0.5787359118286177,-0.5738091541336192,-0.9124191495230389,0.9124191495230393,1.7288236672481017,-0.5776581893550843,-0.5765804684883443,-0.5767344287272242,0
1.598278860207891,-0.7553720748175714,-0.35020386455104724,-1.2258476714090278,0.8077365626180215,0.646091668153197,-1.0306701134001208,-1.6570347457541317,-0.721130416342303,1.1353232610265669,0.9972039090469852,-0.5787359118286177,-0.5738091541336192,1.0959875190286648,-1.0959875190286648,-0.5784279906300535,-0.5776581893550843,1.7343632929879855,-0.5767344287272242,0
0.2842383449118215,-1.6135543911292867,-0.35020386455104724,1.576538625474462,-0.9115834940401767,0.646091668153197,0.9702425509371355,-1.2509852321706383,-0.009816137054176019,-1.210706966655766,0.9972039090469852,-0.5787359118286177,-0.5738091541336192,1.0959875190286648,-1.0959875190286648,-0.5784279906300535,-0.5776581893550843,1.7343632929879855,-0.5767344287272242,0
-0.5021166091236218,-0.5646648934149681,1.03290776479748,-1.2258476714090278,0.8077365626180215,0.646091668153197,0.9702425509371355,0.22324868842374535,0.7014981422339509,0.9139996546414412,0.9972039090469852,-0.5787359118286177,-0.5738091541336192,1.0959875190286648,-1.0959875190286648,-0.5784279906300535,-0.5776581893550843,-0.5765804684883443,1.733900301750437,0
-1.795463572997706,-0.27860412131106305,-0.695981771888179,0.6605568209353768,-0.9115834940401767,-1.5477679860172513,-1.0306701134001208,-0.4529528632845702,-0.009816137054176019,0.7457937137887456,-1.0028039309991141,1.7279038324066063,-0.5738091541336192,1.0959875190286648,-1.0959875190286648,-0.5784279906300535,1.731127539482183,-0.5765804684883443,-0.5767344287272242,0
-1.412632871690977,-0.08789693990845966,-0.35020386455104724,0.5728808426351315,-0.9115834940401767,0.646091668153197,-1.0306701134001208,-1.4497754194954662,-1.43244469563043,-1.1974275502726583,0.9972039090469852,-0.5787359118286177,-0.5738091541336192,-0.9124191495230389,0.9124191495230393,-0.5784279906300535,1.731127539482183,-0.5765804684883443,-0.5767344287272242,1
-1.5988748344888453,-0.6600184841162697,-0.35020386455104724,0.8231513591800356,-0.9115834940401767,0.646091668153197,-1.0306701134001208,-0.5846362882972284,0.7014981422339509,-0.41836845579701576,0.9972039090469852,-0.5787359118286177,-0.5738091541336192,-0.9124191495230389,0.9124191495230393,-0.5784279906300535,-0.5776581893550843,-0.5765804684883443,1.733900301750437,0
-1.350552217425021,0.5795781950006521,-1.3875375865624426,0.7468712963407015,-0.9115834940401767,0.646091668153197,0.9702425509371355,-1.0267829330140905,-1.43244469563043,0.8387496284704984,-1.0028039309991141,1.7279038324066063,-0.5738091541336192,1.0959875190286648,-1.0959875190286648,-0.5784279906300535,-0.5776581893550843,1.7343632929879855,-0.5767344287272242,1
1.215448158901162,-1.23214002832408,-0.004425957213915414,-0.40660180951944946,-0.9115834940401767,0.646091668153197,0.9702425509371355,-0.5153308607280069,0.7014981422339509,1.7063381655001912,0.9972039090469852,-0.5787359118286177,-0.5738091541336192,1.0959875190286648,-1.0959875190286648,-0.5784279906300535,-0.5776581893550843,1.7343632929879855,-0.5767344287272242,1
0.9050448875713819,0.48422460429935044,-1.0417596792253108,-1.2258476714090278,0.8077365626180215,0.646091668153197,-1.0306701134001208,-0.9924149641170488,1.4128124215220779,-0.2678684034551303,-1.0028039309991141,-0.5787359118286177,1.7427397119690018,-0.9124191495230389,0.9124191495230393,-0.5784279906300535,-0.5776581893550843,1.7343632929879855,-0.5767344287272242,1
1.6086256359188837,-1.9949687539344934,-0.695981771888179,-1.2258476714090278,0.8077365626180215,0.646091668153197,0.9702425509371355,-0.22772113528258237,-0.721130416342303,0.714808408894828,-1.0028039309991141,-0.5787359118286177,1.7427397119690018,-0.9124191495230389,0.9124191495230393,-0.5784279906300535,1.731127539482183,-0.5765804684883443,-0.5767344287272242,0
-0.0468584778399441,-0.3739577120123647,0.3413519501232164,0.12085995826839646,-0.9115834940401767,-1.5477679860172513,0.9702425509371355,1.1157730613707992,-0.009816137054176019,0.12608761591039352,0.9972039090469852,-0.5787359118286177,-0.5738091541336192,-0.9124191495230389,0.9124191495230393,-0.5784279906300535,-0.5776581893550843,-0.5765804684883443,1.733900301750437,0
-1.474713525956933,-1.3274936190253817,-1.0417596792253108,0.5595006108302515,-0.9115834940401767,-1.5477679860172513,0.9702425509371355,-0.9023705447823844,1.4128124215220779,-1.1930010781449558,0.9972039090469852,-0.5787359118286177,-0.5738091541336192,1.0959875190286648,-1.0959875190286648,-0.5784279906300535,-0.5776581893550843,1.7343632929879855,-0.5767344287272242,0
-0.5848908148115631,-1.9949687539344934,-1.3875375865624426,0.9008652071751038,-0.9115834940401767,0.646091668153197,-1.0306701134001208,1.1754846294365366,-0.009816137054176019,-1.254971687932791,-1.0028039309991141,1.7279038324066063,-0.5738091541336192,-0.9124191495230389,0.9124191495230393,-0.5784279906300535,-0.5776581893550843,-0.5765804684883443,1.733900301750437,0
0.32562544775579216,-0.9460792562201749,0.3413519501232164,0.39309498637743284,-0.9115834940401767,-1.5477679860172513,-1.0306701134001208,-1.173763635891988,0.7014981422339509,1.462882198476553,-1.0028039309991141,1.7279038324066063,-0.5738091541336192,1.0959875190286648,-1.0959875190286648,-0.5784279906300535,1.731127539482183,-0.5765804684883443,-0.5767344287272242,1
0.615335167663587,-0.3739577120123647,-1.3875375865624426,0.4813362408060344,-0.9115834940401767,0.646091668153197,0.9702425509371355,0.48448486418501097,0.7014981422339509,1.471735142731958,-1.0028039309991141,-0.5787359118286177,1.7427397119690018,-0.9124191495230389,0.9124191495230393,-0.5784279906300535,-0.5776581893550843,1.7343632929879855,-0.5767344287272242,0
0.08764960640296066,-0.7553720748175714,0.6871298574603482,1.1721424552605912,0.8077365626180215,0.646091668153197,0.9702425509371355,0.07726402750981406,1.4128124215220779,-0.8388833079287547,-1.0028039309991141,-0.5787359118286177,1.7427397119690018,-0.9124191495230389,0.9124191495230393,-0.5784279906300535,-0.5776581893550843,-0.5765804684883443,1.733900301750437,0
0.21181091493487275,-0.9460792562201749,-0.695981771888179,-1.2258476714090278,0.8077365626180215,0.646091668153197,-1.0306701134001208,1.0077425029822058,-1.43244469563043,-0.22360368217810514,0.9972039090469852,-0.5787359118286177,-0.5738091541336192,1.0959875190286648,-1.0959875190286648,1.7288236672481017,-0.5776581893550843,-0.5765804684883443,-0.5767344287272242,0
-0.10893913210590014,0.48422460429935044,0.6871298574603482,0.5665195228702936,-0.9115834940401767,0.646091668153197,-1.0306701134001208,-0.5718807606741845,-0.009816137054176019,-1.1133245798463105,0.9972039090469852,-0.5787359118286177,-0.5738091541336192,-0.9124191495230389,0.9124191495230393,-0.5784279906300535,-0.5776581893550843,1.7343632929879855,-0.5767344287272242,0
-1.3919393202689916,0.6749317857019538,-1.3875375865624426,0.4561608582593427,-0.9115834940401767,0.646091668153197,-1.0306701134001208,0.2729900990093884,1.4128124215220779,0.258881779741469,0.9972039090469852,-0.5787359118286177,-0.5738091541336192,1.0959875190286648,-1.0959875190286648,1.7288236672481017,-0.5776581893550843,-0.5765804684883443,-0.5767344287272242,1
-0.015818150706966082,-0.18325053060976135,1.03290776479748,0.6130588812133401,-0.9115834940401767,0.646091668153197,0.9702425509371355,0.11416992106888289,-1.43244469563043,-0.9982363045260452,-1.0028039309991141,1.7279038324066063,-0.5738091541336192,1.0959875190286648,-1.0959875190286648,1.7288236672481017,-0.5776581893550843,-0.5765804684883443,-0.5767344287272242,1
-1.3608989931360136,-1.7089079818305883,-1.3875375865624426,1.1193922717045997,0.8077365626180215,0.646091668153197,0.9702425509371355,1.6480778494873456,1.4128124215220779,-0.9229862783551025,0.9972039090469852,-0.5787359118286177,-0.5738091541336192,1.0959875190286648,-1.0959875190286648,-0.5784279906300535,-0.5776581893550843,1.7343632929879855,-0.5767344287272242,0
1.0498997475252794,-0.27860412131106305,-1.3875375865624426,0.16591360362310692,-0.9115834940401767,0.646091668153197,0.9702425509371355,0.0902543066432201,1.4128124215220779,0.03755817335634324,0.9972039090469852,-0.5787359118286177,-0.5738091541336192,1.0959875190286648,-1.0959875190286648,-0.5784279906300535,-0.5776581893550843,-0.5765804684883443,1.733900301750437,0
1.1016336260802426,-0.8507256655188732,0.3413519501232164,0.45906384848132026,0.8077365626180215,0.646091668153197,0.9702425509371355,-0.6454468412114762,-0.721130416342303,1.1707350380481871,-1.0028039309991141,1.7279038324066063,-0.5738091541336192,-0.9124191495230389,0.9124191495230393,1.7288236672481017,-0.5776581893550843,-0.5765804684883443,-0.5767344287272242,0
-0.8539069832973727,-1.0414328469214764,-1.3875375865624426,0.8142314717619293,-0.9115834940401767,-1.5477679860172513,-1.0306701134001208,-0.9473306757169764,0.7014981422339509,-1.6445012351706123,-1.0028039309991141,-0.5787359118286177,1.7427397119690018,-0.9124191495230389,0.9124191495230393,-0.5784279906300535,1.731127539482183,-0.5765804684883443,-0.5767344287272242,0
-0.7400924504764532,0.1981638321954454,-1.7333154938995745,1.045989876255295,-0.9115834940401767,-1.5477679860172513,0.9702425509371355,-1.580463845884204,-0.721130416342303,-0.019985964303789454,-1.0028039309991141,1.7279038324066063,-0.5738091541336192,-0.9124191495230389,0.9124191495230393,-0.5784279906300535,-0.5776581893550843,1.7343632929879855,-0.5767344287272242,0
-0.7607860018984386,-0.3739577120123647,-0.35020386455104724,0.5075721371438608,-0.9115834940401767,0.646091668153197,-1.0306701134001208,0.0924668831008856,-1.43244469563043,-0.1837654330287825,0.9972039090469852,-0.5787359118286177,-0.5738091541336192,1.0959875190286648,-1.0959875190286648,-0.5784279906300535,-0.5776581893550843,1.7343632929879855,-0.5767344287272242,0
1.0602465232362719,-0.3739577120123647,-0.695981771888179,-1.2258476714090278,0.8077365626180215,0.646091668153197,0.9702425509371355,1.4737792002936025,-1.43244469563043,-1.2239863830388735,0.9972039090469852,-0.5787359118286177,-0.5738091541336192,-0.9124191495230389,0.9124191495230393,-0.5784279906300535,1.731127539482183,-0.5765804684883443,-0.5767344287272242,0
-1.5885280587778525,-0.3739577120123647,0.6871298574603482,0.5379936732231525,0.8077365626180215,0.646091668153197,0.9702425509371355,-0.12525610047965763,0.7014981422339509,0.6262789663407777,-1.0028039309991141,1.7279038324066063,-0.5738091541336192,-0.9124191495230389,0.9124191495230393,-0.5784279906300535,-0.5776581893550843,1.7343632929879855,-0.5767344287272242,0
0.32562544775579216,1.0563461485071606,0.3413519501232164,0.726556134546037,0.8077365626180215,-1.5477679860172513,0.9702425509371355,0.4183990101079052,-1.43244469563043,0.9139996546414412,0.9972039090469852,-0.5787359118286177,-0.5738091541336192,-0.9124191495230389,0.9124191495230393,-0.5784279906300535,-0.5776581893550843,-0.5765804684883443,1.733900301750437,0
2.043190215780576,0.10281024149414371,-0.004425957213915414,1.1541081113232097,-0.9115834940401767,-1.5477679860172513,-1.0306701134001208,1.021842722034606,-0.009816137054176019,0.041984645484045756,-1.0028039309991141,1.7279038324066063,-0.5738091541336192,1.0959875190286648,-1.0959875190286648,-0.5784279906300535,-0.5776581893550843,-0.5765804684883443,1.733900301750437,0
0.004875400715019266,0.5795781950006521,-0.35020386455104724,-1.2258476714090278,0.8077365626180215,-1.5477679860172513,-1.0306701134001208,1.6157680427211536,0.7014981422339509,-1.1620157732510383,-1.0028039309991141,-0.5787359118286177,1.7427397119690018,-0.9124191495230389,0.9124191495230393,1.7288236672481017,-0.5776581893550843,-0.5765804684883443,-0.5767344287272242,0
-1.5574877316448745,-0.08789693990845966,0.6871298574603482,-1.2258476714090278,0.8077365626180215,-1.5477679860172513,-1.0306701134001208,1.598448945736669,-0.721130416342303,1.1663085659204846,-1.0028039309991141,-0.5787359118286177,1.7427397119690018,-0.9124191495230389,0.9124191495230393,1.7288236672481017,-0.5776581893550843,-0.5765804684883443,-0.5767344287272242,0
0.6670690462185503,-1.518200800427985,0.6871298574603482,1.0055252729712458,0.8077365626180215,0.646091668153197,-1.0306701134001208,-0.6091806889906464,-1.43244469563043,-0.9805304160152352,0.9972039090469852,-0.5787359118286177,-0.5738091541336192,-0.9124191495230389,0.9124191495230393,1.7288236672481017,-0.5776581893550843,-0.5765804684883443,-0.5767344287272242,0
1.0085126446813086,-1.80426157253189,0.6871298574603482,-1.2258476714090278,0.8077365626180215,-1.5477679860172513,-1.0306701134001208,-1.5527998584530835,0.7014981422339509,0.5244701074036199,0.9972039090469852,-0.5787359118286177,-0.5738091541336192,1.0959875190286648,-1.0959875190286648,-0.5784279906300535,1.731127539482183,-0.5765804684883443,-0.5767344287272242,0
-1.9092781058186254,0.7702853764032556,-0.004425957213915414,0.41029127279420946,-0.9115834940401767,0.646091668153197,0.9702425509371355,1.451042560119981,-0.721130416342303,0.3783965271894369,-1.0028039309991141,1.7279038324066063,-0.5738091541336192,1.0959875190286648,-1.0959875190286648,-0.5784279906300535,1.731127539482183,-0.5765804684883443,-0.5767344287272242,1
0.9257384389933673,-0.18325053060976135,0.6871298574603482,-1.2258476714090278,0.8077365626180215,0.646091668153197,0.9702425509371355,1.6377077449895976,-1.43244469563043,0.5952936614468601,0.9972039090469852,-0.5787359118286177,-0.5738091541336192,1.0959875190286648,-1.0959875190286648,1.7288236672481017,-0.5776581893550843,-0.5765804684883443,-0.5767344287272242,0
-1.919624881529618,-1.4228472097266833,-0.004425957213915414,0.6518066605997569,-0.9115834940401767,0.646091668153197,0.9702425509371355,0.48087160371551757,-0.009816137054176019,-0.3298390132429655,-1.0028039309991141,1.7279038324066063,-0.5738091541336192,-0.9124191495230389,0.9124191495230393,-0.5784279906300535,1.731127539482183,-0.5765804684883443,-0.5767344287272242,0
-0.5952375905225558,0.38887101359804876,1.378685672134612,-1.2258476714090278,0.8077365626180215,0.646091668153197,0.9702425509371355,-0.4126898492373145,-1.43244469563043,1.4363233657103378,0.9972039090469852,-0.5787359118286177,-0.5738091541336192,-0.9124191495230389,0.9124191495230393,1.7288236672481017,-0.5776581893550843,-0.5765804684883443,-0.5767344287272242,0
1.3499562431440668,-0.9460792562201749,0.3413519501232164,0.35698783344148255,-0.9115834940401767,-1.5477679860172513,-1.0306701134001208,0.21062253496641228,-0.721130416342303,-0.4980449540956611,-1.0028039309991141,-0.5787359118286177,1.7427397119690018,1.0959875190286648,-1.0959875190286648,-0.5784279906300535,1.731127539482183,-0.5765804684883443,-0.5767344287272242,0
-1.0091086189622627,-0.18325053060976135,-1.0417596792253108,-1.2258476714090278,0.8077365626180215,0.646091668153197,-1.0306701134001208,-1.1513770363038178,-1.43244469563043,-0.644118534309844,0.9972039090469852,-0.5787359118286177,-0.5738091541336192,-0.9124191495230389,0.9124191495230393,-0.5784279906300535,-0.5776581893550843,-0.5765804684883443,1.733900301750437,0
0.3773593263107555,0.10281024149414371,-1.3875375865624426,-1.2258476714090278,0.8077365626180215,0.646091668153197,-1.0306701134001208,-1.5977514687772993,-0.009816137054176019,-1.4054717402746766,-1.0028039309991141,-0.5787359118286177,1.7427397119690018,1.0959875190286648,-1.0959875190286648,1.7288236672481017,-0.5776581893550843,-0.5765804684883443,-0.5767344287272242,0
1.2568352617451328,0.7702853764032556,1.378685672134612,1.2158344374492929,-0.9115834940401767,-1.5477679860172513,0.9702425509371355,-1.4331746621326897,-1.43244469563043,1.3079556740069649,0.9972039090469852,-0.5787359118286177,-0.5738091541336192,-0.9124191495230389,0.9124191495230393,-0.5784279906300535,-0.5776581893550843,-0.5765804684883443,1.733900301750437,0
0.7084561490625211,-0.3739577120123647,1.03290776479748,-1.2258476714090278,-0.9115834940401767,0.646091668153197,0.9702425509371355,1.131539842256763,1.4128124215220779,-0.16605954451797245,-1.0028039309991141,-0.5787359118286177,1.7427397119690018,1.0959875190286648,-1.0959875190286648,1.7288236672481017,-0.5776581893550843,-0.5765804684883443,-0.5767344287272242,0
-0.936681188985314,-0.7553720748175714,-0.695981771888179,0.6195325510110608,-0.9115834940401767,0.646091668153197,-1.0306701134001208,-1.048269651812539,1.4128124215220779,-0.2147507379227001,0.9972039090469852,-0.5787359118286177,-0.5738091541336192,1.0959875190286648,-1.0959875190286648,-0.5784279906300535,-0.5776581893550843,-0.5765804684883443,1.733900301750437,0
0.19111736351288738,0.5795781950006521,-1.3875375865624426,0.7607084610182617,-0.9115834940401767,-1.5477679860172513,-1.0306701134001208,0.1876502738323902,-0.721130416342303,-1.365633491125354,-1.0028039309991141,1.7279038324066063,-0.5738091541336192,-0.9124191495230389,0.9124191495230393,1.7288236672481017,-0.5776581893550843,-0.5765804684883443,-0.5767344287272242,0
-0.40899562772468767,0.10281024149414371,-1.3875375865624426,-1.2258476714090278,0.8077365626180215,0.646091668153197,0.9702425509371355,0.04273034143545743,-0.721130416342303,1.7019116933724887,0.9972039090469852,-0.5787359118286177,-0.5738091541336192,-0.9124191495230389,0.9124191495230393,-0.5784279906300535,-0.5776581893550843,-0.5765804684883443,1.733900301750437,0
-1.2677780117370796,0.10281024149414371,-0.35020386455104724,-1.2258476714090278,0.8077365626180215,0.646091668153197,-1.0306701134001208,-1.2987938553209661,-0.009816137054176019,-1.1575893011233358,-1.0028039309991141,-0.5787359118286177,1.7427397119690018,-0.9124191495230389,0.9124191495230393,-0.5784279906300535,1.731127539482183,-0.5765804684883443,-0.5767344287272242,0
-0.1606730106608635,-1.0414328469214764,-0.695981771888179,0.0823437706045412,0.8077365626180215,0.646091668153197,0.9702425509371355,0.9859758212713994,-1.43244469563043,0.23232294697525388,-1.0028039309991141,1.7279038324066063,-0.5738091541336192,1.0959875190286648,-1.0959875190286648,1.7288236672481017,-0.5776581893550843,-0.5765804684883443,-0.5767344287272242,0
-0.6262779176555339,-1.4228472097266833,0.6871298574603482,0.8004843794359812,-0.9115834940401767,0.646091668153197,-1.0306701134001208,-0.7183244912083796,-0.009816137054176019,0.267734723996874,0.9972039090469852,-0.5787359118286177,-0.5738091541336192,-0.9124191495230389,0.9124191495230393,-0.5784279906300535,-0.5776581893550843,-0.5765804684883443,1.733900301750437,0
-0.0882455806839148,-0.5646648934149681,-0.35020386455104724,0.1301633744007516,0.8077365626180215,-1.5477679860172513,0.9702425509371355,-0.696095088187148,1.4128124215220779,1.2105732871975097,0.9972039090469852,-0.5787359118286177,-0.5738091541336192,1.0959875190286648,-1.0959875190286648,-0.5784279906300535,1.731127539482183,-0.5765804684883443,-0.5767344287272242,0
-1.2056973574711236,-0.27860412131106305,-0.35020386455104724,0.6980137769768036,-0.9115834940401767,0.646091668153197,-1.0306701134001208,-1.1096669096126848,0.7014981422339509,-0.5246037868618761,0.9972039090469852,-0.5787359118286177,-0.5738091541336192,-0.9124191495230389,0.9124191495230393,-0.5784279906300535,-0.5776581893550843,1.7343632929879855,-0.5767344287272242,0
-0.4814230577016364,-1.0414328469214764,0.3413519501232164,-1.2258476714090278,0.8077365626180215,0.646091668153197,0.9702425509371355,-0.5396498999714774,0.7014981422339509,0.12166114378269102,-1.0028039309991141,-0.5787359118286177,1.7427397119690018,1.0959875190286648,-1.0959875190286648,-0.5784279906300535,-0.5776581893550843,-0.5765804684883443,1.733900301750437,0
-0.6780117962104972,-0.4693113027136664,-1.3875375865624426,-1.2258476714090278,-0.9115834940401767,0.646091668153197,0.9702425509371355,-0.427537099762689,-0.009816137054176019,-0.4582067049463384,0.9972039090469852,-0.5787359118286177,-0.5738091541336192,1.0959875190286648,-1.0959875190286648,-0.5784279906300535,1.731127539482183,-0.5765804684883443,-0.5767344287272242,0
-2.1369071714604644,0.38887101359804876,-0.695981771888179,-1.2258476714090278,0.8077365626180215,0.646091668153197,0.9702425509371355,1.0266634747173993,0.7014981422339509,1.6487940278400586,0.9972039090469852,-0.5787359118286177,-0.5738091541336192,-0.9124191495230389,0.9124191495230393,-0.5784279906300535,-0.5776581893550843,1.7343632929879855,-0.5767344287272242,0
0.3980528777327409,0.5795781950006521,-1.7333154938995745,0.8604142269335577,0.8077365626180215,0.646091668153197,-1.0306701134001208,0.882772449495884,-0.009816137054176019,1.0999114840049469,-1.0028039309991141,1.7279038324066063,-0.5738091541336192,-0.9124191495230389,0.9124191495230393,-0.5784279906300535,-0.5776581893550843,-0.5765804684883443,1.733900301750437,0
0.0669560549809753,-0.7553720748175714,-0.695981771888179,0.7802177797810651,-0.9115834940401767,-1.5477679860172513,-1.0306701134001208,-0.022081420555408373,-0.721130416342303,-1.6887659564476376,-1.0028039309991141,-0.5787359118286177,1.7427397119690018,-0.9124191495230389,0.9124191495230393,-0.5784279906300535,-0.5776581893550843,-0.5765804684883443,1.733900301750437,0
-0.367608524880717,1.1516997392084622,0.3413519501232164,0.08546617194637125,-0.9115834940401767,0.646091668153197,0.9702425509371355,1.2008694405370515,-0.009816137054176019,-0.6751038392037616,-1.0028039309991141,-0.5787359118286177,1.7427397119690018,-0.9124191495230389,0.9124191495230393,-0.5784279906300535,-0.5776581893550843,-0.5765804684883443,1.733900301750437,0
0.035915727847997285,-0.27860412131106305,-0.004425957213915414,-1.2258476714090278,0.8077365626180215,-1.5477679860172513,-1.0306701134001208,0.9937433140242654,-0.721130416342303,-0.04654479707000454,-1.0028039309991141,-0.5787359118286177,1.7427397119690018,1.0959875190286648,-1.0959875190286648,-0.5784279906300535,-0.5776581893550843,-0.5765804684883443,1.733900301750437,0
-0.5228101605456071,1.3424069206110656,0.6871298574603482,0.47721903681926353,-0.9115834940401767,0.646091668153197,-1.0306701134001208,-0.11234302850965966,0.7014981422339509,-0.06867715770851711,-1.0028039309991141,1.7279038324066063,-0.5738091541336192,-0.9124191495230389,0.9124191495230393,-0.5784279906300535,-0.5776581893550843,1.7343632929879855,-0.5767344287272242,1
-0.6262779176555339,-0.18325053060976135,-1.7333154938995745,-0.19457998819206487,-0.9115834940401767,-1.5477679860172513,0.9702425509371355,-0.6665362213423857,1.4128124215220779,-1.436457045168594,-1.0028039309991141,-0.5787359118286177,1.7427397119690018,1.0959875190286648,-1.0959875190286648,-0.5784279906300535,1.731127539482183,-0.5765804684883443,-0.5767344287272242,1
0.035915727847997285,-0.18325053060976135,-0.004425957213915414,0.5715303984453018,-0.9115834940401767,0.646091668153197,-1.0306701134001208,-0.420168510687431,-0.009816137054176019,0.43594066484956956,-1.0028039309991141,1.7279038324066063,-0.5738091541336192,-0.9124191495230389,0.9124191495230393,-0.5784279906300535,1.731127539482183,-0.5765804684883443,-0.5767344287272242,0
0.16007703637990936,1.3424069206110656,-0.004425957213915414,-0.18974797515157468,-0.9115834940401767,0.646091668153197,-1.0306701134001208,0.4856615778669524,-0.009816137054176019,-0.11736835111324478,0.9972039090469852,-0.5787359118286177,-0.5738091541336192,-0.9124191495230389,0.9124191495230393,-0.5784279906300535,1.731127539482183,-0.5765804684883443,-0.5767344287272242,1
0.08764960640296066,-0.7553720748175714,-0.35020386455104724,0.6708366085375209,-0.9115834940401767,-1.5477679860172513,-1.0306701134001208,1.069144455812559,-0.009816137054176019,-0.9539715832490201,0.9972039090469852,-0.5787359118286177,-0.5738091541336192,-0.9124191495230389,0.9124191495230393,-0.5784279906300535,-0.5776581893550843,-0.5765804684883443,1.733900301750437,0
-0.0468584778399441,-0.08789693990845966,-1.0417596792253108,-1.2258476714090278,0.8077365626180215,-1.5477679860172513,-1.0306701134001208,1.3678621010583,-0.009816137054176019,-1.6223688745320999,0.9972039090469852,-0.5787359118286177,-0.5738091541336192,1.0959875190286648,-1.0959875190286648,-0.5784279906300535,1.731127539482183,-0.5765804684883443,-0.5767344287272242,0
-1.319511890292043,-1.0414328469214764,-1.0417596792253108,0.7160627055832185,-0.9115834940401767,0.646091668153197,0.9702425509371355,-0.6981932450197632,-0.009816137054176019,-0.489192009840256,0.9972039090469852,-0.5787359118286177,-0.5738091541336192,1.0959875190286648,-1.0959875190286648,-0.5784279906300535,1.731127539482183,-0.5765804684883443,-0.5767344287272242,0
-2.2300281528593984,-0.27860412131106305,-0.35020386455104724,-1.2258476714090278,-0.9115834940401767,0.646091668153197,0.9702425509371355,1.6854282059060337,0.7014981422339509,0.6705436876178028,0.9972039090469852,-0.5787359118286177,-0.5738091541336192,-0.9124191495230389,0.9124191495230393,-0.5784279906300535,-0.5776581893550843,1.7343632929879855,-0.5767344287272242,0
-2.2196813771484054,0.5795781950006521,-0.695981771888179,0.4464065995556618,0.8077365626180215,0.646091668153197,0.9702425509371355,1.4511117683430361,-0.009816137054176019,-1.3390746583591389,-1.0028039309991141,1.7279038324066063,-0.5738091541336192,-0.9124191495230389,0.9124191495230393,1.7288236672481017,-0.5776581893550843,-0.5765804684883443,-0.5767344287272242,1
-1.2988183388700576,1.9145284648188758,0.3413519501232164,-0.33909338334156464,-0.9115834940401767,0.646091668153197,-1.0306701134001208,-0.29122246217560405,0.7014981422339509,0.9848232086846814,0.9972039090469852,-0.5787359118286177,-0.5738091541336192,1.0959875190286648,-1.0959875190286648,-0.5784279906300535,-0.5776581893550843,-0.5765804684883443,1.733900301750437,1
-0.23310044063781224,1.0563461485071606,-0.35020386455104724,1.066903330022501,-0.9115834940401767,-1.5477679860172513,0.9702425509371355,0.1655184231054648,1.4128124215220779,-1.3302217141037338,0.9972039090469852,-0.5787359118286177,-0.5738091541336192,1.0959875190286648,-1.0959875190286648,1.7288236672481017,-0.5776581893550843,-0.5765804684883443,-0.5767344287272242,1
0.3152786720447995,0.9609925578058589,1.03290776479748,1.0651663119677452,-0.9115834940401767,-1.5477679860172513,-1.0306701134001208,1.5161516740239727,0.7014981422339509,-0.945118638993615,-1.0028039309991141,1.7279038324066063,-0.5738091541336192,-0.9124191495230389,0.9124191495230393,1.7288236672481017,-0.5776581893550843,-0.5765804684883443,-0.5767344287272242,1
1.3189159160110888,-0.9460792562201749,0.3413519501232164,1.1839719040152943,-0.9115834940401767,0.646091668153197,-1.0306701134001208,-0.6544564302891698,0.7014981422339509,-1.0425010258030705,-1.0028039309991141,1.7279038324066063,-0.5738091541336192,1.0959875190286648,-1.0959875190286648,1.7288236672481017,-0.5776581893550843,-0.5765804684883443,-0.5767344287272242,1
0.36701255059976284,-1.23214002832408,-1.3875375865624426,-0.30552909149223145,-0.9115834940401767,0.646091668153197,0.9702425509371355,-0.3634447207335778,-1.43244469563043,0.024278756973235695,-1.0028039309991141,1.7279038324066063,-0.5738091541336192,-0.9124191495230389,0.9124191495230393,-0.5784279906300535,-0.5776581893550843,-0.5765804684883443,1.733900301750437,0
1.4844643273869715,-0.8507256655188732,-1.3875375865624426,1.257882038272263,-0.9115834940401767,-1.5477679860172513,0.9702425509371355,0.9855774392638147,0.7014981422339509,-0.7326479768638944,-1.0028039309991141,-0.5787359118286177,1.7427397119690018,1.0959875190286648,-1.0959875190286648,-0.5784279906300535,-0.5776581893550843,1.7343632929879855,-0.5767344287272242,0
-0.6987053476324826,0.8656389671045572,-0.695981771888179,0.23657039505912278,-0.9115834940401767,0.646091668153197,-1.0306701134001208,-0.6968256001093938,0.7014981422339509,-0.9097068619719949,0.9972039090469852,-0.5787359118286177,-0.5738091541336192,-0.9124191495230389,0.9124191495230393,-0.5784279906300535,-0.5776581893550843,-0.5765804684883443,1.733900301750437,1
-0.6883585719214899,2.5820035997279875,-0.004425957213915414,-1.2258476714090278,-0.9115834940401767,0.646091668153197,-1.0306701134001208,-0.8787854952613132,0.7014981422339509,0.723661353150233,0.9972039090469852,-0.5787359118286177,-0.5738091541336192,1.0959875190286648,-1.0959875190286648,-0.5784279906300535,1.731127539482183,-0.5765804684883443,-0.5767344287272242,1
-0.40899562772468767,0.38887101359804876,1.378685672134612,0.8130619736307655,0.8077365626180215,-1.5477679860172513,0.9702425509371355,-1.4289757401173444,-0.009816137054176019,-0.188191905156485,-1.0028039309991141,1.7279038324066063,-0.5738091541336192,1.0959875190286648,-1.0959875190286648,1.7288236672481017,-0.5776581893550843,-0.5765804684883443,-0.5767344287272242,0
0.8533110090164185,-0.6600184841162697,-0.004425957213915414,-1.2258476714090278,0.8077365626180215,0.646091668153197,-1.0306701134001208,0.5483604023745511,-1.43244469563043,-0.3741037345199906,-1.0028039309991141,-0.5787359118286177,1.7427397119690018,1.0959875190286648,-1.0959875190286648,-0.5784279906300535,1.731127539482183,-0.5765804684883443,-0.5767344287272242,0
-0.38830207630270236,0.10281024149414371,1.378685672134612,0.30673435289868406,0.8077365626180215,0.646091668153197,0.9702425509371355,-0.6848468391506374,1.4128124215220779,-0.14835365600716238,0.9972039090469852,-0.5787359118286177,-0.5738091541336192,1.0959875190286648,-1.0959875190286648,-0.5784279906300535,-0.5776581893550843,-0.5765804684883443,1.733900301750437,0
0.2842383449118215,0.10281024149414371,1.03290776479748,0.8359510891031731,-0.9115834940401767,-1.5477679860172513,-1.0306701134001208,1.1752031015141096,-0.721130416342303,0.6395583827238852,-1.0028039309991141,1.7279038324066063,-0.5738091541336192,1.0959875190286648,-1.0959875190286648,-0.5784279906300535,1.731127539482183,-0.5765804684883443,-0.5767344287272242,0
1.0188594203923014,-0.3739577120123647,-0.695981771888179,-1.2258476714090278,2.52705661927622,0.646091668153197,0.9702425509371355,0.5661790853510882,-0.009816137054176019,-0.14392718387945988,0.9972039090469852,-0.5787359118286177,-0.5738091541336192,1.0959875190286648,-1.0959875190286648,-0.5784279906300535,-0.5776581893550843,-0.5765804684883443,1.733900301750437,0
-0.4400359548576657,-0.8507256655188732,1.03290776479748,0.15023604603885157,-0.9115834940401767,-1.5477679860172513,-1.0306701134001208,0.7414675164685212,1.4128124215220779,1.3964851165610153,0.9972039090469852,-0.5787359118286177,-0.5738091541336192,1.0959875190286648,-1.0959875190286648,1.7288236672481017,-0.5776581893550843,-0.5765804684883443,-0.5767344287272242,0
-1.9610119843735887,-0.4693113027136664,-0.004425957213915414,-0.20549893689426124,-0.9115834940401767,-1.5477679860172513,0.9702425509371355,1.177131715589241,-1.43244469563043,-0.4847655377125535,-1.0028039309991141,1.7279038324066063,-0.5738091541336192,1.0959875190286648,-1.0959875190286648,-0.5784279906300535,-0.5776581893550843,-0.5765804684883443,1.733900301750437,0
0.6981093733515285,-1.3274936190253817,0.6871298574603482,-1.2258476714090278,0.8077365626180215,0.646091668153197,-1.0306701134001208,-1.2121893281181424,-0.721130416342303,-1.6356482909152072,0.9972039090469852,-0.5787359118286177,-0.5738091541336192,1.0959875190286648,-1.0959875190286648,-0.5784279906300535,-0.5776581893550843,1.7343632929879855,-0.5767344287272242,0
-1.319511890292043,-1.4228472097266833,-0.004425957213915414,1.5345322143211786,-0.9115834940401767,-1.5477679860172513,0.9702425509371355,0.9573319636470267,1.4128124215220779,-0.2191772100504026,-1.0028039309991141,-0.5787359118286177,1.7427397119690018,1.0959875190286648,-1.0959875190286648,-0.5784279906300535,1.731127539482183,-0.5765804684883443,-0.5767344287272242,0
0.615335167663587,0.1981638321954454,1.378685672134612,1.1646842401675794,0.8077365626180215,0.646091668153197,-1.0306701134001208,-1.0078487456383136,1.4128124215220779,-0.8831480292057798,-1.0028039309991141,1.7279038324066063,-0.5738091541336192,1.0959875190286648,-1.0959875190286648,1.7288236672481017,-0.5776581893550843,-0.5765804684883443,-0.5767344287272242,1
-0.6573182447885119,-0.5646648934149681,1.03290776479748,1.1487859892947656,-0.9115834940401767,-1.5477679860172513,-1.0306701134001208,0.3970806168368867,-0.009816137054176019,-0.6751038392037616,0.9972039090469852,-0.5787359118286177,-0.5738091541336192,-0.9124191495230389,0.9124191495230393,1.7288236672481017,-0.5776581893550843,-0.5765804684883443,-0.5767344287272242,0
-0.13997945923887817,-0.27860412131106305,1.7244635794717436,1.1101106524402504,0.8077365626180215,0.646091668153197,0.9702425509371355,-0.05963522828307679,-1.43244469563043,-0.8831480292057798,-1.0028039309991141,1.7279038324066063,-0.5738091541336192,1.0959875190286648,-1.0959875190286648,1.7288236672481017,-0.5776581893550843,-0.5765804684883443,-0.5767344287272242,0
1.505157878808957,-0.8507256655188732,-1.0417596792253108,0.9740767197582689,0.8077365626180215,0.646091668153197,-1.0306701134001208,-0.6466091220227805,-1.43244469563043,1.454029254221148,0.9972039090469852,-0.5787359118286177,-0.5738091541336192,-0.9124191495230389,0.9124191495230393,-0.5784279906300535,-0.5776581893550843,-0.5765804684883443,1.733900301750437,0
0.09799638211395333,-0.08789693990845966,-0.35020386455104724,-1.2258476714090278,0.8077365626180215,-1.5477679860172513,-1.0306701134001208,-0.20883859323908524,-0.009816137054176019,-0.5157508426064711,0.9972039090469852,-0.5787359118286177,-0.5738091541336192,-0.9124191495230389,0.9124191495230393,-0.5784279906300535,1.731127539482183,-0.5765804684883443,-0.5767344287272242,0
1.0809400746582574,-0.08789693990845966,1.378685672134612,1.1607882102826321,-0.9115834940401767,0.646091668153197,-1.0306701134001208,-0.3421125901519528,-0.009816137054176019,-0.8433097800564572,0.9972039090469852,-0.5787359118286177,-0.5738091541336192,-0.9124191495230389,0.9124191495230393,1.7288236672481017,-0.5776581893550843,-0.5765804684883443,-0.5767344287272242,0
-0.015818150706966082,-0.5646648934149681,-1.0417596792253108,-1.2258476714090278,0.8077365626180215,0.646091668153197,-1.0306701134001208,-1.7055003253534582,-0.009816137054176019,0.5023377467651073,0.9972039090469852,-0.5787359118286177,-0.5738091541336192,-0.9124191495230389,0.9124191495230393,1.7288236672481017,-0.5776581893550843,-0.5765804684883443,-0.5767344287272242,0
0.04626250355898996,1.6284676927149706,-0.004425957213915414,-1.2258476714090278,0.8077365626180215,0.646091668153197,0.9702425509371355,-1.0139098557458581,-0.721130416342303,1.6487940278400586,-1.0028039309991141,-0.5787359118286177,1.7427397119690018,1.0959875190286648,-1.0959875190286648,-0.5784279906300535,-0.5776581893550843,1.7343632929879855,-0.5767344287272242,0
0.6567222705075577,-0.3739577120123647,0.3413519501232164,0.7948090199289727,0.8077365626180215,0.646091668153197,0.9702425509371355,-0.8022589373433427,-0.721130416342303,-1.126603996229418,-1.0028039309991141,1.7279038324066063,-0.5738091541336192,1.0959875190286648,-1.0959875190286648,1.7288236672481017,-0.5776581893550843,-0.5765804684883443,-0.5767344287272242,0
-1.0608424975172261,-0.5646648934149681,-1.7333154938995745,0.3942423670984142,-0.9115834940401767,0.646091668153197,-1.0306701134001208,-0.9970920836535022,1.4128124215220779,1.1220438446434593,-1.0028039309991141,1.7279038324066063,-0.5738091541336192,1.0959875190286648,-1.0959875190286648,1.7288236672481017,-0.5776581893550843,-0.5765804684883443,-0.5767344287272242,0
1.0395529718142866,0.2935174228967471,-0.35020386455104724,-1.2258476714090278,0.8077365626180215,0.646091668153197,0.9702425509371355,-0.32426382420408767,-0.721130416342303,1.7284705261387039,0.9972039090469852,-0.5787359118286177,-0.5738091541336192,-0.9124191495230389,0.9124191495230393,1.7288236672481017,-0.5776581893550843,-0.5765804684883443,-0.5767344287272242,0
1.9707627858036272,-0.7553720748175714,-1.0417596792253108,-1.2258476714090278,0.8077365626180215,0.646091668153197,-1.0306701134001208,1.2720102771372899,-0.009816137054176019,0.17920528144282372,0.9972039090469852,-0.5787359118286177,-0.5738091541336192,-0.9124191495230389,0.9124191495230393,1.7288236672481017,-0.5776581893550843,-0.5765804684883443,-0.5767344287272242,0
-1.0815360489392114,-0.9460792562201749,-0.004425957213915414,-1.2258476714090278,-0.9115834940401767,0.646091668153197,0.9702425509371355,-0.09157551878295797,0.7014981422339509,1.6797793327339763,0.9972039090469852,-0.5787359118286177,-0.5738091541336192,-0.9124191495230389,0.9124191495230393,-0.5784279906300535,1.731127539482183,-0.5765804684883443,-0.5767344287272242,0
1.0395529718142866,1.1516997392084622,0.6871298574603482,1.1473631025730344,-0.9115834940401767,0.646091668153197,-1.0306701134001208,0.8054788627540559,1.4128124215220779,-0.3918096230308007,-1.0028039309991141,1.7279038324066063,-0.5738091541336192,1.0959875190286648,-1.0959875190286648,-0.5784279906300535,-0.5776581893550843,-0.5765804684883443,1.733900301750437,1
0.20146413922388007,-0.5646648934149681,-1.0417596792253108,1.037254621130885,0.8077365626180215,0.646091668153197,-1.0306701134001208,-0.4144282276440483,1.4128124215220779,0.9184261267691437,0.9972039090469852,-0.5787359118286177,-0.5738091541336192,-0.9124191495230389,0.9124191495230393,-0.5784279906300535,1.731127539482183,-0.5765804684883443,-0.5767344287272242,0
0.522214186264653,0.2935174228967471,-0.004425957213915414,-1.2258476714090278,0.8077365626180215,-1.5477679860172513,-1.0306701134001208,-1.3194718116937147,-1.43244469563043,-1.436457045168594,-1.0028039309991141,-0.5787359118286177,1.7427397119690018,1.0959875190286648,-1.0959875190286648,-0.5784279906300535,1.731127539482183,-0.5765804684883443,-0.5767344287272242,0
0.6981093733515285,-0.5646648934149681,0.6871298574603482,0.422929609731451,-0.9115834940401767,-1.5477679860172513,-1.0306701134001208,0.30866902467429724,1.4128124215220779,-0.4537802328186359,0.9972039090469852,-0.5787359118286177,-0.5738091541336192,-0.9124191495230389,0.9124191495230393,-0.5784279906300535,-0.5776581893550843,-0.5765804684883443,1.733900301750437,0
1.0085126446813086,0.5795781950006521,-1.0417596792253108,0.695033536090276,-0.9115834940401767,-1.5477679860172513,-1.0306701134001208,-0.45622303876891945,-0.721130416342303,0.5952936614468601,-1.0028039309991141,1.7279038324066063,-0.5738091541336192,-0.9124191495230389,0.9124191495230393,-0.5784279906300535,-0.5776581893550843,1.7343632929879855,-0.5767344287272242,1
-0.7193988990544679,-0.8507256655188732,-1.7333154938995745,-0.37173323155371085,-0.9115834940401767,-1.5477679860172513,-1.0306701134001208,1.6779001596937368,-1.43244469563043,-1.2948099370821138,-1.0028039309991141,-0.5787359118286177,1.7427397119690018,-0.9124191495230389,0.9124191495230393,-0.5784279906300535,-0.5776581893550843,1.7343632929879855,-0.5767344287272242,0
1.09128685036925,-0.27860412131106305,-1.0417596792253108,0.9669114802146295,-0.9115834940401767,0.646091668153197,0.9702425509371355,1.2163903409521621,1.4128124215220779,-1.6400747630429098,-1.0028039309991141,1.7279038324066063,-0.5738091541336192,-0.9124191495230389,0.9124191495230393,1.7288236672481017,-0.5776581893550843,-0.5765804684883443,-0.5767344287272242,0
-0.3779553005917097,0.38887101359804876,1.03290776479748,1.0297072953127908,-0.9115834940401767,0.646091668153197,0.9702425509371355,1.1563428173915953,-0.721130416342303,1.3522203952839902,-1.0028039309991141,1.7279038324066063,-0.5738091541336192,-0.9124191495230389,0.9124191495230393,1.7288236672481017,-0.5776581893550843,-0.5765804684883443,-0.5767344287272242,0
-0.367608524880717,2.5820035997279875,0.6871298574603482,-1.2258476714090278,0.8077365626180215,0.646091668153197,0.9702425509371355,-0.44358366967100316,-1.43244469563043,1.7151911097555963,0.9972039090469852,-0.5787359118286177,-0.5738091541336192,-0.9124191495230389,0.9124191495230393,-0.5784279906300535,-0.5776581893550843,1.7343632929879855,-0.5767344287272242,0
0.6049883919525944,0.9609925578058589,-0.35020386455104724,1.2478482667906254,0.8077365626180215,0.646091668153197,0.9702425509371355,-1.0658704506094585,-0.721130416342303,-1.2239863830388735,0.9972039090469852,-0.5787359118286177,-0.5738091541336192,-0.9124191495230389,0.9124191495230393,1.7288236672481017,-0.5776581893550843,-0.5765804684883443,-0.5767344287272242,0
-0.40899562772468767,0.10281024149414371,1.03290776479748,0.3898825126839907,0.8077365626180215,0.646091668153197,-1.0306701134001208,0.8219438120208375,-0.721130416342303,1.418617477199528,0.9972039090469852,-0.5787359118286177,-0.5738091541336192,1.0959875190286648,-1.0959875190286648,1.7288236672481017,-0.5776581893550843,-0.5765804684883443,-0.5767344287272242,0
0.04626250355898996,0.5795781950006521,0.6871298574603482,-0.3070609625539916,-0.9115834940401767,-1.5477679860172513,0.9702425509371355,-0.9171174607733302,-0.009816137054176019,1.2636909527299398,0.9972039090469852,-0.5787359118286177,-0.5738091541336192,1.0959875190286648,-1.0959875190286648,-0.5784279906300535,-0.5776581893550843,-0.5765804684883443,1.733900301750437,0
0.11868993353593868,0.1981638321954454,-0.35020386455104724,0.2222139520555422,-0.9115834940401767,0.646091668153197,-1.0306701134001208,-0.4209110210202065,-0.009816137054176019,0.4536465533603796,-1.0028039309991141,-0.5787359118286177,1.7427397119690018,1.0959875190286648,-1.0959875190286648,-0.5784279906300535,-0.5776581893550843,1.7343632929879855,-0.5767344287272242,1
-0.99876184325127,-0.7553720748175714,0.3413519501232164,0.9453591858895476,-0.9115834940401767,0.646091668153197,-1.0306701134001208,0.12145469516044109,-0.009816137054176019,-0.9938098323983428,-1.0028039309991141,1.7279038324066063,-0.5738091541336192,1.0959875190286648,-1.0959875190286648,1.7288236672481017,-0.5776581893550843,-0.5765804684883443,-0.5767344287272242,0
-1.3402054417140283,0.0074566507928420294,-0.695981771888179,1.1206601762839659,-0.9115834940401767,-1.5477679860172513,-1.0306701134001208,-0.47118227445923744,-0.009816137054176019,0.9361320152799537,-1.0028039309991141,-0.5787359118286177,1.7427397119690018,1.0959875190286648,-1.0959875190286648,1.7288236672481017,-0.5776581893550843,-0.5765804684883443,-0.5767344287272242,0
0.9153916632823745,0.10281024149414371,-0.35020386455104724,-1.2258476714090278,0.8077365626180215,-1.5477679860172513,-1.0306701134001208,1.2734210467695628,0.7014981422339509,0.8741614054921185,0.9972039090469852,-0.5787359118286177,-0.5738091541336192,-0.9124191495230389,0.9124191495230393,-0.5784279906300535,1.731127539482183,-0.5765804684883443,-0.5767344287272242,0
1.5155046545199495,0.6749317857019538,1.03290776479748,-1.2258476714090278,-0.9115834940401767,-1.5477679860172513,-1.0306701134001208,1.0881704571123882,1.4128124215220779,1.600102834435331,0.9972039090469852,-0.5787359118286177,-0.5738091541336192,1.0959875190286648,-1.0959875190286648,-0.5784279906300535,-0.5776581893550843,-0.5765804684883443,1.733900301750437,0
0.1497302606689167,-1.0414328469214764,1.03290776479748,1.8417861546767584,0.8077365626180215,0.646091668153197,-1.0306701134001208,-0.29303665662568473,0.7014981422339509,-1.2682511043158986,0.9972039090469852,-0.5787359118286177,-0.5738091541336192,-0.9124191495230389,0.9124191495230393,-0.5784279906300535,-0.5776581893550843,-0.5765804684883443,1.733900301750437,0
0.10834315782494601,-0.3739577120123647,-0.004425957213915414,1.1898468010272087,0.8077365626180215,-1.5477679860172513,0.9702425509371355,0.23590979377262114,-1.43244469563043,0.723661353150233,-1.0028039309991141,1.7279038324066063,-0.5738091541336192,1.0959875190286648,-1.0959875190286648,-0.5784279906300535,1.731127539482183,-0.5765804684883443,-0.5767344287272242,0
1.308569140300096,-1.0414328469214764,-1.0417596792253108,0.9309444042098339,-0.9115834940401767,-1.5477679860172513,0.9702425509371355,0.31688219751683633,-0.721130416342303,-0.28114781983823783,0.9972039090469852,-0.5787359118286177,-0.5738091541336192,1.0959875190286648,-1.0959875190286648,1.7288236672481017,-0.5776581893550843,-0.5765804684883443,-0.5767344287272242,0
-0.0882455806839148,-1.23214002832408,1.03290776479748,1.0858816706698398,-0.9115834940401767,0.646091668153197,0.9702425509371355,1.4660583100627937,-0.009816137054176019,0.18805822569822875,-1.0028039309991141,-0.5787359118286177,1.7427397119690018,-0.9124191495230389,0.9124191495230393,-0.5784279906300535,-0.5776581893550843,1.7343632929879855,-0.5767344287272242,0
0.01522217642601194,0.7702853764032556,-1.7333154938995745,0.803150488989484,0.8077365626180215,0.646091668153197,0.9702425509371355,-1.0657970690262195,-1.43244469563043,0.39610241570024696,-1.0028039309991141,1.7279038324066063,-0.5738091541336192,1.0959875190286648,-1.0959875190286648,-0.5784279906300535,-0.5776581893550843,1.7343632929879855,-0.5767344287272242,1
-2.426616891368259,-0.6600184841162697,-1.7333154938995745,-1.2258476714090278,0.8077365626180215,-1.5477679860172513,0.9702425509371355,-1.7251865870124325,1.4128124215220779,1.2282791757083198,0.9972039090469852,-0.5787359118286177,-0.5738091541336192,-0.9124191495230389,0.9124191495230393,-0.5784279906300535,1.731127539482183,-0.5765804684883443,-0.5767344287272242,0
0.7084561490625211,-0.5646648934149681,0.6871298574603482,-1.2258476714090278,0.8077365626180215,0.646091668153197,-1.0306701134001208,-1.3924007592428826,1.4128124215220779,-1.436457045168594,-1.0028039309991141,-0.5787359118286177,1.7427397119690018,1.0959875190286648,-1.0959875190286648,-0.5784279906300535,1.731127539482183,-0.5765804684883443,-0.5767344287272242,0
-0.9884150675402774,1.1516997392084622,1.378685672134612,0.9893311616694707,-0.9115834940401767,0.646091668153197,-1.0306701134001208,1.714990724440957,-0.721130416342303,-1.5072805992118343,-1.0028039309991141,1.7279038324066063,-0.5738091541336192,1.0959875190286648,-1.0959875190286648,-0.5784279906300535,-0.5776581893550843,-0.5765804684883443,1.733900301750437,1
0.16007703637990936,-0.5646648934149681,-1.0417596792253108,0.763521378888627,-0.9115834940401767,0.646091668153197,-1.0306701134001208,-0.316574408064668,0.7014981422339509,-0.6529714785652491,-1.0028039309991141,1.7279038324066063,-0.5738091541336192,-0.9124191495230389,0.9124191495230393,-0.5784279906300535,-0.5776581893550843,-0.5765804684883443,1.733900301750437,0
1.0395529718142866,0.48422460429935044,1.7244635794717436,-1.2258476714090278,0.8077365626180215,0.646091668153197,-1.0306701134001208,1.226694019466978,-1.43244469563043,-1.4320305730408918,0.9972039090469852,-0.5787359118286177,-0.5738091541336192,1.0959875190286648,-1.0959875190286648,-0.5784279906300535,-0.5776581893550843,-0.5765804684883443,1.733900301750437,0
-0.6159311419445411,1.8191748741175742,-0.004425957213915414,0.8331340041845124,-0.9115834940401767,-1.5477679860172513,0.9702425509371355,0.6462502171855198,-0.721130416342303,-0.4050890394139082,-1.0028039309991141,-0.5787359118286177,1.7427397119690018,-0.9124191495230389,0.9124191495230393,-0.5784279906300535,1.731127539482183,-0.5765804684883443,-0.5767344287272242,0
-0.367608524880717,2.391296418325384,-1.7333154938995745,0.08138903573166992,0.8077365626180215,-1.5477679860172513,0.9702425509371355,-1.1162721215542464,-0.009816137054176019,-0.09080951834702969,0.9972039090469852,-0.5787359118286177,-0.5738091541336192,-0.9124191495230389,0.9124191495230393,-0.5784279906300535,-0.5776581893550843,-0.5765804684883443,1.733900301750437,0
2.063883767202561,0.10281024149414371,-1.7333154938995745,-1.2258476714090278,0.8077365626180215,0.646091668153197,-1.0306701134001208,-1.7213422267227378,0.7014981422339509,1.653220499967761,0.9972039090469852,-0.5787359118286177,-0.5738091541336192,1.0959875190286648,-1.0959875190286648,-0.5784279906300535,-0.5776581893550843,1.7343632929879855,-0.5767344287272242,0
-1.474713525956933,-1.23214002832408,0.6871298574603482,2.075127716980133,-0.9115834940401767,0.646091668153197,-1.0306701134001208,0.9795947535497318,-1.43244469563043,1.5381322246474958,0.9972039090469852,-0.5787359118286177,-0.5738091541336192,-0.9124191495230389,0.9124191495230393,1.7288236672481017,-0.5776581893550843,-0.5765804684883443,-0.5767344287272242,0
1.5155046545199495,-0.9460792562201749,-1.3875375865624426,-1.2258476714090278,0.8077365626180215,0.646091668153197,0.9702425509371355,0.5718399006609632,-0.721130416342303,0.7634996022995557,0.9972039090469852,-0.5787359118286177,-0.5738091541336192,1.0959875190286648,-1.0959875190286648,-0.5784279906300535,-0.5776581893550843,-0.5765804684883443,1.733900301750437,0
0.47048030770968957,-0.6600184841162697,-0.35020386455104724,0.12718681974925453,-0.9115834940401767,-1.5477679860172513,0.9702425509371355,-0.8307687257717976,1.4128124215220779,-0.5113243704787686,-1.0028039309991141,1.7279038324066063,-0.5738091541336192,-0.9124191495230389,0.9124191495230393,-0.5784279906300535,-0.5776581893550843,1.7343632929879855,-0.5767344287272242,0
-1.1229231517831821,-0.3739577120123647,-1.0417596792253108,1.5772059942860508,-0.9115834940401767,0.646091668153197,0.9702425509371355,-1.352441531039036,0.7014981422339509,-1.0026627766537477,-1.0028039309991141,-0.5787359118286177,1.7427397119690018,-0.9124191495230389,0.9124191495230393,1.7288236672481017,-0.5776581893550843,-0.5765804684883443,-0.5767344287272242,0
0.47048030770968957,-0.7553720748175714,1.03290776479748,-1.2258476714090278,0.8077365626180215,-1.5477679860172513,-1.0306701134001208,1.5821185873358277,0.7014981422339509,0.258881779741469,0.9972039090469852,-0.5787359118286177,-0.5738091541336192,1.0959875190286648,-1.0959875190286648,-0.5784279906300535,-0.5776581893550843,-0.5765804684883443,1.733900301750437,0
-0.9573747404072994,-1.1367864376227783,-1.3875375865624426,1.214814792785669,-0.9115834940401767,0.646091668153197,-1.0306701134001208,1.4464329099065059,-1.43244469563043,0.7812054908103657,0.9972039090469852,-0.5787359118286177,-0.5738091541336192,-0.9124191495230389,0.9124191495230393,-0.5784279906300535,1.731127539482183,-0.5765804684883443,-0.5767344287272242,0
-1.1436167032051676,0.0074566507928420294,-1.3875375865624426,0.09688741023923046,-0.9115834940401767,0.646091668153197,-1.0306701134001208,0.24348565973702857,-0.009816137054176019,-1.0867657470800955,-1.0028039309991141,1.7279038324066063,-0.5738091541336192,-0.9124191495230389,0.9124191495230393,-0.5784279906300535,1.731127539482183,-0.5765804684883443,-0.5767344287272242,0
-1.1746570303381456,0.7702853764032556,1.7244635794717436,-1.2258476714090278,0.8077365626180215,-1.5477679860172513,0.9702425509371355,-1.297351959377319,-1.43244469563043,0.31199944527389917,0.9972039090469852,-0.5787359118286177,-0.5738091541336192,-0.9124191495230389,0.9124191495230393,-0.5784279906300535,-0.5776581893550843,1.7343632929879855,-0.5767344287272242,0
-0.4814230577016364,-0.4693113027136664,0.6871298574603482,-1.2258476714090278,0.8077365626180215,0.646091668153197,0.9702425509371355,1.5300287921965243,0.7014981422339509,0.6661172154901004,0.9972039090469852,-0.5787359118286177,-0.5738091541336192,-0.9124191495230389,0.9124191495230393,-0.5784279906300535,-0.5776581893550843,-0.5765804684883443,1.733900301750437,0
0.9257384389933673,-0.7553720748175714,1.03290776479748,-1.2258476714090278,0.8077365626180215,-1.5477679860172513,-1.0306701134001208,-0.23358227188129965,-1.43244469563043,0.9184261267691437,-1.0028039309991141,-0.5787359118286177,1.7427397119690018,1.0959875190286648,-1.0959875190286648,-0.5784279906300535,1.731127539482183,-0.5765804684883443,-0.5767344287272242,0
-0.2848343191927756,-1.0414328469214764,-0.35020386455104724,-1.2258476714090278,0.8077365626180215,0.646091668153197,-1.0306701134001208,-1.0235612728418828,-0.009816137054176019,-1.3700599632530566,0.9972039090469852,-0.5787359118286177,-0.5738091541336192,1.0959875190286648,-1.0959875190286648,-0.5784279906300535,1.731127539482183,-0.5765804684883443,-0.5767344287272242,0
0.6049883919525944,-0.8507256655188732,-0.004425957213915414,-1.2258476714090278,0.8077365626180215,-1.5477679860172513,0.9702425509371355,1.065910623339814,-0.009816137054176019,-0.8344568358010521,0.9972039090469852,-0.5787359118286177,-0.5738091541336192,1.0959875190286648,-1.0959875190286648,-0.5784279906300535,-0.5776581893550843,1.7343632929879855,-0.5767344287272242,0
1.9086821315376712,-1.9949687539344934,-1.0417596792253108,1.0639831907940775,-0.9115834940401767,0.646091668153197,0.9702425509371355,0.3050446352443127,-0.009816137054176019,0.19248469782593125,-1.0028039309991141,1.7279038324066063,-0.5738091541336192,-0.9124191495230389,0.9124191495230393,-0.5784279906300535,1.731127539482183,-0.5765804684883443,-0.5767344287272242,0
-1.0815360489392114,1.8191748741175742,-0.695981771888179,0.48037124858351304,4.246376675934418,0.646091668153197,-1.0306701134001208,0.5006576782388976,1.4128124215220779,-1.0513539700584753,-1.0028039309991141,1.7279038324066063,-0.5738091541336192,1.0959875190286648,-1.0959875190286648,-0.5784279906300535,-0.5776581893550843,-0.5765804684883443,1.733900301750437,1
0.7291497004845064,-0.18325053060976135,-1.3875375865624426,-1.2258476714090278,0.8077365626180215,0.646091668153197,-1.0306701134001208,-0.509140202564744,1.4128124215220779,-0.8256038915456472,0.9972039090469852,-0.5787359118286177,-0.5738091541336192,1.0959875190286648,-1.0959875190286648,1.7288236672481017,-0.5776581893550843,-0.5765804684883443,-0.5767344287272242,0
0.3049318963338068,-0.6600184841162697,-0.004425957213915414,-1.2258476714090278,-0.9115834940401767,0.646091668153197,0.9702425509371355,0.8797789330137468,1.4128124215220779,-0.07753010196392214,0.9972039090469852,-0.5787359118286177,-0.5738091541336192,1.0959875190286648,-1.0959875190286648,-0.5784279906300535,1.731127539482183,-0.5765804684883443,-0.5767344287272242,0
0.36701255059976284,-0.5646648934149681,1.378685672134612,1.0486890016529833,0.8077365626180215,-1.5477679860172513,0.9702425509371355,1.459741059973943,0.7014981422339509,1.635514611456951,-1.0028039309991141,1.7279038324066063,-0.5738091541336192,-0.9124191495230389,0.9124191495230393,-0.5784279906300535,1.731127539482183,-0.5765804684883443,-0.5767344287272242,0
-0.367608524880717,-0.6600184841162697,-0.004425957213915414,0.994256773025515,-0.9115834940401767,0.646091668153197,0.9702425509371355,-0.7510855425444901,-0.009816137054176019,0.7546466580441507,-1.0028039309991141,-0.5787359118286177,1.7427397119690018,-0.9124191495230389,0.9124191495230393,-0.5784279906300535,-0.5776581893550843,-0.5765804684883443,1.733900301750437,0
0.2945851206228141,0.0074566507928420294,-1.0417596792253108,1.1170957472806657,0.8077365626180215,0.646091668153197,0.9702425509371355,1.632552949602059,0.7014981422339509,-0.8610156685672673,-1.0028039309991141,1.7279038324066063,-0.5738091541336192,-0.9124191495230389,0.9124191495230393,-0.5784279906300535,-0.5776581893550843,-0.5765804684883443,1.733900301750437,0
0.32562544775579216,-0.27860412131106305,-0.004425957213915414,-1.2258476714090278,0.8077365626180215,0.646091668153197,0.9702425509371355,0.8289035856880503,1.4128124215220779,0.09510231101647593,-1.0028039309991141,-0.5787359118286177,1.7427397119690018,-0.9124191495230389,0.9124191495230393,-0.5784279906300535,1.731127539482183,-0.5765804684883443,-0.5767344287272242,0
-0.11928590781689281,-0.7553720748175714,-0.695981771888179,0.3505792337056027,-0.9115834940401767,-1.5477679860172513,-1.0306701134001208,-1.3757558338181564,0.7014981422339509,0.002146396334723121,0.9972039090469852,-0.5787359118286177,-0.5738091541336192,1.0959875190286648,-1.0959875190286648,-0.5784279906300535,-0.5776581893550843,1.7343632929879855,-0.5767344287272242,0
1.7224401687398032,0.6749317857019538,-1.7333154938995745,0.20197363685910347,-0.9115834940401767,-1.5477679860172513,0.9702425509371355,-0.21124836096545493,-1.43244469563043,0.8033378514488783,-1.0028039309991141,1.7279038324066063,-0.5738091541336192,1.0959875190286648,-1.0959875190286648,-0.5784279906300535,-0.5776581893550843,-0.5765804684883443,1.733900301750437,1
-0.6676650204995045,0.7702853764032556,-0.004425957213915414,1.2920026310690087,0.8077365626180215,0.646091668153197,0.9702425509371355,-0.6018051443150814,-1.43244469563043,-0.13507423962405485,-1.0028039309991141,1.7279038324066063,-0.5738091541336192,1.0959875190286648,-1.0959875190286648,1.7288236672481017,-0.5776581893550843,-0.5765804684883443,-0.5767344287272242,0
0.13938348495792402,1.8191748741175742,-0.004425957213915414,0.3555179872908859,-0.9115834940401767,0.646091668153197,0.9702425509371355,-0.6816950827615152,-1.43244469563043,0.7369407695333405,0.9972039090469852,-0.5787359118286177,-0.5738091541336192,-0.9124191495230389,0.9124191495230393,1.7288236672481017,-0.5776581893550843,-0.5765804684883443,-0.5767344287272242,0
0.8636577847274112,-0.8507256655188732,-0.695981771888179,-1.2258476714090278,0.8077365626180215,0.646091668153197,-1.0306701134001208,0.13128713175445622,0.7014981422339509,-1.6002365138935872,0.9972039090469852,-0.5787359118286177,-0.5738091541336192,-0.9124191495230389,0.9124191495230393,1.7288236672481017,-0.5776581893550843,-0.5765804684883443,-0.5767344287272242,0
-1.1539634789161601,0.0074566507928420294,0.3413519501232164,-0.23132902683656806,-0.9115834940401767,-1.5477679860172513,0.9702425509371355,-0.7013870827907429,0.7014981422339509,0.38282299931713937,-1.0028039309991141,-0.5787359118286177,1.7427397119690018,1.0959875190286648,-1.0959875190286648,-0.5784279906300535,1.731127539482183,-0.5765804684883443,-0.5767344287272242,0
-0.09859235639490747,-0.6600184841162697,0.6871298574603482,-1.2258476714090278,0.8077365626180215,0.646091668153197,0.9702425509371355,-1.3184855075701782,0.7014981422339509,0.20133764208133628,-1.0028039309991141,-0.5787359118286177,1.7427397119690018,-0.9124191495230389,0.9124191495230393,-0.5784279906300535,1.731127539482183,-0.5765804684883443,-0.5767344287272242,0
-1.1332699274941749,-0.6600184841162697,-0.35020386455104724,-1.2258476714090278,-0.9115834940401767,0.646091668153197,0.9702425509371355,0.2584210724962948,0.7014981422339509,-0.6529714785652491,0.9972039090469852,-0.5787359118286177,-0.5738091541336192,1.0959875190286648,-1.0959875190286648,-0.5784279906300535,-0.5776581893550843,-0.5765804684883443,1.733900301750437,0
-0.4400359548576657,-0.08789693990845966,1.03290776479748,0.4354184137433293,0.8077365626180215,0.646091668153197,0.9702425509371355,0.6432125326414329,-0.009816137054176019,1.0467938184725165,-1.0028039309991141,1.7279038324066063,-0.5738091541336192,1.0959875190286648,-1.0959875190286648,-0.5784279906300535,-0.5776581893550843,-0.5765804684883443,1.733900301750437,0
0.6877625976405357,-1.0414328469214764,1.378685672134612,0.09635899646117822,0.8077365626180215,-1.5477679860172513,-1.0306701134001208,-1.0372985834482635,1.4128124215220779,-1.4895747107010244,-1.0028039309991141,1.7279038324066063,-0.5738091541336192,1.0959875190286648,-1.0959875190286648,-0.5784279906300535,1.731127539482183,-0.5765804684883443,-0.5767344287272242,0
-1.2781247874480723,0.1981638321954454,1.7244635794717436,0.9655908464472192,-0.9115834940401767,0.646091668153197,0.9702425509371355,-0.7390490501031854,0.7014981422339509,0.2411758912306589,-1.0028039309991141,1.7279038324066063,-0.5738091541336192,1.0959875190286648,-1.0959875190286648,1.7288236672481017,-0.5776581893550843,-0.5765804684883443,-0.5767344287272242,0
-1.7230361430207572,-0.3739577120123647,0.6871298574603482,0.9196726988423377,-0.9115834940401767,0.646091668153197,0.9702425509371355,-1.265991244273021,-0.721130416342303,-0.8477362521841597,-1.0028039309991141,-0.5787359118286177,1.7427397119690018,1.0959875190286648,-1.0959875190286648,-0.5784279906300535,-0.5776581893550843,-0.5765804684883443,1.733900301750437,0
1.4534240002539935,-1.3274936190253817,0.6871298574603482,-1.2258476714090278,-0.9115834940401767,0.646091668153197,-1.0306701134001208,-0.1812622463718334,1.4128124215220779,0.5908671893191576,-1.0028039309991141,-0.5787359118286177,1.7427397119690018,-0.9124191495230389,0.9124191495230393,-0.5784279906300535,-0.5776581893550843,1.7343632929879855,-0.5767344287272242,0
-2.209334601437413,0.0074566507928420294,-1.7333154938995745,0.42048082777365314,-0.9115834940401767,-1.5477679860172513,-1.0306701134001208,-1.3545756831032403,-1.43244469563043,0.39610241570024696,0.9972039090469852,-0.5787359118286177,-0.5738091541336192,1.0959875190286648,-1.0959875190286648,-0.5784279906300535,1.731127539482183,-0.5765804684883443,-0.5767344287272242,0
-1.536794180222889,0.2935174228967471,1.03290776479748,1.3330533457228904,2.52705661927622,0.646091668153197,-1.0306701134001208,0.24068690006348814,-0.009816137054176019,-1.0159421930368553,0.9972039090469852,-0.5787359118286177,-0.5738091541336192,1.0959875190286648,-1.0959875190286648,1.7288236672481017,-0.5776581893550843,-0.5765804684883443,-0.5767344287272242,1
0.8946981118603892,0.1981638321954454,-1.3875375865624426,0.4082882047329124,-0.9115834940401767,0.646091668153197,0.9702425509371355,0.40789448863422356,1.4128124215220779,-0.635265590054439,0.9972039090469852,-0.5787359118286177,-0.5738091541336192,-0.9124191495230389,0.9124191495230393,-0.5784279906300535,-0.5776581893550843,-0.5765804684883443,1.733900301750437,0
0.01522217642601194,1.1516997392084622,-0.695981771888179,-1.2258476714090278,-0.9115834940401767,0.646091668153197,-1.0306701134001208,1.2850337692621618,-1.43244469563043,0.2942935567630891,0.9972039090469852,-0.5787359118286177,-0.5738091541336192,1.0959875190286648,-1.0959875190286648,1.7288236672481017,-0.5776581893550843,-0.5765804684883443,-0.5767344287272242,1
0.2325044663568581,0.0074566507928420294,1.03290776479748,0.9884576842383561,-0.9115834940401767,0.646091668153197,0.9702425509371355,0.18046774706534513,-0.009816137054176019,0.7590731301718532,-1.0028039309991141,-0.5787359118286177,1.7427397119690018,-0.9124191495230389,0.9124191495230393,-0.5784279906300535,-0.5776581893550843,-0.5765804684883443,1.733900301750437,0
-0.5952375905225558,-0.7553720748175714,1.378685672134612,-1.2258476714090278,0.8077365626180215,-1.5477679860172513,0.9702425509371355,-1.384131072147849,-0.721130416342303,-0.17048601664567495,0.9972039090469852,-0.5787359118286177,-0.5738091541336192,-0.9124191495230389,0.9124191495230393,1.7288236672481017,-0.5776581893550843,-0.5765804684883443,-0.5767344287272242,0
-0.13997945923887817,-0.4693113027136664,1.378685672134612,-1.2258476714090278,0.8077365626180215,-1.5477679860172513,-1.0306701134001208,-1.2873626739963804,1.4128124215220779,-1.0690598585692854,-1.0028039309991141,-0.5787359118286177,1.7427397119690018,1.0959875190286648,-1.0959875190286648,-0.5784279906300535,1.731127539482183,-0.5765804684883443,-0.5767344287272242,0
-0.4917698334126291,0.5795781950006521,1.378685672134612,-1.2258476714090278,-0.9115834940401767,-1.5477679860172513,-1.0306701134001208,0.8420893171900836,1.4128124215220779,-0.059824213453112084,0.9972039090469852,-0.5787359118286177,-0.5738091541336192,-0.9124191495230389,0.9124191495230393,-0.5784279906300535,-0.5776581893550843,1.7343632929879855,-0.5767344287272242,0
1.443077224543001,0.7702853764032556,1.7244635794717436,1.1563610420111317,-0.9115834940401767,-1.5477679860172513,0.9702425509371355,-1.4601592613038208,0.7014981422339509,-0.30328018047675037,0.9972039090469852,-0.5787359118286177,-0.5738091541336192,1.0959875190286648,-1.0959875190286648,1.7288236672481017,-0.5776581893550843,-0.5765804684883443,-0.5767344287272242,1
0.7394964761954991,0.8656389671045572,1.7244635794717436,0.9908899582740617,-0.9115834940401767,0.646091668153197,0.9702425509371355,-1.6800836923815385,-0.721130416342303,-1.3125158255929237,-1.0028039309991141,1.7279038324066063,-0.5738091541336192,1.0959875190286648,-1.0959875190286648,1.7288236672481017,-0.5776581893550843,-0.5765804684883443,-0.5767344287272242,1
-0.21240688921582687,0.9609925578058589,-1.3875375865624426,-1.2258476714090278,0.8077365626180215,-1.5477679860172513,0.9702425509371355,1.0914736716981963,-0.009816137054176019,1.7328969982664064,-1.0028039309991141,-0.5787359118286177,1.7427397119690018,1.0959875190286648,-1.0959875190286648,-0.5784279906300535,1.731127539482183,-0.5765804684883443,-0.5767344287272242,0
0.2738915692008288,-1.1367864376227783,-1.0417596792253108,-1.2258476714090278,0.8077365626180215,-1.5477679860172513,0.9702425509371355,0.2538042927925048,-0.721130416342303,-1.4762952943179168,0.9972039090469852,-0.5787359118286177,-0.5738091541336192,1.0959875190286648,-1.0959875190286648,-0.5784279906300535,-0.5776581893550843,1.7343632929879855,-0.5767344287272242,0
-0.750439226187446,1.0563461485071606,-0.004425957213915414,1.1976970392021482,0.8077365626180215,0.646091668153197,-1.0306701134001208,1.2122595838198253,0.7014981422339509,0.07296995037796336,0.9972039090469852,-0.5787359118286177,-0.5738091541336192,-0.9124191495230389,0.9124191495230393,-0.5784279906300535,-0.5776581893550843,1.7343632929879855,-0.5767344287272242,0
-0.015818150706966082,2.9634179625331942,1.378685672134612,0.6469954828007429,0.8077365626180215,-1.5477679860172513,0.9702425509371355,0.12234118641957177,-0.009816137054176019,1.6930587491170839,-1.0028039309991141,1.7279038324066063,-0.5738091541336192,-0.9124191495230389,0.9124191495230393,1.7288236672481017,-0.5776581893550843,-0.5765804684883443,-0.5767344287272242,0
2.0224966643585907,-0.18325053060976135,0.3413519501232164,0.8112614882250517,-0.9115834940401767,0.646091668153197,0.9702425509371355,-1.0185398510902313,-1.43244469563043,-1.401045268146974,0.9972039090469852,-0.5787359118286177,-0.5738091541336192,1.0959875190286648,-1.0959875190286648,-0.5784279906300535,-0.5776581893550843,-0.5765804684883443,1.733900301750437,0
-0.6883585719214899,0.1981638321954454,-0.695981771888179,0.19407291329135629,-0.9115834940401767,0.646091668153197,-1.0306701134001208,1.3721251884864778,-0.009816137054176019,0.9538379037907638,-1.0028039309991141,1.7279038324066063,-0.5738091541336192,1.0959875190286648,-1.0959875190286648,-0.5784279906300535,-0.5776581893550843,-0.5765804684883443,1.733900301750437,0
-2.302455582836347,2.200589236922781,-1.3875375865624426,0.5008478033640733,-0.9115834940401767,-1.5477679860172513,0.9702425509371355,-0.7252686147749012,0.7014981422339509,-0.9229862783551025,0.9972039090469852,-0.5787359118286177,-0.5738091541336192,1.0959875190286648,-1.0959875190286648,1.7288236672481017,-0.5776581893550843,-0.5765804684883443,-0.5767344287272242,0
-1.4333264231129623,-0.3739577120123647,-0.004425957213915414,0.7708206050620673,-0.9115834940401767,0.646091668153197,0.9702425509371355,-1.4138085319778464,-0.721130416342303,-0.790192114524027,-1.0028039309991141,-0.5787359118286177,1.7427397119690018,1.0959875190286648,-1.0959875190286648,-0.5784279906300535,-0.5776581893550843,-0.5765804684883443,1.733900301750437,0
-0.8228666561643946,0.9609925578058589,-0.35020386455104724,1.6688732034976808,-0.9115834940401767,-1.5477679860172513,-1.0306701134001208,-1.7313748107155877,-0.009816137054176019,0.19691116995363378,0.9972039090469852,-0.5787359118286177,-0.5738091541336192,-0.9124191495230389,0.9124191495230393,1.7288236672481017,-0.5776581893550843,-0.5765804684883443,-0.5767344287272242,0
-0.5021166091236218,-0.6600184841162697,1.7244635794717436,-1.2258476714090278,0.8077365626180215,0.646091668153197,0.9702425509371355,0.2775750568417737,-0.009816137054176019,-0.0642506855808146,0.9972039090469852,-0.5787359118286177,-0.5738091541336192,-0.9124191495230389,0.9124191495230393,-0.5784279906300535,-0.5776581893550843,1.7343632929879855,-0.5767344287272242,0
0.2945851206228141,-1.23214002832408,-0.695981771888179,0.0010925794200917593,-0.9115834940401767,0.646091668153197,0.9702425509371355,1.4730227787602133,1.4128124215220779,0.8343231563427959,-1.0028039309991141,-0.5787359118286177,1.7427397119690018,1.0959875190286648,-1.0959875190286648,-0.5784279906300535,1.731127539482183,-0.5765804684883443,-0.5767344287272242,0
2.063883767202561,-0.6600184841162697,1.03290776479748,-1.2258476714090278,0.8077365626180215,0.646091668153197,0.9702425509371355,-0.7737486272448647,-0.721130416342303,-1.175295189634146,0.9972039090469852,-0.5787359118286177,-0.5738091541336192,1.0959875190286648,-1.0959875190286648,-0.5784279906300535,-0.5776581893550843,-0.5765804684883443,1.733900301750437,0
1.0498997475252794,-0.8507256655188732,-0.35020386455104724,0.08073641186020232,-0.9115834940401767,0.646091668153197,0.9702425509371355,-1.099061184154536,-1.43244469563043,-0.9008539177165898,-1.0028039309991141,1.7279038324066063,-0.5738091541336192,-0.9124191495230389,0.9124191495230393,-0.5784279906300535,-0.5776581893550843,-0.5765804684883443,1.733900301750437,0
0.9050448875713819,-1.23214002832408,1.378685672134612,-1.2258476714090278,0.8077365626180215,0.646091668153197,0.9702425509371355,-0.8945823591186048,-1.43244469563043,-0.3652507902645856,0.9972039090469852,-0.5787359118286177,-0.5738091541336192,-0.9124191495230389,0.9124191495230393,-0.5784279906300535,-0.5776581893550843,1.7343632929879855,-0.5767344287272242,0
-1.567834507355867,1.3424069206110656,-1.3875375865624426,-0.02019991547089128,0.8077365626180215,-1.5477679860172513,-1.0306701134001208,0.7783118529648729,0.7014981422339509,-0.807898003034837,-1.0028039309991141,-0.5787359118286177,1.7427397119690018,1.0959875190286648,-1.0959875190286648,-0.5784279906300535,-0.5776581893550843,-0.5765804684883443,1.733900301750437,1
-0.6883585719214899,-0.3739577120123647,-1.0417596792253108,0.6063919244831563,0.8077365626180215,-1.5477679860172513,-1.0306701134001208,-1.4629580209773614,-0.009816137054176019,1.0999114840049469,0.9972039090469852,-0.5787359118286177,-0.5738091541336192,1.0959875190286648,-1.0959875190286648,1.7288236672481017,-0.5776581893550843,-0.5765804684883443,-0.5767344287272242,0
-0.7297456747654606,3.5355395067410043,-1.0417596792253108,0.8630429933234915,0.8077365626180215,0.646091668153197,0.9702425509371355,-0.8419434193350614,1.4128124215220779,0.6616907433623979,-1.0028039309991141,1.7279038324066063,-0.5738091541336192,-0.9124191495230389,0.9124191495230393,1.7288236672481017,-0.5776581893550843,-0.5765804684883443,-0.5767344287272242,0
-1.1229231517831821,2.6773571904292894,1.7244635794717436,0.8485628210397604,-0.9115834940401767,-1.5477679860172513,0.9702425509371355,-1.3693229468742012,1.4128124215220779,-0.37853020664769316,0.9972039090469852,-0.5787359118286177,-0.5738091541336192,-0.9124191495230389,0.9124191495230393,-0.5784279906300535,1.731127539482183,-0.5765804684883443,-0.5767344287272242,0
0.5429077376866382,0.1981638321954454,0.3413519501232164,0.5361968740524691,-0.9115834940401767,0.646091668153197,-1.0306701134001208,0.28130256304631013,1.4128124215220779,-0.47148612132944595,0.9972039090469852,-0.5787359118286177,-0.5738091541336192,1.0959875190286648,-1.0959875190286648,-0.5784279906300535,-0.5776581893550843,-0.5765804684883443,1.733900301750437,0
-0.4503827305686584,-0.4693113027136664,1.378685672134612,0.8967824614723123,-0.9115834940401767,0.646091668153197,-1.0306701134001208,1.350385981396884,-0.009816137054176019,0.714808408894828,-1.0028039309991141,-0.5787359118286177,1.7427397119690018,-0.9124191495230389,0.9124191495230393,-0.5784279906300535,-0.5776581893550843,1.7343632929879855,-0.5767344287272242,0
-0.10893913210590014,2.5820035997279875,1.378685672134612,0.6339021362438803,-0.9115834940401767,-1.5477679860172513,0.9702425509371355,1.4701671570541628,-1.43244469563043,1.3389409789008826,0.9972039090469852,-0.5787359118286177,-0.5738091541336192,1.0959875190286648,-1.0959875190286648,1.7288236672481017,-0.5776581893550843,-0.5765804684883443,-0.5767344287272242,0
-2.2921088071253544,-1.1367864376227783,0.3413519501232164,0.654251435780348,0.8077365626180215,0.646091668153197,0.9702425509371355,-1.322776939069607,0.7014981422339509,1.6753528606062738,0.9972039090469852,-0.5787359118286177,-0.5738091541336192,1.0959875190286648,-1.0959875190286648,1.7288236672481017,-0.5776581893550843,-0.5765804684883443,-0.5767344287272242,0
-0.2434472163488049,-1.3274936190253817,-0.35020386455104724,-1.2258476714090278,-0.9115834940401767,0.646091668153197,0.9702425509371355,1.6384558198026182,1.4128124215220779,1.7063381655001912,-1.0028039309991141,-0.5787359118286177,1.7427397119690018,1.0959875190286648,-1.0959875190286648,-0.5784279906300535,-0.5776581893550843,-0.5765804684883443,1.733900301750437,0
0.17042381209090204,0.0074566507928420294,-0.35020386455104724,0.11666870903884134,0.8077365626180215,0.646091668153197,-1.0306701134001208,0.3176674847914996,-0.009816137054176019,0.010999340590128151,-1.0028039309991141,1.7279038324066063,-0.5738091541336192,1.0959875190286648,-1.0959875190286648,-0.5784279906300535,-0.5776581893550843,1.7343632929879855,-0.5767344287272242,0
2.063883767202561,0.2935174228967471,0.3413519501232164,0.1275724319876511,2.52705661927622,-1.5477679860172513,0.9702425509371355,-0.6967581307864157,-1.43244469563043,-0.8654421406949698,-1.0028039309991141,1.7279038324066063,-0.5738091541336192,-0.9124191495230389,0.9124191495230393,1.7288236672481017,-0.5776581893550843,-0.5765804684883443,-0.5767344287272242,1
1.0602465232362719,0.10281024149414371,-1.7333154938995745,-1.1654464666408262,0.8077365626180215,0.646091668153197,-1.0306701134001208,1.3385183361530322,-0.009816137054176019,0.05969053399485581,0.9972039090469852,-0.5787359118286177,-0.5738091541336192,1.0959875190286648,-1.0959875190286648,-0.5784279906300535,-0.5776581893550843,1.7343632929879855,-0.5767344287272242,1
-0.5228101605456071,0.9609925578058589,0.6871298574603482,0.22010045721442145,-0.9115834940401767,0.646091668153197,-1.0306701134001208,-0.152022989361179,0.7014981422339509,-1.0602069143138804,0.9972039090469852,-0.5787359118286177,-0.5738091541336192,-0.9124191495230389,0.9124191495230393,1.7288236672481017,-0.5776581893550843,-0.5765804684883443,-0.5767344287272242,0
-0.09859235639490747,0.2935174228967471,0.3413519501232164,-1.2258476714090278,0.8077365626180215,-1.5477679860172513,-1.0306701134001208,0.36601290639552236,-0.721130416342303,0.40052888782794943,0.9972039090469852,-0.5787359118286177,-0.5738091541336192,1.0959875190286648,-1.0959875190286648,-0.5784279906300535,-0.5776581893550843,1.7343632929879855,-0.5767344287272242,0
-2.2507217042813834,-1.1367864376227783,-1.0417596792253108,-1.2258476714090278,0.8077365626180215,0.646091668153197,0.9702425509371355,0.9321966847075264,-0.721130416342303,-0.8477362521841597,-1.0028039309991141,-0.5787359118286177,1.7427397119690018,-0.9124191495230389,0.9124191495230393,1.7288236672481017,-0.5776581893550843,-0.5765804684883443,-0.5767344287272242,0
-0.5124633848346144,0.6749317857019538,-1.0417596792253108,0.3734345319783836,-0.9115834940401767,0.646091668153197,0.9702425509371355,-1.172129243709844,-1.43244469563043,-1.4276041009131892,0.9972039090469852,-0.5787359118286177,-0.5738091541336192,-0.9124191495230389,0.9124191495230393,-0.5784279906300535,-0.5776581893550843,-0.5765804684883443,1.733900301750437,1
0.6670690462185503,-0.7553720748175714,0.6871298574603482,-1.2258476714090278,-0.9115834940401767,0.646091668153197,0.9702425509371355,0.8673694465059775,-1.43244469563043,0.4447936091049746,-1.0028039309991141,-0.5787359118286177,1.7427397119690018,-0.9124191495230389,0.9124191495230393,-0.5784279906300535,-0.5776581893550843,1.7343632929879855,-0.5767344287272242,0
0.2842383449118215,1.1516997392084622,-1.3875375865624426,1.1101199481633703,-0.9115834940401767,-1.5477679860172513,-1.0306701134001208,0.16742477925961366,0.7014981422339509,1.5514116410306034,-1.0028039309991141,1.7279038324066063,-0.5738091541336192,1.0959875190286648,-1.0959875190286648,1.7288236672481017,-0.5776581893550843,-0.5765804684883443,-0.5767344287272242,1
-0.5021166091236218,0.38887101359804876,-1.0417596792253108,0.5954968561731134,4.246376675934418,0.646091668153197,-1.0306701134001208,0.2612890403928903,-0.721130416342303,0.32085238952930417,-1.0028039309991141,1.7279038324066063,-0.5738091541336192,1.0959875190286648,-1.0959875190286648,-0.5784279906300535,1.731127539482183,-0.5765804684883443,-0.5767344287272242,1
-0.5848908148115631,-1.23214002832408,0.3413519501232164,0.9388941707305938,0.8077365626180215,-1.5477679860172513,-1.0306701134001208,0.541173876137329,-0.009816137054176019,-1.4231776287854867,-1.0028039309991141,1.7279038324066063,-0.5738091541336192,1.0959875190286648,-1.0959875190286648,-0.5784279906300535,-0.5776581893550843,1.7343632929879855,-0.5767344287272242,0
0.7808835790394698,-0.8507256655188732,1.03290776479748,0.9242256799181364,-0.9115834940401767,0.646091668153197,0.9702425509371355,0.8300152645071209,-1.43244469563043,-0.7990450587794321,-1.0028039309991141,-0.5787359118286177,1.7427397119690018,-0.9124191495230389,0.9124191495230393,-0.5784279906300535,-0.5776581893550843,1.7343632929879855,-0.5767344287272242,0
2.063883767202561,-0.18325053060976135,-0.35020386455104724,0.8075532960555661,-0.9115834940401767,0.646091668153197,-1.0306701134001208,1.6897994529189853,-1.43244469563043,1.5248528082643882,0.9972039090469852,-0.5787359118286177,-0.5738091541336192,-0.9124191495230389,0.9124191495230393,1.7288236672481017,-0.5776581893550843,-0.5765804684883443,-0.5767344287272242,0
0.3463189991777775,-0.08789693990845966,-0.695981771888179,-1.2258476714090278,0.8077365626180215,0.646091668153197,-1.0306701134001208,-0.9709077262976945,0.7014981422339509,1.1486026774096745,-1.0028039309991141,-0.5787359118286177,1.7427397119690018,1.0959875190286648,-1.0959875190286648,-0.5784279906300535,-0.5776581893550843,-0.5765804684883443,1.733900301750437,0
1.215448158901162,0.9609925578058589,-1.3875375865624426,0.9119227903686604,-0.9115834940401767,0.646091668153197,-1.0306701134001208,0.04011607906006094,-0.721130416342303,0.34298475016781677,-1.0028039309991141,1.7279038324066063,-0.5738091541336192,-0.9124191495230389,0.9124191495230393,-0.5784279906300535,-0.5776581893550843,1.7343632929879855,-0.5767344287272242,1
0.6463754947965651,0.1981638321954454,-0.695981771888179,-1.2258476714090278,0.8077365626180215,0.646091668153197,-1.0306701134001208,-0.770649211748053,-0.009816137054176019,-0.7237950326084893,0.9972039090469852,-0.5787359118286177,-0.5738091541336192,-0.9124191495230389,0.9124191495230393,-0.5784279906300535,-0.5776581893550843,1.7343632929879855,-0.5767344287272242,0
1.6396659630518617,-0.5646648934149681,1.378685672134612,-1.2258476714090278,-0.9115834940401767,0.646091668153197,0.9702425509371355,0.4165606449467576,1.4128124215220779,-0.6839567834591667,-1.0028039309991141,-0.5787359118286177,1.7427397119690018,-0.9124191495230389,0.9124191495230393,-0.5784279906300535,1.731127539482183,-0.5765804684883443,-0.5767344287272242,0
1.1016336260802426,-0.6600184841162697,1.378685672134612,-1.2258476714090278,0.8077365626180215,0.646091668153197,-1.0306701134001208,0.2758020743235124,1.4128124215220779,-1.2018540224003609,0.9972039090469852,-0.5787359118286177,-0.5738091541336192,-0.9124191495230389,0.9124191495230393,1.7288236672481017,-0.5776581893550843,-0.5765804684883443,-0.5767344287272242,0
1.0188594203923014,0.2935174228967471,-1.0417596792253108,-0.3166805935435191,0.8077365626180215,-1.5477679860172513,0.9702425509371355,1.4859441974505798,-0.721130416342303,1.462882198476553,0.9972039090469852,-0.5787359118286177,-0.5738091541336192,-0.9124191495230389,0.9124191495230393,-0.5784279906300535,-0.5776581893550843,-0.5765804684883443,1.733900301750437,0
0.3773593263107555,-0.3739577120123647,1.03290776479748,0.39270424546421123,0.8077365626180215,0.646091668153197,-1.0306701134001208,-1.3536114630106784,-0.721130416342303,-0.055397741325409575,-1.0028039309991141,-0.5787359118286177,1.7427397119690018,-0.9124191495230389,0.9124191495230393,-0.5784279906300535,-0.5776581893550843,-0.5765804684883443,1.733900301750437,0
2.063883767202561,0.0074566507928420294,1.7244635794717436,-1.2258476714090278,0.8077365626180215,0.646091668153197,0.9702425509371355,0.7466810866786543,-0.009816137054176019,-0.7370744489915968,-1.0028039309991141,-0.5787359118286177,1.7427397119690018,1.0959875190286648,-1.0959875190286648,1.7288236672481017,-0.5776581893550843,-0.5765804684883443,-0.5767344287272242,0
-0.7607860018984386,-1.3274936190253817,-0.695981771888179,-1.2258476714090278,0.8077365626180215,-1.5477679860172513,0.9702425509371355,0.42460549226186645,-0.009816137054176019,0.23232294697525388,0.9972039090469852,-0.5787359118286177,-0.5738091541336192,-0.9124191495230389,0.9124191495230393,-0.5784279906300535,-0.5776581893550843,1.7343632929879855,-0.5767344287272242,0
0.3152786720447995,-0.6600184841162697,-0.695981771888179,-1.2258476714090278,0.8077365626180215,0.646091668153197,0.9702425509371355,-0.7026954312084949,-1.43244469563043,-0.35639784600918056,-1.0028039309991141,-0.5787359118286177,1.7427397119690018,1.0959875190286648,-1.0959875190286648,-0.5784279906300535,-0.5776581893550843,-0.5765804684883443,1.733900301750437,0
-1.536794180222889,-0.6600184841162697,-1.3875375865624426,1.5523046753003142,-0.9115834940401767,-1.5477679860172513,0.9702425509371355,0.39427316266296253,-1.43244469563043,-0.763633281757812,-1.0028039309991141,1.7279038324066063,-0.5738091541336192,1.0959875190286648,-1.0959875190286648,-0.5784279906300535,-0.5776581893550843,1.7343632929879855,-0.5767344287272242,0
0.8533110090164185,-0.08789693990845966,1.378685672134612,0.5587287452691051,0.8077365626180215,-1.5477679860172513,0.9702425509371355,1.648176966791721,-0.721130416342303,-1.5338394319780495,-1.0028039309991141,1.7279038324066063,-0.5738091541336192,-0.9124191495230389,0.9124191495230393,-0.5784279906300535,1.731127539482183,-0.5765804684883443,-0.5767344287272242,0
-1.6816490401767865,0.0074566507928420294,1.378685672134612,1.026817928133317,-0.9115834940401767,-1.5477679860172513,-1.0306701134001208,-1.524142437408112,-0.009816137054176019,-1.6090894581489923,-1.0028039309991141,-0.5787359118286177,1.7427397119690018,1.0959875190286648,-1.0959875190286648,-0.5784279906300535,-0.5776581893550843,1.7343632929879855,-0.5767344287272242,0
-0.5641972633895778,-1.1367864376227783,-1.0417596792253108,1.194687468706466,-0.9115834940401767,0.646091668153197,-1.0306701134001208,1.2212354382360298,-0.721130416342303,1.7107646376278938,-1.0028039309991141,1.7279038324066063,-0.5738091541336192,1.0959875190286648,-1.0959875190286648,-0.5784279906300535,-0.5776581893550843,1.7343632929879855,-0.5767344287272242,0
-0.7918263290314166,0.0074566507928420294,-0.004425957213915414,0.6816004148262643,-0.9115834940401767,0.646091668153197,-1.0306701134001208,0.05793441425658282,0.7014981422339509,1.31680861826237,0.9972039090469852,-0.5787359118286177,-0.5738091541336192,1.0959875190286648,-1.0959875190286648,1.7288236672481017,-0.5776581893550843,-0.5765804684883443,-0.5767344287272242,0
1.474117551675979,1.4377605113123673,-1.0417596792253108,0.8411065291998081,-0.9115834940401767,-1.5477679860172513,-1.0306701134001208,-1.4164530512145783,1.4128124215220779,1.0113820414508965,-1.0028039309991141,1.7279038324066063,-0.5738091541336192,-0.9124191495230389,0.9124191495230393,-0.5784279906300535,-0.5776581893550843,-0.5765804684883443,1.733900301750437,1
0.6774158219295431,0.1981638321954454,1.378685672134612,-1.2258476714090278,-0.9115834940401767,0.646091668153197,0.9702425509371355,0.22913903854375203,-1.43244469563043,-1.6356482909152072,0.9972039090469852,-0.5787359118286177,-0.5738091541336192,-0.9124191495230389,0.9124191495230393,-0.5784279906300535,-0.5776581893550843,-0.5765804684883443,1.733900301750437,0
0.584294840530609,0.8656389671045572,1.03290776479748,0.19161611777914456,-0.9115834940401767,0.646091668153197,0.9702425509371355,0.34452757871713513,-0.721130416342303,-1.6046629860212898,-1.0028039309991141,-0.5787359118286177,1.7427397119690018,-0.9124191495230389,0.9124191495230393,1.7288236672481017,-0.5776581893550843,-0.5765804684883443,-0.5767344287272242,1
0.5429077376866382,1.8191748741175742,-0.35020386455104724,0.26356629689756295,-0.9115834940401767,-1.5477679860172513,0.9702425509371355,-0.25981705733933325,0.7014981422339509,-1.6090894581489923,-1.0028039309991141,-0.5787359118286177,1.7427397119690018,-0.9124191495230389,0.9124191495230393,1.7288236672481017,-0.5776581893550843,-0.5765804684883443,-0.5767344287272242,0
1.9707627858036272,1.247053329909764,-0.004425957213915414,-1.2258476714090278,-0.9115834940401767,-1.5477679860172513,-1.0306701134001208,1.4458861997223733,1.4128124215220779,0.7812054908103657,0.9972039090469852,-0.5787359118286177,-0.5738091541336192,1.0959875190286648,-1.0959875190286648,-0.5784279906300535,1.731127539482183,-0.5765804684883443,-0.5767344287272242,1
-1.0504957218062334,0.5795781950006521,0.3413519501232164,0.7653752345667374,-0.9115834940401767,0.646091668153197,0.9702425509371355,0.8048024306241975,0.7014981422339509,-0.9805304160152352,-1.0028039309991141,1.7279038324066063,-0.5738091541336192,-0.9124191495230389,0.9124191495230393,1.7288236672481017,-0.5776581893550843,-0.5765804684883443,-0.5767344287272242,0
